utc_time,ppa,value,rule_id,rule
2026-01-22 18:58:16.127,2108,60.07256317138672,PPACOPPE_maior_60,> 60.07
2026-01-22 18:58:16.144,2108,60.07256317138672,PPACOPPE_maior_60,> 60.07
2026-01-22 18:58:16.427,2108,60.07183837890625,PPACOPPE_maior_60,> 60.07
2026-01-22 18:58:16.443,2108,60.07027816772461,PPACOPPE_maior_60,> 60.07
2026-01-22 18:58:16.522,2108,60.07045364379883,PPACOPPE_maior_60,> 60.07
2026-01-22 18:58:16.535,2108,60.07140350341797,PPACOPPE_maior_60,> 60.07
2026-01-22 18:58:16.627,2108,60.072547912597656,PPACOPPE_maior_60,> 60.07
2026-01-22 18:58:16.643,2108,60.07371520996094,PPACOPPE_maior_60,> 60.07
2026-01-22 18:58:16.660,2108,60.072235107421875,PPACOPPE_maior_60,> 60.07
2026-01-22 18:58:16.677,2108,60.0701904296875,PPACOPPE_maior_60,> 60.07
2026-01-22 18:58:16.793,2108,60.07173156738281,PPACOPPE_maior_60,> 60.07
2026-01-22 18:58:16.810,2108,60.07435607910156,PPACOPPE_maior_60,> 60.07
2026-01-22 18:58:16.826,2108,60.072479248046875,PPACOPPE_maior_60,> 60.07
2026-01-22 18:58:16.877,2108,60.07102584838867,PPACOPPE_maior_60,> 60.07
2026-01-22 18:58:16.898,2108,60.073856353759766,PPACOPPE_maior_60,> 60.07
2026-01-22 18:58:16.910,2108,60.072120666503906,PPACOPPE_maior_60,> 60.07
2026-01-22 18:58:16.960,2108,60.072566986083984,PPACOPPE_maior_60,> 60.07
2026-01-22 18:58:16.977,2108,60.073062896728516,PPACOPPE_maior_60,> 60.07
2026-01-22 18:58:17.027,2108,60.070281982421875,PPACOPPE_maior_60,> 60.07
2026-01-22 18:58:17.044,2108,60.07500076293945,PPACOPPE_maior_60,> 60.07
2026-01-22 18:58:17.060,2108,60.073707580566406,PPACOPPE_maior_60,> 60.07
2026-01-22 18:58:17.077,2108,60.07048034667969,PPACOPPE_maior_60,> 60.07
2026-01-22 18:58:17.094,2108,60.071163177490234,PPACOPPE_maior_60,> 60.07
2026-01-22 18:58:17.110,2108,60.070438385009766,PPACOPPE_maior_60,> 60.07
2026-01-22 18:58:17.161,2108,60.075504302978516,PPACOPPE_maior_60,> 60.07
2026-01-22 18:58:17.176,2108,60.07502746582031,PPACOPPE_maior_60,> 60.07
2026-01-22 18:58:17.194,2108,60.0731315612793,PPACOPPE_maior_60,> 60.07
2026-01-22 18:58:17.211,2108,60.07297897338867,PPACOPPE_maior_60,> 60.07
2026-01-22 18:58:17.243,2108,60.070884704589844,PPACOPPE_maior_60,> 60.07
2026-01-22 18:58:17.260,2108,60.07406234741211,PPACOPPE_maior_60,> 60.07
2026-01-22 18:58:17.277,2108,60.0731086730957,PPACOPPE_maior_60,> 60.07
2026-01-22 18:58:17.294,2108,60.073177337646484,PPACOPPE_maior_60,> 60.07
2026-01-22 18:58:17.310,2108,60.073585510253906,PPACOPPE_maior_60,> 60.07
2026-01-22 18:58:17.327,2108,60.07244110107422,PPACOPPE_maior_60,> 60.07
2026-01-22 18:58:17.343,2108,60.074153900146484,PPACOPPE_maior_60,> 60.07
2026-01-22 18:58:17.361,2108,60.07386016845703,PPACOPPE_maior_60,> 60.07
2026-01-22 18:58:17.377,2108,60.07202911376953,PPACOPPE_maior_60,> 60.07
2026-01-22 18:58:17.394,2108,60.07333755493164,PPACOPPE_maior_60,> 60.07
2026-01-22 18:58:17.411,2108,60.073097229003906,PPACOPPE_maior_60,> 60.07
2026-01-22 18:58:17.427,2108,60.072479248046875,PPACOPPE_maior_60,> 60.07
2026-01-22 18:58:17.443,2108,60.070228576660156,PPACOPPE_maior_60,> 60.07
2026-01-22 18:58:17.477,2108,60.07571029663086,PPACOPPE_maior_60,> 60.07
2026-01-22 18:58:17.493,2108,60.077125549316406,PPACOPPE_maior_60,> 60.07
2026-01-22 18:58:17.511,2108,60.07292938232422,PPACOPPE_maior_60,> 60.07
2026-01-22 18:58:17.527,2108,60.07072067260742,PPACOPPE_maior_60,> 60.07
2026-01-22 18:58:17.543,2108,60.07278823852539,PPACOPPE_maior_60,> 60.07
2026-01-22 18:58:17.561,2108,60.07585906982422,PPACOPPE_maior_60,> 60.07
2026-01-22 18:58:17.576,2108,60.07534408569336,PPACOPPE_maior_60,> 60.07
2026-01-22 18:58:17.593,2108,60.07299041748047,PPACOPPE_maior_60,> 60.07
2026-01-22 18:58:17.610,2108,60.074039459228516,PPACOPPE_maior_60,> 60.07
2026-01-22 18:58:17.629,2108,60.07596206665039,PPACOPPE_maior_60,> 60.07
2026-01-22 18:58:17.644,2108,60.07425308227539,PPACOPPE_maior_60,> 60.07
2026-01-22 18:58:17.660,2108,60.07090377807617,PPACOPPE_maior_60,> 60.07
2026-01-22 18:58:17.677,2108,60.07173538208008,PPACOPPE_maior_60,> 60.07
2026-01-22 18:58:17.694,2108,60.077301025390625,PPACOPPE_maior_60,> 60.07
2026-01-22 18:58:17.710,2108,60.078460693359375,PPACOPPE_maior_60,> 60.07
2026-01-22 18:58:17.726,2108,60.07617950439453,PPACOPPE_maior_60,> 60.07
2026-01-22 18:58:17.743,2108,60.073524475097656,PPACOPPE_maior_60,> 60.07
2026-01-22 18:58:17.760,2108,60.07239532470703,PPACOPPE_maior_60,> 60.07
2026-01-22 18:58:17.777,2108,60.07602310180664,PPACOPPE_maior_60,> 60.07
2026-01-22 18:58:17.794,2108,60.075679779052734,PPACOPPE_maior_60,> 60.07
2026-01-22 18:58:17.815,2108,60.072818756103516,PPACOPPE_maior_60,> 60.07
2026-01-22 18:58:17.827,2108,60.07332992553711,PPACOPPE_maior_60,> 60.07
2026-01-22 18:58:17.844,2108,60.07402420043945,PPACOPPE_maior_60,> 60.07
2026-01-22 18:58:17.864,2108,60.07551574707031,PPACOPPE_maior_60,> 60.07
2026-01-22 18:58:17.876,2108,60.07624435424805,PPACOPPE_maior_60,> 60.07
2026-01-22 18:58:17.893,2108,60.07590103149414,PPACOPPE_maior_60,> 60.07
2026-01-22 18:58:17.910,2108,60.07767868041992,PPACOPPE_maior_60,> 60.07
2026-01-22 18:58:17.927,2108,60.075191497802734,PPACOPPE_maior_60,> 60.07
2026-01-22 18:58:17.943,2108,60.07334899902344,PPACOPPE_maior_60,> 60.07
2026-01-22 18:58:17.960,2108,60.07701873779297,PPACOPPE_maior_60,> 60.07
2026-01-22 18:58:17.977,2108,60.07525634765625,PPACOPPE_maior_60,> 60.07
2026-01-22 18:58:17.993,2108,60.07407760620117,PPACOPPE_maior_60,> 60.07
2026-01-22 18:58:18.010,2108,60.07657241821289,PPACOPPE_maior_60,> 60.07
2026-01-22 18:58:18.027,2108,60.07685089111328,PPACOPPE_maior_60,> 60.07
2026-01-22 18:58:18.044,2108,60.076229095458984,PPACOPPE_maior_60,> 60.07
2026-01-22 18:58:18.060,2108,60.074432373046875,PPACOPPE_maior_60,> 60.07
2026-01-22 18:58:18.077,2108,60.07649612426758,PPACOPPE_maior_60,> 60.07
2026-01-22 18:58:18.094,2108,60.0800666809082,PPACOPPE_maior_60,> 60.07
2026-01-22 18:58:18.111,2108,60.07801055908203,PPACOPPE_maior_60,> 60.07
2026-01-22 18:58:18.126,2108,60.074337005615234,PPACOPPE_maior_60,> 60.07
2026-01-22 18:58:18.143,2108,60.07442092895508,PPACOPPE_maior_60,> 60.07
2026-01-22 18:58:18.160,2108,60.07777786254883,PPACOPPE_maior_60,> 60.07
2026-01-22 18:58:18.176,2108,60.07807540893555,PPACOPPE_maior_60,> 60.07
2026-01-22 18:58:18.193,2108,60.07406997680664,PPACOPPE_maior_60,> 60.07
2026-01-22 18:58:18.210,2108,60.0748176574707,PPACOPPE_maior_60,> 60.07
2026-01-22 18:58:18.226,2108,60.08076477050781,PPACOPPE_maior_60,> 60.07
2026-01-22 18:58:18.243,2108,60.08089828491211,PPACOPPE_maior_60,> 60.07
2026-01-22 18:58:18.260,2108,60.07605743408203,PPACOPPE_maior_60,> 60.07
2026-01-22 18:58:18.277,2108,60.07514572143555,PPACOPPE_maior_60,> 60.07
2026-01-22 18:58:18.294,2108,60.07765197753906,PPACOPPE_maior_60,> 60.07
2026-01-22 18:58:18.310,2108,60.080230712890625,PPACOPPE_maior_60,> 60.07
2026-01-22 18:58:18.326,2108,60.081947326660156,PPACOPPE_maior_60,> 60.07
2026-01-22 18:58:18.343,2108,60.078243255615234,PPACOPPE_maior_60,> 60.07
2026-01-22 18:58:18.361,2108,60.073646545410156,PPACOPPE_maior_60,> 60.07
2026-01-22 18:58:18.377,2108,60.07728576660156,PPACOPPE_maior_60,> 60.07
2026-01-22 18:58:18.394,2108,60.08317184448242,PPACOPPE_maior_60,> 60.07
2026-01-22 18:58:18.410,2108,60.08354568481445,PPACOPPE_maior_60,> 60.07
2026-01-22 18:58:18.427,2108,60.078372955322266,PPACOPPE_maior_60,> 60.07
2026-01-22 18:58:18.443,2108,60.07388687133789,PPACOPPE_maior_60,> 60.07
2026-01-22 18:58:18.460,2108,60.0772590637207,PPACOPPE_maior_60,> 60.07
2026-01-22 18:58:18.477,2108,60.08316421508789,PPACOPPE_maior_60,> 60.07
2026-01-22 18:58:18.493,2108,60.08207702636719,PPACOPPE_maior_60,> 60.07
2026-01-22 18:58:18.510,2108,60.077816009521484,PPACOPPE_maior_60,> 60.07
2026-01-22 18:58:18.527,2108,60.07808303833008,PPACOPPE_maior_60,> 60.07
2026-01-22 18:58:18.544,2108,60.081390380859375,PPACOPPE_maior_60,> 60.07
2026-01-22 18:58:18.560,2108,60.08232116699219,PPACOPPE_maior_60,> 60.07
2026-01-22 18:58:18.577,2108,60.07947540283203,PPACOPPE_maior_60,> 60.07
2026-01-22 18:58:18.593,2108,60.076698303222656,PPACOPPE_maior_60,> 60.07
2026-01-22 18:58:18.610,2108,60.0789680480957,PPACOPPE_maior_60,> 60.07
2026-01-22 18:58:18.627,2108,60.08214569091797,PPACOPPE_maior_60,> 60.07
2026-01-22 18:58:18.644,2108,60.08000564575195,PPACOPPE_maior_60,> 60.07
2026-01-22 18:58:18.661,2108,60.0812873840332,PPACOPPE_maior_60,> 60.07
2026-01-22 18:58:18.677,2108,60.08500671386719,PPACOPPE_maior_60,> 60.07
2026-01-22 18:58:18.694,2108,60.08182144165039,PPACOPPE_maior_60,> 60.07
2026-01-22 18:58:18.710,2108,60.07827377319336,PPACOPPE_maior_60,> 60.07
2026-01-22 18:58:18.726,2108,60.07836151123047,PPACOPPE_maior_60,> 60.07
2026-01-22 18:58:18.743,2108,60.08062744140625,PPACOPPE_maior_60,> 60.07
2026-01-22 18:58:18.760,2108,60.08223342895508,PPACOPPE_maior_60,> 60.07
2026-01-22 18:58:18.777,2108,60.079925537109375,PPACOPPE_maior_60,> 60.07
2026-01-22 18:58:18.793,2108,60.07795333862305,PPACOPPE_maior_60,> 60.07
2026-01-22 18:58:18.810,2108,60.07961654663086,PPACOPPE_maior_60,> 60.07
2026-01-22 18:58:18.827,2108,60.08281707763672,PPACOPPE_maior_60,> 60.07
2026-01-22 18:58:18.844,2108,60.08304214477539,PPACOPPE_maior_60,> 60.07
2026-01-22 18:58:18.860,2108,60.08091354370117,PPACOPPE_maior_60,> 60.07
2026-01-22 18:58:18.876,2108,60.07978057861328,PPACOPPE_maior_60,> 60.07
2026-01-22 18:58:18.893,2108,60.08025360107422,PPACOPPE_maior_60,> 60.07
2026-01-22 18:58:18.910,2108,60.081207275390625,PPACOPPE_maior_60,> 60.07
2026-01-22 18:58:18.926,2108,60.08167266845703,PPACOPPE_maior_60,> 60.07
2026-01-22 18:58:18.943,2108,60.080238342285156,PPACOPPE_maior_60,> 60.07
2026-01-22 18:58:18.960,2108,60.076995849609375,PPACOPPE_maior_60,> 60.07
2026-01-22 18:58:18.977,2108,60.078025817871094,PPACOPPE_maior_60,> 60.07
2026-01-22 18:58:18.994,2108,60.082305908203125,PPACOPPE_maior_60,> 60.07
2026-01-22 18:58:19.010,2108,60.08306884765625,PPACOPPE_maior_60,> 60.07
2026-01-22 18:58:19.034,2108,60.08165740966797,PPACOPPE_maior_60,> 60.07
2026-01-22 18:58:19.043,2108,60.08194351196289,PPACOPPE_maior_60,> 60.07
2026-01-22 18:58:19.061,2108,60.0816764831543,PPACOPPE_maior_60,> 60.07
2026-01-22 18:58:19.077,2108,60.081695556640625,PPACOPPE_maior_60,> 60.07
2026-01-22 18:58:19.093,2108,60.082462310791016,PPACOPPE_maior_60,> 60.07
2026-01-22 18:58:19.110,2108,60.07892990112305,PPACOPPE_maior_60,> 60.07
2026-01-22 18:58:19.126,2108,60.078731536865234,PPACOPPE_maior_60,> 60.07
2026-01-22 18:58:19.143,2108,60.084964752197266,PPACOPPE_maior_60,> 60.07
2026-01-22 18:58:19.160,2108,60.08517074584961,PPACOPPE_maior_60,> 60.07
2026-01-22 18:58:19.177,2108,60.08171081542969,PPACOPPE_maior_60,> 60.07
2026-01-22 18:58:19.193,2108,60.08234405517578,PPACOPPE_maior_60,> 60.07
2026-01-22 18:58:19.211,2108,60.08481979370117,PPACOPPE_maior_60,> 60.07
2026-01-22 18:58:19.226,2108,60.08512496948242,PPACOPPE_maior_60,> 60.07
2026-01-22 18:58:19.243,2108,60.080711364746094,PPACOPPE_maior_60,> 60.07
2026-01-22 18:58:19.260,2108,60.07709884643555,PPACOPPE_maior_60,> 60.07
2026-01-22 18:58:19.277,2108,60.08032989501953,PPACOPPE_maior_60,> 60.07
2026-01-22 18:58:19.293,2108,60.08590316772461,PPACOPPE_maior_60,> 60.07
2026-01-22 18:58:19.311,2108,60.08699417114258,PPACOPPE_maior_60,> 60.07
2026-01-22 18:58:19.326,2108,60.081729888916016,PPACOPPE_maior_60,> 60.07
2026-01-22 18:58:19.344,2108,60.078826904296875,PPACOPPE_maior_60,> 60.07
2026-01-22 18:58:19.360,2108,60.08124542236328,PPACOPPE_maior_60,> 60.07
2026-01-22 18:58:19.377,2108,60.08208465576172,PPACOPPE_maior_60,> 60.07
2026-01-22 18:58:19.393,2108,60.08283615112305,PPACOPPE_maior_60,> 60.07
2026-01-22 18:58:19.411,2108,60.08278274536133,PPACOPPE_maior_60,> 60.07
2026-01-22 18:58:19.427,2108,60.08437728881836,PPACOPPE_maior_60,> 60.07
2026-01-22 18:58:19.443,2108,60.09022903442383,PPACOPPE_maior_60,> 60.07
2026-01-22 18:58:19.460,2108,60.0899543762207,PPACOPPE_maior_60,> 60.07
2026-01-22 18:58:19.477,2108,60.082340240478516,PPACOPPE_maior_60,> 60.07
2026-01-22 18:58:19.493,2108,60.077186584472656,PPACOPPE_maior_60,> 60.07
2026-01-22 18:58:19.512,2108,60.08027267456055,PPACOPPE_maior_60,> 60.07
2026-01-22 18:58:19.527,2108,60.0872802734375,PPACOPPE_maior_60,> 60.07
2026-01-22 18:58:19.543,2108,60.08646774291992,PPACOPPE_maior_60,> 60.07
2026-01-22 18:58:19.561,2108,60.080562591552734,PPACOPPE_maior_60,> 60.07
2026-01-22 18:58:19.577,2108,60.082000732421875,PPACOPPE_maior_60,> 60.07
2026-01-22 18:58:19.594,2108,60.087806701660156,PPACOPPE_maior_60,> 60.07
2026-01-22 18:58:19.611,2108,60.087833404541016,PPACOPPE_maior_60,> 60.07
2026-01-22 18:58:19.627,2108,60.08249282836914,PPACOPPE_maior_60,> 60.07
2026-01-22 18:58:19.643,2108,60.08222198486328,PPACOPPE_maior_60,> 60.07
2026-01-22 18:58:19.660,2108,60.085479736328125,PPACOPPE_maior_60,> 60.07
2026-01-22 18:58:19.677,2108,60.086761474609375,PPACOPPE_maior_60,> 60.07
2026-01-22 18:58:19.694,2108,60.08753967285156,PPACOPPE_maior_60,> 60.07
2026-01-22 18:58:19.710,2108,60.082763671875,PPACOPPE_maior_60,> 60.07
2026-01-22 18:58:19.727,2108,60.08112335205078,PPACOPPE_maior_60,> 60.07
2026-01-22 18:58:19.744,2108,60.08744430541992,PPACOPPE_maior_60,> 60.07
2026-01-22 18:58:19.760,2108,60.088523864746094,PPACOPPE_maior_60,> 60.07
2026-01-22 18:58:19.776,2108,60.085296630859375,PPACOPPE_maior_60,> 60.07
2026-01-22 18:58:19.794,2108,60.08409118652344,PPACOPPE_maior_60,> 60.07
2026-01-22 18:58:19.810,2108,60.08531951904297,PPACOPPE_maior_60,> 60.07
2026-01-22 18:58:19.827,2108,60.08653259277344,PPACOPPE_maior_60,> 60.07
2026-01-22 18:58:19.844,2108,60.08506774902344,PPACOPPE_maior_60,> 60.07
2026-01-22 18:58:19.860,2108,60.0836067199707,PPACOPPE_maior_60,> 60.07
2026-01-22 18:58:19.877,2108,60.08456802368164,PPACOPPE_maior_60,> 60.07
2026-01-22 18:58:19.894,2108,60.087432861328125,PPACOPPE_maior_60,> 60.07
2026-01-22 18:58:19.910,2108,60.087249755859375,PPACOPPE_maior_60,> 60.07
2026-01-22 18:58:19.927,2108,60.082679748535156,PPACOPPE_maior_60,> 60.07
2026-01-22 18:58:19.943,2108,60.08289337158203,PPACOPPE_maior_60,> 60.07
2026-01-22 18:58:19.961,2108,60.08628845214844,PPACOPPE_maior_60,> 60.07
2026-01-22 18:58:19.976,2108,60.08517074584961,PPACOPPE_maior_60,> 60.07
2026-01-22 18:58:19.993,2108,60.083919525146484,PPACOPPE_maior_60,> 60.07
2026-01-22 18:58:20.010,2108,60.08336639404297,PPACOPPE_maior_60,> 60.07
2026-01-22 18:58:20.027,2108,60.08427810668945,PPACOPPE_maior_60,> 60.07
2026-01-22 18:58:20.044,2108,60.08864974975586,PPACOPPE_maior_60,> 60.07
2026-01-22 18:58:20.060,2108,60.08993911743164,PPACOPPE_maior_60,> 60.07
2026-01-22 18:58:20.076,2108,60.08515930175781,PPACOPPE_maior_60,> 60.07
2026-01-22 18:58:20.094,2108,60.08223342895508,PPACOPPE_maior_60,> 60.07
2026-01-22 18:58:20.110,2108,60.08673858642578,PPACOPPE_maior_60,> 60.07
2026-01-22 18:58:20.126,2108,60.090763092041016,PPACOPPE_maior_60,> 60.07
2026-01-22 18:58:20.143,2108,60.0882568359375,PPACOPPE_maior_60,> 60.07
2026-01-22 18:58:20.161,2108,60.08352279663086,PPACOPPE_maior_60,> 60.07
2026-01-22 18:58:20.176,2108,60.08345413208008,PPACOPPE_maior_60,> 60.07
2026-01-22 18:58:20.193,2108,60.087646484375,PPACOPPE_maior_60,> 60.07
2026-01-22 18:58:20.212,2108,60.09001159667969,PPACOPPE_maior_60,> 60.07
2026-01-22 18:58:20.227,2108,60.0885009765625,PPACOPPE_maior_60,> 60.07
2026-01-22 18:58:20.243,2108,60.08671188354492,PPACOPPE_maior_60,> 60.07
2026-01-22 18:58:20.260,2108,60.08700180053711,PPACOPPE_maior_60,> 60.07
2026-01-22 18:58:20.277,2108,60.086524963378906,PPACOPPE_maior_60,> 60.07
2026-01-22 18:58:20.293,2108,60.08524703979492,PPACOPPE_maior_60,> 60.07
2026-01-22 18:58:20.310,2108,60.083316802978516,PPACOPPE_maior_60,> 60.07
2026-01-22 18:58:20.327,2108,60.08341598510742,PPACOPPE_maior_60,> 60.07
2026-01-22 18:58:20.344,2108,60.08738327026367,PPACOPPE_maior_60,> 60.07
2026-01-22 18:58:20.360,2108,60.08913803100586,PPACOPPE_maior_60,> 60.07
2026-01-22 18:58:20.377,2108,60.086883544921875,PPACOPPE_maior_60,> 60.07
2026-01-22 18:58:20.393,2108,60.08528137207031,PPACOPPE_maior_60,> 60.07
2026-01-22 18:58:20.410,2108,60.087947845458984,PPACOPPE_maior_60,> 60.07
2026-01-22 18:58:20.427,2108,60.09275436401367,PPACOPPE_maior_60,> 60.07
2026-01-22 18:58:20.443,2108,60.09367752075195,PPACOPPE_maior_60,> 60.07
2026-01-22 18:58:20.461,2108,60.08785629272461,PPACOPPE_maior_60,> 60.07
2026-01-22 18:58:20.477,2108,60.08561325073242,PPACOPPE_maior_60,> 60.07
2026-01-22 18:58:20.494,2108,60.08885192871094,PPACOPPE_maior_60,> 60.07
2026-01-22 18:58:20.511,2108,60.08713150024414,PPACOPPE_maior_60,> 60.07
2026-01-22 18:58:20.527,2108,60.08466720581055,PPACOPPE_maior_60,> 60.07
2026-01-22 18:58:20.543,2108,60.0862922668457,PPACOPPE_maior_60,> 60.07
2026-01-22 18:58:20.560,2108,60.09051513671875,PPACOPPE_maior_60,> 60.07
2026-01-22 18:58:20.577,2108,60.09181213378906,PPACOPPE_maior_60,> 60.07
2026-01-22 18:58:20.594,2108,60.088035583496094,PPACOPPE_maior_60,> 60.07
2026-01-22 18:58:20.610,2108,60.085453033447266,PPACOPPE_maior_60,> 60.07
2026-01-22 18:58:20.627,2108,60.08687973022461,PPACOPPE_maior_60,> 60.07
2026-01-22 18:58:20.643,2108,60.09026336669922,PPACOPPE_maior_60,> 60.07
2026-01-22 18:58:20.660,2108,60.09242248535156,PPACOPPE_maior_60,> 60.07
2026-01-22 18:58:20.677,2108,60.08897399902344,PPACOPPE_maior_60,> 60.07
2026-01-22 18:58:20.693,2108,60.08470916748047,PPACOPPE_maior_60,> 60.07
2026-01-22 18:58:20.711,2108,60.086952209472656,PPACOPPE_maior_60,> 60.07
2026-01-22 18:58:20.726,2108,60.090389251708984,PPACOPPE_maior_60,> 60.07
2026-01-22 18:58:20.743,2108,60.090782165527344,PPACOPPE_maior_60,> 60.07
2026-01-22 18:58:20.760,2108,60.08830642700195,PPACOPPE_maior_60,> 60.07
2026-01-22 18:58:20.777,2108,60.088314056396484,PPACOPPE_maior_60,> 60.07
2026-01-22 18:58:20.794,2108,60.0902214050293,PPACOPPE_maior_60,> 60.07
2026-01-22 18:58:20.810,2108,60.08866500854492,PPACOPPE_maior_60,> 60.07
2026-01-22 18:58:20.827,2108,60.08775329589844,PPACOPPE_maior_60,> 60.07
2026-01-22 18:58:20.843,2108,60.08772659301758,PPACOPPE_maior_60,> 60.07
2026-01-22 18:58:20.860,2108,60.08778762817383,PPACOPPE_maior_60,> 60.07
2026-01-22 18:58:20.876,2108,60.08984375,PPACOPPE_maior_60,> 60.07
2026-01-22 18:58:20.893,2108,60.08955383300781,PPACOPPE_maior_60,> 60.07
2026-01-22 18:58:20.911,2108,60.086727142333984,PPACOPPE_maior_60,> 60.07
2026-01-22 18:58:20.927,2108,60.08729553222656,PPACOPPE_maior_60,> 60.07
2026-01-22 18:58:20.949,2108,60.08941650390625,PPACOPPE_maior_60,> 60.07
2026-01-22 18:58:20.961,2108,60.09016418457031,PPACOPPE_maior_60,> 60.07
2026-01-22 18:58:20.977,2108,60.08692169189453,PPACOPPE_maior_60,> 60.07
2026-01-22 18:58:20.994,2108,60.08154296875,PPACOPPE_maior_60,> 60.07
2026-01-22 18:58:21.011,2108,60.08366775512695,PPACOPPE_maior_60,> 60.07
2026-01-22 18:58:21.027,2108,60.09104919433594,PPACOPPE_maior_60,> 60.07
2026-01-22 18:58:21.043,2108,60.093318939208984,PPACOPPE_maior_60,> 60.07
2026-01-22 18:58:21.060,2108,60.08926010131836,PPACOPPE_maior_60,> 60.07
2026-01-22 18:58:21.077,2108,60.087581634521484,PPACOPPE_maior_60,> 60.07
2026-01-22 18:58:21.094,2108,60.09012222290039,PPACOPPE_maior_60,> 60.07
2026-01-22 18:58:21.243,2108,60.09053421020508,PPACOPPE_maior_60,> 60.07
2026-01-22 18:58:21.245,2108,60.087894439697266,PPACOPPE_maior_60,> 60.07
2026-01-22 18:58:21.249,2108,60.085426330566406,PPACOPPE_maior_60,> 60.07
2026-01-22 18:58:21.253,2108,60.08690643310547,PPACOPPE_maior_60,> 60.07
2026-01-22 18:58:21.254,2108,60.089447021484375,PPACOPPE_maior_60,> 60.07
2026-01-22 18:58:21.254,2108,60.08892822265625,PPACOPPE_maior_60,> 60.07
2026-01-22 18:58:21.254,2108,60.08940887451172,PPACOPPE_maior_60,> 60.07
2026-01-22 18:58:21.255,2108,60.08953857421875,PPACOPPE_maior_60,> 60.07
2026-01-22 18:58:21.257,2108,60.0877571105957,PPACOPPE_maior_60,> 60.07
2026-01-22 18:58:21.260,2108,60.0887565612793,PPACOPPE_maior_60,> 60.07
2026-01-22 18:58:21.277,2108,60.09013748168945,PPACOPPE_maior_60,> 60.07
2026-01-22 18:58:21.293,2108,60.08697509765625,PPACOPPE_maior_60,> 60.07
2026-01-22 18:58:21.310,2108,60.08647537231445,PPACOPPE_maior_60,> 60.07
2026-01-22 18:58:21.327,2108,60.0892333984375,PPACOPPE_maior_60,> 60.07
2026-01-22 18:58:21.344,2108,60.08865737915039,PPACOPPE_maior_60,> 60.07
2026-01-22 18:58:21.360,2108,60.088523864746094,PPACOPPE_maior_60,> 60.07
2026-01-22 18:58:21.377,2108,60.09001159667969,PPACOPPE_maior_60,> 60.07
2026-01-22 18:58:21.394,2108,60.09146499633789,PPACOPPE_maior_60,> 60.07
2026-01-22 18:58:21.410,2108,60.094364166259766,PPACOPPE_maior_60,> 60.07
2026-01-22 18:58:21.427,2108,60.09344482421875,PPACOPPE_maior_60,> 60.07
2026-01-22 18:58:21.443,2108,60.08601379394531,PPACOPPE_maior_60,> 60.07
2026-01-22 18:58:21.460,2108,60.086509704589844,PPACOPPE_maior_60,> 60.07
2026-01-22 18:58:21.476,2108,60.09404754638672,PPACOPPE_maior_60,> 60.07
2026-01-22 18:58:21.493,2108,60.093570709228516,PPACOPPE_maior_60,> 60.07
2026-01-22 18:58:21.510,2108,60.0888557434082,PPACOPPE_maior_60,> 60.07
2026-01-22 18:58:21.526,2108,60.08757400512695,PPACOPPE_maior_60,> 60.07
2026-01-22 18:58:21.543,2108,60.09081268310547,PPACOPPE_maior_60,> 60.07
2026-01-22 18:58:21.572,2108,60.09322738647461,PPACOPPE_maior_60,> 60.07
2026-01-22 18:58:21.585,2108,60.090248107910156,PPACOPPE_maior_60,> 60.07
2026-01-22 18:58:21.596,2108,60.08720016479492,PPACOPPE_maior_60,> 60.07
2026-01-22 18:58:21.616,2108,60.090980529785156,PPACOPPE_maior_60,> 60.07
2026-01-22 18:58:21.627,2108,60.095252990722656,PPACOPPE_maior_60,> 60.07
2026-01-22 18:58:21.644,2108,60.091896057128906,PPACOPPE_maior_60,> 60.07
2026-01-22 18:58:21.660,2108,60.08806610107422,PPACOPPE_maior_60,> 60.07
2026-01-22 18:58:21.677,2108,60.086280822753906,PPACOPPE_maior_60,> 60.07
2026-01-22 18:58:21.694,2108,60.088035583496094,PPACOPPE_maior_60,> 60.07
2026-01-22 18:58:21.711,2108,60.094512939453125,PPACOPPE_maior_60,> 60.07
2026-01-22 18:58:21.727,2108,60.09341049194336,PPACOPPE_maior_60,> 60.07
2026-01-22 18:58:21.744,2108,60.08885955810547,PPACOPPE_maior_60,> 60.07
2026-01-22 18:58:21.760,2108,60.09245681762695,PPACOPPE_maior_60,> 60.07
2026-01-22 18:58:21.777,2108,60.09482192993164,PPACOPPE_maior_60,> 60.07
2026-01-22 18:58:21.793,2108,60.093482971191406,PPACOPPE_maior_60,> 60.07
2026-01-22 18:58:21.810,2108,60.09290313720703,PPACOPPE_maior_60,> 60.07
2026-01-22 18:58:21.826,2108,60.09147262573242,PPACOPPE_maior_60,> 60.07
2026-01-22 18:58:21.843,2108,60.09013748168945,PPACOPPE_maior_60,> 60.07
2026-01-22 18:58:21.860,2108,60.09069061279297,PPACOPPE_maior_60,> 60.07
2026-01-22 18:58:21.876,2108,60.092674255371094,PPACOPPE_maior_60,> 60.07
2026-01-22 18:58:21.893,2108,60.08930206298828,PPACOPPE_maior_60,> 60.07
2026-01-22 18:58:21.910,2108,60.087890625,PPACOPPE_maior_60,> 60.07
2026-01-22 18:58:21.927,2108,60.09406661987305,PPACOPPE_maior_60,> 60.07
2026-01-22 18:58:21.943,2108,60.095184326171875,PPACOPPE_maior_60,> 60.07
2026-01-22 18:58:21.960,2108,60.092185974121094,PPACOPPE_maior_60,> 60.07
2026-01-22 18:58:21.979,2108,60.09142303466797,PPACOPPE_maior_60,> 60.07
2026-01-22 18:58:21.994,2108,60.091983795166016,PPACOPPE_maior_60,> 60.07
2026-01-22 18:58:22.010,2108,60.09462356567383,PPACOPPE_maior_60,> 60.07
2026-01-22 18:58:22.027,2108,60.096065521240234,PPACOPPE_maior_60,> 60.07
2026-01-22 18:58:22.043,2108,60.091922760009766,PPACOPPE_maior_60,> 60.07
2026-01-22 18:58:22.060,2108,60.088356018066406,PPACOPPE_maior_60,> 60.07
2026-01-22 18:58:22.077,2108,60.0895881652832,PPACOPPE_maior_60,> 60.07
2026-01-22 18:58:22.094,2108,60.09370040893555,PPACOPPE_maior_60,> 60.07
2026-01-22 18:58:22.110,2108,60.096229553222656,PPACOPPE_maior_60,> 60.07
2026-01-22 18:58:22.127,2108,60.09318923950195,PPACOPPE_maior_60,> 60.07
2026-01-22 18:58:22.143,2108,60.09135818481445,PPACOPPE_maior_60,> 60.07
2026-01-22 18:58:22.161,2108,60.09425735473633,PPACOPPE_maior_60,> 60.07
2026-01-22 18:58:22.177,2108,60.09714126586914,PPACOPPE_maior_60,> 60.07
2026-01-22 18:58:22.194,2108,60.09567642211914,PPACOPPE_maior_60,> 60.07
2026-01-22 18:58:22.210,2108,60.092506408691406,PPACOPPE_maior_60,> 60.07
2026-01-22 18:58:22.227,2108,60.09275817871094,PPACOPPE_maior_60,> 60.07
2026-01-22 18:58:22.243,2108,60.09443283081055,PPACOPPE_maior_60,> 60.07
2026-01-22 18:58:22.260,2108,60.093997955322266,PPACOPPE_maior_60,> 60.07
2026-01-22 18:58:22.277,2108,60.09229278564453,PPACOPPE_maior_60,> 60.07
2026-01-22 18:58:22.294,2108,60.09383010864258,PPACOPPE_maior_60,> 60.07
2026-01-22 18:58:22.310,2108,60.09434127807617,PPACOPPE_maior_60,> 60.07
2026-01-22 18:58:22.327,2108,60.09048080444336,PPACOPPE_maior_60,> 60.07
2026-01-22 18:58:22.344,2108,60.0916748046875,PPACOPPE_maior_60,> 60.07
2026-01-22 18:58:22.360,2108,60.09625244140625,PPACOPPE_maior_60,> 60.07
2026-01-22 18:58:22.377,2108,60.095947265625,PPACOPPE_maior_60,> 60.07
2026-01-22 18:58:22.393,2108,60.09523391723633,PPACOPPE_maior_60,> 60.07
2026-01-22 18:58:22.410,2108,60.094112396240234,PPACOPPE_maior_60,> 60.07
2026-01-22 18:58:22.426,2108,60.09065246582031,PPACOPPE_maior_60,> 60.07
2026-01-22 18:58:22.443,2108,60.09268569946289,PPACOPPE_maior_60,> 60.07
2026-01-22 18:58:22.460,2108,60.09773635864258,PPACOPPE_maior_60,> 60.07
2026-01-22 18:58:22.477,2108,60.09798049926758,PPACOPPE_maior_60,> 60.07
2026-01-22 18:58:22.494,2108,60.09480667114258,PPACOPPE_maior_60,> 60.07
2026-01-22 18:58:22.513,2108,60.09159469604492,PPACOPPE_maior_60,> 60.07
2026-01-22 18:58:22.526,2108,60.093345642089844,PPACOPPE_maior_60,> 60.07
2026-01-22 18:58:22.543,2108,60.09673309326172,PPACOPPE_maior_60,> 60.07
2026-01-22 18:58:22.561,2108,60.0947265625,PPACOPPE_maior_60,> 60.07
2026-01-22 18:58:22.577,2108,60.091583251953125,PPACOPPE_maior_60,> 60.07
2026-01-22 18:58:22.594,2108,60.090492248535156,PPACOPPE_maior_60,> 60.07
2026-01-22 18:58:22.611,2108,60.09418487548828,PPACOPPE_maior_60,> 60.07
2026-01-22 18:58:22.629,2108,60.100914001464844,PPACOPPE_maior_60,> 60.07
2026-01-22 18:58:22.643,2108,60.10018539428711,PPACOPPE_maior_60,> 60.07
2026-01-22 18:58:22.661,2108,60.0946044921875,PPACOPPE_maior_60,> 60.07
2026-01-22 18:58:22.677,2108,60.093013763427734,PPACOPPE_maior_60,> 60.07
2026-01-22 18:58:22.694,2108,60.093994140625,PPACOPPE_maior_60,> 60.07
2026-01-22 18:58:22.710,2108,60.09391403198242,PPACOPPE_maior_60,> 60.07
2026-01-22 18:58:22.726,2108,60.08998107910156,PPACOPPE_maior_60,> 60.07
2026-01-22 18:58:22.743,2108,60.089141845703125,PPACOPPE_maior_60,> 60.07
2026-01-22 18:58:22.760,2108,60.0965690612793,PPACOPPE_maior_60,> 60.07
2026-01-22 18:58:22.777,2108,60.10187530517578,PPACOPPE_maior_60,> 60.07
2026-01-22 18:58:22.793,2108,60.100791931152344,PPACOPPE_maior_60,> 60.07
2026-01-22 18:58:22.810,2108,60.095890045166016,PPACOPPE_maior_60,> 60.07
2026-01-22 18:58:22.827,2108,60.090904235839844,PPACOPPE_maior_60,> 60.07
2026-01-22 18:58:22.843,2108,60.09132385253906,PPACOPPE_maior_60,> 60.07
2026-01-22 18:58:22.860,2108,60.09410858154297,PPACOPPE_maior_60,> 60.07
2026-01-22 18:58:22.877,2108,60.09415054321289,PPACOPPE_maior_60,> 60.07
2026-01-22 18:58:22.894,2108,60.095115661621094,PPACOPPE_maior_60,> 60.07
2026-01-22 18:58:22.910,2108,60.09783935546875,PPACOPPE_maior_60,> 60.07
2026-01-22 18:58:22.927,2108,60.09818649291992,PPACOPPE_maior_60,> 60.07
2026-01-22 18:58:22.943,2108,60.09547805786133,PPACOPPE_maior_60,> 60.07
2026-01-22 18:58:22.960,2108,60.09309387207031,PPACOPPE_maior_60,> 60.07
2026-01-22 18:58:22.977,2108,60.09522247314453,PPACOPPE_maior_60,> 60.07
2026-01-22 18:58:22.994,2108,60.096988677978516,PPACOPPE_maior_60,> 60.07
2026-01-22 18:58:23.010,2108,60.093990325927734,PPACOPPE_maior_60,> 60.07
2026-01-22 18:58:23.027,2108,60.09217071533203,PPACOPPE_maior_60,> 60.07
2026-01-22 18:58:23.043,2108,60.093475341796875,PPACOPPE_maior_60,> 60.07
2026-01-22 18:58:23.060,2108,60.096710205078125,PPACOPPE_maior_60,> 60.07
2026-01-22 18:58:23.077,2108,60.09864807128906,PPACOPPE_maior_60,> 60.07
2026-01-22 18:58:23.094,2108,60.092960357666016,PPACOPPE_maior_60,> 60.07
2026-01-22 18:58:23.110,2108,60.08793640136719,PPACOPPE_maior_60,> 60.07
2026-01-22 18:58:23.127,2108,60.09416580200195,PPACOPPE_maior_60,> 60.07
2026-01-22 18:58:23.143,2108,60.10102462768555,PPACOPPE_maior_60,> 60.07
2026-01-22 18:58:23.160,2108,60.09889602661133,PPACOPPE_maior_60,> 60.07
2026-01-22 18:58:23.177,2108,60.093502044677734,PPACOPPE_maior_60,> 60.07
2026-01-22 18:58:23.194,2108,60.095516204833984,PPACOPPE_maior_60,> 60.07
2026-01-22 18:58:23.210,2108,60.10206604003906,PPACOPPE_maior_60,> 60.07
2026-01-22 18:58:23.227,2108,60.09973907470703,PPACOPPE_maior_60,> 60.07
2026-01-22 18:58:23.243,2108,60.09437942504883,PPACOPPE_maior_60,> 60.07
2026-01-22 18:58:23.260,2108,60.09458923339844,PPACOPPE_maior_60,> 60.07
2026-01-22 18:58:23.277,2108,60.09548568725586,PPACOPPE_maior_60,> 60.07
2026-01-22 18:58:23.293,2108,60.096702575683594,PPACOPPE_maior_60,> 60.07
2026-01-22 18:58:23.310,2108,60.09876251220703,PPACOPPE_maior_60,> 60.07
2026-01-22 18:58:23.326,2108,60.0969352722168,PPACOPPE_maior_60,> 60.07
2026-01-22 18:58:23.344,2108,60.094486236572266,PPACOPPE_maior_60,> 60.07
2026-01-22 18:58:23.360,2108,60.09675216674805,PPACOPPE_maior_60,> 60.07
2026-01-22 18:58:23.377,2108,60.0988655090332,PPACOPPE_maior_60,> 60.07
2026-01-22 18:58:23.394,2108,60.09653854370117,PPACOPPE_maior_60,> 60.07
2026-01-22 18:58:23.410,2108,60.09270477294922,PPACOPPE_maior_60,> 60.07
2026-01-22 18:58:23.427,2108,60.09283447265625,PPACOPPE_maior_60,> 60.07
2026-01-22 18:58:23.443,2108,60.09616470336914,PPACOPPE_maior_60,> 60.07
2026-01-22 18:58:23.460,2108,60.09914779663086,PPACOPPE_maior_60,> 60.07
2026-01-22 18:58:23.477,2108,60.098060607910156,PPACOPPE_maior_60,> 60.07
2026-01-22 18:58:23.493,2108,60.09567642211914,PPACOPPE_maior_60,> 60.07
2026-01-22 18:58:23.510,2108,60.097816467285156,PPACOPPE_maior_60,> 60.07
2026-01-22 18:58:23.527,2108,60.09965896606445,PPACOPPE_maior_60,> 60.07
2026-01-22 18:58:23.543,2108,60.09815979003906,PPACOPPE_maior_60,> 60.07
2026-01-22 18:58:23.560,2108,60.097225189208984,PPACOPPE_maior_60,> 60.07
2026-01-22 18:58:23.576,2108,60.097267150878906,PPACOPPE_maior_60,> 60.07
2026-01-22 18:58:23.594,2108,60.09489440917969,PPACOPPE_maior_60,> 60.07
2026-01-22 18:58:23.611,2108,60.093929290771484,PPACOPPE_maior_60,> 60.07
2026-01-22 18:58:23.627,2108,60.09659957885742,PPACOPPE_maior_60,> 60.07
2026-01-22 18:58:23.643,2108,60.099273681640625,PPACOPPE_maior_60,> 60.07
2026-01-22 18:58:23.661,2108,60.10065841674805,PPACOPPE_maior_60,> 60.07
2026-01-22 18:58:23.676,2108,60.09906005859375,PPACOPPE_maior_60,> 60.07
2026-01-22 18:58:23.693,2108,60.096031188964844,PPACOPPE_maior_60,> 60.07
2026-01-22 18:58:23.710,2108,60.09444808959961,PPACOPPE_maior_60,> 60.07
2026-01-22 18:58:23.727,2108,60.09616470336914,PPACOPPE_maior_60,> 60.07
2026-01-22 18:58:23.744,2108,60.09950637817383,PPACOPPE_maior_60,> 60.07
2026-01-22 18:58:23.760,2108,60.100074768066406,PPACOPPE_maior_60,> 60.07
2026-01-22 18:58:23.776,2108,60.097679138183594,PPACOPPE_maior_60,> 60.07
2026-01-22 18:58:23.794,2108,60.094703674316406,PPACOPPE_maior_60,> 60.07
2026-01-22 18:58:23.810,2108,60.09544372558594,PPACOPPE_maior_60,> 60.07
2026-01-22 18:58:23.826,2108,60.0987548828125,PPACOPPE_maior_60,> 60.07
2026-01-22 18:58:23.844,2108,60.0984001159668,PPACOPPE_maior_60,> 60.07
2026-01-22 18:58:23.860,2108,60.09663391113281,PPACOPPE_maior_60,> 60.07
2026-01-22 18:58:23.877,2108,60.09806823730469,PPACOPPE_maior_60,> 60.07
2026-01-22 18:58:23.893,2108,60.10005569458008,PPACOPPE_maior_60,> 60.07
2026-01-22 18:58:23.910,2108,60.09847640991211,PPACOPPE_maior_60,> 60.07
2026-01-22 18:58:23.926,2108,60.09407043457031,PPACOPPE_maior_60,> 60.07
2026-01-22 18:58:23.943,2108,60.09349060058594,PPACOPPE_maior_60,> 60.07
2026-01-22 18:58:23.961,2108,60.0979118347168,PPACOPPE_maior_60,> 60.07
2026-01-22 18:58:23.977,2108,60.100887298583984,PPACOPPE_maior_60,> 60.07
2026-01-22 18:58:23.993,2108,60.09769058227539,PPACOPPE_maior_60,> 60.07
2026-01-22 18:58:24.010,2108,60.09336853027344,PPACOPPE_maior_60,> 60.07
2026-01-22 18:58:24.027,2108,60.09723663330078,PPACOPPE_maior_60,> 60.07
2026-01-22 18:58:24.044,2108,60.10115051269531,PPACOPPE_maior_60,> 60.07
2026-01-22 18:58:24.061,2108,60.09774398803711,PPACOPPE_maior_60,> 60.07
2026-01-22 18:58:24.077,2108,60.0941162109375,PPACOPPE_maior_60,> 60.07
2026-01-22 18:58:24.093,2108,60.09299087524414,PPACOPPE_maior_60,> 60.07
2026-01-22 18:58:24.111,2108,60.09577941894531,PPACOPPE_maior_60,> 60.07
2026-01-22 18:58:24.126,2108,60.0998420715332,PPACOPPE_maior_60,> 60.07
2026-01-22 18:58:24.143,2108,60.09877395629883,PPACOPPE_maior_60,> 60.07
2026-01-22 18:58:24.160,2108,60.09524154663086,PPACOPPE_maior_60,> 60.07
2026-01-22 18:58:24.176,2108,60.09492492675781,PPACOPPE_maior_60,> 60.07
2026-01-22 18:58:24.193,2108,60.098541259765625,PPACOPPE_maior_60,> 60.07
2026-01-22 18:58:24.210,2108,60.1005973815918,PPACOPPE_maior_60,> 60.07
2026-01-22 18:58:24.227,2108,60.096805572509766,PPACOPPE_maior_60,> 60.07
2026-01-22 18:58:24.244,2108,60.09404373168945,PPACOPPE_maior_60,> 60.07
2026-01-22 18:58:24.260,2108,60.09528350830078,PPACOPPE_maior_60,> 60.07
2026-01-22 18:58:24.277,2108,60.094913482666016,PPACOPPE_maior_60,> 60.07
2026-01-22 18:58:24.293,2108,60.09224319458008,PPACOPPE_maior_60,> 60.07
2026-01-22 18:58:24.310,2108,60.09198760986328,PPACOPPE_maior_60,> 60.07
2026-01-22 18:58:24.327,2108,60.09755325317383,PPACOPPE_maior_60,> 60.07
2026-01-22 18:58:24.344,2108,60.1011962890625,PPACOPPE_maior_60,> 60.07
2026-01-22 18:58:24.361,2108,60.09895324707031,PPACOPPE_maior_60,> 60.07
2026-01-22 18:58:24.377,2108,60.09682846069336,PPACOPPE_maior_60,> 60.07
2026-01-22 18:58:24.393,2108,60.09445571899414,PPACOPPE_maior_60,> 60.07
2026-01-22 18:58:24.410,2108,60.09281539916992,PPACOPPE_maior_60,> 60.07
2026-01-22 18:58:24.427,2108,60.09585189819336,PPACOPPE_maior_60,> 60.07
2026-01-22 18:58:24.443,2108,60.098182678222656,PPACOPPE_maior_60,> 60.07
2026-01-22 18:58:24.461,2108,60.09461975097656,PPACOPPE_maior_60,> 60.07
2026-01-22 18:58:24.477,2108,60.09355926513672,PPACOPPE_maior_60,> 60.07
2026-01-22 18:58:24.494,2108,60.0966911315918,PPACOPPE_maior_60,> 60.07
2026-01-22 18:58:24.511,2108,60.09424591064453,PPACOPPE_maior_60,> 60.07
2026-01-22 18:58:24.527,2108,60.09113693237305,PPACOPPE_maior_60,> 60.07
2026-01-22 18:58:24.543,2108,60.09418487548828,PPACOPPE_maior_60,> 60.07
2026-01-22 18:58:24.561,2108,60.09768295288086,PPACOPPE_maior_60,> 60.07
2026-01-22 18:58:24.577,2108,60.09519577026367,PPACOPPE_maior_60,> 60.07
2026-01-22 18:58:24.593,2108,60.090728759765625,PPACOPPE_maior_60,> 60.07
2026-01-22 18:58:24.610,2108,60.092044830322266,PPACOPPE_maior_60,> 60.07
2026-01-22 18:58:24.627,2108,60.096981048583984,PPACOPPE_maior_60,> 60.07
2026-01-22 18:58:24.643,2108,60.09979248046875,PPACOPPE_maior_60,> 60.07
2026-01-22 18:58:24.660,2108,60.09806823730469,PPACOPPE_maior_60,> 60.07
2026-01-22 18:58:24.677,2108,60.09394454956055,PPACOPPE_maior_60,> 60.07
2026-01-22 18:58:24.694,2108,60.092262268066406,PPACOPPE_maior_60,> 60.07
2026-01-22 18:58:24.710,2108,60.09613037109375,PPACOPPE_maior_60,> 60.07
2026-01-22 18:58:24.727,2108,60.099517822265625,PPACOPPE_maior_60,> 60.07
2026-01-22 18:58:24.743,2108,60.09427261352539,PPACOPPE_maior_60,> 60.07
2026-01-22 18:58:24.760,2108,60.088321685791016,PPACOPPE_maior_60,> 60.07
2026-01-22 18:58:24.777,2108,60.09367752075195,PPACOPPE_maior_60,> 60.07
2026-01-22 18:58:24.793,2108,60.09984588623047,PPACOPPE_maior_60,> 60.07
2026-01-22 18:58:24.810,2108,60.096168518066406,PPACOPPE_maior_60,> 60.07
2026-01-22 18:58:24.827,2108,60.09085464477539,PPACOPPE_maior_60,> 60.07
2026-01-22 18:58:24.844,2108,60.08932876586914,PPACOPPE_maior_60,> 60.07
2026-01-22 18:58:24.860,2108,60.09366989135742,PPACOPPE_maior_60,> 60.07
2026-01-22 18:58:24.876,2108,60.096641540527344,PPACOPPE_maior_60,> 60.07
2026-01-22 18:58:24.894,2108,60.094783782958984,PPACOPPE_maior_60,> 60.07
2026-01-22 18:58:24.910,2108,60.09690856933594,PPACOPPE_maior_60,> 60.07
2026-01-22 18:58:24.926,2108,60.095340728759766,PPACOPPE_maior_60,> 60.07
2026-01-22 18:58:24.944,2108,60.09093475341797,PPACOPPE_maior_60,> 60.07
2026-01-22 18:58:24.960,2108,60.09622573852539,PPACOPPE_maior_60,> 60.07
2026-01-22 18:58:24.979,2108,60.09766387939453,PPACOPPE_maior_60,> 60.07
2026-01-22 18:58:24.994,2108,60.089908599853516,PPACOPPE_maior_60,> 60.07
2026-01-22 18:58:25.010,2108,60.09084701538086,PPACOPPE_maior_60,> 60.07
2026-01-22 18:58:25.027,2108,60.096195220947266,PPACOPPE_maior_60,> 60.07
2026-01-22 18:58:25.044,2108,60.09469985961914,PPACOPPE_maior_60,> 60.07
2026-01-22 18:58:25.062,2108,60.09336471557617,PPACOPPE_maior_60,> 60.07
2026-01-22 18:58:25.077,2108,60.09386444091797,PPACOPPE_maior_60,> 60.07
2026-01-22 18:58:25.094,2108,60.09226608276367,PPACOPPE_maior_60,> 60.07
2026-01-22 18:58:25.111,2108,60.09142303466797,PPACOPPE_maior_60,> 60.07
2026-01-22 18:58:25.126,2108,60.09035873413086,PPACOPPE_maior_60,> 60.07
2026-01-22 18:58:25.144,2108,60.09099197387695,PPACOPPE_maior_60,> 60.07
2026-01-22 18:58:25.160,2108,60.09549331665039,PPACOPPE_maior_60,> 60.07
2026-01-22 18:58:25.177,2108,60.09554672241211,PPACOPPE_maior_60,> 60.07
2026-01-22 18:58:25.193,2108,60.093265533447266,PPACOPPE_maior_60,> 60.07
2026-01-22 18:58:25.210,2108,60.09178161621094,PPACOPPE_maior_60,> 60.07
2026-01-22 18:58:25.227,2108,60.09090805053711,PPACOPPE_maior_60,> 60.07
2026-01-22 18:58:25.244,2108,60.09489822387695,PPACOPPE_maior_60,> 60.07
2026-01-22 18:58:25.260,2108,60.09791946411133,PPACOPPE_maior_60,> 60.07
2026-01-22 18:58:25.277,2108,60.09435272216797,PPACOPPE_maior_60,> 60.07
2026-01-22 18:58:25.293,2108,60.08839797973633,PPACOPPE_maior_60,> 60.07
2026-01-22 18:58:25.310,2108,60.08891296386719,PPACOPPE_maior_60,> 60.07
2026-01-22 18:58:25.327,2108,60.095401763916016,PPACOPPE_maior_60,> 60.07
2026-01-22 18:58:25.344,2108,60.096153259277344,PPACOPPE_maior_60,> 60.07
2026-01-22 18:58:25.360,2108,60.08774948120117,PPACOPPE_maior_60,> 60.07
2026-01-22 18:58:25.377,2108,60.0826530456543,PPACOPPE_maior_60,> 60.07
2026-01-22 18:58:25.393,2108,60.08943176269531,PPACOPPE_maior_60,> 60.07
2026-01-22 18:58:25.411,2108,60.09716033935547,PPACOPPE_maior_60,> 60.07
2026-01-22 18:58:25.426,2108,60.0980110168457,PPACOPPE_maior_60,> 60.07
2026-01-22 18:58:25.444,2108,60.09288024902344,PPACOPPE_maior_60,> 60.07
2026-01-22 18:58:25.462,2108,60.087684631347656,PPACOPPE_maior_60,> 60.07
2026-01-22 18:58:25.477,2108,60.091400146484375,PPACOPPE_maior_60,> 60.07
2026-01-22 18:58:25.494,2108,60.094791412353516,PPACOPPE_maior_60,> 60.07
2026-01-22 18:58:25.510,2108,60.090911865234375,PPACOPPE_maior_60,> 60.07
2026-01-22 18:58:25.529,2108,60.08979415893555,PPACOPPE_maior_60,> 60.07
2026-01-22 18:58:25.544,2108,60.09269714355469,PPACOPPE_maior_60,> 60.07
2026-01-22 18:58:25.560,2108,60.09384536743164,PPACOPPE_maior_60,> 60.07
2026-01-22 18:58:25.577,2108,60.09025955200195,PPACOPPE_maior_60,> 60.07
2026-01-22 18:58:25.594,2108,60.08617401123047,PPACOPPE_maior_60,> 60.07
2026-01-22 18:58:25.610,2108,60.09042739868164,PPACOPPE_maior_60,> 60.07
2026-01-22 18:58:25.627,2108,60.09620666503906,PPACOPPE_maior_60,> 60.07
2026-01-22 18:58:25.643,2108,60.09382247924805,PPACOPPE_maior_60,> 60.07
2026-01-22 18:58:25.660,2108,60.08772659301758,PPACOPPE_maior_60,> 60.07
2026-01-22 18:58:25.677,2108,60.084747314453125,PPACOPPE_maior_60,> 60.07
2026-01-22 18:58:25.694,2108,60.08997344970703,PPACOPPE_maior_60,> 60.07
2026-01-22 18:58:25.711,2108,60.09637451171875,PPACOPPE_maior_60,> 60.07
2026-01-22 18:58:25.727,2108,60.09422302246094,PPACOPPE_maior_60,> 60.07
2026-01-22 18:58:25.743,2108,60.088584899902344,PPACOPPE_maior_60,> 60.07
2026-01-22 18:58:25.760,2108,60.08832931518555,PPACOPPE_maior_60,> 60.07
2026-01-22 18:58:25.777,2108,60.091796875,PPACOPPE_maior_60,> 60.07
2026-01-22 18:58:25.794,2108,60.09196853637695,PPACOPPE_maior_60,> 60.07
2026-01-22 18:58:25.810,2108,60.08964538574219,PPACOPPE_maior_60,> 60.07
2026-01-22 18:58:25.827,2108,60.08933639526367,PPACOPPE_maior_60,> 60.07
2026-01-22 18:58:25.844,2108,60.09159851074219,PPACOPPE_maior_60,> 60.07
2026-01-22 18:58:25.860,2108,60.09410858154297,PPACOPPE_maior_60,> 60.07
2026-01-22 18:58:25.881,2108,60.0924072265625,PPACOPPE_maior_60,> 60.07
2026-01-22 18:58:25.895,2108,60.08551788330078,PPACOPPE_maior_60,> 60.07
2026-01-22 18:58:25.912,2108,60.08538055419922,PPACOPPE_maior_60,> 60.07
2026-01-22 18:58:25.927,2108,60.09291076660156,PPACOPPE_maior_60,> 60.07
2026-01-22 18:58:25.944,2108,60.09427261352539,PPACOPPE_maior_60,> 60.07
2026-01-22 18:58:25.960,2108,60.08865737915039,PPACOPPE_maior_60,> 60.07
2026-01-22 18:58:25.977,2108,60.08700942993164,PPACOPPE_maior_60,> 60.07
2026-01-22 18:58:25.994,2108,60.09085464477539,PPACOPPE_maior_60,> 60.07
2026-01-22 18:58:26.011,2108,60.09201431274414,PPACOPPE_maior_60,> 60.07
2026-01-22 18:58:26.027,2108,60.09074401855469,PPACOPPE_maior_60,> 60.07
2026-01-22 18:58:26.044,2108,60.088748931884766,PPACOPPE_maior_60,> 60.07
2026-01-22 18:58:26.060,2108,60.08805847167969,PPACOPPE_maior_60,> 60.07
2026-01-22 18:58:26.077,2108,60.090362548828125,PPACOPPE_maior_60,> 60.07
2026-01-22 18:58:26.094,2108,60.08988952636719,PPACOPPE_maior_60,> 60.07
2026-01-22 18:58:26.110,2108,60.08849334716797,PPACOPPE_maior_60,> 60.07
2026-01-22 18:58:26.126,2108,60.08954620361328,PPACOPPE_maior_60,> 60.07
2026-01-22 18:58:26.144,2108,60.09027099609375,PPACOPPE_maior_60,> 60.07
2026-01-22 18:58:26.161,2108,60.09041976928711,PPACOPPE_maior_60,> 60.07
2026-01-22 18:58:26.177,2108,60.089603424072266,PPACOPPE_maior_60,> 60.07
2026-01-22 18:58:26.194,2108,60.086116790771484,PPACOPPE_maior_60,> 60.07
2026-01-22 18:58:26.211,2108,60.08384323120117,PPACOPPE_maior_60,> 60.07
2026-01-22 18:58:26.227,2108,60.088321685791016,PPACOPPE_maior_60,> 60.07
2026-01-22 18:58:26.243,2108,60.09203338623047,PPACOPPE_maior_60,> 60.07
2026-01-22 18:58:26.260,2108,60.08757781982422,PPACOPPE_maior_60,> 60.07
2026-01-22 18:58:26.277,2108,60.08515548706055,PPACOPPE_maior_60,> 60.07
2026-01-22 18:58:26.293,2108,60.08973693847656,PPACOPPE_maior_60,> 60.07
2026-01-22 18:58:26.310,2108,60.09062194824219,PPACOPPE_maior_60,> 60.07
2026-01-22 18:58:26.327,2108,60.08706283569336,PPACOPPE_maior_60,> 60.07
2026-01-22 18:58:26.344,2108,60.08543014526367,PPACOPPE_maior_60,> 60.07
2026-01-22 18:58:26.360,2108,60.08498001098633,PPACOPPE_maior_60,> 60.07
2026-01-22 18:58:26.377,2108,60.08704376220703,PPACOPPE_maior_60,> 60.07
2026-01-22 18:58:26.394,2108,60.09035873413086,PPACOPPE_maior_60,> 60.07
2026-01-22 18:58:26.410,2108,60.09006881713867,PPACOPPE_maior_60,> 60.07
2026-01-22 18:58:26.426,2108,60.087955474853516,PPACOPPE_maior_60,> 60.07
2026-01-22 18:58:26.443,2108,60.085567474365234,PPACOPPE_maior_60,> 60.07
2026-01-22 18:58:26.460,2108,60.0837287902832,PPACOPPE_maior_60,> 60.07
2026-01-22 18:58:26.477,2108,60.084754943847656,PPACOPPE_maior_60,> 60.07
2026-01-22 18:58:26.493,2108,60.08533477783203,PPACOPPE_maior_60,> 60.07
2026-01-22 18:58:26.510,2108,60.08469009399414,PPACOPPE_maior_60,> 60.07
2026-01-22 18:58:26.527,2108,60.08638000488281,PPACOPPE_maior_60,> 60.07
2026-01-22 18:58:26.544,2108,60.08763885498047,PPACOPPE_maior_60,> 60.07
2026-01-22 18:58:26.560,2108,60.08633804321289,PPACOPPE_maior_60,> 60.07
2026-01-22 18:58:26.577,2108,60.085086822509766,PPACOPPE_maior_60,> 60.07
2026-01-22 18:58:26.593,2108,60.08491897583008,PPACOPPE_maior_60,> 60.07
2026-01-22 18:58:26.621,2108,60.08576583862305,PPACOPPE_maior_60,> 60.07
2026-01-22 18:58:26.636,2108,60.0880012512207,PPACOPPE_maior_60,> 60.07
2026-01-22 18:58:26.645,2108,60.08668518066406,PPACOPPE_maior_60,> 60.07
2026-01-22 18:58:26.666,2108,60.08439636230469,PPACOPPE_maior_60,> 60.07
2026-01-22 18:58:26.676,2108,60.08735275268555,PPACOPPE_maior_60,> 60.07
2026-01-22 18:58:26.694,2108,60.08738327026367,PPACOPPE_maior_60,> 60.07
2026-01-22 18:58:26.711,2108,60.08412551879883,PPACOPPE_maior_60,> 60.07
2026-01-22 18:58:26.727,2108,60.08481979370117,PPACOPPE_maior_60,> 60.07
2026-01-22 18:58:26.743,2108,60.088104248046875,PPACOPPE_maior_60,> 60.07
2026-01-22 18:58:26.760,2108,60.09047317504883,PPACOPPE_maior_60,> 60.07
2026-01-22 18:58:26.778,2108,60.087867736816406,PPACOPPE_maior_60,> 60.07
2026-01-22 18:58:26.793,2108,60.081947326660156,PPACOPPE_maior_60,> 60.07
2026-01-22 18:58:26.811,2108,60.08142852783203,PPACOPPE_maior_60,> 60.07
2026-01-22 18:58:26.826,2108,60.084693908691406,PPACOPPE_maior_60,> 60.07
2026-01-22 18:58:26.843,2108,60.08607482910156,PPACOPPE_maior_60,> 60.07
2026-01-22 18:58:26.860,2108,60.087432861328125,PPACOPPE_maior_60,> 60.07
2026-01-22 18:58:26.877,2108,60.08568572998047,PPACOPPE_maior_60,> 60.07
2026-01-22 18:58:26.896,2108,60.08377456665039,PPACOPPE_maior_60,> 60.07
2026-01-22 18:58:26.911,2108,60.08743667602539,PPACOPPE_maior_60,> 60.07
2026-01-22 18:58:26.927,2108,60.09006118774414,PPACOPPE_maior_60,> 60.07
2026-01-22 18:58:26.944,2108,60.08670425415039,PPACOPPE_maior_60,> 60.07
2026-01-22 18:58:26.960,2108,60.08083724975586,PPACOPPE_maior_60,> 60.07
2026-01-22 18:58:26.977,2108,60.07951354980469,PPACOPPE_maior_60,> 60.07
2026-01-22 18:58:26.994,2108,60.085323333740234,PPACOPPE_maior_60,> 60.07
2026-01-22 18:58:27.010,2108,60.09025192260742,PPACOPPE_maior_60,> 60.07
2026-01-22 18:58:27.026,2108,60.08571243286133,PPACOPPE_maior_60,> 60.07
2026-01-22 18:58:27.044,2108,60.07986831665039,PPACOPPE_maior_60,> 60.07
2026-01-22 18:58:27.060,2108,60.0822868347168,PPACOPPE_maior_60,> 60.07
2026-01-22 18:58:27.077,2108,60.087894439697266,PPACOPPE_maior_60,> 60.07
2026-01-22 18:58:27.093,2108,60.087188720703125,PPACOPPE_maior_60,> 60.07
2026-01-22 18:58:27.110,2108,60.08329391479492,PPACOPPE_maior_60,> 60.07
2026-01-22 18:58:27.127,2108,60.08433532714844,PPACOPPE_maior_60,> 60.07
2026-01-22 18:58:27.144,2108,60.086483001708984,PPACOPPE_maior_60,> 60.07
2026-01-22 18:58:27.160,2108,60.08481216430664,PPACOPPE_maior_60,> 60.07
2026-01-22 18:58:27.177,2108,60.07965850830078,PPACOPPE_maior_60,> 60.07
2026-01-22 18:58:27.352,2108,60.07996368408203,PPACOPPE_maior_60,> 60.07
2026-01-22 18:58:27.352,2108,60.08523941040039,PPACOPPE_maior_60,> 60.07
2026-01-22 18:58:27.352,2108,60.084381103515625,PPACOPPE_maior_60,> 60.07
2026-01-22 18:58:27.352,2108,60.08385467529297,PPACOPPE_maior_60,> 60.07
2026-01-22 18:58:27.352,2108,60.086971282958984,PPACOPPE_maior_60,> 60.07
2026-01-22 18:58:27.352,2108,60.086181640625,PPACOPPE_maior_60,> 60.07
2026-01-22 18:58:27.352,2108,60.084659576416016,PPACOPPE_maior_60,> 60.07
2026-01-22 18:58:27.352,2108,60.08396530151367,PPACOPPE_maior_60,> 60.07
2026-01-22 18:58:27.352,2108,60.08087921142578,PPACOPPE_maior_60,> 60.07
2026-01-22 18:58:27.353,2108,60.082359313964844,PPACOPPE_maior_60,> 60.07
2026-01-22 18:58:27.360,2108,60.08507537841797,PPACOPPE_maior_60,> 60.07
2026-01-22 18:58:27.376,2108,60.082420349121094,PPACOPPE_maior_60,> 60.07
2026-01-22 18:58:27.394,2108,60.079124450683594,PPACOPPE_maior_60,> 60.07
2026-01-22 18:58:27.410,2108,60.07662582397461,PPACOPPE_maior_60,> 60.07
2026-01-22 18:58:27.426,2108,60.078880310058594,PPACOPPE_maior_60,> 60.07
2026-01-22 18:58:27.444,2108,60.08472442626953,PPACOPPE_maior_60,> 60.07
2026-01-22 18:58:27.460,2108,60.0853385925293,PPACOPPE_maior_60,> 60.07
2026-01-22 18:58:27.477,2108,60.079952239990234,PPACOPPE_maior_60,> 60.07
2026-01-22 18:58:27.493,2108,60.077857971191406,PPACOPPE_maior_60,> 60.07
2026-01-22 18:58:27.512,2108,60.08349609375,PPACOPPE_maior_60,> 60.07
2026-01-22 18:58:27.527,2108,60.08677291870117,PPACOPPE_maior_60,> 60.07
2026-01-22 18:58:27.544,2108,60.08112716674805,PPACOPPE_maior_60,> 60.07
2026-01-22 18:58:27.560,2108,60.075138092041016,PPACOPPE_maior_60,> 60.07
2026-01-22 18:58:27.577,2108,60.0770263671875,PPACOPPE_maior_60,> 60.07
2026-01-22 18:58:27.593,2108,60.08292007446289,PPACOPPE_maior_60,> 60.07
2026-01-22 18:58:27.610,2108,60.08356475830078,PPACOPPE_maior_60,> 60.07
2026-01-22 18:58:27.629,2108,60.076499938964844,PPACOPPE_maior_60,> 60.07
2026-01-22 18:58:27.644,2108,60.07492446899414,PPACOPPE_maior_60,> 60.07
2026-01-22 18:58:27.661,2108,60.082218170166016,PPACOPPE_maior_60,> 60.07
2026-01-22 18:58:27.677,2108,60.08762741088867,PPACOPPE_maior_60,> 60.07
2026-01-22 18:58:27.695,2108,60.08187484741211,PPACOPPE_maior_60,> 60.07
2026-01-22 18:58:27.711,2108,60.07064437866211,PPACOPPE_maior_60,> 60.07
2026-01-22 18:58:27.728,2108,60.074642181396484,PPACOPPE_maior_60,> 60.07
2026-01-22 18:58:27.743,2108,60.08391189575195,PPACOPPE_maior_60,> 60.07
2026-01-22 18:58:27.760,2108,60.084320068359375,PPACOPPE_maior_60,> 60.07
2026-01-22 18:58:27.777,2108,60.07929229736328,PPACOPPE_maior_60,> 60.07
2026-01-22 18:58:27.794,2108,60.07359313964844,PPACOPPE_maior_60,> 60.07
2026-01-22 18:58:27.810,2108,60.07770919799805,PPACOPPE_maior_60,> 60.07
2026-01-22 18:58:27.828,2108,60.08980178833008,PPACOPPE_maior_60,> 60.07
2026-01-22 18:58:27.844,2108,60.08940505981445,PPACOPPE_maior_60,> 60.07
2026-01-22 18:58:27.861,2108,60.07386779785156,PPACOPPE_maior_60,> 60.07
2026-01-22 18:58:27.877,2108,60.071197509765625,PPACOPPE_maior_60,> 60.07
2026-01-22 18:58:27.894,2108,60.08122253417969,PPACOPPE_maior_60,> 60.07
2026-01-22 18:58:27.910,2108,60.0844841003418,PPACOPPE_maior_60,> 60.07
2026-01-22 18:58:27.927,2108,60.08104705810547,PPACOPPE_maior_60,> 60.07
2026-01-22 18:58:27.944,2108,60.07612991333008,PPACOPPE_maior_60,> 60.07
2026-01-22 18:58:27.960,2108,60.075225830078125,PPACOPPE_maior_60,> 60.07
2026-01-22 18:58:27.978,2108,60.07680130004883,PPACOPPE_maior_60,> 60.07
2026-01-22 18:58:27.994,2108,60.07884216308594,PPACOPPE_maior_60,> 60.07
2026-01-22 18:58:28.011,2108,60.07881546020508,PPACOPPE_maior_60,> 60.07
2026-01-22 18:58:28.027,2108,60.07738494873047,PPACOPPE_maior_60,> 60.07
2026-01-22 18:58:28.044,2108,60.08149719238281,PPACOPPE_maior_60,> 60.07
2026-01-22 18:58:28.060,2108,60.083126068115234,PPACOPPE_maior_60,> 60.07
2026-01-22 18:58:28.078,2108,60.07832336425781,PPACOPPE_maior_60,> 60.07
2026-01-22 18:58:28.094,2108,60.079044342041016,PPACOPPE_maior_60,> 60.07
2026-01-22 18:58:28.111,2108,60.07829284667969,PPACOPPE_maior_60,> 60.07
2026-01-22 18:58:28.128,2108,60.07280349731445,PPACOPPE_maior_60,> 60.07
2026-01-22 18:58:28.144,2108,60.075992584228516,PPACOPPE_maior_60,> 60.07
2026-01-22 18:58:28.161,2108,60.08098602294922,PPACOPPE_maior_60,> 60.07
2026-01-22 18:58:28.177,2108,60.08161544799805,PPACOPPE_maior_60,> 60.07
2026-01-22 18:58:28.194,2108,60.07942199707031,PPACOPPE_maior_60,> 60.07
2026-01-22 18:58:28.211,2108,60.0745964050293,PPACOPPE_maior_60,> 60.07
2026-01-22 18:58:28.227,2108,60.074119567871094,PPACOPPE_maior_60,> 60.07
2026-01-22 18:58:28.243,2108,60.07515335083008,PPACOPPE_maior_60,> 60.07
2026-01-22 18:58:28.260,2108,60.07386016845703,PPACOPPE_maior_60,> 60.07
2026-01-22 18:58:28.278,2108,60.07420349121094,PPACOPPE_maior_60,> 60.07
2026-01-22 18:58:28.293,2108,60.07707214355469,PPACOPPE_maior_60,> 60.07
2026-01-22 18:58:28.310,2108,60.0792121887207,PPACOPPE_maior_60,> 60.07
2026-01-22 18:58:28.327,2108,60.077728271484375,PPACOPPE_maior_60,> 60.07
2026-01-22 18:58:28.344,2108,60.077083587646484,PPACOPPE_maior_60,> 60.07
2026-01-22 18:58:28.360,2108,60.079559326171875,PPACOPPE_maior_60,> 60.07
2026-01-22 18:58:28.377,2108,60.078712463378906,PPACOPPE_maior_60,> 60.07
2026-01-22 18:58:28.394,2108,60.076541900634766,PPACOPPE_maior_60,> 60.07
2026-01-22 18:58:28.410,2108,60.076683044433594,PPACOPPE_maior_60,> 60.07
2026-01-22 18:58:28.427,2108,60.074676513671875,PPACOPPE_maior_60,> 60.07
2026-01-22 18:58:28.444,2108,60.07313919067383,PPACOPPE_maior_60,> 60.07
2026-01-22 18:58:28.461,2108,60.075130462646484,PPACOPPE_maior_60,> 60.07
2026-01-22 18:58:28.477,2108,60.07881164550781,PPACOPPE_maior_60,> 60.07
2026-01-22 18:58:28.493,2108,60.079341888427734,PPACOPPE_maior_60,> 60.07
2026-01-22 18:58:28.513,2108,60.07455825805664,PPACOPPE_maior_60,> 60.07
2026-01-22 18:58:28.527,2108,60.07330322265625,PPACOPPE_maior_60,> 60.07
2026-01-22 18:58:28.544,2108,60.07441329956055,PPACOPPE_maior_60,> 60.07
2026-01-22 18:58:28.560,2108,60.07490921020508,PPACOPPE_maior_60,> 60.07
2026-01-22 18:58:28.576,2108,60.078731536865234,PPACOPPE_maior_60,> 60.07
2026-01-22 18:58:28.594,2108,60.077823638916016,PPACOPPE_maior_60,> 60.07
2026-01-22 18:58:28.643,2108,60.07659912109375,PPACOPPE_maior_60,> 60.07
2026-01-22 18:58:28.662,2108,60.07615280151367,PPACOPPE_maior_60,> 60.07
2026-01-22 18:58:28.695,2108,60.0726318359375,PPACOPPE_maior_60,> 60.07
2026-01-22 18:58:28.710,2108,60.079490661621094,PPACOPPE_maior_60,> 60.07
2026-01-22 18:58:28.727,2108,60.0764274597168,PPACOPPE_maior_60,> 60.07
2026-01-22 18:58:28.743,2108,60.07169723510742,PPACOPPE_maior_60,> 60.07
2026-01-22 18:58:28.760,2108,60.0739631652832,PPACOPPE_maior_60,> 60.07
2026-01-22 18:58:28.777,2108,60.07572555541992,PPACOPPE_maior_60,> 60.07
2026-01-22 18:58:28.794,2108,60.07501220703125,PPACOPPE_maior_60,> 60.07
2026-01-22 18:58:28.811,2108,60.07418441772461,PPACOPPE_maior_60,> 60.07
2026-01-22 18:58:28.827,2108,60.07459259033203,PPACOPPE_maior_60,> 60.07
2026-01-22 18:58:28.844,2108,60.07522201538086,PPACOPPE_maior_60,> 60.07
2026-01-22 18:58:28.860,2108,60.07398986816406,PPACOPPE_maior_60,> 60.07
2026-01-22 18:58:28.877,2108,60.07184600830078,PPACOPPE_maior_60,> 60.07
2026-01-22 18:58:28.901,2108,60.0728874206543,PPACOPPE_maior_60,> 60.07
2026-01-22 18:58:28.910,2108,60.07325744628906,PPACOPPE_maior_60,> 60.07
2026-01-22 18:58:28.960,2108,60.07757568359375,PPACOPPE_maior_60,> 60.07
2026-01-22 18:58:28.977,2108,60.078224182128906,PPACOPPE_maior_60,> 60.07
2026-01-22 18:58:28.994,2108,60.070926666259766,PPACOPPE_maior_60,> 60.07
2026-01-22 18:58:29.010,2108,60.07242202758789,PPACOPPE_maior_60,> 60.07
2026-01-22 18:58:29.029,2108,60.07589340209961,PPACOPPE_maior_60,> 60.07
2026-01-22 18:58:29.045,2108,60.0741081237793,PPACOPPE_maior_60,> 60.07
2026-01-22 18:58:29.061,2108,60.07004928588867,PPACOPPE_maior_60,> 60.07
2026-01-22 18:58:29.094,2108,60.071434020996094,PPACOPPE_maior_60,> 60.07
2026-01-22 18:58:29.111,2108,60.075496673583984,PPACOPPE_maior_60,> 60.07
2026-01-22 18:58:29.126,2108,60.076759338378906,PPACOPPE_maior_60,> 60.07
2026-01-22 18:58:29.144,2108,60.07216262817383,PPACOPPE_maior_60,> 60.07
2026-01-22 18:58:29.194,2108,60.07502365112305,PPACOPPE_maior_60,> 60.07
2026-01-22 18:58:29.210,2108,60.07675552368164,PPACOPPE_maior_60,> 60.07
2026-01-22 18:58:29.227,2108,60.07316589355469,PPACOPPE_maior_60,> 60.07
2026-01-22 18:58:29.277,2108,60.07255935668945,PPACOPPE_maior_60,> 60.07
2026-01-22 18:58:29.293,2108,60.070926666259766,PPACOPPE_maior_60,> 60.07
2026-01-22 18:58:29.311,2108,60.07123565673828,PPACOPPE_maior_60,> 60.07
2026-01-22 18:58:29.327,2108,60.07133102416992,PPACOPPE_maior_60,> 60.07
2026-01-22 18:58:29.344,2108,60.07135772705078,PPACOPPE_maior_60,> 60.07
2026-01-22 18:58:29.360,2108,60.070960998535156,PPACOPPE_maior_60,> 60.07
2026-01-22 18:58:29.394,2108,60.070743560791016,PPACOPPE_maior_60,> 60.07
2026-01-22 18:58:29.410,2108,60.072513580322266,PPACOPPE_maior_60,> 60.07
2026-01-22 18:58:29.477,2108,60.07190704345703,PPACOPPE_maior_60,> 60.07
2026-01-22 18:58:29.494,2108,60.07440185546875,PPACOPPE_maior_60,> 60.07
2026-01-22 18:58:29.544,2108,60.072242736816406,PPACOPPE_maior_60,> 60.07
2026-01-22 18:58:29.561,2108,60.07392120361328,PPACOPPE_maior_60,> 60.07
2026-01-22 18:58:29.627,2108,60.07366180419922,PPACOPPE_maior_60,> 60.07
2026-01-22 18:58:29.643,2108,60.0724983215332,PPACOPPE_maior_60,> 60.07
2026-01-22 18:58:29.660,2108,60.07057189941406,PPACOPPE_maior_60,> 60.07
2026-01-22 18:58:29.676,2108,60.07073211669922,PPACOPPE_maior_60,> 60.07
2026-01-22 18:58:29.694,2108,60.070396423339844,PPACOPPE_maior_60,> 60.07
2026-01-22 18:58:29.794,2108,60.071529388427734,PPACOPPE_maior_60,> 60.07
2026-01-22 19:15:23.410,2108,60.07134246826172,PPACOPPE_maior_60,> 60.07
2026-01-22 19:15:23.427,2108,60.07057189941406,PPACOPPE_maior_60,> 60.07
2026-01-22 19:15:23.460,2108,60.07001495361328,PPACOPPE_maior_60,> 60.07
2026-01-22 19:15:23.476,2108,60.07152557373047,PPACOPPE_maior_60,> 60.07
2026-01-22 19:15:23.493,2108,60.07236099243164,PPACOPPE_maior_60,> 60.07
2026-01-22 19:15:23.510,2108,60.07170867919922,PPACOPPE_maior_60,> 60.07
2026-01-22 19:15:23.526,2108,60.070068359375,PPACOPPE_maior_60,> 60.07
2026-01-22 19:15:23.543,2108,60.070987701416016,PPACOPPE_maior_60,> 60.07
2026-01-22 19:15:23.560,2108,60.07251739501953,PPACOPPE_maior_60,> 60.07
2026-01-22 19:15:23.576,2108,60.072021484375,PPACOPPE_maior_60,> 60.07
2026-01-22 19:15:23.593,2108,60.07265090942383,PPACOPPE_maior_60,> 60.07
2026-01-22 19:15:23.610,2108,60.07415008544922,PPACOPPE_maior_60,> 60.07
2026-01-22 19:15:23.627,2108,60.07416915893555,PPACOPPE_maior_60,> 60.07
2026-01-22 19:15:23.643,2108,60.07444763183594,PPACOPPE_maior_60,> 60.07
2026-01-22 19:15:23.660,2108,60.07939910888672,PPACOPPE_maior_60,> 60.07
2026-01-22 19:15:23.677,2108,60.083805084228516,PPACOPPE_maior_60,> 60.07
2026-01-22 19:15:23.693,2108,60.07917404174805,PPACOPPE_maior_60,> 60.07
2026-01-22 19:15:23.710,2108,60.07398986816406,PPACOPPE_maior_60,> 60.07
2026-01-22 19:15:23.726,2108,60.0739631652832,PPACOPPE_maior_60,> 60.07
2026-01-22 19:15:23.743,2108,60.076072692871094,PPACOPPE_maior_60,> 60.07
2026-01-22 19:15:23.759,2108,60.07862854003906,PPACOPPE_maior_60,> 60.07
2026-01-22 19:15:23.776,2108,60.078121185302734,PPACOPPE_maior_60,> 60.07
2026-01-22 19:15:23.792,2108,60.07799530029297,PPACOPPE_maior_60,> 60.07
2026-01-22 19:15:23.810,2108,60.08026885986328,PPACOPPE_maior_60,> 60.07
2026-01-22 19:15:23.826,2108,60.08064651489258,PPACOPPE_maior_60,> 60.07
2026-01-22 19:15:23.843,2108,60.079490661621094,PPACOPPE_maior_60,> 60.07
2026-01-22 19:15:23.860,2108,60.0784797668457,PPACOPPE_maior_60,> 60.07
2026-01-22 19:15:23.876,2108,60.07855224609375,PPACOPPE_maior_60,> 60.07
2026-01-22 19:15:23.893,2108,60.07961654663086,PPACOPPE_maior_60,> 60.07
2026-01-22 19:15:23.910,2108,60.08058166503906,PPACOPPE_maior_60,> 60.07
2026-01-22 19:15:23.927,2108,60.08147048950195,PPACOPPE_maior_60,> 60.07
2026-01-22 19:15:23.943,2108,60.08160400390625,PPACOPPE_maior_60,> 60.07
2026-01-22 19:15:23.959,2108,60.08205032348633,PPACOPPE_maior_60,> 60.07
2026-01-22 19:15:23.977,2108,60.082820892333984,PPACOPPE_maior_60,> 60.07
2026-01-22 19:15:23.993,2108,60.08259582519531,PPACOPPE_maior_60,> 60.07
2026-01-22 19:15:24.010,2108,60.084083557128906,PPACOPPE_maior_60,> 60.07
2026-01-22 19:15:24.026,2108,60.085060119628906,PPACOPPE_maior_60,> 60.07
2026-01-22 19:15:24.043,2108,60.082698822021484,PPACOPPE_maior_60,> 60.07
2026-01-22 19:15:24.060,2108,60.08182144165039,PPACOPPE_maior_60,> 60.07
2026-01-22 19:15:24.076,2108,60.083038330078125,PPACOPPE_maior_60,> 60.07
2026-01-22 19:15:24.092,2108,60.08488082885742,PPACOPPE_maior_60,> 60.07
2026-01-22 19:15:24.110,2108,60.086368560791016,PPACOPPE_maior_60,> 60.07
2026-01-22 19:15:24.127,2108,60.08580017089844,PPACOPPE_maior_60,> 60.07
2026-01-22 19:15:24.144,2108,60.08561325073242,PPACOPPE_maior_60,> 60.07
2026-01-22 19:15:24.160,2108,60.08656311035156,PPACOPPE_maior_60,> 60.07
2026-01-22 19:15:24.177,2108,60.0877685546875,PPACOPPE_maior_60,> 60.07
2026-01-22 19:15:24.192,2108,60.08827209472656,PPACOPPE_maior_60,> 60.07
2026-01-22 19:15:24.210,2108,60.087562561035156,PPACOPPE_maior_60,> 60.07
2026-01-22 19:15:24.226,2108,60.087379455566406,PPACOPPE_maior_60,> 60.07
2026-01-22 19:15:24.243,2108,60.087188720703125,PPACOPPE_maior_60,> 60.07
2026-01-22 19:15:24.260,2108,60.087745666503906,PPACOPPE_maior_60,> 60.07
2026-01-22 19:15:24.277,2108,60.0897216796875,PPACOPPE_maior_60,> 60.07
2026-01-22 19:15:24.293,2108,60.09040832519531,PPACOPPE_maior_60,> 60.07
2026-01-22 19:15:24.310,2108,60.08976364135742,PPACOPPE_maior_60,> 60.07
2026-01-22 19:15:24.327,2108,60.09012985229492,PPACOPPE_maior_60,> 60.07
2026-01-22 19:15:24.343,2108,60.09211730957031,PPACOPPE_maior_60,> 60.07
2026-01-22 19:15:24.360,2108,60.092769622802734,PPACOPPE_maior_60,> 60.07
2026-01-22 19:15:24.376,2108,60.091304779052734,PPACOPPE_maior_60,> 60.07
2026-01-22 19:15:24.393,2108,60.09046936035156,PPACOPPE_maior_60,> 60.07
2026-01-22 19:15:24.410,2108,60.09123611450195,PPACOPPE_maior_60,> 60.07
2026-01-22 19:15:24.427,2108,60.092811584472656,PPACOPPE_maior_60,> 60.07
2026-01-22 19:15:24.443,2108,60.093238830566406,PPACOPPE_maior_60,> 60.07
2026-01-22 19:15:24.460,2108,60.093658447265625,PPACOPPE_maior_60,> 60.07
2026-01-22 19:15:24.476,2108,60.0955810546875,PPACOPPE_maior_60,> 60.07
2026-01-22 19:15:24.493,2108,60.095882415771484,PPACOPPE_maior_60,> 60.07
2026-01-22 19:15:24.510,2108,60.0946159362793,PPACOPPE_maior_60,> 60.07
2026-01-22 19:15:24.528,2108,60.09471130371094,PPACOPPE_maior_60,> 60.07
2026-01-22 19:15:24.543,2108,60.09572219848633,PPACOPPE_maior_60,> 60.07
2026-01-22 19:15:24.568,2108,60.096275329589844,PPACOPPE_maior_60,> 60.07
2026-01-22 19:15:24.576,2108,60.09609603881836,PPACOPPE_maior_60,> 60.07
2026-01-22 19:15:24.593,2108,60.09646987915039,PPACOPPE_maior_60,> 60.07
2026-01-22 19:15:24.610,2108,60.09723663330078,PPACOPPE_maior_60,> 60.07
2026-01-22 19:15:24.626,2108,60.09737777709961,PPACOPPE_maior_60,> 60.07
2026-01-22 19:15:24.643,2108,60.09674072265625,PPACOPPE_maior_60,> 60.07
2026-01-22 19:15:24.660,2108,60.09710693359375,PPACOPPE_maior_60,> 60.07
2026-01-22 19:15:24.676,2108,60.09950637817383,PPACOPPE_maior_60,> 60.07
2026-01-22 19:15:24.693,2108,60.10002899169922,PPACOPPE_maior_60,> 60.07
2026-01-22 19:15:24.709,2108,60.09996795654297,PPACOPPE_maior_60,> 60.07
2026-01-22 19:15:24.727,2108,60.10077667236328,PPACOPPE_maior_60,> 60.07
2026-01-22 19:15:24.744,2108,60.09950637817383,PPACOPPE_maior_60,> 60.07
2026-01-22 19:15:24.760,2108,60.09813690185547,PPACOPPE_maior_60,> 60.07
2026-01-22 19:15:24.776,2108,60.098670959472656,PPACOPPE_maior_60,> 60.07
2026-01-22 19:15:24.793,2108,60.101139068603516,PPACOPPE_maior_60,> 60.07
2026-01-22 19:15:24.810,2108,60.10348892211914,PPACOPPE_maior_60,> 60.07
2026-01-22 19:15:24.826,2108,60.10346221923828,PPACOPPE_maior_60,> 60.07
2026-01-22 19:15:24.845,2108,60.10196304321289,PPACOPPE_maior_60,> 60.07
2026-01-22 19:15:24.860,2108,60.101318359375,PPACOPPE_maior_60,> 60.07
2026-01-22 19:15:24.878,2108,60.10345458984375,PPACOPPE_maior_60,> 60.07
2026-01-22 19:15:24.893,2108,60.10511016845703,PPACOPPE_maior_60,> 60.07
2026-01-22 19:15:24.910,2108,60.10335159301758,PPACOPPE_maior_60,> 60.07
2026-01-22 19:15:24.927,2108,60.10224914550781,PPACOPPE_maior_60,> 60.07
2026-01-22 19:15:24.950,2108,60.10333251953125,PPACOPPE_maior_60,> 60.07
2026-01-22 19:15:24.960,2108,60.1049919128418,PPACOPPE_maior_60,> 60.07
2026-01-22 19:15:24.982,2108,60.10575485229492,PPACOPPE_maior_60,> 60.07
2026-01-22 19:15:24.994,2108,60.10462951660156,PPACOPPE_maior_60,> 60.07
2026-01-22 19:15:25.009,2108,60.10445022583008,PPACOPPE_maior_60,> 60.07
2026-01-22 19:15:25.030,2108,60.105987548828125,PPACOPPE_maior_60,> 60.07
2026-01-22 19:15:25.043,2108,60.10688781738281,PPACOPPE_maior_60,> 60.07
2026-01-22 19:15:25.060,2108,60.10716247558594,PPACOPPE_maior_60,> 60.07
2026-01-22 19:15:25.076,2108,60.10783004760742,PPACOPPE_maior_60,> 60.07
2026-01-22 19:15:25.093,2108,60.108150482177734,PPACOPPE_maior_60,> 60.07
2026-01-22 19:15:25.110,2108,60.108177185058594,PPACOPPE_maior_60,> 60.07
2026-01-22 19:15:25.126,2108,60.10857391357422,PPACOPPE_maior_60,> 60.07
2026-01-22 19:15:25.147,2108,60.108787536621094,PPACOPPE_maior_60,> 60.07
2026-01-22 19:15:25.159,2108,60.10932540893555,PPACOPPE_maior_60,> 60.07
2026-01-22 19:15:25.176,2108,60.1099967956543,PPACOPPE_maior_60,> 60.07
2026-01-22 19:15:25.193,2108,60.11086654663086,PPACOPPE_maior_60,> 60.07
2026-01-22 19:15:25.230,2108,60.11208724975586,PPACOPPE_maior_60,> 60.07
2026-01-22 19:15:25.231,2108,60.11219787597656,PPACOPPE_maior_60,> 60.07
2026-01-22 19:15:25.319,2108,60.111854553222656,PPACOPPE_maior_60,> 60.07
2026-01-22 19:15:25.321,2108,60.1117057800293,PPACOPPE_maior_60,> 60.07
2026-01-22 19:15:25.322,2108,60.112125396728516,PPACOPPE_maior_60,> 60.07
2026-01-22 19:15:25.323,2108,60.112815856933594,PPACOPPE_maior_60,> 60.07
2026-01-22 19:15:25.323,2108,60.112125396728516,PPACOPPE_maior_60,> 60.07
2026-01-22 19:15:25.329,2108,60.11293029785156,PPACOPPE_maior_60,> 60.07
2026-01-22 19:15:25.343,2108,60.11528015136719,PPACOPPE_maior_60,> 60.07
2026-01-22 19:15:25.360,2108,60.11580276489258,PPACOPPE_maior_60,> 60.07
2026-01-22 19:15:25.376,2108,60.11528778076172,PPACOPPE_maior_60,> 60.07
2026-01-22 19:15:25.393,2108,60.11519241333008,PPACOPPE_maior_60,> 60.07
2026-01-22 19:15:25.409,2108,60.116477966308594,PPACOPPE_maior_60,> 60.07
2026-01-22 19:15:25.427,2108,60.117366790771484,PPACOPPE_maior_60,> 60.07
2026-01-22 19:15:25.443,2108,60.11616897583008,PPACOPPE_maior_60,> 60.07
2026-01-22 19:15:25.460,2108,60.116127014160156,PPACOPPE_maior_60,> 60.07
2026-01-22 19:15:25.477,2108,60.117218017578125,PPACOPPE_maior_60,> 60.07
2026-01-22 19:15:25.494,2108,60.1177978515625,PPACOPPE_maior_60,> 60.07
2026-01-22 19:15:25.510,2108,60.118621826171875,PPACOPPE_maior_60,> 60.07
2026-01-22 19:15:25.527,2108,60.11833572387695,PPACOPPE_maior_60,> 60.07
2026-01-22 19:15:25.543,2108,60.1171875,PPACOPPE_maior_60,> 60.07
2026-01-22 19:15:25.560,2108,60.118202209472656,PPACOPPE_maior_60,> 60.07
2026-01-22 19:15:25.577,2108,60.12019729614258,PPACOPPE_maior_60,> 60.07
2026-01-22 19:15:25.593,2108,60.121028900146484,PPACOPPE_maior_60,> 60.07
2026-01-22 19:15:25.610,2108,60.120948791503906,PPACOPPE_maior_60,> 60.07
2026-01-22 19:15:25.626,2108,60.11995315551758,PPACOPPE_maior_60,> 60.07
2026-01-22 19:15:25.643,2108,60.12030029296875,PPACOPPE_maior_60,> 60.07
2026-01-22 19:15:25.660,2108,60.12088394165039,PPACOPPE_maior_60,> 60.07
2026-01-22 19:15:25.681,2108,60.12031936645508,PPACOPPE_maior_60,> 60.07
2026-01-22 19:15:25.694,2108,60.1215934753418,PPACOPPE_maior_60,> 60.07
2026-01-22 19:15:25.710,2108,60.122501373291016,PPACOPPE_maior_60,> 60.07
2026-01-22 19:15:25.726,2108,60.12244415283203,PPACOPPE_maior_60,> 60.07
2026-01-22 19:15:25.743,2108,60.12242889404297,PPACOPPE_maior_60,> 60.07
2026-01-22 19:15:25.760,2108,60.122337341308594,PPACOPPE_maior_60,> 60.07
2026-01-22 19:15:25.776,2108,60.123695373535156,PPACOPPE_maior_60,> 60.07
2026-01-22 19:15:25.794,2108,60.122928619384766,PPACOPPE_maior_60,> 60.07
2026-01-22 19:15:25.810,2108,60.12116241455078,PPACOPPE_maior_60,> 60.07
2026-01-22 19:15:25.827,2108,60.123435974121094,PPACOPPE_maior_60,> 60.07
2026-01-22 19:15:25.843,2108,60.12665939331055,PPACOPPE_maior_60,> 60.07
2026-01-22 19:15:25.860,2108,60.126625061035156,PPACOPPE_maior_60,> 60.07
2026-01-22 19:15:25.876,2108,60.1254997253418,PPACOPPE_maior_60,> 60.07
2026-01-22 19:15:25.893,2108,60.125423431396484,PPACOPPE_maior_60,> 60.07
2026-01-22 19:15:25.909,2108,60.124996185302734,PPACOPPE_maior_60,> 60.07
2026-01-22 19:15:25.926,2108,60.12489318847656,PPACOPPE_maior_60,> 60.07
2026-01-22 19:15:25.943,2108,60.12533187866211,PPACOPPE_maior_60,> 60.07
2026-01-22 19:15:25.960,2108,60.125789642333984,PPACOPPE_maior_60,> 60.07
2026-01-22 19:15:25.976,2108,60.125999450683594,PPACOPPE_maior_60,> 60.07
2026-01-22 19:15:25.993,2108,60.12576675415039,PPACOPPE_maior_60,> 60.07
2026-01-22 19:15:26.009,2108,60.12644958496094,PPACOPPE_maior_60,> 60.07
2026-01-22 19:15:26.026,2108,60.12750244140625,PPACOPPE_maior_60,> 60.07
2026-01-22 19:15:26.043,2108,60.12771987915039,PPACOPPE_maior_60,> 60.07
2026-01-22 19:15:26.060,2108,60.1263542175293,PPACOPPE_maior_60,> 60.07
2026-01-22 19:15:26.077,2108,60.12543869018555,PPACOPPE_maior_60,> 60.07
2026-01-22 19:15:26.168,2108,60.12690353393555,PPACOPPE_maior_60,> 60.07
2026-01-22 19:15:26.168,2108,60.12858200073242,PPACOPPE_maior_60,> 60.07
2026-01-22 19:15:26.168,2108,60.12891387939453,PPACOPPE_maior_60,> 60.07
2026-01-22 19:15:26.168,2108,60.12873458862305,PPACOPPE_maior_60,> 60.07
2026-01-22 19:15:26.168,2108,60.128726959228516,PPACOPPE_maior_60,> 60.07
2026-01-22 19:15:26.176,2108,60.128814697265625,PPACOPPE_maior_60,> 60.07
2026-01-22 19:15:26.193,2108,60.12993240356445,PPACOPPE_maior_60,> 60.07
2026-01-22 19:15:26.209,2108,60.131595611572266,PPACOPPE_maior_60,> 60.07
2026-01-22 19:15:26.226,2108,60.13132095336914,PPACOPPE_maior_60,> 60.07
2026-01-22 19:15:26.243,2108,60.12918472290039,PPACOPPE_maior_60,> 60.07
2026-01-22 19:15:26.260,2108,60.129188537597656,PPACOPPE_maior_60,> 60.07
2026-01-22 19:15:26.277,2108,60.132015228271484,PPACOPPE_maior_60,> 60.07
2026-01-22 19:15:26.293,2108,60.13174057006836,PPACOPPE_maior_60,> 60.07
2026-01-22 19:15:26.310,2108,60.12900161743164,PPACOPPE_maior_60,> 60.07
2026-01-22 19:15:26.326,2108,60.12940216064453,PPACOPPE_maior_60,> 60.07
2026-01-22 19:15:26.343,2108,60.13131332397461,PPACOPPE_maior_60,> 60.07
2026-01-22 19:15:26.360,2108,60.12908172607422,PPACOPPE_maior_60,> 60.07
2026-01-22 19:15:26.377,2108,60.12779235839844,PPACOPPE_maior_60,> 60.07
2026-01-22 19:15:26.393,2108,60.13157272338867,PPACOPPE_maior_60,> 60.07
2026-01-22 19:15:26.410,2108,60.132564544677734,PPACOPPE_maior_60,> 60.07
2026-01-22 19:15:26.426,2108,60.131595611572266,PPACOPPE_maior_60,> 60.07
2026-01-22 19:15:26.443,2108,60.13277816772461,PPACOPPE_maior_60,> 60.07
2026-01-22 19:15:26.460,2108,60.133705139160156,PPACOPPE_maior_60,> 60.07
2026-01-22 19:15:26.476,2108,60.13320541381836,PPACOPPE_maior_60,> 60.07
2026-01-22 19:15:26.493,2108,60.13583755493164,PPACOPPE_maior_60,> 60.07
2026-01-22 19:15:26.510,2108,60.14072036743164,PPACOPPE_maior_60,> 60.07
2026-01-22 19:15:26.526,2108,60.13611602783203,PPACOPPE_maior_60,> 60.07
2026-01-22 19:15:26.543,2108,60.13154220581055,PPACOPPE_maior_60,> 60.07
2026-01-22 19:15:26.560,2108,60.13658142089844,PPACOPPE_maior_60,> 60.07
2026-01-22 19:15:26.576,2108,60.135711669921875,PPACOPPE_maior_60,> 60.07
2026-01-22 19:15:26.593,2108,60.13330841064453,PPACOPPE_maior_60,> 60.07
2026-01-22 19:15:26.610,2108,60.1359748840332,PPACOPPE_maior_60,> 60.07
2026-01-22 19:15:26.626,2108,60.135826110839844,PPACOPPE_maior_60,> 60.07
2026-01-22 19:15:26.643,2108,60.135459899902344,PPACOPPE_maior_60,> 60.07
2026-01-22 19:15:26.660,2108,60.136131286621094,PPACOPPE_maior_60,> 60.07
2026-01-22 19:15:26.677,2108,60.13719940185547,PPACOPPE_maior_60,> 60.07
2026-01-22 19:15:26.694,2108,60.13823699951172,PPACOPPE_maior_60,> 60.07
2026-01-22 19:15:26.709,2108,60.13733673095703,PPACOPPE_maior_60,> 60.07
2026-01-22 19:15:26.726,2108,60.136940002441406,PPACOPPE_maior_60,> 60.07
2026-01-22 19:15:26.756,2108,60.13683319091797,PPACOPPE_maior_60,> 60.07
2026-01-22 19:15:26.769,2108,60.13632583618164,PPACOPPE_maior_60,> 60.07
2026-01-22 19:15:26.780,2108,60.1373291015625,PPACOPPE_maior_60,> 60.07
2026-01-22 19:15:26.801,2108,60.13716506958008,PPACOPPE_maior_60,> 60.07
2026-01-22 19:15:26.810,2108,60.13648986816406,PPACOPPE_maior_60,> 60.07
2026-01-22 19:15:26.826,2108,60.13847732543945,PPACOPPE_maior_60,> 60.07
2026-01-22 19:15:26.843,2108,60.139862060546875,PPACOPPE_maior_60,> 60.07
2026-01-22 19:15:26.860,2108,60.139312744140625,PPACOPPE_maior_60,> 60.07
2026-01-22 19:15:26.876,2108,60.13874053955078,PPACOPPE_maior_60,> 60.07
2026-01-22 19:15:26.893,2108,60.13911056518555,PPACOPPE_maior_60,> 60.07
2026-01-22 19:15:26.910,2108,60.140438079833984,PPACOPPE_maior_60,> 60.07
2026-01-22 19:15:26.927,2108,60.140724182128906,PPACOPPE_maior_60,> 60.07
2026-01-22 19:15:26.943,2108,60.13916015625,PPACOPPE_maior_60,> 60.07
2026-01-22 19:15:26.960,2108,60.13806915283203,PPACOPPE_maior_60,> 60.07
2026-01-22 19:15:26.977,2108,60.13859176635742,PPACOPPE_maior_60,> 60.07
2026-01-22 19:15:26.993,2108,60.13971710205078,PPACOPPE_maior_60,> 60.07
2026-01-22 19:15:27.010,2108,60.141075134277344,PPACOPPE_maior_60,> 60.07
2026-01-22 19:15:27.027,2108,60.14091873168945,PPACOPPE_maior_60,> 60.07
2026-01-22 19:15:27.049,2108,60.140262603759766,PPACOPPE_maior_60,> 60.07
2026-01-22 19:15:27.070,2108,60.14008331298828,PPACOPPE_maior_60,> 60.07
2026-01-22 19:15:27.078,2108,60.138153076171875,PPACOPPE_maior_60,> 60.07
2026-01-22 19:15:27.094,2108,60.13835525512695,PPACOPPE_maior_60,> 60.07
2026-01-22 19:15:27.110,2108,60.14101791381836,PPACOPPE_maior_60,> 60.07
2026-01-22 19:15:27.127,2108,60.14183044433594,PPACOPPE_maior_60,> 60.07
2026-01-22 19:15:27.149,2108,60.141563415527344,PPACOPPE_maior_60,> 60.07
2026-01-22 19:15:27.164,2108,60.140865325927734,PPACOPPE_maior_60,> 60.07
2026-01-22 19:15:27.177,2108,60.140682220458984,PPACOPPE_maior_60,> 60.07
2026-01-22 19:15:27.193,2108,60.1416130065918,PPACOPPE_maior_60,> 60.07
2026-01-22 19:15:27.210,2108,60.14180374145508,PPACOPPE_maior_60,> 60.07
2026-01-22 19:15:27.227,2108,60.14152526855469,PPACOPPE_maior_60,> 60.07
2026-01-22 19:15:27.243,2108,60.14148712158203,PPACOPPE_maior_60,> 60.07
2026-01-22 19:15:27.260,2108,60.142391204833984,PPACOPPE_maior_60,> 60.07
2026-01-22 19:15:27.281,2108,60.14454650878906,PPACOPPE_maior_60,> 60.07
2026-01-22 19:15:27.293,2108,60.1436882019043,PPACOPPE_maior_60,> 60.07
2026-01-22 19:15:27.310,2108,60.14069366455078,PPACOPPE_maior_60,> 60.07
2026-01-22 19:15:27.326,2108,60.1402702331543,PPACOPPE_maior_60,> 60.07
2026-01-22 19:15:27.343,2108,60.14224624633789,PPACOPPE_maior_60,> 60.07
2026-01-22 19:15:27.359,2108,60.1454963684082,PPACOPPE_maior_60,> 60.07
2026-01-22 19:15:27.376,2108,60.14497756958008,PPACOPPE_maior_60,> 60.07
2026-01-22 19:15:27.393,2108,60.141578674316406,PPACOPPE_maior_60,> 60.07
2026-01-22 19:15:27.409,2108,60.142391204833984,PPACOPPE_maior_60,> 60.07
2026-01-22 19:15:27.426,2108,60.14529800415039,PPACOPPE_maior_60,> 60.07
2026-01-22 19:15:27.443,2108,60.14554214477539,PPACOPPE_maior_60,> 60.07
2026-01-22 19:15:27.460,2108,60.144004821777344,PPACOPPE_maior_60,> 60.07
2026-01-22 19:15:27.476,2108,60.14309310913086,PPACOPPE_maior_60,> 60.07
2026-01-22 19:15:27.492,2108,60.1426887512207,PPACOPPE_maior_60,> 60.07
2026-01-22 19:15:27.509,2108,60.1429443359375,PPACOPPE_maior_60,> 60.07
2026-01-22 19:15:27.526,2108,60.143638610839844,PPACOPPE_maior_60,> 60.07
2026-01-22 19:15:27.543,2108,60.144527435302734,PPACOPPE_maior_60,> 60.07
2026-01-22 19:15:27.561,2108,60.144840240478516,PPACOPPE_maior_60,> 60.07
2026-01-22 19:15:27.577,2108,60.14396286010742,PPACOPPE_maior_60,> 60.07
2026-01-22 19:15:27.593,2108,60.1444091796875,PPACOPPE_maior_60,> 60.07
2026-01-22 19:15:27.610,2108,60.144744873046875,PPACOPPE_maior_60,> 60.07
2026-01-22 19:15:27.627,2108,60.14387512207031,PPACOPPE_maior_60,> 60.07
2026-01-22 19:15:27.652,2108,60.14425277709961,PPACOPPE_maior_60,> 60.07
2026-01-22 19:15:27.659,2108,60.14517593383789,PPACOPPE_maior_60,> 60.07
2026-01-22 19:15:27.676,2108,60.14551544189453,PPACOPPE_maior_60,> 60.07
2026-01-22 19:15:27.693,2108,60.14482498168945,PPACOPPE_maior_60,> 60.07
2026-01-22 19:15:27.710,2108,60.143497467041016,PPACOPPE_maior_60,> 60.07
2026-01-22 19:15:27.727,2108,60.14522933959961,PPACOPPE_maior_60,> 60.07
2026-01-22 19:15:27.743,2108,60.14665985107422,PPACOPPE_maior_60,> 60.07
2026-01-22 19:15:27.760,2108,60.144344329833984,PPACOPPE_maior_60,> 60.07
2026-01-22 19:15:27.776,2108,60.14460372924805,PPACOPPE_maior_60,> 60.07
2026-01-22 19:15:27.794,2108,60.1463737487793,PPACOPPE_maior_60,> 60.07
2026-01-22 19:15:27.810,2108,60.14567184448242,PPACOPPE_maior_60,> 60.07
2026-01-22 19:15:27.826,2108,60.14558410644531,PPACOPPE_maior_60,> 60.07
2026-01-22 19:15:27.843,2108,60.14735412597656,PPACOPPE_maior_60,> 60.07
2026-01-22 19:15:27.860,2108,60.148746490478516,PPACOPPE_maior_60,> 60.07
2026-01-22 19:15:27.877,2108,60.14767074584961,PPACOPPE_maior_60,> 60.07
2026-01-22 19:15:27.893,2108,60.146339416503906,PPACOPPE_maior_60,> 60.07
2026-01-22 19:15:27.910,2108,60.146751403808594,PPACOPPE_maior_60,> 60.07
2026-01-22 19:15:27.926,2108,60.1466064453125,PPACOPPE_maior_60,> 60.07
2026-01-22 19:15:27.943,2108,60.14543151855469,PPACOPPE_maior_60,> 60.07
2026-01-22 19:15:27.960,2108,60.14634323120117,PPACOPPE_maior_60,> 60.07
2026-01-22 19:15:27.976,2108,60.14900207519531,PPACOPPE_maior_60,> 60.07
2026-01-22 19:15:27.993,2108,60.14936447143555,PPACOPPE_maior_60,> 60.07
2026-01-22 19:15:28.010,2108,60.1491584777832,PPACOPPE_maior_60,> 60.07
2026-01-22 19:15:28.027,2108,60.148983001708984,PPACOPPE_maior_60,> 60.07
2026-01-22 19:15:28.044,2108,60.147254943847656,PPACOPPE_maior_60,> 60.07
2026-01-22 19:15:28.060,2108,60.14615249633789,PPACOPPE_maior_60,> 60.07
2026-01-22 19:15:28.076,2108,60.1466178894043,PPACOPPE_maior_60,> 60.07
2026-01-22 19:15:28.093,2108,60.14765930175781,PPACOPPE_maior_60,> 60.07
2026-01-22 19:15:28.109,2108,60.14806365966797,PPACOPPE_maior_60,> 60.07
2026-01-22 19:15:28.126,2108,60.14748764038086,PPACOPPE_maior_60,> 60.07
2026-01-22 19:15:28.143,2108,60.14719772338867,PPACOPPE_maior_60,> 60.07
2026-01-22 19:15:28.160,2108,60.14785385131836,PPACOPPE_maior_60,> 60.07
2026-01-22 19:15:28.176,2108,60.148250579833984,PPACOPPE_maior_60,> 60.07
2026-01-22 19:15:28.193,2108,60.148345947265625,PPACOPPE_maior_60,> 60.07
2026-01-22 19:15:28.209,2108,60.148921966552734,PPACOPPE_maior_60,> 60.07
2026-01-22 19:15:28.226,2108,60.150299072265625,PPACOPPE_maior_60,> 60.07
2026-01-22 19:15:28.243,2108,60.14985656738281,PPACOPPE_maior_60,> 60.07
2026-01-22 19:15:28.260,2108,60.14838790893555,PPACOPPE_maior_60,> 60.07
2026-01-22 19:15:28.276,2108,60.150352478027344,PPACOPPE_maior_60,> 60.07
2026-01-22 19:15:28.293,2108,60.151275634765625,PPACOPPE_maior_60,> 60.07
2026-01-22 19:15:28.310,2108,60.14987564086914,PPACOPPE_maior_60,> 60.07
2026-01-22 19:15:28.326,2108,60.149269104003906,PPACOPPE_maior_60,> 60.07
2026-01-22 19:15:28.343,2108,60.14871597290039,PPACOPPE_maior_60,> 60.07
2026-01-22 19:15:28.360,2108,60.148719787597656,PPACOPPE_maior_60,> 60.07
2026-01-22 19:15:28.376,2108,60.148414611816406,PPACOPPE_maior_60,> 60.07
2026-01-22 19:15:28.393,2108,60.148319244384766,PPACOPPE_maior_60,> 60.07
2026-01-22 19:15:28.410,2108,60.149654388427734,PPACOPPE_maior_60,> 60.07
2026-01-22 19:15:28.426,2108,60.150447845458984,PPACOPPE_maior_60,> 60.07
2026-01-22 19:15:28.443,2108,60.14999008178711,PPACOPPE_maior_60,> 60.07
2026-01-22 19:15:28.460,2108,60.14959716796875,PPACOPPE_maior_60,> 60.07
2026-01-22 19:15:28.476,2108,60.14891052246094,PPACOPPE_maior_60,> 60.07
2026-01-22 19:15:28.494,2108,60.14886474609375,PPACOPPE_maior_60,> 60.07
2026-01-22 19:15:28.511,2108,60.15012741088867,PPACOPPE_maior_60,> 60.07
2026-01-22 19:15:28.526,2108,60.15044021606445,PPACOPPE_maior_60,> 60.07
2026-01-22 19:15:28.543,2108,60.15024948120117,PPACOPPE_maior_60,> 60.07
2026-01-22 19:15:28.560,2108,60.14971160888672,PPACOPPE_maior_60,> 60.07
2026-01-22 19:15:28.576,2108,60.149906158447266,PPACOPPE_maior_60,> 60.07
2026-01-22 19:15:28.593,2108,60.15055847167969,PPACOPPE_maior_60,> 60.07
2026-01-22 19:15:28.610,2108,60.150020599365234,PPACOPPE_maior_60,> 60.07
2026-01-22 19:15:28.626,2108,60.149147033691406,PPACOPPE_maior_60,> 60.07
2026-01-22 19:15:28.643,2108,60.14812469482422,PPACOPPE_maior_60,> 60.07
2026-01-22 19:15:28.659,2108,60.149295806884766,PPACOPPE_maior_60,> 60.07
2026-01-22 19:15:28.676,2108,60.1525993347168,PPACOPPE_maior_60,> 60.07
2026-01-22 19:15:28.693,2108,60.15311813354492,PPACOPPE_maior_60,> 60.07
2026-01-22 19:15:28.710,2108,60.150596618652344,PPACOPPE_maior_60,> 60.07
2026-01-22 19:15:28.726,2108,60.15038299560547,PPACOPPE_maior_60,> 60.07
2026-01-22 19:15:28.743,2108,60.1500358581543,PPACOPPE_maior_60,> 60.07
2026-01-22 19:15:28.760,2108,60.14844512939453,PPACOPPE_maior_60,> 60.07
2026-01-22 19:15:28.777,2108,60.14991760253906,PPACOPPE_maior_60,> 60.07
2026-01-22 19:15:28.793,2108,60.151649475097656,PPACOPPE_maior_60,> 60.07
2026-01-22 19:15:28.809,2108,60.15187454223633,PPACOPPE_maior_60,> 60.07
2026-01-22 19:15:28.826,2108,60.1508903503418,PPACOPPE_maior_60,> 60.07
2026-01-22 19:15:28.843,2108,60.14947509765625,PPACOPPE_maior_60,> 60.07
2026-01-22 19:15:28.860,2108,60.149600982666016,PPACOPPE_maior_60,> 60.07
2026-01-22 19:15:28.876,2108,60.15033721923828,PPACOPPE_maior_60,> 60.07
2026-01-22 19:15:28.893,2108,60.15031051635742,PPACOPPE_maior_60,> 60.07
2026-01-22 19:15:28.910,2108,60.15047836303711,PPACOPPE_maior_60,> 60.07
2026-01-22 19:15:28.927,2108,60.151302337646484,PPACOPPE_maior_60,> 60.07
2026-01-22 19:15:28.943,2108,60.15152359008789,PPACOPPE_maior_60,> 60.07
2026-01-22 19:15:28.960,2108,60.15126037597656,PPACOPPE_maior_60,> 60.07
2026-01-22 19:15:28.977,2108,60.15055847167969,PPACOPPE_maior_60,> 60.07
2026-01-22 19:15:28.993,2108,60.15077209472656,PPACOPPE_maior_60,> 60.07
2026-01-22 19:15:29.010,2108,60.1518669128418,PPACOPPE_maior_60,> 60.07
2026-01-22 19:15:29.027,2108,60.151912689208984,PPACOPPE_maior_60,> 60.07
2026-01-22 19:15:29.044,2108,60.15161895751953,PPACOPPE_maior_60,> 60.07
2026-01-22 19:15:29.060,2108,60.15205001831055,PPACOPPE_maior_60,> 60.07
2026-01-22 19:15:29.077,2108,60.15193557739258,PPACOPPE_maior_60,> 60.07
2026-01-22 19:15:29.093,2108,60.151615142822266,PPACOPPE_maior_60,> 60.07
2026-01-22 19:15:29.110,2108,60.15192794799805,PPACOPPE_maior_60,> 60.07
2026-01-22 19:15:29.126,2108,60.1521110534668,PPACOPPE_maior_60,> 60.07
2026-01-22 19:15:29.144,2108,60.15226364135742,PPACOPPE_maior_60,> 60.07
2026-01-22 19:15:29.161,2108,60.15152359008789,PPACOPPE_maior_60,> 60.07
2026-01-22 19:15:29.176,2108,60.15105056762695,PPACOPPE_maior_60,> 60.07
2026-01-22 19:15:29.193,2108,60.15216064453125,PPACOPPE_maior_60,> 60.07
2026-01-22 19:15:29.210,2108,60.1523323059082,PPACOPPE_maior_60,> 60.07
2026-01-22 19:15:29.226,2108,60.15121841430664,PPACOPPE_maior_60,> 60.07
2026-01-22 19:15:29.243,2108,60.1505241394043,PPACOPPE_maior_60,> 60.07
2026-01-22 19:15:29.260,2108,60.15055847167969,PPACOPPE_maior_60,> 60.07
2026-01-22 19:15:29.276,2108,60.15070724487305,PPACOPPE_maior_60,> 60.07
2026-01-22 19:15:29.293,2108,60.15145492553711,PPACOPPE_maior_60,> 60.07
2026-01-22 19:15:29.310,2108,60.152320861816406,PPACOPPE_maior_60,> 60.07
2026-01-22 19:15:29.328,2108,60.152618408203125,PPACOPPE_maior_60,> 60.07
2026-01-22 19:15:29.343,2108,60.152122497558594,PPACOPPE_maior_60,> 60.07
2026-01-22 19:15:29.360,2108,60.15144729614258,PPACOPPE_maior_60,> 60.07
2026-01-22 19:15:29.377,2108,60.151859283447266,PPACOPPE_maior_60,> 60.07
2026-01-22 19:15:29.393,2108,60.15186309814453,PPACOPPE_maior_60,> 60.07
2026-01-22 19:15:29.411,2108,60.150394439697266,PPACOPPE_maior_60,> 60.07
2026-01-22 19:15:29.427,2108,60.14871597290039,PPACOPPE_maior_60,> 60.07
2026-01-22 19:15:29.444,2108,60.14967346191406,PPACOPPE_maior_60,> 60.07
2026-01-22 19:15:29.460,2108,60.152462005615234,PPACOPPE_maior_60,> 60.07
2026-01-22 19:15:29.476,2108,60.15276336669922,PPACOPPE_maior_60,> 60.07
2026-01-22 19:15:29.493,2108,60.15071105957031,PPACOPPE_maior_60,> 60.07
2026-01-22 19:15:29.519,2108,60.14962387084961,PPACOPPE_maior_60,> 60.07
2026-01-22 19:15:29.527,2108,60.15114974975586,PPACOPPE_maior_60,> 60.07
2026-01-22 19:15:29.543,2108,60.152984619140625,PPACOPPE_maior_60,> 60.07
2026-01-22 19:15:29.560,2108,60.1514778137207,PPACOPPE_maior_60,> 60.07
2026-01-22 19:15:29.583,2108,60.14894104003906,PPACOPPE_maior_60,> 60.07
2026-01-22 19:15:29.601,2108,60.15019607543945,PPACOPPE_maior_60,> 60.07
2026-01-22 19:15:29.612,2108,60.151302337646484,PPACOPPE_maior_60,> 60.07
2026-01-22 19:15:29.626,2108,60.149959564208984,PPACOPPE_maior_60,> 60.07
2026-01-22 19:15:29.644,2108,60.150638580322266,PPACOPPE_maior_60,> 60.07
2026-01-22 19:15:29.659,2108,60.151851654052734,PPACOPPE_maior_60,> 60.07
2026-01-22 19:15:29.676,2108,60.15134811401367,PPACOPPE_maior_60,> 60.07
2026-01-22 19:15:29.693,2108,60.150726318359375,PPACOPPE_maior_60,> 60.07
2026-01-22 19:15:29.710,2108,60.150794982910156,PPACOPPE_maior_60,> 60.07
2026-01-22 19:15:29.727,2108,60.15140151977539,PPACOPPE_maior_60,> 60.07
2026-01-22 19:15:29.744,2108,60.15066909790039,PPACOPPE_maior_60,> 60.07
2026-01-22 19:15:29.759,2108,60.147705078125,PPACOPPE_maior_60,> 60.07
2026-01-22 19:15:29.777,2108,60.148319244384766,PPACOPPE_maior_60,> 60.07
2026-01-22 19:15:29.794,2108,60.15224838256836,PPACOPPE_maior_60,> 60.07
2026-01-22 19:15:29.809,2108,60.15224075317383,PPACOPPE_maior_60,> 60.07
2026-01-22 19:15:29.826,2108,60.15047073364258,PPACOPPE_maior_60,> 60.07
2026-01-22 19:15:29.849,2108,60.14961624145508,PPACOPPE_maior_60,> 60.07
2026-01-22 19:15:29.860,2108,60.15005874633789,PPACOPPE_maior_60,> 60.07
2026-01-22 19:15:29.876,2108,60.151485443115234,PPACOPPE_maior_60,> 60.07
2026-01-22 19:15:29.893,2108,60.151031494140625,PPACOPPE_maior_60,> 60.07
2026-01-22 19:15:29.910,2108,60.15101623535156,PPACOPPE_maior_60,> 60.07
2026-01-22 19:15:29.926,2108,60.15216064453125,PPACOPPE_maior_60,> 60.07
2026-01-22 19:15:29.943,2108,60.15129089355469,PPACOPPE_maior_60,> 60.07
2026-01-22 19:15:29.960,2108,60.14990234375,PPACOPPE_maior_60,> 60.07
2026-01-22 19:15:29.977,2108,60.1506462097168,PPACOPPE_maior_60,> 60.07
2026-01-22 19:15:29.993,2108,60.151336669921875,PPACOPPE_maior_60,> 60.07
2026-01-22 19:15:30.010,2108,60.149879455566406,PPACOPPE_maior_60,> 60.07
2026-01-22 19:15:30.027,2108,60.14897537231445,PPACOPPE_maior_60,> 60.07
2026-01-22 19:15:30.043,2108,60.150840759277344,PPACOPPE_maior_60,> 60.07
2026-01-22 19:15:30.060,2108,60.152076721191406,PPACOPPE_maior_60,> 60.07
2026-01-22 19:15:30.076,2108,60.15121841430664,PPACOPPE_maior_60,> 60.07
2026-01-22 19:15:30.093,2108,60.15005874633789,PPACOPPE_maior_60,> 60.07
2026-01-22 19:15:30.110,2108,60.14902877807617,PPACOPPE_maior_60,> 60.07
2026-01-22 19:15:30.126,2108,60.15024185180664,PPACOPPE_maior_60,> 60.07
2026-01-22 19:15:30.144,2108,60.15153884887695,PPACOPPE_maior_60,> 60.07
2026-01-22 19:15:30.160,2108,60.15158462524414,PPACOPPE_maior_60,> 60.07
2026-01-22 19:15:30.176,2108,60.15312576293945,PPACOPPE_maior_60,> 60.07
2026-01-22 19:15:30.193,2108,60.1527099609375,PPACOPPE_maior_60,> 60.07
2026-01-22 19:15:30.210,2108,60.150245666503906,PPACOPPE_maior_60,> 60.07
2026-01-22 19:15:30.226,2108,60.150230407714844,PPACOPPE_maior_60,> 60.07
2026-01-22 19:15:30.243,2108,60.151668548583984,PPACOPPE_maior_60,> 60.07
2026-01-22 19:15:30.260,2108,60.150848388671875,PPACOPPE_maior_60,> 60.07
2026-01-22 19:15:30.278,2108,60.147735595703125,PPACOPPE_maior_60,> 60.07
2026-01-22 19:15:30.293,2108,60.14686965942383,PPACOPPE_maior_60,> 60.07
2026-01-22 19:15:30.310,2108,60.15137481689453,PPACOPPE_maior_60,> 60.07
2026-01-22 19:15:30.326,2108,60.15361404418945,PPACOPPE_maior_60,> 60.07
2026-01-22 19:15:30.343,2108,60.15022277832031,PPACOPPE_maior_60,> 60.07
2026-01-22 19:15:30.359,2108,60.1485595703125,PPACOPPE_maior_60,> 60.07
2026-01-22 19:15:30.376,2108,60.14910125732422,PPACOPPE_maior_60,> 60.07
2026-01-22 19:15:30.393,2108,60.15003204345703,PPACOPPE_maior_60,> 60.07
2026-01-22 19:15:30.410,2108,60.149658203125,PPACOPPE_maior_60,> 60.07
2026-01-22 19:15:30.426,2108,60.1490364074707,PPACOPPE_maior_60,> 60.07
2026-01-22 19:15:30.443,2108,60.15024948120117,PPACOPPE_maior_60,> 60.07
2026-01-22 19:15:30.460,2108,60.14980697631836,PPACOPPE_maior_60,> 60.07
2026-01-22 19:15:30.476,2108,60.149044036865234,PPACOPPE_maior_60,> 60.07
2026-01-22 19:15:30.493,2108,60.150489807128906,PPACOPPE_maior_60,> 60.07
2026-01-22 19:15:30.510,2108,60.15140151977539,PPACOPPE_maior_60,> 60.07
2026-01-22 19:15:30.526,2108,60.149436950683594,PPACOPPE_maior_60,> 60.07
2026-01-22 19:15:30.543,2108,60.14744186401367,PPACOPPE_maior_60,> 60.07
2026-01-22 19:15:30.560,2108,60.14908981323242,PPACOPPE_maior_60,> 60.07
2026-01-22 19:15:30.576,2108,60.15102767944336,PPACOPPE_maior_60,> 60.07
2026-01-22 19:15:30.593,2108,60.150169372558594,PPACOPPE_maior_60,> 60.07
2026-01-22 19:15:30.609,2108,60.149139404296875,PPACOPPE_maior_60,> 60.07
2026-01-22 19:15:30.626,2108,60.14692306518555,PPACOPPE_maior_60,> 60.07
2026-01-22 19:15:30.643,2108,60.14414596557617,PPACOPPE_maior_60,> 60.07
2026-01-22 19:15:30.660,2108,60.14545822143555,PPACOPPE_maior_60,> 60.07
2026-01-22 19:15:30.676,2108,60.14815902709961,PPACOPPE_maior_60,> 60.07
2026-01-22 19:15:30.693,2108,60.15104293823242,PPACOPPE_maior_60,> 60.07
2026-01-22 19:15:30.710,2108,60.15203094482422,PPACOPPE_maior_60,> 60.07
2026-01-22 19:15:30.726,2108,60.14864730834961,PPACOPPE_maior_60,> 60.07
2026-01-22 19:15:30.743,2108,60.1461181640625,PPACOPPE_maior_60,> 60.07
2026-01-22 19:15:30.760,2108,60.145423889160156,PPACOPPE_maior_60,> 60.07
2026-01-22 19:15:30.777,2108,60.1463508605957,PPACOPPE_maior_60,> 60.07
2026-01-22 19:15:30.793,2108,60.14751434326172,PPACOPPE_maior_60,> 60.07
2026-01-22 19:15:30.810,2108,60.14739990234375,PPACOPPE_maior_60,> 60.07
2026-01-22 19:15:30.826,2108,60.14833450317383,PPACOPPE_maior_60,> 60.07
2026-01-22 19:15:30.843,2108,60.14869689941406,PPACOPPE_maior_60,> 60.07
2026-01-22 19:15:30.859,2108,60.148719787597656,PPACOPPE_maior_60,> 60.07
2026-01-22 19:15:30.876,2108,60.14960479736328,PPACOPPE_maior_60,> 60.07
2026-01-22 19:15:30.893,2108,60.14902877807617,PPACOPPE_maior_60,> 60.07
2026-01-22 19:15:30.910,2108,60.14784240722656,PPACOPPE_maior_60,> 60.07
2026-01-22 19:15:30.927,2108,60.14697265625,PPACOPPE_maior_60,> 60.07
2026-01-22 19:15:30.943,2108,60.145835876464844,PPACOPPE_maior_60,> 60.07
2026-01-22 19:15:30.960,2108,60.147544860839844,PPACOPPE_maior_60,> 60.07
2026-01-22 19:15:30.976,2108,60.14775466918945,PPACOPPE_maior_60,> 60.07
2026-01-22 19:15:30.993,2108,60.144832611083984,PPACOPPE_maior_60,> 60.07
2026-01-22 19:15:31.010,2108,60.14609146118164,PPACOPPE_maior_60,> 60.07
2026-01-22 19:15:31.027,2108,60.148136138916016,PPACOPPE_maior_60,> 60.07
2026-01-22 19:15:31.043,2108,60.14798355102539,PPACOPPE_maior_60,> 60.07
2026-01-22 19:15:31.060,2108,60.14845275878906,PPACOPPE_maior_60,> 60.07
2026-01-22 19:15:31.077,2108,60.14744186401367,PPACOPPE_maior_60,> 60.07
2026-01-22 19:15:31.099,2108,60.146541595458984,PPACOPPE_maior_60,> 60.07
2026-01-22 19:15:31.110,2108,60.147979736328125,PPACOPPE_maior_60,> 60.07
2026-01-22 19:15:31.126,2108,60.147560119628906,PPACOPPE_maior_60,> 60.07
2026-01-22 19:15:31.143,2108,60.14750289916992,PPACOPPE_maior_60,> 60.07
2026-01-22 19:15:31.160,2108,60.147666931152344,PPACOPPE_maior_60,> 60.07
2026-01-22 19:15:31.177,2108,60.14534378051758,PPACOPPE_maior_60,> 60.07
2026-01-22 19:15:31.194,2108,60.144046783447266,PPACOPPE_maior_60,> 60.07
2026-01-22 19:15:31.211,2108,60.14525604248047,PPACOPPE_maior_60,> 60.07
2026-01-22 19:15:31.226,2108,60.14728546142578,PPACOPPE_maior_60,> 60.07
2026-01-22 19:15:31.243,2108,60.14669418334961,PPACOPPE_maior_60,> 60.07
2026-01-22 19:15:31.259,2108,60.14419937133789,PPACOPPE_maior_60,> 60.07
2026-01-22 19:15:31.277,2108,60.1431999206543,PPACOPPE_maior_60,> 60.07
2026-01-22 19:15:31.293,2108,60.14501953125,PPACOPPE_maior_60,> 60.07
2026-01-22 19:15:31.310,2108,60.148582458496094,PPACOPPE_maior_60,> 60.07
2026-01-22 19:15:31.326,2108,60.14799118041992,PPACOPPE_maior_60,> 60.07
2026-01-22 19:15:31.343,2108,60.14472579956055,PPACOPPE_maior_60,> 60.07
2026-01-22 19:15:31.360,2108,60.144832611083984,PPACOPPE_maior_60,> 60.07
2026-01-22 19:15:31.376,2108,60.145362854003906,PPACOPPE_maior_60,> 60.07
2026-01-22 19:15:31.393,2108,60.14494323730469,PPACOPPE_maior_60,> 60.07
2026-01-22 19:15:31.412,2108,60.14607620239258,PPACOPPE_maior_60,> 60.07
2026-01-22 19:15:31.426,2108,60.14650344848633,PPACOPPE_maior_60,> 60.07
2026-01-22 19:15:31.443,2108,60.14501190185547,PPACOPPE_maior_60,> 60.07
2026-01-22 19:15:31.461,2108,60.14381408691406,PPACOPPE_maior_60,> 60.07
2026-01-22 19:15:31.476,2108,60.14385223388672,PPACOPPE_maior_60,> 60.07
2026-01-22 19:15:31.493,2108,60.1452751159668,PPACOPPE_maior_60,> 60.07
2026-01-22 19:15:31.510,2108,60.14436340332031,PPACOPPE_maior_60,> 60.07
2026-01-22 19:15:31.526,2108,60.14262008666992,PPACOPPE_maior_60,> 60.07
2026-01-22 19:15:31.543,2108,60.14461898803711,PPACOPPE_maior_60,> 60.07
2026-01-22 19:15:31.560,2108,60.145835876464844,PPACOPPE_maior_60,> 60.07
2026-01-22 19:15:31.576,2108,60.14432144165039,PPACOPPE_maior_60,> 60.07
2026-01-22 19:15:31.593,2108,60.14303970336914,PPACOPPE_maior_60,> 60.07
2026-01-22 19:15:31.610,2108,60.14400863647461,PPACOPPE_maior_60,> 60.07
2026-01-22 19:15:31.626,2108,60.14622116088867,PPACOPPE_maior_60,> 60.07
2026-01-22 19:15:31.643,2108,60.14570999145508,PPACOPPE_maior_60,> 60.07
2026-01-22 19:15:31.660,2108,60.142356872558594,PPACOPPE_maior_60,> 60.07
2026-01-22 19:15:31.676,2108,60.1405143737793,PPACOPPE_maior_60,> 60.07
2026-01-22 19:15:31.693,2108,60.141334533691406,PPACOPPE_maior_60,> 60.07
2026-01-22 19:15:31.710,2108,60.14136505126953,PPACOPPE_maior_60,> 60.07
2026-01-22 19:15:31.726,2108,60.14103317260742,PPACOPPE_maior_60,> 60.07
2026-01-22 19:15:31.743,2108,60.14339065551758,PPACOPPE_maior_60,> 60.07
2026-01-22 19:15:31.760,2108,60.14513397216797,PPACOPPE_maior_60,> 60.07
2026-01-22 19:15:31.776,2108,60.143516540527344,PPACOPPE_maior_60,> 60.07
2026-01-22 19:15:31.806,2108,60.14345169067383,PPACOPPE_maior_60,> 60.07
2026-01-22 19:15:31.819,2108,60.144798278808594,PPACOPPE_maior_60,> 60.07
2026-01-22 19:15:31.829,2108,60.144832611083984,PPACOPPE_maior_60,> 60.07
2026-01-22 19:15:31.850,2108,60.142799377441406,PPACOPPE_maior_60,> 60.07
2026-01-22 19:15:31.859,2108,60.13934326171875,PPACOPPE_maior_60,> 60.07
2026-01-22 19:15:31.878,2108,60.140018463134766,PPACOPPE_maior_60,> 60.07
2026-01-22 19:15:31.893,2108,60.142112731933594,PPACOPPE_maior_60,> 60.07
2026-01-22 19:15:31.909,2108,60.1422004699707,PPACOPPE_maior_60,> 60.07
2026-01-22 19:15:31.926,2108,60.143184661865234,PPACOPPE_maior_60,> 60.07
2026-01-22 19:15:31.943,2108,60.142696380615234,PPACOPPE_maior_60,> 60.07
2026-01-22 19:15:31.960,2108,60.14121627807617,PPACOPPE_maior_60,> 60.07
2026-01-22 19:15:31.976,2108,60.14094161987305,PPACOPPE_maior_60,> 60.07
2026-01-22 19:15:31.993,2108,60.1408576965332,PPACOPPE_maior_60,> 60.07
2026-01-22 19:15:32.009,2108,60.14241409301758,PPACOPPE_maior_60,> 60.07
2026-01-22 19:15:32.026,2108,60.143394470214844,PPACOPPE_maior_60,> 60.07
2026-01-22 19:15:32.043,2108,60.14067459106445,PPACOPPE_maior_60,> 60.07
2026-01-22 19:15:32.059,2108,60.13920211791992,PPACOPPE_maior_60,> 60.07
2026-01-22 19:15:32.077,2108,60.1392822265625,PPACOPPE_maior_60,> 60.07
2026-01-22 19:15:32.093,2108,60.139434814453125,PPACOPPE_maior_60,> 60.07
2026-01-22 19:15:32.114,2108,60.14011001586914,PPACOPPE_maior_60,> 60.07
2026-01-22 19:15:32.138,2108,60.138763427734375,PPACOPPE_maior_60,> 60.07
2026-01-22 19:15:32.154,2108,60.13993835449219,PPACOPPE_maior_60,> 60.07
2026-01-22 19:15:32.169,2108,60.141361236572266,PPACOPPE_maior_60,> 60.07
2026-01-22 19:15:32.186,2108,60.138919830322266,PPACOPPE_maior_60,> 60.07
2026-01-22 19:15:32.193,2108,60.13908767700195,PPACOPPE_maior_60,> 60.07
2026-01-22 19:15:32.210,2108,60.14037322998047,PPACOPPE_maior_60,> 60.07
2026-01-22 19:15:32.226,2108,60.13951873779297,PPACOPPE_maior_60,> 60.07
2026-01-22 19:15:32.243,2108,60.138710021972656,PPACOPPE_maior_60,> 60.07
2026-01-22 19:15:32.260,2108,60.137779235839844,PPACOPPE_maior_60,> 60.07
2026-01-22 19:15:32.276,2108,60.13829040527344,PPACOPPE_maior_60,> 60.07
2026-01-22 19:15:32.293,2108,60.13926315307617,PPACOPPE_maior_60,> 60.07
2026-01-22 19:15:32.309,2108,60.13886260986328,PPACOPPE_maior_60,> 60.07
2026-01-22 19:15:32.326,2108,60.13998031616211,PPACOPPE_maior_60,> 60.07
2026-01-22 19:15:32.343,2108,60.14058303833008,PPACOPPE_maior_60,> 60.07
2026-01-22 19:15:32.359,2108,60.1380615234375,PPACOPPE_maior_60,> 60.07
2026-01-22 19:15:32.377,2108,60.13644027709961,PPACOPPE_maior_60,> 60.07
2026-01-22 19:15:32.393,2108,60.13727951049805,PPACOPPE_maior_60,> 60.07
2026-01-22 19:15:32.410,2108,60.13972854614258,PPACOPPE_maior_60,> 60.07
2026-01-22 19:15:32.426,2108,60.139854431152344,PPACOPPE_maior_60,> 60.07
2026-01-22 19:15:32.446,2108,60.137386322021484,PPACOPPE_maior_60,> 60.07
2026-01-22 19:15:32.631,2108,60.13792419433594,PPACOPPE_maior_60,> 60.07
2026-01-22 19:15:32.631,2108,60.138484954833984,PPACOPPE_maior_60,> 60.07
2026-01-22 19:15:32.631,2108,60.137001037597656,PPACOPPE_maior_60,> 60.07
2026-01-22 19:15:32.631,2108,60.135677337646484,PPACOPPE_maior_60,> 60.07
2026-01-22 19:15:32.631,2108,60.13545227050781,PPACOPPE_maior_60,> 60.07
2026-01-22 19:15:32.631,2108,60.13723373413086,PPACOPPE_maior_60,> 60.07
2026-01-22 19:15:32.631,2108,60.13806915283203,PPACOPPE_maior_60,> 60.07
2026-01-22 19:15:32.631,2108,60.137123107910156,PPACOPPE_maior_60,> 60.07
2026-01-22 19:15:32.631,2108,60.13718795776367,PPACOPPE_maior_60,> 60.07
2026-01-22 19:15:32.632,2108,60.13725280761719,PPACOPPE_maior_60,> 60.07
2026-01-22 19:15:32.632,2108,60.13558578491211,PPACOPPE_maior_60,> 60.07
2026-01-22 19:15:32.643,2108,60.134700775146484,PPACOPPE_maior_60,> 60.07
2026-01-22 19:15:32.660,2108,60.1364631652832,PPACOPPE_maior_60,> 60.07
2026-01-22 19:15:32.677,2108,60.1378173828125,PPACOPPE_maior_60,> 60.07
2026-01-22 19:15:32.693,2108,60.13726806640625,PPACOPPE_maior_60,> 60.07
2026-01-22 19:15:32.710,2108,60.13627243041992,PPACOPPE_maior_60,> 60.07
2026-01-22 19:15:32.727,2108,60.13580322265625,PPACOPPE_maior_60,> 60.07
2026-01-22 19:15:32.743,2108,60.13481140136719,PPACOPPE_maior_60,> 60.07
2026-01-22 19:15:32.760,2108,60.13367462158203,PPACOPPE_maior_60,> 60.07
2026-01-22 19:15:32.777,2108,60.134212493896484,PPACOPPE_maior_60,> 60.07
2026-01-22 19:15:32.793,2108,60.13593292236328,PPACOPPE_maior_60,> 60.07
2026-01-22 19:15:32.810,2108,60.13630294799805,PPACOPPE_maior_60,> 60.07
2026-01-22 19:15:32.826,2108,60.135257720947266,PPACOPPE_maior_60,> 60.07
2026-01-22 19:15:32.843,2108,60.13520431518555,PPACOPPE_maior_60,> 60.07
2026-01-22 19:15:32.860,2108,60.135597229003906,PPACOPPE_maior_60,> 60.07
2026-01-22 19:15:32.876,2108,60.136375427246094,PPACOPPE_maior_60,> 60.07
2026-01-22 19:15:32.893,2108,60.13557815551758,PPACOPPE_maior_60,> 60.07
2026-01-22 19:15:32.910,2108,60.13370132446289,PPACOPPE_maior_60,> 60.07
2026-01-22 19:15:32.927,2108,60.13372039794922,PPACOPPE_maior_60,> 60.07
2026-01-22 19:15:32.943,2108,60.133209228515625,PPACOPPE_maior_60,> 60.07
2026-01-22 19:15:32.960,2108,60.13331985473633,PPACOPPE_maior_60,> 60.07
2026-01-22 19:15:32.976,2108,60.134212493896484,PPACOPPE_maior_60,> 60.07
2026-01-22 19:15:32.993,2108,60.13357925415039,PPACOPPE_maior_60,> 60.07
2026-01-22 19:15:33.010,2108,60.13319396972656,PPACOPPE_maior_60,> 60.07
2026-01-22 19:15:33.026,2108,60.132564544677734,PPACOPPE_maior_60,> 60.07
2026-01-22 19:15:33.043,2108,60.13197708129883,PPACOPPE_maior_60,> 60.07
2026-01-22 19:15:33.060,2108,60.132957458496094,PPACOPPE_maior_60,> 60.07
2026-01-22 19:15:33.077,2108,60.132118225097656,PPACOPPE_maior_60,> 60.07
2026-01-22 19:15:33.093,2108,60.130859375,PPACOPPE_maior_60,> 60.07
2026-01-22 19:15:33.110,2108,60.13215637207031,PPACOPPE_maior_60,> 60.07
2026-01-22 19:15:33.126,2108,60.13227462768555,PPACOPPE_maior_60,> 60.07
2026-01-22 19:15:33.143,2108,60.13246154785156,PPACOPPE_maior_60,> 60.07
2026-01-22 19:15:33.162,2108,60.1324348449707,PPACOPPE_maior_60,> 60.07
2026-01-22 19:15:33.176,2108,60.13058853149414,PPACOPPE_maior_60,> 60.07
2026-01-22 19:15:33.193,2108,60.13039779663086,PPACOPPE_maior_60,> 60.07
2026-01-22 19:15:33.210,2108,60.131439208984375,PPACOPPE_maior_60,> 60.07
2026-01-22 19:15:33.227,2108,60.13222885131836,PPACOPPE_maior_60,> 60.07
2026-01-22 19:15:33.243,2108,60.13142395019531,PPACOPPE_maior_60,> 60.07
2026-01-22 19:15:33.260,2108,60.1291618347168,PPACOPPE_maior_60,> 60.07
2026-01-22 19:15:33.277,2108,60.12916946411133,PPACOPPE_maior_60,> 60.07
2026-01-22 19:15:33.293,2108,60.12959289550781,PPACOPPE_maior_60,> 60.07
2026-01-22 19:15:33.309,2108,60.13042068481445,PPACOPPE_maior_60,> 60.07
2026-01-22 19:15:33.326,2108,60.13317108154297,PPACOPPE_maior_60,> 60.07
2026-01-22 19:15:33.343,2108,60.133113861083984,PPACOPPE_maior_60,> 60.07
2026-01-22 19:15:33.359,2108,60.13032150268555,PPACOPPE_maior_60,> 60.07
2026-01-22 19:15:33.376,2108,60.12867736816406,PPACOPPE_maior_60,> 60.07
2026-01-22 19:15:33.393,2108,60.12875747680664,PPACOPPE_maior_60,> 60.07
2026-01-22 19:15:33.410,2108,60.129573822021484,PPACOPPE_maior_60,> 60.07
2026-01-22 19:15:33.426,2108,60.12916564941406,PPACOPPE_maior_60,> 60.07
2026-01-22 19:15:33.443,2108,60.12937545776367,PPACOPPE_maior_60,> 60.07
2026-01-22 19:15:33.460,2108,60.13172912597656,PPACOPPE_maior_60,> 60.07
2026-01-22 19:15:33.476,2108,60.130496978759766,PPACOPPE_maior_60,> 60.07
2026-01-22 19:15:33.493,2108,60.12810134887695,PPACOPPE_maior_60,> 60.07
2026-01-22 19:15:33.510,2108,60.12979507446289,PPACOPPE_maior_60,> 60.07
2026-01-22 19:15:33.526,2108,60.13087463378906,PPACOPPE_maior_60,> 60.07
2026-01-22 19:15:33.543,2108,60.12909698486328,PPACOPPE_maior_60,> 60.07
2026-01-22 19:15:33.560,2108,60.12742233276367,PPACOPPE_maior_60,> 60.07
2026-01-22 19:15:33.576,2108,60.128684997558594,PPACOPPE_maior_60,> 60.07
2026-01-22 19:15:33.593,2108,60.130760192871094,PPACOPPE_maior_60,> 60.07
2026-01-22 19:15:33.610,2108,60.129127502441406,PPACOPPE_maior_60,> 60.07
2026-01-22 19:15:33.627,2108,60.1263313293457,PPACOPPE_maior_60,> 60.07
2026-01-22 19:15:33.644,2108,60.1263542175293,PPACOPPE_maior_60,> 60.07
2026-01-22 19:15:33.660,2108,60.128299713134766,PPACOPPE_maior_60,> 60.07
2026-01-22 19:15:33.677,2108,60.129417419433594,PPACOPPE_maior_60,> 60.07
2026-01-22 19:15:33.693,2108,60.12861633300781,PPACOPPE_maior_60,> 60.07
2026-01-22 19:15:33.709,2108,60.12702941894531,PPACOPPE_maior_60,> 60.07
2026-01-22 19:15:33.726,2108,60.12601852416992,PPACOPPE_maior_60,> 60.07
2026-01-22 19:15:33.743,2108,60.12681579589844,PPACOPPE_maior_60,> 60.07
2026-01-22 19:15:33.760,2108,60.127410888671875,PPACOPPE_maior_60,> 60.07
2026-01-22 19:15:33.777,2108,60.12718200683594,PPACOPPE_maior_60,> 60.07
2026-01-22 19:15:33.793,2108,60.12607192993164,PPACOPPE_maior_60,> 60.07
2026-01-22 19:15:33.810,2108,60.125301361083984,PPACOPPE_maior_60,> 60.07
2026-01-22 19:15:33.826,2108,60.127052307128906,PPACOPPE_maior_60,> 60.07
2026-01-22 19:15:33.843,2108,60.12836456298828,PPACOPPE_maior_60,> 60.07
2026-01-22 19:15:33.859,2108,60.12934875488281,PPACOPPE_maior_60,> 60.07
2026-01-22 19:15:33.877,2108,60.1286506652832,PPACOPPE_maior_60,> 60.07
2026-01-22 19:15:33.893,2108,60.1256103515625,PPACOPPE_maior_60,> 60.07
2026-01-22 19:15:33.910,2108,60.12613296508789,PPACOPPE_maior_60,> 60.07
2026-01-22 19:15:33.926,2108,60.1276741027832,PPACOPPE_maior_60,> 60.07
2026-01-22 19:15:33.943,2108,60.126670837402344,PPACOPPE_maior_60,> 60.07
2026-01-22 19:15:33.959,2108,60.12592697143555,PPACOPPE_maior_60,> 60.07
2026-01-22 19:15:33.976,2108,60.124752044677734,PPACOPPE_maior_60,> 60.07
2026-01-22 19:15:33.993,2108,60.12395477294922,PPACOPPE_maior_60,> 60.07
2026-01-22 19:15:34.010,2108,60.1267204284668,PPACOPPE_maior_60,> 60.07
2026-01-22 19:15:34.026,2108,60.127315521240234,PPACOPPE_maior_60,> 60.07
2026-01-22 19:15:34.043,2108,60.12490463256836,PPACOPPE_maior_60,> 60.07
2026-01-22 19:15:34.060,2108,60.12457275390625,PPACOPPE_maior_60,> 60.07
2026-01-22 19:15:34.077,2108,60.1234016418457,PPACOPPE_maior_60,> 60.07
2026-01-22 19:15:34.094,2108,60.12344741821289,PPACOPPE_maior_60,> 60.07
2026-01-22 19:15:34.110,2108,60.125144958496094,PPACOPPE_maior_60,> 60.07
2026-01-22 19:15:34.128,2108,60.12433624267578,PPACOPPE_maior_60,> 60.07
2026-01-22 19:15:34.144,2108,60.1232795715332,PPACOPPE_maior_60,> 60.07
2026-01-22 19:15:34.160,2108,60.12317657470703,PPACOPPE_maior_60,> 60.07
2026-01-22 19:15:34.178,2108,60.12364959716797,PPACOPPE_maior_60,> 60.07
2026-01-22 19:15:34.193,2108,60.12422180175781,PPACOPPE_maior_60,> 60.07
2026-01-22 19:15:34.210,2108,60.12496566772461,PPACOPPE_maior_60,> 60.07
2026-01-22 19:15:34.226,2108,60.12538146972656,PPACOPPE_maior_60,> 60.07
2026-01-22 19:15:34.243,2108,60.12465286254883,PPACOPPE_maior_60,> 60.07
2026-01-22 19:15:34.260,2108,60.12285614013672,PPACOPPE_maior_60,> 60.07
2026-01-22 19:15:34.276,2108,60.12093734741211,PPACOPPE_maior_60,> 60.07
2026-01-22 19:15:34.292,2108,60.121337890625,PPACOPPE_maior_60,> 60.07
2026-01-22 19:15:34.310,2108,60.12296676635742,PPACOPPE_maior_60,> 60.07
2026-01-22 19:15:34.326,2108,60.124576568603516,PPACOPPE_maior_60,> 60.07
2026-01-22 19:15:34.343,2108,60.12451171875,PPACOPPE_maior_60,> 60.07
2026-01-22 19:15:34.360,2108,60.12339401245117,PPACOPPE_maior_60,> 60.07
2026-01-22 19:15:34.376,2108,60.12322998046875,PPACOPPE_maior_60,> 60.07
2026-01-22 19:15:34.393,2108,60.12211608886719,PPACOPPE_maior_60,> 60.07
2026-01-22 19:15:34.409,2108,60.12146759033203,PPACOPPE_maior_60,> 60.07
2026-01-22 19:15:34.427,2108,60.12156295776367,PPACOPPE_maior_60,> 60.07
2026-01-22 19:15:34.443,2108,60.121185302734375,PPACOPPE_maior_60,> 60.07
2026-01-22 19:15:34.460,2108,60.120704650878906,PPACOPPE_maior_60,> 60.07
2026-01-22 19:15:34.476,2108,60.11967086791992,PPACOPPE_maior_60,> 60.07
2026-01-22 19:15:34.495,2108,60.12004089355469,PPACOPPE_maior_60,> 60.07
2026-01-22 19:15:34.510,2108,60.12156677246094,PPACOPPE_maior_60,> 60.07
2026-01-22 19:15:34.526,2108,60.122100830078125,PPACOPPE_maior_60,> 60.07
2026-01-22 19:15:34.543,2108,60.12220001220703,PPACOPPE_maior_60,> 60.07
2026-01-22 19:15:34.560,2108,60.12132263183594,PPACOPPE_maior_60,> 60.07
2026-01-22 19:15:34.577,2108,60.11928176879883,PPACOPPE_maior_60,> 60.07
2026-01-22 19:15:34.593,2108,60.11903762817383,PPACOPPE_maior_60,> 60.07
2026-01-22 19:15:34.610,2108,60.120208740234375,PPACOPPE_maior_60,> 60.07
2026-01-22 19:15:34.627,2108,60.119327545166016,PPACOPPE_maior_60,> 60.07
2026-01-22 19:15:34.643,2108,60.118717193603516,PPACOPPE_maior_60,> 60.07
2026-01-22 19:15:34.659,2108,60.1201057434082,PPACOPPE_maior_60,> 60.07
2026-01-22 19:15:34.676,2108,60.12032699584961,PPACOPPE_maior_60,> 60.07
2026-01-22 19:15:34.693,2108,60.119773864746094,PPACOPPE_maior_60,> 60.07
2026-01-22 19:15:34.710,2108,60.119503021240234,PPACOPPE_maior_60,> 60.07
2026-01-22 19:15:34.726,2108,60.119384765625,PPACOPPE_maior_60,> 60.07
2026-01-22 19:15:34.743,2108,60.119754791259766,PPACOPPE_maior_60,> 60.07
2026-01-22 19:15:34.760,2108,60.11919403076172,PPACOPPE_maior_60,> 60.07
2026-01-22 19:15:34.777,2108,60.11848449707031,PPACOPPE_maior_60,> 60.07
2026-01-22 19:15:34.793,2108,60.1192626953125,PPACOPPE_maior_60,> 60.07
2026-01-22 19:15:34.810,2108,60.12070083618164,PPACOPPE_maior_60,> 60.07
2026-01-22 19:15:34.826,2108,60.120540618896484,PPACOPPE_maior_60,> 60.07
2026-01-22 19:15:34.843,2108,60.11835479736328,PPACOPPE_maior_60,> 60.07
2026-01-22 19:15:34.860,2108,60.117462158203125,PPACOPPE_maior_60,> 60.07
2026-01-22 19:15:34.877,2108,60.11860656738281,PPACOPPE_maior_60,> 60.07
2026-01-22 19:15:34.893,2108,60.117645263671875,PPACOPPE_maior_60,> 60.07
2026-01-22 19:15:34.910,2108,60.11531448364258,PPACOPPE_maior_60,> 60.07
2026-01-22 19:15:34.927,2108,60.11587142944336,PPACOPPE_maior_60,> 60.07
2026-01-22 19:15:34.944,2108,60.118316650390625,PPACOPPE_maior_60,> 60.07
2026-01-22 19:15:34.960,2108,60.11994552612305,PPACOPPE_maior_60,> 60.07
2026-01-22 19:15:34.976,2108,60.11847686767578,PPACOPPE_maior_60,> 60.07
2026-01-22 19:15:34.994,2108,60.11626052856445,PPACOPPE_maior_60,> 60.07
2026-01-22 19:15:35.010,2108,60.117130279541016,PPACOPPE_maior_60,> 60.07
2026-01-22 19:15:35.027,2108,60.11787796020508,PPACOPPE_maior_60,> 60.07
2026-01-22 19:15:35.043,2108,60.117919921875,PPACOPPE_maior_60,> 60.07
2026-01-22 19:15:35.069,2108,60.11803436279297,PPACOPPE_maior_60,> 60.07
2026-01-22 19:15:35.076,2108,60.1169548034668,PPACOPPE_maior_60,> 60.07
2026-01-22 19:15:35.093,2108,60.11612319946289,PPACOPPE_maior_60,> 60.07
2026-01-22 19:15:35.110,2108,60.11652374267578,PPACOPPE_maior_60,> 60.07
2026-01-22 19:15:35.127,2108,60.11833953857422,PPACOPPE_maior_60,> 60.07
2026-01-22 19:15:35.143,2108,60.11849594116211,PPACOPPE_maior_60,> 60.07
2026-01-22 19:15:35.160,2108,60.11630630493164,PPACOPPE_maior_60,> 60.07
2026-01-22 19:15:35.176,2108,60.11629867553711,PPACOPPE_maior_60,> 60.07
2026-01-22 19:15:35.193,2108,60.1171989440918,PPACOPPE_maior_60,> 60.07
2026-01-22 19:15:35.210,2108,60.11605453491211,PPACOPPE_maior_60,> 60.07
2026-01-22 19:15:35.226,2108,60.115570068359375,PPACOPPE_maior_60,> 60.07
2026-01-22 19:15:35.243,2108,60.11606216430664,PPACOPPE_maior_60,> 60.07
2026-01-22 19:15:35.260,2108,60.11442947387695,PPACOPPE_maior_60,> 60.07
2026-01-22 19:15:35.277,2108,60.113243103027344,PPACOPPE_maior_60,> 60.07
2026-01-22 19:15:35.293,2108,60.11528396606445,PPACOPPE_maior_60,> 60.07
2026-01-22 19:15:35.310,2108,60.11684036254883,PPACOPPE_maior_60,> 60.07
2026-01-22 19:15:35.326,2108,60.116851806640625,PPACOPPE_maior_60,> 60.07
2026-01-22 19:15:35.343,2108,60.11565017700195,PPACOPPE_maior_60,> 60.07
2026-01-22 19:15:35.360,2108,60.114112854003906,PPACOPPE_maior_60,> 60.07
2026-01-22 19:15:35.377,2108,60.11419677734375,PPACOPPE_maior_60,> 60.07
2026-01-22 19:15:35.393,2108,60.11472702026367,PPACOPPE_maior_60,> 60.07
2026-01-22 19:15:35.410,2108,60.11536407470703,PPACOPPE_maior_60,> 60.07
2026-01-22 19:15:35.426,2108,60.114871978759766,PPACOPPE_maior_60,> 60.07
2026-01-22 19:15:35.443,2108,60.11418533325195,PPACOPPE_maior_60,> 60.07
2026-01-22 19:15:35.460,2108,60.115055084228516,PPACOPPE_maior_60,> 60.07
2026-01-22 19:15:35.477,2108,60.11426544189453,PPACOPPE_maior_60,> 60.07
2026-01-22 19:15:35.493,2108,60.11282730102539,PPACOPPE_maior_60,> 60.07
2026-01-22 19:15:35.510,2108,60.1131591796875,PPACOPPE_maior_60,> 60.07
2026-01-22 19:15:35.526,2108,60.11410140991211,PPACOPPE_maior_60,> 60.07
2026-01-22 19:15:35.543,2108,60.115081787109375,PPACOPPE_maior_60,> 60.07
2026-01-22 19:15:35.560,2108,60.114723205566406,PPACOPPE_maior_60,> 60.07
2026-01-22 19:15:35.576,2108,60.112884521484375,PPACOPPE_maior_60,> 60.07
2026-01-22 19:15:35.593,2108,60.111881256103516,PPACOPPE_maior_60,> 60.07
2026-01-22 19:15:35.610,2108,60.113162994384766,PPACOPPE_maior_60,> 60.07
2026-01-22 19:15:35.626,2108,60.114707946777344,PPACOPPE_maior_60,> 60.07
2026-01-22 19:15:35.643,2108,60.11426544189453,PPACOPPE_maior_60,> 60.07
2026-01-22 19:15:35.660,2108,60.11271667480469,PPACOPPE_maior_60,> 60.07
2026-01-22 19:15:35.676,2108,60.11219024658203,PPACOPPE_maior_60,> 60.07
2026-01-22 19:15:35.693,2108,60.1135139465332,PPACOPPE_maior_60,> 60.07
2026-01-22 19:15:35.710,2108,60.11457061767578,PPACOPPE_maior_60,> 60.07
2026-01-22 19:15:35.726,2108,60.113548278808594,PPACOPPE_maior_60,> 60.07
2026-01-22 19:15:35.743,2108,60.11146926879883,PPACOPPE_maior_60,> 60.07
2026-01-22 19:15:35.760,2108,60.11077117919922,PPACOPPE_maior_60,> 60.07
2026-01-22 19:15:35.777,2108,60.111412048339844,PPACOPPE_maior_60,> 60.07
2026-01-22 19:15:35.793,2108,60.11214828491211,PPACOPPE_maior_60,> 60.07
2026-01-22 19:15:35.810,2108,60.113895416259766,PPACOPPE_maior_60,> 60.07
2026-01-22 19:15:35.826,2108,60.115211486816406,PPACOPPE_maior_60,> 60.07
2026-01-22 19:15:35.843,2108,60.113529205322266,PPACOPPE_maior_60,> 60.07
2026-01-22 19:15:35.861,2108,60.111228942871094,PPACOPPE_maior_60,> 60.07
2026-01-22 19:15:35.877,2108,60.11075973510742,PPACOPPE_maior_60,> 60.07
2026-01-22 19:15:35.894,2108,60.111881256103516,PPACOPPE_maior_60,> 60.07
2026-01-22 19:15:35.910,2108,60.113426208496094,PPACOPPE_maior_60,> 60.07
2026-01-22 19:15:35.934,2108,60.11258316040039,PPACOPPE_maior_60,> 60.07
2026-01-22 19:15:35.943,2108,60.11050796508789,PPACOPPE_maior_60,> 60.07
2026-01-22 19:15:35.961,2108,60.111602783203125,PPACOPPE_maior_60,> 60.07
2026-01-22 19:15:35.977,2108,60.11314392089844,PPACOPPE_maior_60,> 60.07
2026-01-22 19:15:35.993,2108,60.11125946044922,PPACOPPE_maior_60,> 60.07
2026-01-22 19:15:36.010,2108,60.10981369018555,PPACOPPE_maior_60,> 60.07
2026-01-22 19:15:36.026,2108,60.110557556152344,PPACOPPE_maior_60,> 60.07
2026-01-22 19:15:36.043,2108,60.111881256103516,PPACOPPE_maior_60,> 60.07
2026-01-22 19:15:36.060,2108,60.112709045410156,PPACOPPE_maior_60,> 60.07
2026-01-22 19:15:36.076,2108,60.11045455932617,PPACOPPE_maior_60,> 60.07
2026-01-22 19:15:36.093,2108,60.1079216003418,PPACOPPE_maior_60,> 60.07
2026-01-22 19:15:36.110,2108,60.10839080810547,PPACOPPE_maior_60,> 60.07
2026-01-22 19:15:36.127,2108,60.11064147949219,PPACOPPE_maior_60,> 60.07
2026-01-22 19:15:36.143,2108,60.1120491027832,PPACOPPE_maior_60,> 60.07
2026-01-22 19:15:36.160,2108,60.11054229736328,PPACOPPE_maior_60,> 60.07
2026-01-22 19:15:36.176,2108,60.109169006347656,PPACOPPE_maior_60,> 60.07
2026-01-22 19:15:36.193,2108,60.10996627807617,PPACOPPE_maior_60,> 60.07
2026-01-22 19:15:36.210,2108,60.11159896850586,PPACOPPE_maior_60,> 60.07
2026-01-22 19:15:36.226,2108,60.1129035949707,PPACOPPE_maior_60,> 60.07
2026-01-22 19:15:36.243,2108,60.11228561401367,PPACOPPE_maior_60,> 60.07
2026-01-22 19:15:36.260,2108,60.10951232910156,PPACOPPE_maior_60,> 60.07
2026-01-22 19:15:36.276,2108,60.107208251953125,PPACOPPE_maior_60,> 60.07
2026-01-22 19:15:36.293,2108,60.107566833496094,PPACOPPE_maior_60,> 60.07
2026-01-22 19:15:36.310,2108,60.109004974365234,PPACOPPE_maior_60,> 60.07
2026-01-22 19:15:36.327,2108,60.110504150390625,PPACOPPE_maior_60,> 60.07
2026-01-22 19:15:36.343,2108,60.10968017578125,PPACOPPE_maior_60,> 60.07
2026-01-22 19:15:36.360,2108,60.106597900390625,PPACOPPE_maior_60,> 60.07
2026-01-22 19:15:36.376,2108,60.10619354248047,PPACOPPE_maior_60,> 60.07
2026-01-22 19:15:36.393,2108,60.107627868652344,PPACOPPE_maior_60,> 60.07
2026-01-22 19:15:36.410,2108,60.10887908935547,PPACOPPE_maior_60,> 60.07
2026-01-22 19:15:36.426,2108,60.1089973449707,PPACOPPE_maior_60,> 60.07
2026-01-22 19:15:36.443,2108,60.107215881347656,PPACOPPE_maior_60,> 60.07
2026-01-22 19:15:36.460,2108,60.1071891784668,PPACOPPE_maior_60,> 60.07
2026-01-22 19:15:36.477,2108,60.10875701904297,PPACOPPE_maior_60,> 60.07
2026-01-22 19:15:36.493,2108,60.108707427978516,PPACOPPE_maior_60,> 60.07
2026-01-22 19:15:36.510,2108,60.10769271850586,PPACOPPE_maior_60,> 60.07
2026-01-22 19:15:36.526,2108,60.107025146484375,PPACOPPE_maior_60,> 60.07
2026-01-22 19:15:36.543,2108,60.107948303222656,PPACOPPE_maior_60,> 60.07
2026-01-22 19:15:36.560,2108,60.10884475708008,PPACOPPE_maior_60,> 60.07
2026-01-22 19:15:36.576,2108,60.10934829711914,PPACOPPE_maior_60,> 60.07
2026-01-22 19:15:36.593,2108,60.10891342163086,PPACOPPE_maior_60,> 60.07
2026-01-22 19:15:36.610,2108,60.10649108886719,PPACOPPE_maior_60,> 60.07
2026-01-22 19:15:36.627,2108,60.10530471801758,PPACOPPE_maior_60,> 60.07
2026-01-22 19:15:36.643,2108,60.106285095214844,PPACOPPE_maior_60,> 60.07
2026-01-22 19:15:36.660,2108,60.10780715942383,PPACOPPE_maior_60,> 60.07
2026-01-22 19:15:36.677,2108,60.107975006103516,PPACOPPE_maior_60,> 60.07
2026-01-22 19:15:36.693,2108,60.10695266723633,PPACOPPE_maior_60,> 60.07
2026-01-22 19:15:36.710,2108,60.106727600097656,PPACOPPE_maior_60,> 60.07
2026-01-22 19:15:36.727,2108,60.106388092041016,PPACOPPE_maior_60,> 60.07
2026-01-22 19:15:36.743,2108,60.10515213012695,PPACOPPE_maior_60,> 60.07
2026-01-22 19:15:36.760,2108,60.10496139526367,PPACOPPE_maior_60,> 60.07
2026-01-22 19:15:36.777,2108,60.1063346862793,PPACOPPE_maior_60,> 60.07
2026-01-22 19:15:36.793,2108,60.10569763183594,PPACOPPE_maior_60,> 60.07
2026-01-22 19:15:36.811,2108,60.10533905029297,PPACOPPE_maior_60,> 60.07
2026-01-22 19:15:36.827,2108,60.10810470581055,PPACOPPE_maior_60,> 60.07
2026-01-22 19:15:36.856,2108,60.10951614379883,PPACOPPE_maior_60,> 60.07
2026-01-22 19:15:36.868,2108,60.10805892944336,PPACOPPE_maior_60,> 60.07
2026-01-22 19:15:36.882,2108,60.10466766357422,PPACOPPE_maior_60,> 60.07
2026-01-22 19:15:36.900,2108,60.10319137573242,PPACOPPE_maior_60,> 60.07
2026-01-22 19:15:36.910,2108,60.106224060058594,PPACOPPE_maior_60,> 60.07
2026-01-22 19:15:36.926,2108,60.108314514160156,PPACOPPE_maior_60,> 60.07
2026-01-22 19:15:36.943,2108,60.107540130615234,PPACOPPE_maior_60,> 60.07
2026-01-22 19:15:36.960,2108,60.10588836669922,PPACOPPE_maior_60,> 60.07
2026-01-22 19:15:36.976,2108,60.10512924194336,PPACOPPE_maior_60,> 60.07
2026-01-22 19:15:36.993,2108,60.10572052001953,PPACOPPE_maior_60,> 60.07
2026-01-22 19:15:37.010,2108,60.10643005371094,PPACOPPE_maior_60,> 60.07
2026-01-22 19:15:37.026,2108,60.10627365112305,PPACOPPE_maior_60,> 60.07
2026-01-22 19:15:37.043,2108,60.104515075683594,PPACOPPE_maior_60,> 60.07
2026-01-22 19:15:37.059,2108,60.103981018066406,PPACOPPE_maior_60,> 60.07
2026-01-22 19:15:37.076,2108,60.10575866699219,PPACOPPE_maior_60,> 60.07
2026-01-22 19:15:37.093,2108,60.10674285888672,PPACOPPE_maior_60,> 60.07
2026-01-22 19:15:37.110,2108,60.106292724609375,PPACOPPE_maior_60,> 60.07
2026-01-22 19:15:37.127,2108,60.105369567871094,PPACOPPE_maior_60,> 60.07
2026-01-22 19:15:37.143,2108,60.10509490966797,PPACOPPE_maior_60,> 60.07
2026-01-22 19:15:37.173,2108,60.105140686035156,PPACOPPE_maior_60,> 60.07
2026-01-22 19:15:37.176,2108,60.10570526123047,PPACOPPE_maior_60,> 60.07
2026-01-22 19:15:37.193,2108,60.107032775878906,PPACOPPE_maior_60,> 60.07
2026-01-22 19:15:37.210,2108,60.10643005371094,PPACOPPE_maior_60,> 60.07
2026-01-22 19:15:37.226,2108,60.104740142822266,PPACOPPE_maior_60,> 60.07
2026-01-22 19:15:37.243,2108,60.10441207885742,PPACOPPE_maior_60,> 60.07
2026-01-22 19:15:37.261,2108,60.10455322265625,PPACOPPE_maior_60,> 60.07
2026-01-22 19:15:37.276,2108,60.10370635986328,PPACOPPE_maior_60,> 60.07
2026-01-22 19:15:37.293,2108,60.10337829589844,PPACOPPE_maior_60,> 60.07
2026-01-22 19:15:37.310,2108,60.10475158691406,PPACOPPE_maior_60,> 60.07
2026-01-22 19:15:37.338,2108,60.10490036010742,PPACOPPE_maior_60,> 60.07
2026-01-22 19:15:37.343,2108,60.104652404785156,PPACOPPE_maior_60,> 60.07
2026-01-22 19:15:37.360,2108,60.105682373046875,PPACOPPE_maior_60,> 60.07
2026-01-22 19:15:37.386,2108,60.105743408203125,PPACOPPE_maior_60,> 60.07
2026-01-22 19:15:37.394,2108,60.104835510253906,PPACOPPE_maior_60,> 60.07
2026-01-22 19:15:37.410,2108,60.104339599609375,PPACOPPE_maior_60,> 60.07
2026-01-22 19:15:37.427,2108,60.10499954223633,PPACOPPE_maior_60,> 60.07
2026-01-22 19:15:37.443,2108,60.10459899902344,PPACOPPE_maior_60,> 60.07
2026-01-22 19:15:37.459,2108,60.10315704345703,PPACOPPE_maior_60,> 60.07
2026-01-22 19:15:37.476,2108,60.103336334228516,PPACOPPE_maior_60,> 60.07
2026-01-22 19:15:37.493,2108,60.10358428955078,PPACOPPE_maior_60,> 60.07
2026-01-22 19:15:37.510,2108,60.102909088134766,PPACOPPE_maior_60,> 60.07
2026-01-22 19:15:37.526,2108,60.10203552246094,PPACOPPE_maior_60,> 60.07
2026-01-22 19:15:37.543,2108,60.10245132446289,PPACOPPE_maior_60,> 60.07
2026-01-22 19:15:37.560,2108,60.10387420654297,PPACOPPE_maior_60,> 60.07
2026-01-22 19:15:37.583,2108,60.103782653808594,PPACOPPE_maior_60,> 60.07
2026-01-22 19:15:37.593,2108,60.10342788696289,PPACOPPE_maior_60,> 60.07
2026-01-22 19:15:37.610,2108,60.10276412963867,PPACOPPE_maior_60,> 60.07
2026-01-22 19:15:37.626,2108,60.10136413574219,PPACOPPE_maior_60,> 60.07
2026-01-22 19:15:37.652,2108,60.1015510559082,PPACOPPE_maior_60,> 60.07
2026-01-22 19:15:37.662,2108,60.10313415527344,PPACOPPE_maior_60,> 60.07
2026-01-22 19:15:37.676,2108,60.103824615478516,PPACOPPE_maior_60,> 60.07
2026-01-22 19:15:37.693,2108,60.10227584838867,PPACOPPE_maior_60,> 60.07
2026-01-22 19:15:37.710,2108,60.10118865966797,PPACOPPE_maior_60,> 60.07
2026-01-22 19:15:37.726,2108,60.10222625732422,PPACOPPE_maior_60,> 60.07
2026-01-22 19:15:37.743,2108,60.10277557373047,PPACOPPE_maior_60,> 60.07
2026-01-22 19:15:37.760,2108,60.102294921875,PPACOPPE_maior_60,> 60.07
2026-01-22 19:15:37.777,2108,60.100914001464844,PPACOPPE_maior_60,> 60.07
2026-01-22 19:15:37.793,2108,60.100223541259766,PPACOPPE_maior_60,> 60.07
2026-01-22 19:15:37.817,2108,60.1011848449707,PPACOPPE_maior_60,> 60.07
2026-01-22 19:15:37.834,2108,60.10243225097656,PPACOPPE_maior_60,> 60.07
2026-01-22 19:15:37.856,2108,60.10381317138672,PPACOPPE_maior_60,> 60.07
2026-01-22 19:15:37.869,2108,60.103416442871094,PPACOPPE_maior_60,> 60.07
2026-01-22 19:15:37.876,2108,60.10123825073242,PPACOPPE_maior_60,> 60.07
2026-01-22 19:15:37.893,2108,60.099082946777344,PPACOPPE_maior_60,> 60.07
2026-01-22 19:15:37.910,2108,60.09885787963867,PPACOPPE_maior_60,> 60.07
2026-01-22 19:15:37.930,2108,60.10142135620117,PPACOPPE_maior_60,> 60.07
2026-01-22 19:15:37.953,2108,60.1022834777832,PPACOPPE_maior_60,> 60.07
2026-01-22 19:15:37.971,2108,60.100852966308594,PPACOPPE_maior_60,> 60.07
2026-01-22 19:15:37.976,2108,60.099945068359375,PPACOPPE_maior_60,> 60.07
2026-01-22 19:15:37.993,2108,60.09988021850586,PPACOPPE_maior_60,> 60.07
2026-01-22 19:15:38.012,2108,60.10091781616211,PPACOPPE_maior_60,> 60.07
2026-01-22 19:15:38.026,2108,60.1003532409668,PPACOPPE_maior_60,> 60.07
2026-01-22 19:15:38.043,2108,60.09877395629883,PPACOPPE_maior_60,> 60.07
2026-01-22 19:15:38.060,2108,60.099056243896484,PPACOPPE_maior_60,> 60.07
2026-01-22 19:15:38.077,2108,60.09918212890625,PPACOPPE_maior_60,> 60.07
2026-01-22 19:15:38.094,2108,60.0989875793457,PPACOPPE_maior_60,> 60.07
2026-01-22 19:15:38.110,2108,60.099552154541016,PPACOPPE_maior_60,> 60.07
2026-01-22 19:15:38.126,2108,60.10082244873047,PPACOPPE_maior_60,> 60.07
2026-01-22 19:15:38.143,2108,60.10000991821289,PPACOPPE_maior_60,> 60.07
2026-01-22 19:15:38.160,2108,60.09812927246094,PPACOPPE_maior_60,> 60.07
2026-01-22 19:15:38.177,2108,60.0994758605957,PPACOPPE_maior_60,> 60.07
2026-01-22 19:15:38.194,2108,60.10059356689453,PPACOPPE_maior_60,> 60.07
2026-01-22 19:15:38.210,2108,60.100379943847656,PPACOPPE_maior_60,> 60.07
2026-01-22 19:15:38.227,2108,60.10010528564453,PPACOPPE_maior_60,> 60.07
2026-01-22 19:15:38.243,2108,60.09943771362305,PPACOPPE_maior_60,> 60.07
2026-01-22 19:15:38.260,2108,60.09913635253906,PPACOPPE_maior_60,> 60.07
2026-01-22 19:15:38.277,2108,60.097408294677734,PPACOPPE_maior_60,> 60.07
2026-01-22 19:15:38.293,2108,60.09703063964844,PPACOPPE_maior_60,> 60.07
2026-01-22 19:15:38.310,2108,60.09846496582031,PPACOPPE_maior_60,> 60.07
2026-01-22 19:15:38.326,2108,60.09876251220703,PPACOPPE_maior_60,> 60.07
2026-01-22 19:15:38.343,2108,60.09929275512695,PPACOPPE_maior_60,> 60.07
2026-01-22 19:15:38.359,2108,60.099021911621094,PPACOPPE_maior_60,> 60.07
2026-01-22 19:15:38.376,2108,60.09868621826172,PPACOPPE_maior_60,> 60.07
2026-01-22 19:15:38.394,2108,60.09794616699219,PPACOPPE_maior_60,> 60.07
2026-01-22 19:15:38.410,2108,60.0970458984375,PPACOPPE_maior_60,> 60.07
2026-01-22 19:15:38.427,2108,60.09873580932617,PPACOPPE_maior_60,> 60.07
2026-01-22 19:15:38.443,2108,60.09871292114258,PPACOPPE_maior_60,> 60.07
2026-01-22 19:15:38.460,2108,60.09781265258789,PPACOPPE_maior_60,> 60.07
2026-01-22 19:15:38.477,2108,60.098331451416016,PPACOPPE_maior_60,> 60.07
2026-01-22 19:15:38.493,2108,60.09759521484375,PPACOPPE_maior_60,> 60.07
2026-01-22 19:15:38.510,2108,60.0972900390625,PPACOPPE_maior_60,> 60.07
2026-01-22 19:15:38.526,2108,60.09758758544922,PPACOPPE_maior_60,> 60.07
2026-01-22 19:15:38.548,2108,60.09709930419922,PPACOPPE_maior_60,> 60.07
2026-01-22 19:15:38.580,2108,60.09676742553711,PPACOPPE_maior_60,> 60.07
2026-01-22 19:15:38.581,2108,60.09725570678711,PPACOPPE_maior_60,> 60.07
2026-01-22 19:15:38.595,2108,60.09693145751953,PPACOPPE_maior_60,> 60.07
2026-01-22 19:15:38.610,2108,60.09663772583008,PPACOPPE_maior_60,> 60.07
2026-01-22 19:15:38.626,2108,60.09724807739258,PPACOPPE_maior_60,> 60.07
2026-01-22 19:15:38.643,2108,60.09697341918945,PPACOPPE_maior_60,> 60.07
2026-01-22 19:15:38.659,2108,60.09684371948242,PPACOPPE_maior_60,> 60.07
2026-01-22 19:15:38.676,2108,60.096988677978516,PPACOPPE_maior_60,> 60.07
2026-01-22 19:15:38.693,2108,60.097496032714844,PPACOPPE_maior_60,> 60.07
2026-01-22 19:15:38.710,2108,60.09828567504883,PPACOPPE_maior_60,> 60.07
2026-01-22 19:15:38.726,2108,60.0970573425293,PPACOPPE_maior_60,> 60.07
2026-01-22 19:15:38.743,2108,60.09556579589844,PPACOPPE_maior_60,> 60.07
2026-01-22 19:15:38.760,2108,60.09497833251953,PPACOPPE_maior_60,> 60.07
2026-01-22 19:15:38.776,2108,60.09489822387695,PPACOPPE_maior_60,> 60.07
2026-01-22 19:15:38.793,2108,60.09482192993164,PPACOPPE_maior_60,> 60.07
2026-01-22 19:15:38.810,2108,60.09505081176758,PPACOPPE_maior_60,> 60.07
2026-01-22 19:15:38.827,2108,60.09700393676758,PPACOPPE_maior_60,> 60.07
2026-01-22 19:15:38.843,2108,60.09727478027344,PPACOPPE_maior_60,> 60.07
2026-01-22 19:15:38.860,2108,60.095577239990234,PPACOPPE_maior_60,> 60.07
2026-01-22 19:15:38.876,2108,60.095252990722656,PPACOPPE_maior_60,> 60.07
2026-01-22 19:15:38.893,2108,60.09468078613281,PPACOPPE_maior_60,> 60.07
2026-01-22 19:15:38.910,2108,60.0942268371582,PPACOPPE_maior_60,> 60.07
2026-01-22 19:15:38.927,2108,60.09432601928711,PPACOPPE_maior_60,> 60.07
2026-01-22 19:15:39.086,2108,60.0950927734375,PPACOPPE_maior_60,> 60.07
2026-01-22 19:15:39.086,2108,60.09677505493164,PPACOPPE_maior_60,> 60.07
2026-01-22 19:15:39.086,2108,60.09505844116211,PPACOPPE_maior_60,> 60.07
2026-01-22 19:15:39.086,2108,60.0931282043457,PPACOPPE_maior_60,> 60.07
2026-01-22 19:15:39.086,2108,60.0948371887207,PPACOPPE_maior_60,> 60.07
2026-01-22 19:15:39.086,2108,60.095584869384766,PPACOPPE_maior_60,> 60.07
2026-01-22 19:15:39.086,2108,60.09534454345703,PPACOPPE_maior_60,> 60.07
2026-01-22 19:15:39.086,2108,60.0966911315918,PPACOPPE_maior_60,> 60.07
2026-01-22 19:15:39.086,2108,60.09687805175781,PPACOPPE_maior_60,> 60.07
2026-01-22 19:15:39.094,2108,60.095062255859375,PPACOPPE_maior_60,> 60.07
2026-01-22 19:15:39.110,2108,60.09462356567383,PPACOPPE_maior_60,> 60.07
2026-01-22 19:15:39.126,2108,60.09558868408203,PPACOPPE_maior_60,> 60.07
2026-01-22 19:15:39.144,2108,60.09614944458008,PPACOPPE_maior_60,> 60.07
2026-01-22 19:15:39.159,2108,60.09575653076172,PPACOPPE_maior_60,> 60.07
2026-01-22 19:15:39.176,2108,60.093265533447266,PPACOPPE_maior_60,> 60.07
2026-01-22 19:15:39.193,2108,60.09150695800781,PPACOPPE_maior_60,> 60.07
2026-01-22 19:15:39.210,2108,60.09538269042969,PPACOPPE_maior_60,> 60.07
2026-01-22 19:15:39.226,2108,60.099571228027344,PPACOPPE_maior_60,> 60.07
2026-01-22 19:15:39.243,2108,60.09778594970703,PPACOPPE_maior_60,> 60.07
2026-01-22 19:15:39.260,2108,60.093448638916016,PPACOPPE_maior_60,> 60.07
2026-01-22 19:15:39.277,2108,60.091285705566406,PPACOPPE_maior_60,> 60.07
2026-01-22 19:15:39.293,2108,60.0933952331543,PPACOPPE_maior_60,> 60.07
2026-01-22 19:15:39.310,2108,60.096031188964844,PPACOPPE_maior_60,> 60.07
2026-01-22 19:15:39.326,2108,60.0960807800293,PPACOPPE_maior_60,> 60.07
2026-01-22 19:15:39.343,2108,60.095577239990234,PPACOPPE_maior_60,> 60.07
2026-01-22 19:15:39.359,2108,60.0950813293457,PPACOPPE_maior_60,> 60.07
2026-01-22 19:15:39.377,2108,60.095176696777344,PPACOPPE_maior_60,> 60.07
2026-01-22 19:15:39.393,2108,60.094879150390625,PPACOPPE_maior_60,> 60.07
2026-01-22 19:15:39.410,2108,60.094234466552734,PPACOPPE_maior_60,> 60.07
2026-01-22 19:15:39.426,2108,60.093753814697266,PPACOPPE_maior_60,> 60.07
2026-01-22 19:15:39.443,2108,60.093727111816406,PPACOPPE_maior_60,> 60.07
2026-01-22 19:15:39.460,2108,60.09586715698242,PPACOPPE_maior_60,> 60.07
2026-01-22 19:15:39.476,2108,60.09715270996094,PPACOPPE_maior_60,> 60.07
2026-01-22 19:15:39.493,2108,60.09650802612305,PPACOPPE_maior_60,> 60.07
2026-01-22 19:15:39.510,2108,60.096195220947266,PPACOPPE_maior_60,> 60.07
2026-01-22 19:15:39.527,2108,60.09483337402344,PPACOPPE_maior_60,> 60.07
2026-01-22 19:15:39.543,2108,60.093055725097656,PPACOPPE_maior_60,> 60.07
2026-01-22 19:15:39.559,2108,60.09374237060547,PPACOPPE_maior_60,> 60.07
2026-01-22 19:15:39.580,2108,60.09498977661133,PPACOPPE_maior_60,> 60.07
2026-01-22 19:15:39.593,2108,60.09376907348633,PPACOPPE_maior_60,> 60.07
2026-01-22 19:15:39.610,2108,60.09354782104492,PPACOPPE_maior_60,> 60.07
2026-01-22 19:15:39.627,2108,60.094783782958984,PPACOPPE_maior_60,> 60.07
2026-01-22 19:15:39.643,2108,60.09577178955078,PPACOPPE_maior_60,> 60.07
2026-01-22 19:15:39.660,2108,60.09687423706055,PPACOPPE_maior_60,> 60.07
2026-01-22 19:15:39.677,2108,60.094825744628906,PPACOPPE_maior_60,> 60.07
2026-01-22 19:15:39.694,2108,60.093360900878906,PPACOPPE_maior_60,> 60.07
2026-01-22 19:15:39.711,2108,60.094364166259766,PPACOPPE_maior_60,> 60.07
2026-01-22 19:15:39.727,2108,60.093379974365234,PPACOPPE_maior_60,> 60.07
2026-01-22 19:15:39.743,2108,60.094173431396484,PPACOPPE_maior_60,> 60.07
2026-01-22 19:15:39.759,2108,60.09611129760742,PPACOPPE_maior_60,> 60.07
2026-01-22 19:15:39.776,2108,60.093658447265625,PPACOPPE_maior_60,> 60.07
2026-01-22 19:15:39.793,2108,60.09121322631836,PPACOPPE_maior_60,> 60.07
2026-01-22 19:15:39.809,2108,60.09295654296875,PPACOPPE_maior_60,> 60.07
2026-01-22 19:15:39.826,2108,60.095947265625,PPACOPPE_maior_60,> 60.07
2026-01-22 19:15:39.843,2108,60.095149993896484,PPACOPPE_maior_60,> 60.07
2026-01-22 19:15:39.860,2108,60.092472076416016,PPACOPPE_maior_60,> 60.07
2026-01-22 19:15:39.876,2108,60.09285354614258,PPACOPPE_maior_60,> 60.07
2026-01-22 19:15:39.893,2108,60.09360885620117,PPACOPPE_maior_60,> 60.07
2026-01-22 19:15:39.910,2108,60.093589782714844,PPACOPPE_maior_60,> 60.07
2026-01-22 19:15:39.926,2108,60.09389114379883,PPACOPPE_maior_60,> 60.07
2026-01-22 19:15:39.943,2108,60.09318923950195,PPACOPPE_maior_60,> 60.07
2026-01-22 19:15:39.959,2108,60.091644287109375,PPACOPPE_maior_60,> 60.07
2026-01-22 19:15:39.976,2108,60.09038543701172,PPACOPPE_maior_60,> 60.07
2026-01-22 19:15:39.994,2108,60.091835021972656,PPACOPPE_maior_60,> 60.07
2026-01-22 19:15:40.010,2108,60.09537887573242,PPACOPPE_maior_60,> 60.07
2026-01-22 19:15:40.027,2108,60.09591293334961,PPACOPPE_maior_60,> 60.07
2026-01-22 19:15:40.043,2108,60.09354782104492,PPACOPPE_maior_60,> 60.07
2026-01-22 19:15:40.060,2108,60.09284210205078,PPACOPPE_maior_60,> 60.07
2026-01-22 19:15:40.079,2108,60.092830657958984,PPACOPPE_maior_60,> 60.07
2026-01-22 19:15:40.093,2108,60.09223556518555,PPACOPPE_maior_60,> 60.07
2026-01-22 19:15:40.110,2108,60.09225845336914,PPACOPPE_maior_60,> 60.07
2026-01-22 19:15:40.128,2108,60.091915130615234,PPACOPPE_maior_60,> 60.07
2026-01-22 19:15:40.145,2108,60.09298324584961,PPACOPPE_maior_60,> 60.07
2026-01-22 19:15:40.174,2108,60.09463882446289,PPACOPPE_maior_60,> 60.07
2026-01-22 19:15:40.177,2108,60.09382629394531,PPACOPPE_maior_60,> 60.07
2026-01-22 19:15:40.193,2108,60.09278106689453,PPACOPPE_maior_60,> 60.07
2026-01-22 19:15:40.210,2108,60.09230422973633,PPACOPPE_maior_60,> 60.07
2026-01-22 19:15:40.227,2108,60.09239196777344,PPACOPPE_maior_60,> 60.07
2026-01-22 19:15:40.244,2108,60.093624114990234,PPACOPPE_maior_60,> 60.07
2026-01-22 19:15:40.262,2108,60.094642639160156,PPACOPPE_maior_60,> 60.07
2026-01-22 19:15:40.277,2108,60.09443283081055,PPACOPPE_maior_60,> 60.07
2026-01-22 19:15:40.294,2108,60.0921745300293,PPACOPPE_maior_60,> 60.07
2026-01-22 19:15:40.316,2108,60.091148376464844,PPACOPPE_maior_60,> 60.07
2026-01-22 19:15:40.327,2108,60.09382247924805,PPACOPPE_maior_60,> 60.07
2026-01-22 19:15:40.343,2108,60.094505310058594,PPACOPPE_maior_60,> 60.07
2026-01-22 19:15:40.360,2108,60.09210205078125,PPACOPPE_maior_60,> 60.07
2026-01-22 19:15:40.376,2108,60.09221649169922,PPACOPPE_maior_60,> 60.07
2026-01-22 19:15:40.393,2108,60.09419250488281,PPACOPPE_maior_60,> 60.07
2026-01-22 19:15:40.410,2108,60.09408187866211,PPACOPPE_maior_60,> 60.07
2026-01-22 19:15:40.426,2108,60.09269714355469,PPACOPPE_maior_60,> 60.07
2026-01-22 19:15:40.443,2108,60.09239959716797,PPACOPPE_maior_60,> 60.07
2026-01-22 19:15:40.461,2108,60.0922737121582,PPACOPPE_maior_60,> 60.07
2026-01-22 19:15:40.476,2108,60.092376708984375,PPACOPPE_maior_60,> 60.07
2026-01-22 19:15:40.494,2108,60.09218215942383,PPACOPPE_maior_60,> 60.07
2026-01-22 19:15:40.510,2108,60.091339111328125,PPACOPPE_maior_60,> 60.07
2026-01-22 19:15:40.527,2108,60.09349822998047,PPACOPPE_maior_60,> 60.07
2026-01-22 19:15:40.543,2108,60.09558868408203,PPACOPPE_maior_60,> 60.07
2026-01-22 19:15:40.560,2108,60.09282302856445,PPACOPPE_maior_60,> 60.07
2026-01-22 19:15:40.577,2108,60.08977127075195,PPACOPPE_maior_60,> 60.07
2026-01-22 19:15:40.593,2108,60.090919494628906,PPACOPPE_maior_60,> 60.07
2026-01-22 19:15:40.610,2108,60.09423065185547,PPACOPPE_maior_60,> 60.07
2026-01-22 19:15:40.626,2108,60.09379577636719,PPACOPPE_maior_60,> 60.07
2026-01-22 19:15:40.643,2108,60.09184646606445,PPACOPPE_maior_60,> 60.07
2026-01-22 19:15:40.660,2108,60.093223571777344,PPACOPPE_maior_60,> 60.07
2026-01-22 19:15:40.677,2108,60.09379196166992,PPACOPPE_maior_60,> 60.07
2026-01-22 19:15:40.693,2108,60.09339904785156,PPACOPPE_maior_60,> 60.07
2026-01-22 19:15:40.710,2108,60.09306335449219,PPACOPPE_maior_60,> 60.07
2026-01-22 19:15:40.726,2108,60.091793060302734,PPACOPPE_maior_60,> 60.07
2026-01-22 19:15:40.744,2108,60.092166900634766,PPACOPPE_maior_60,> 60.07
2026-01-22 19:15:40.759,2108,60.092037200927734,PPACOPPE_maior_60,> 60.07
2026-01-22 19:15:40.776,2108,60.0906867980957,PPACOPPE_maior_60,> 60.07
2026-01-22 19:15:40.793,2108,60.09097671508789,PPACOPPE_maior_60,> 60.07
2026-01-22 19:15:40.810,2108,60.09175491333008,PPACOPPE_maior_60,> 60.07
2026-01-22 19:15:40.827,2108,60.09281539916992,PPACOPPE_maior_60,> 60.07
2026-01-22 19:15:40.843,2108,60.09324645996094,PPACOPPE_maior_60,> 60.07
2026-01-22 19:15:40.867,2108,60.0927848815918,PPACOPPE_maior_60,> 60.07
2026-01-22 19:15:40.878,2108,60.09199523925781,PPACOPPE_maior_60,> 60.07
2026-01-22 19:15:40.893,2108,60.088775634765625,PPACOPPE_maior_60,> 60.07
2026-01-22 19:15:40.910,2108,60.08868408203125,PPACOPPE_maior_60,> 60.07
2026-01-22 19:15:40.927,2108,60.094207763671875,PPACOPPE_maior_60,> 60.07
2026-01-22 19:15:40.943,2108,60.09492874145508,PPACOPPE_maior_60,> 60.07
2026-01-22 19:15:40.960,2108,60.09039306640625,PPACOPPE_maior_60,> 60.07
2026-01-22 19:15:40.977,2108,60.08915328979492,PPACOPPE_maior_60,> 60.07
2026-01-22 19:15:40.993,2108,60.091407775878906,PPACOPPE_maior_60,> 60.07
2026-01-22 19:15:41.010,2108,60.092315673828125,PPACOPPE_maior_60,> 60.07
2026-01-22 19:15:41.031,2108,60.09021759033203,PPACOPPE_maior_60,> 60.07
2026-01-22 19:15:41.043,2108,60.08979034423828,PPACOPPE_maior_60,> 60.07
2026-01-22 19:15:41.060,2108,60.09352111816406,PPACOPPE_maior_60,> 60.07
2026-01-22 19:15:41.077,2108,60.09391784667969,PPACOPPE_maior_60,> 60.07
2026-01-22 19:15:41.093,2108,60.0904655456543,PPACOPPE_maior_60,> 60.07
2026-01-22 19:15:41.112,2108,60.09025955200195,PPACOPPE_maior_60,> 60.07
2026-01-22 19:15:41.127,2108,60.091068267822266,PPACOPPE_maior_60,> 60.07
2026-01-22 19:15:41.143,2108,60.09085464477539,PPACOPPE_maior_60,> 60.07
2026-01-22 19:15:41.160,2108,60.0898323059082,PPACOPPE_maior_60,> 60.07
2026-01-22 19:15:41.176,2108,60.08942794799805,PPACOPPE_maior_60,> 60.07
2026-01-22 19:15:41.193,2108,60.09358215332031,PPACOPPE_maior_60,> 60.07
2026-01-22 19:15:41.210,2108,60.094364166259766,PPACOPPE_maior_60,> 60.07
2026-01-22 19:15:41.226,2108,60.089996337890625,PPACOPPE_maior_60,> 60.07
2026-01-22 19:15:41.243,2108,60.09021759033203,PPACOPPE_maior_60,> 60.07
2026-01-22 19:15:41.260,2108,60.092350006103516,PPACOPPE_maior_60,> 60.07
2026-01-22 19:15:41.276,2108,60.09036636352539,PPACOPPE_maior_60,> 60.07
2026-01-22 19:15:41.293,2108,60.08564758300781,PPACOPPE_maior_60,> 60.07
2026-01-22 19:15:41.309,2108,60.08540725708008,PPACOPPE_maior_60,> 60.07
2026-01-22 19:15:41.326,2108,60.092044830322266,PPACOPPE_maior_60,> 60.07
2026-01-22 19:15:41.343,2108,60.0946159362793,PPACOPPE_maior_60,> 60.07
2026-01-22 19:15:41.359,2108,60.09202194213867,PPACOPPE_maior_60,> 60.07
2026-01-22 19:15:41.376,2108,60.09109878540039,PPACOPPE_maior_60,> 60.07
2026-01-22 19:15:41.393,2108,60.0897102355957,PPACOPPE_maior_60,> 60.07
2026-01-22 19:15:41.410,2108,60.088714599609375,PPACOPPE_maior_60,> 60.07
2026-01-22 19:15:41.427,2108,60.08847427368164,PPACOPPE_maior_60,> 60.07
2026-01-22 19:15:41.443,2108,60.08924865722656,PPACOPPE_maior_60,> 60.07
2026-01-22 19:15:41.460,2108,60.092369079589844,PPACOPPE_maior_60,> 60.07
2026-01-22 19:15:41.476,2108,60.091426849365234,PPACOPPE_maior_60,> 60.07
2026-01-22 19:15:41.493,2108,60.08710479736328,PPACOPPE_maior_60,> 60.07
2026-01-22 19:15:41.510,2108,60.08684539794922,PPACOPPE_maior_60,> 60.07
2026-01-22 19:15:41.526,2108,60.08917999267578,PPACOPPE_maior_60,> 60.07
2026-01-22 19:15:41.543,2108,60.089900970458984,PPACOPPE_maior_60,> 60.07
2026-01-22 19:15:41.560,2108,60.088958740234375,PPACOPPE_maior_60,> 60.07
2026-01-22 19:15:41.577,2108,60.08842086791992,PPACOPPE_maior_60,> 60.07
2026-01-22 19:15:41.593,2108,60.088478088378906,PPACOPPE_maior_60,> 60.07
2026-01-22 19:15:41.615,2108,60.09003448486328,PPACOPPE_maior_60,> 60.07
2026-01-22 19:15:41.627,2108,60.09214401245117,PPACOPPE_maior_60,> 60.07
2026-01-22 19:15:41.643,2108,60.09043884277344,PPACOPPE_maior_60,> 60.07
2026-01-22 19:15:41.659,2108,60.08744430541992,PPACOPPE_maior_60,> 60.07
2026-01-22 19:15:41.676,2108,60.086692810058594,PPACOPPE_maior_60,> 60.07
2026-01-22 19:15:41.693,2108,60.087730407714844,PPACOPPE_maior_60,> 60.07
2026-01-22 19:15:41.710,2108,60.0892448425293,PPACOPPE_maior_60,> 60.07
2026-01-22 19:15:41.727,2108,60.08879089355469,PPACOPPE_maior_60,> 60.07
2026-01-22 19:15:41.744,2108,60.08837890625,PPACOPPE_maior_60,> 60.07
2026-01-22 19:15:41.759,2108,60.089073181152344,PPACOPPE_maior_60,> 60.07
2026-01-22 19:15:41.776,2108,60.08992385864258,PPACOPPE_maior_60,> 60.07
2026-01-22 19:15:41.793,2108,60.0880126953125,PPACOPPE_maior_60,> 60.07
2026-01-22 19:15:41.810,2108,60.08212661743164,PPACOPPE_maior_60,> 60.07
2026-01-22 19:15:41.826,2108,60.08283615112305,PPACOPPE_maior_60,> 60.07
2026-01-22 19:15:41.844,2108,60.08939743041992,PPACOPPE_maior_60,> 60.07
2026-01-22 19:15:41.863,2108,60.09048843383789,PPACOPPE_maior_60,> 60.07
2026-01-22 19:15:41.881,2108,60.089229583740234,PPACOPPE_maior_60,> 60.07
2026-01-22 19:15:41.906,2108,60.087554931640625,PPACOPPE_maior_60,> 60.07
2026-01-22 19:15:41.928,2108,60.08616256713867,PPACOPPE_maior_60,> 60.07
2026-01-22 19:15:41.930,2108,60.087371826171875,PPACOPPE_maior_60,> 60.07
2026-01-22 19:15:41.950,2108,60.08721160888672,PPACOPPE_maior_60,> 60.07
2026-01-22 19:15:41.960,2108,60.08712387084961,PPACOPPE_maior_60,> 60.07
2026-01-22 19:15:41.976,2108,60.08653259277344,PPACOPPE_maior_60,> 60.07
2026-01-22 19:15:41.993,2108,60.084625244140625,PPACOPPE_maior_60,> 60.07
2026-01-22 19:15:42.010,2108,60.08509063720703,PPACOPPE_maior_60,> 60.07
2026-01-22 19:15:42.027,2108,60.0860481262207,PPACOPPE_maior_60,> 60.07
2026-01-22 19:15:42.043,2108,60.08806228637695,PPACOPPE_maior_60,> 60.07
2026-01-22 19:15:42.060,2108,60.089717864990234,PPACOPPE_maior_60,> 60.07
2026-01-22 19:15:42.076,2108,60.08663558959961,PPACOPPE_maior_60,> 60.07
2026-01-22 19:15:42.093,2108,60.0843620300293,PPACOPPE_maior_60,> 60.07
2026-01-22 19:15:42.110,2108,60.08577346801758,PPACOPPE_maior_60,> 60.07
2026-01-22 19:15:42.127,2108,60.08719253540039,PPACOPPE_maior_60,> 60.07
2026-01-22 19:15:42.143,2108,60.08552169799805,PPACOPPE_maior_60,> 60.07
2026-01-22 19:15:42.159,2108,60.0806770324707,PPACOPPE_maior_60,> 60.07
2026-01-22 19:15:42.176,2108,60.08180236816406,PPACOPPE_maior_60,> 60.07
2026-01-22 19:15:42.193,2108,60.08662796020508,PPACOPPE_maior_60,> 60.07
2026-01-22 19:15:42.210,2108,60.085750579833984,PPACOPPE_maior_60,> 60.07
2026-01-22 19:15:42.227,2108,60.085872650146484,PPACOPPE_maior_60,> 60.07
2026-01-22 19:15:42.243,2108,60.089542388916016,PPACOPPE_maior_60,> 60.07
2026-01-22 19:15:42.260,2108,60.08999252319336,PPACOPPE_maior_60,> 60.07
2026-01-22 19:15:42.276,2108,60.08503723144531,PPACOPPE_maior_60,> 60.07
2026-01-22 19:15:42.293,2108,60.08210754394531,PPACOPPE_maior_60,> 60.07
2026-01-22 19:15:42.310,2108,60.08336639404297,PPACOPPE_maior_60,> 60.07
2026-01-22 19:15:42.326,2108,60.084659576416016,PPACOPPE_maior_60,> 60.07
2026-01-22 19:15:42.343,2108,60.0864372253418,PPACOPPE_maior_60,> 60.07
2026-01-22 19:15:42.360,2108,60.0867805480957,PPACOPPE_maior_60,> 60.07
2026-01-22 19:15:42.376,2108,60.08591842651367,PPACOPPE_maior_60,> 60.07
2026-01-22 19:15:42.394,2108,60.085205078125,PPACOPPE_maior_60,> 60.07
2026-01-22 19:15:42.410,2108,60.08447265625,PPACOPPE_maior_60,> 60.07
2026-01-22 19:15:42.426,2108,60.0844612121582,PPACOPPE_maior_60,> 60.07
2026-01-22 19:15:42.443,2108,60.08444595336914,PPACOPPE_maior_60,> 60.07
2026-01-22 19:15:42.460,2108,60.084754943847656,PPACOPPE_maior_60,> 60.07
2026-01-22 19:15:42.477,2108,60.08506774902344,PPACOPPE_maior_60,> 60.07
2026-01-22 19:15:42.493,2108,60.084922790527344,PPACOPPE_maior_60,> 60.07
2026-01-22 19:15:42.509,2108,60.084468841552734,PPACOPPE_maior_60,> 60.07
2026-01-22 19:15:42.526,2108,60.08277893066406,PPACOPPE_maior_60,> 60.07
2026-01-22 19:15:42.543,2108,60.084075927734375,PPACOPPE_maior_60,> 60.07
2026-01-22 19:15:42.560,2108,60.08791732788086,PPACOPPE_maior_60,> 60.07
2026-01-22 19:15:42.576,2108,60.087039947509766,PPACOPPE_maior_60,> 60.07
2026-01-22 19:15:42.593,2108,60.08208465576172,PPACOPPE_maior_60,> 60.07
2026-01-22 19:15:42.610,2108,60.07832717895508,PPACOPPE_maior_60,> 60.07
2026-01-22 19:15:42.626,2108,60.08067321777344,PPACOPPE_maior_60,> 60.07
2026-01-22 19:15:42.643,2108,60.08539581298828,PPACOPPE_maior_60,> 60.07
2026-01-22 19:15:42.660,2108,60.085304260253906,PPACOPPE_maior_60,> 60.07
2026-01-22 19:15:42.677,2108,60.083099365234375,PPACOPPE_maior_60,> 60.07
2026-01-22 19:15:42.693,2108,60.08250045776367,PPACOPPE_maior_60,> 60.07
2026-01-22 19:15:42.710,2108,60.08376693725586,PPACOPPE_maior_60,> 60.07
2026-01-22 19:15:42.727,2108,60.085121154785156,PPACOPPE_maior_60,> 60.07
2026-01-22 19:15:42.743,2108,60.08464813232422,PPACOPPE_maior_60,> 60.07
2026-01-22 19:15:42.760,2108,60.08272171020508,PPACOPPE_maior_60,> 60.07
2026-01-22 19:15:42.776,2108,60.08055114746094,PPACOPPE_maior_60,> 60.07
2026-01-22 19:15:42.792,2108,60.080833435058594,PPACOPPE_maior_60,> 60.07
2026-01-22 19:15:42.810,2108,60.08250045776367,PPACOPPE_maior_60,> 60.07
2026-01-22 19:15:42.826,2108,60.08293151855469,PPACOPPE_maior_60,> 60.07
2026-01-22 19:15:42.843,2108,60.08300018310547,PPACOPPE_maior_60,> 60.07
2026-01-22 19:15:42.860,2108,60.081329345703125,PPACOPPE_maior_60,> 60.07
2026-01-22 19:15:42.876,2108,60.080326080322266,PPACOPPE_maior_60,> 60.07
2026-01-22 19:15:42.893,2108,60.08285903930664,PPACOPPE_maior_60,> 60.07
2026-01-22 19:15:42.910,2108,60.08351135253906,PPACOPPE_maior_60,> 60.07
2026-01-22 19:15:42.926,2108,60.08183288574219,PPACOPPE_maior_60,> 60.07
2026-01-22 19:15:42.943,2108,60.08080291748047,PPACOPPE_maior_60,> 60.07
2026-01-22 19:15:42.959,2108,60.080841064453125,PPACOPPE_maior_60,> 60.07
2026-01-22 19:15:42.976,2108,60.08218002319336,PPACOPPE_maior_60,> 60.07
2026-01-22 19:15:42.993,2108,60.08293533325195,PPACOPPE_maior_60,> 60.07
2026-01-22 19:15:43.010,2108,60.082557678222656,PPACOPPE_maior_60,> 60.07
2026-01-22 19:15:43.027,2108,60.08042526245117,PPACOPPE_maior_60,> 60.07
2026-01-22 19:15:43.043,2108,60.07881164550781,PPACOPPE_maior_60,> 60.07
2026-01-22 19:15:43.060,2108,60.08055877685547,PPACOPPE_maior_60,> 60.07
2026-01-22 19:15:43.076,2108,60.08233642578125,PPACOPPE_maior_60,> 60.07
2026-01-22 19:15:43.093,2108,60.08259582519531,PPACOPPE_maior_60,> 60.07
2026-01-22 19:15:43.110,2108,60.0800895690918,PPACOPPE_maior_60,> 60.07
2026-01-22 19:15:43.126,2108,60.0779914855957,PPACOPPE_maior_60,> 60.07
2026-01-22 19:15:43.143,2108,60.08034133911133,PPACOPPE_maior_60,> 60.07
2026-01-22 19:15:43.160,2108,60.08131408691406,PPACOPPE_maior_60,> 60.07
2026-01-22 19:15:43.176,2108,60.08142852783203,PPACOPPE_maior_60,> 60.07
2026-01-22 19:15:43.201,2108,60.081443786621094,PPACOPPE_maior_60,> 60.07
2026-01-22 19:15:43.222,2108,60.07817077636719,PPACOPPE_maior_60,> 60.07
2026-01-22 19:15:43.238,2108,60.07811737060547,PPACOPPE_maior_60,> 60.07
2026-01-22 19:15:43.255,2108,60.08092498779297,PPACOPPE_maior_60,> 60.07
2026-01-22 19:15:43.260,2108,60.08194351196289,PPACOPPE_maior_60,> 60.07
2026-01-22 19:15:43.276,2108,60.082096099853516,PPACOPPE_maior_60,> 60.07
2026-01-22 19:15:43.293,2108,60.078914642333984,PPACOPPE_maior_60,> 60.07
2026-01-22 19:15:43.310,2108,60.07664489746094,PPACOPPE_maior_60,> 60.07
2026-01-22 19:15:43.327,2108,60.07845687866211,PPACOPPE_maior_60,> 60.07
2026-01-22 19:15:43.343,2108,60.08053207397461,PPACOPPE_maior_60,> 60.07
2026-01-22 19:15:43.360,2108,60.08041763305664,PPACOPPE_maior_60,> 60.07
2026-01-22 19:15:43.376,2108,60.077598571777344,PPACOPPE_maior_60,> 60.07
2026-01-22 19:15:43.399,2108,60.07733154296875,PPACOPPE_maior_60,> 60.07
2026-01-22 19:15:43.410,2108,60.079345703125,PPACOPPE_maior_60,> 60.07
2026-01-22 19:15:43.426,2108,60.07978439331055,PPACOPPE_maior_60,> 60.07
2026-01-22 19:15:43.443,2108,60.08057403564453,PPACOPPE_maior_60,> 60.07
2026-01-22 19:15:43.459,2108,60.08071517944336,PPACOPPE_maior_60,> 60.07
2026-01-22 19:15:43.476,2108,60.078556060791016,PPACOPPE_maior_60,> 60.07
2026-01-22 19:15:43.496,2108,60.07707214355469,PPACOPPE_maior_60,> 60.07
2026-01-22 19:15:43.510,2108,60.077640533447266,PPACOPPE_maior_60,> 60.07
2026-01-22 19:15:43.526,2108,60.079063415527344,PPACOPPE_maior_60,> 60.07
2026-01-22 19:15:43.543,2108,60.07950973510742,PPACOPPE_maior_60,> 60.07
2026-01-22 19:15:43.559,2108,60.07762145996094,PPACOPPE_maior_60,> 60.07
2026-01-22 19:15:43.576,2108,60.07648468017578,PPACOPPE_maior_60,> 60.07
2026-01-22 19:15:43.593,2108,60.078208923339844,PPACOPPE_maior_60,> 60.07
2026-01-22 19:15:43.610,2108,60.078800201416016,PPACOPPE_maior_60,> 60.07
2026-01-22 19:15:43.626,2108,60.07682418823242,PPACOPPE_maior_60,> 60.07
2026-01-22 19:15:43.643,2108,60.076744079589844,PPACOPPE_maior_60,> 60.07
2026-01-22 19:15:43.660,2108,60.07756042480469,PPACOPPE_maior_60,> 60.07
2026-01-22 19:15:43.677,2108,60.07664108276367,PPACOPPE_maior_60,> 60.07
2026-01-22 19:15:43.693,2108,60.07717514038086,PPACOPPE_maior_60,> 60.07
2026-01-22 19:15:43.709,2108,60.07807159423828,PPACOPPE_maior_60,> 60.07
2026-01-22 19:15:43.726,2108,60.07783889770508,PPACOPPE_maior_60,> 60.07
2026-01-22 19:15:43.743,2108,60.07759094238281,PPACOPPE_maior_60,> 60.07
2026-01-22 19:15:43.760,2108,60.07659912109375,PPACOPPE_maior_60,> 60.07
2026-01-22 19:15:43.777,2108,60.07611083984375,PPACOPPE_maior_60,> 60.07
2026-01-22 19:15:43.793,2108,60.07563781738281,PPACOPPE_maior_60,> 60.07
2026-01-22 19:15:43.810,2108,60.07551193237305,PPACOPPE_maior_60,> 60.07
2026-01-22 19:15:43.826,2108,60.076873779296875,PPACOPPE_maior_60,> 60.07
2026-01-22 19:15:43.843,2108,60.07729721069336,PPACOPPE_maior_60,> 60.07
2026-01-22 19:15:43.859,2108,60.0776481628418,PPACOPPE_maior_60,> 60.07
2026-01-22 19:15:43.877,2108,60.07758712768555,PPACOPPE_maior_60,> 60.07
2026-01-22 19:15:43.893,2108,60.0763053894043,PPACOPPE_maior_60,> 60.07
2026-01-22 19:15:43.910,2108,60.076839447021484,PPACOPPE_maior_60,> 60.07
2026-01-22 19:15:43.927,2108,60.077003479003906,PPACOPPE_maior_60,> 60.07
2026-01-22 19:15:43.943,2108,60.07557678222656,PPACOPPE_maior_60,> 60.07
2026-01-22 19:15:43.959,2108,60.075130462646484,PPACOPPE_maior_60,> 60.07
2026-01-22 19:15:43.976,2108,60.074668884277344,PPACOPPE_maior_60,> 60.07
2026-01-22 19:15:43.993,2108,60.07442092895508,PPACOPPE_maior_60,> 60.07
2026-01-22 19:15:44.010,2108,60.075523376464844,PPACOPPE_maior_60,> 60.07
2026-01-22 19:15:44.027,2108,60.07666015625,PPACOPPE_maior_60,> 60.07
2026-01-22 19:15:44.043,2108,60.07552719116211,PPACOPPE_maior_60,> 60.07
2026-01-22 19:15:44.059,2108,60.07307815551758,PPACOPPE_maior_60,> 60.07
2026-01-22 19:15:44.077,2108,60.073211669921875,PPACOPPE_maior_60,> 60.07
2026-01-22 19:15:44.093,2108,60.075294494628906,PPACOPPE_maior_60,> 60.07
2026-01-22 19:15:44.110,2108,60.075950622558594,PPACOPPE_maior_60,> 60.07
2026-01-22 19:15:44.127,2108,60.07430648803711,PPACOPPE_maior_60,> 60.07
2026-01-22 19:15:44.144,2108,60.07233810424805,PPACOPPE_maior_60,> 60.07
2026-01-22 19:15:44.160,2108,60.0729866027832,PPACOPPE_maior_60,> 60.07
2026-01-22 19:15:44.177,2108,60.07448959350586,PPACOPPE_maior_60,> 60.07
2026-01-22 19:15:44.194,2108,60.074371337890625,PPACOPPE_maior_60,> 60.07
2026-01-22 19:15:44.210,2108,60.07366943359375,PPACOPPE_maior_60,> 60.07
2026-01-22 19:15:44.227,2108,60.07408142089844,PPACOPPE_maior_60,> 60.07
2026-01-22 19:15:44.243,2108,60.075016021728516,PPACOPPE_maior_60,> 60.07
2026-01-22 19:15:44.259,2108,60.07382583618164,PPACOPPE_maior_60,> 60.07
2026-01-22 19:15:44.276,2108,60.0716667175293,PPACOPPE_maior_60,> 60.07
2026-01-22 19:15:44.293,2108,60.07194900512695,PPACOPPE_maior_60,> 60.07
2026-01-22 19:15:44.310,2108,60.073062896728516,PPACOPPE_maior_60,> 60.07
2026-01-22 19:15:44.326,2108,60.07429122924805,PPACOPPE_maior_60,> 60.07
2026-01-22 19:15:44.343,2108,60.07548904418945,PPACOPPE_maior_60,> 60.07
2026-01-22 19:15:44.359,2108,60.0740852355957,PPACOPPE_maior_60,> 60.07
2026-01-22 19:15:44.376,2108,60.07232666015625,PPACOPPE_maior_60,> 60.07
2026-01-22 19:15:44.394,2108,60.07221603393555,PPACOPPE_maior_60,> 60.07
2026-01-22 19:15:44.410,2108,60.07355499267578,PPACOPPE_maior_60,> 60.07
2026-01-22 19:15:44.427,2108,60.07450866699219,PPACOPPE_maior_60,> 60.07
2026-01-22 19:15:44.443,2108,60.07243347167969,PPACOPPE_maior_60,> 60.07
2026-01-22 19:15:44.460,2108,60.07202911376953,PPACOPPE_maior_60,> 60.07
2026-01-22 19:15:44.476,2108,60.07273483276367,PPACOPPE_maior_60,> 60.07
2026-01-22 19:15:44.492,2108,60.07223892211914,PPACOPPE_maior_60,> 60.07
2026-01-22 19:15:44.509,2108,60.07350158691406,PPACOPPE_maior_60,> 60.07
2026-01-22 19:15:44.526,2108,60.07304000854492,PPACOPPE_maior_60,> 60.07
2026-01-22 19:15:44.543,2108,60.07196807861328,PPACOPPE_maior_60,> 60.07
2026-01-22 19:15:44.560,2108,60.072479248046875,PPACOPPE_maior_60,> 60.07
2026-01-22 19:15:44.577,2108,60.07114791870117,PPACOPPE_maior_60,> 60.07
2026-01-22 19:15:44.593,2108,60.070865631103516,PPACOPPE_maior_60,> 60.07
2026-01-22 19:15:44.610,2108,60.07129669189453,PPACOPPE_maior_60,> 60.07
2026-01-22 19:15:44.626,2108,60.070350646972656,PPACOPPE_maior_60,> 60.07
2026-01-22 19:15:44.643,2108,60.07001876831055,PPACOPPE_maior_60,> 60.07
2026-01-22 19:15:44.676,2108,60.070457458496094,PPACOPPE_maior_60,> 60.07
2026-01-22 19:15:44.693,2108,60.072391510009766,PPACOPPE_maior_60,> 60.07
2026-01-22 19:15:44.710,2108,60.071556091308594,PPACOPPE_maior_60,> 60.07
2026-01-22 19:15:44.726,2108,60.07041931152344,PPACOPPE_maior_60,> 60.07
2026-01-22 19:15:44.743,2108,60.070159912109375,PPACOPPE_maior_60,> 60.07
2026-01-22 19:15:44.760,2108,60.0704345703125,PPACOPPE_maior_60,> 60.07
2026-01-22 19:15:44.777,2108,60.07102966308594,PPACOPPE_maior_60,> 60.07
2026-01-22 19:15:44.863,2108,60.071842193603516,PPACOPPE_maior_60,> 60.07
2026-01-22 19:15:44.877,2108,60.07103729248047,PPACOPPE_maior_60,> 60.07
2026-01-22 19:15:45.044,2108,60.070152282714844,PPACOPPE_maior_60,> 60.07
2026-01-22 19:48:33.359,2108,60.00033187866211,PPACOPPE_maior_60,> 60.0
2026-01-22 19:48:33.376,2108,60.00032043457031,PPACOPPE_maior_60,> 60.0
2026-01-22 19:48:33.443,2108,60.00051498413086,PPACOPPE_maior_60,> 60.0
2026-01-22 19:48:33.526,2108,60.000736236572266,PPACOPPE_maior_60,> 60.0
2026-01-22 19:48:33.593,2108,60.00037384033203,PPACOPPE_maior_60,> 60.0
2026-01-22 19:48:33.610,2108,60.00023651123047,PPACOPPE_maior_60,> 60.0
2026-01-22 19:48:33.659,2108,60.00023651123047,PPACOPPE_maior_60,> 60.0
2026-01-22 19:48:33.726,2108,60.00109100341797,PPACOPPE_maior_60,> 60.0
2026-01-22 19:48:33.793,2108,60.00014114379883,PPACOPPE_maior_60,> 60.0
2026-01-22 19:48:33.809,2108,60.001426696777344,PPACOPPE_maior_60,> 60.0
2026-01-22 19:48:33.876,2108,60.002586364746094,PPACOPPE_maior_60,> 60.0
2026-01-22 19:48:33.893,2108,60.00417709350586,PPACOPPE_maior_60,> 60.0
2026-01-22 19:48:33.909,2108,60.00106430053711,PPACOPPE_maior_60,> 60.0
2026-01-22 19:48:33.960,2108,60.002376556396484,PPACOPPE_maior_60,> 60.0
2026-01-22 19:48:33.976,2108,60.00357437133789,PPACOPPE_maior_60,> 60.0
2026-01-22 19:48:34.026,2108,60.00109100341797,PPACOPPE_maior_60,> 60.0
2026-01-22 19:48:34.043,2108,60.00142288208008,PPACOPPE_maior_60,> 60.0
2026-01-22 19:48:34.059,2108,60.00019454956055,PPACOPPE_maior_60,> 60.0
2026-01-22 19:48:34.109,2108,60.00149154663086,PPACOPPE_maior_60,> 60.0
2026-01-22 19:48:34.126,2108,60.001976013183594,PPACOPPE_maior_60,> 60.0
2026-01-22 19:48:34.143,2108,60.00050735473633,PPACOPPE_maior_60,> 60.0
2026-01-22 19:48:34.159,2108,60.00020980834961,PPACOPPE_maior_60,> 60.0
2026-01-22 19:48:34.176,2108,60.00149154663086,PPACOPPE_maior_60,> 60.0
2026-01-22 19:48:34.193,2108,60.00156784057617,PPACOPPE_maior_60,> 60.0
2026-01-22 19:48:34.209,2108,60.000911712646484,PPACOPPE_maior_60,> 60.0
2026-01-22 19:48:34.243,2108,60.00015640258789,PPACOPPE_maior_60,> 60.0
2026-01-22 19:48:34.260,2108,60.0020637512207,PPACOPPE_maior_60,> 60.0
2026-01-22 19:48:34.276,2108,60.00102233886719,PPACOPPE_maior_60,> 60.0
2026-01-22 19:48:34.309,2108,60.00135803222656,PPACOPPE_maior_60,> 60.0
2026-01-22 19:48:34.326,2108,60.002166748046875,PPACOPPE_maior_60,> 60.0
2026-01-22 19:48:34.376,2108,60.001068115234375,PPACOPPE_maior_60,> 60.0
2026-01-22 19:48:34.393,2108,60.00419616699219,PPACOPPE_maior_60,> 60.0
2026-01-22 19:48:34.409,2108,60.0048828125,PPACOPPE_maior_60,> 60.0
2026-01-22 19:48:34.426,2108,60.00103759765625,PPACOPPE_maior_60,> 60.0
2026-01-22 19:48:34.476,2108,60.00359344482422,PPACOPPE_maior_60,> 60.0
2026-01-22 19:48:34.493,2108,60.00459671020508,PPACOPPE_maior_60,> 60.0
2026-01-22 19:48:34.510,2108,60.00139236450195,PPACOPPE_maior_60,> 60.0
2026-01-22 19:48:34.559,2108,60.00413513183594,PPACOPPE_maior_60,> 60.0
2026-01-22 19:48:34.577,2108,60.003482818603516,PPACOPPE_maior_60,> 60.0
2026-01-22 19:48:34.629,2108,60.00343322753906,PPACOPPE_maior_60,> 60.0
2026-01-22 19:48:34.642,2108,60.005645751953125,PPACOPPE_maior_60,> 60.0
2026-01-22 19:48:34.660,2108,60.003143310546875,PPACOPPE_maior_60,> 60.0
2026-01-22 19:48:34.693,2108,60.000579833984375,PPACOPPE_maior_60,> 60.0
2026-01-22 19:48:34.710,2108,60.00390625,PPACOPPE_maior_60,> 60.0
2026-01-22 19:48:34.726,2108,60.0035285949707,PPACOPPE_maior_60,> 60.0
2026-01-22 19:48:34.743,2108,60.00115203857422,PPACOPPE_maior_60,> 60.0
2026-01-22 19:48:34.759,2108,60.00079345703125,PPACOPPE_maior_60,> 60.0
2026-01-22 19:48:34.776,2108,60.002647399902344,PPACOPPE_maior_60,> 60.0
2026-01-22 19:48:34.793,2108,60.00343704223633,PPACOPPE_maior_60,> 60.0
2026-01-22 19:48:34.810,2108,60.00239944458008,PPACOPPE_maior_60,> 60.0
2026-01-22 19:48:34.826,2108,60.000694274902344,PPACOPPE_maior_60,> 60.0
2026-01-22 19:48:34.843,2108,60.00115203857422,PPACOPPE_maior_60,> 60.0
2026-01-22 19:48:34.860,2108,60.002986907958984,PPACOPPE_maior_60,> 60.0
2026-01-22 19:48:34.876,2108,60.00412368774414,PPACOPPE_maior_60,> 60.0
2026-01-22 19:48:34.893,2108,60.00453186035156,PPACOPPE_maior_60,> 60.0
2026-01-22 19:48:34.910,2108,60.00383758544922,PPACOPPE_maior_60,> 60.0
2026-01-22 19:48:34.926,2108,60.002723693847656,PPACOPPE_maior_60,> 60.0
2026-01-22 19:48:34.942,2108,60.00303268432617,PPACOPPE_maior_60,> 60.0
2026-01-22 19:48:34.960,2108,60.003753662109375,PPACOPPE_maior_60,> 60.0
2026-01-22 19:48:34.976,2108,60.0029411315918,PPACOPPE_maior_60,> 60.0
2026-01-22 19:48:34.995,2108,60.003822326660156,PPACOPPE_maior_60,> 60.0
2026-01-22 19:48:35.009,2108,60.00532913208008,PPACOPPE_maior_60,> 60.0
2026-01-22 19:48:35.033,2108,60.0043830871582,PPACOPPE_maior_60,> 60.0
2026-01-22 19:48:35.043,2108,60.00299835205078,PPACOPPE_maior_60,> 60.0
2026-01-22 19:48:35.059,2108,60.00244903564453,PPACOPPE_maior_60,> 60.0
2026-01-22 19:48:35.076,2108,60.003211975097656,PPACOPPE_maior_60,> 60.0
2026-01-22 19:48:35.093,2108,60.00492858886719,PPACOPPE_maior_60,> 60.0
2026-01-22 19:48:35.109,2108,60.004844665527344,PPACOPPE_maior_60,> 60.0
2026-01-22 19:48:35.126,2108,60.002105712890625,PPACOPPE_maior_60,> 60.0
2026-01-22 19:48:35.143,2108,60.00297164916992,PPACOPPE_maior_60,> 60.0
2026-01-22 19:48:35.159,2108,60.00693893432617,PPACOPPE_maior_60,> 60.0
2026-01-22 19:48:35.176,2108,60.00719451904297,PPACOPPE_maior_60,> 60.0
2026-01-22 19:48:35.193,2108,60.003421783447266,PPACOPPE_maior_60,> 60.0
2026-01-22 19:48:35.209,2108,60.000614166259766,PPACOPPE_maior_60,> 60.0
2026-01-22 19:48:35.226,2108,60.00286102294922,PPACOPPE_maior_60,> 60.0
2026-01-22 19:48:35.243,2108,60.006011962890625,PPACOPPE_maior_60,> 60.0
2026-01-22 19:48:35.260,2108,60.0051383972168,PPACOPPE_maior_60,> 60.0
2026-01-22 19:48:35.276,2108,60.002891540527344,PPACOPPE_maior_60,> 60.0
2026-01-22 19:48:35.293,2108,60.00413131713867,PPACOPPE_maior_60,> 60.0
2026-01-22 19:48:35.310,2108,60.00587463378906,PPACOPPE_maior_60,> 60.0
2026-01-22 19:48:35.327,2108,60.00477600097656,PPACOPPE_maior_60,> 60.0
2026-01-22 19:48:35.343,2108,60.002620697021484,PPACOPPE_maior_60,> 60.0
2026-01-22 19:48:35.359,2108,60.0016975402832,PPACOPPE_maior_60,> 60.0
2026-01-22 19:48:35.376,2108,60.004844665527344,PPACOPPE_maior_60,> 60.0
2026-01-22 19:48:35.393,2108,60.00912094116211,PPACOPPE_maior_60,> 60.0
2026-01-22 19:48:35.409,2108,60.008277893066406,PPACOPPE_maior_60,> 60.0
2026-01-22 19:48:35.426,2108,60.00313949584961,PPACOPPE_maior_60,> 60.0
2026-01-22 19:48:35.443,2108,60.001312255859375,PPACOPPE_maior_60,> 60.0
2026-01-22 19:48:35.460,2108,60.004425048828125,PPACOPPE_maior_60,> 60.0
2026-01-22 19:48:35.477,2108,60.007568359375,PPACOPPE_maior_60,> 60.0
2026-01-22 19:48:35.493,2108,60.00712203979492,PPACOPPE_maior_60,> 60.0
2026-01-22 19:48:35.510,2108,60.004150390625,PPACOPPE_maior_60,> 60.0
2026-01-22 19:48:35.526,2108,60.00431823730469,PPACOPPE_maior_60,> 60.0
2026-01-22 19:48:35.543,2108,60.00699996948242,PPACOPPE_maior_60,> 60.0
2026-01-22 19:48:35.559,2108,60.005882263183594,PPACOPPE_maior_60,> 60.0
2026-01-22 19:48:35.576,2108,60.00257873535156,PPACOPPE_maior_60,> 60.0
2026-01-22 19:48:35.593,2108,60.003944396972656,PPACOPPE_maior_60,> 60.0
2026-01-22 19:48:35.610,2108,60.00767517089844,PPACOPPE_maior_60,> 60.0
2026-01-22 19:48:35.626,2108,60.00935745239258,PPACOPPE_maior_60,> 60.0
2026-01-22 19:48:35.643,2108,60.00788116455078,PPACOPPE_maior_60,> 60.0
2026-01-22 19:48:35.659,2108,60.004547119140625,PPACOPPE_maior_60,> 60.0
2026-01-22 19:48:35.676,2108,60.00515365600586,PPACOPPE_maior_60,> 60.0
2026-01-22 19:48:35.693,2108,60.008384704589844,PPACOPPE_maior_60,> 60.0
2026-01-22 19:48:35.710,2108,60.007530212402344,PPACOPPE_maior_60,> 60.0
2026-01-22 19:48:35.725,2108,60.004459381103516,PPACOPPE_maior_60,> 60.0
2026-01-22 19:48:35.743,2108,60.005035400390625,PPACOPPE_maior_60,> 60.0
2026-01-22 19:48:35.759,2108,60.007286071777344,PPACOPPE_maior_60,> 60.0
2026-01-22 19:48:35.776,2108,60.00776290893555,PPACOPPE_maior_60,> 60.0
2026-01-22 19:48:35.793,2108,60.006019592285156,PPACOPPE_maior_60,> 60.0
2026-01-22 19:48:35.810,2108,60.004024505615234,PPACOPPE_maior_60,> 60.0
2026-01-22 19:48:35.826,2108,60.00649642944336,PPACOPPE_maior_60,> 60.0
2026-01-22 19:48:35.843,2108,60.00871276855469,PPACOPPE_maior_60,> 60.0
2026-01-22 19:48:35.860,2108,60.00639724731445,PPACOPPE_maior_60,> 60.0
2026-01-22 19:48:35.877,2108,60.0045166015625,PPACOPPE_maior_60,> 60.0
2026-01-22 19:48:35.893,2108,60.0063362121582,PPACOPPE_maior_60,> 60.0
2026-01-22 19:48:35.909,2108,60.0093994140625,PPACOPPE_maior_60,> 60.0
2026-01-22 19:48:35.926,2108,60.01018142700195,PPACOPPE_maior_60,> 60.0
2026-01-22 19:48:35.943,2108,60.00792694091797,PPACOPPE_maior_60,> 60.0
2026-01-22 19:48:35.959,2108,60.00489807128906,PPACOPPE_maior_60,> 60.0
2026-01-22 19:48:35.976,2108,60.00577163696289,PPACOPPE_maior_60,> 60.0
2026-01-22 19:48:35.993,2108,60.00898742675781,PPACOPPE_maior_60,> 60.0
2026-01-22 19:48:36.010,2108,60.00908279418945,PPACOPPE_maior_60,> 60.0
2026-01-22 19:48:36.026,2108,60.005916595458984,PPACOPPE_maior_60,> 60.0
2026-01-22 19:48:36.043,2108,60.00455856323242,PPACOPPE_maior_60,> 60.0
2026-01-22 19:48:36.059,2108,60.00642013549805,PPACOPPE_maior_60,> 60.0
2026-01-22 19:48:36.076,2108,60.00954055786133,PPACOPPE_maior_60,> 60.0
2026-01-22 19:48:36.093,2108,60.009681701660156,PPACOPPE_maior_60,> 60.0
2026-01-22 19:48:36.110,2108,60.00448989868164,PPACOPPE_maior_60,> 60.0
2026-01-22 19:48:36.126,2108,60.003753662109375,PPACOPPE_maior_60,> 60.0
2026-01-22 19:48:36.143,2108,60.00863265991211,PPACOPPE_maior_60,> 60.0
2026-01-22 19:48:36.160,2108,60.01042175292969,PPACOPPE_maior_60,> 60.0
2026-01-22 19:48:36.176,2108,60.00839614868164,PPACOPPE_maior_60,> 60.0
2026-01-22 19:48:36.193,2108,60.00560760498047,PPACOPPE_maior_60,> 60.0
2026-01-22 19:48:36.209,2108,60.00501251220703,PPACOPPE_maior_60,> 60.0
2026-01-22 19:48:36.226,2108,60.00712585449219,PPACOPPE_maior_60,> 60.0
2026-01-22 19:48:36.243,2108,60.00867462158203,PPACOPPE_maior_60,> 60.0
2026-01-22 19:48:36.259,2108,60.00794982910156,PPACOPPE_maior_60,> 60.0
2026-01-22 19:48:36.277,2108,60.00815200805664,PPACOPPE_maior_60,> 60.0
2026-01-22 19:48:36.293,2108,60.00762176513672,PPACOPPE_maior_60,> 60.0
2026-01-22 19:48:36.310,2108,60.00544738769531,PPACOPPE_maior_60,> 60.0
2026-01-22 19:48:36.326,2108,60.00552749633789,PPACOPPE_maior_60,> 60.0
2026-01-22 19:48:36.343,2108,60.00688934326172,PPACOPPE_maior_60,> 60.0
2026-01-22 19:48:36.359,2108,60.00845718383789,PPACOPPE_maior_60,> 60.0
2026-01-22 19:48:36.376,2108,60.00940704345703,PPACOPPE_maior_60,> 60.0
2026-01-22 19:48:36.393,2108,60.00844955444336,PPACOPPE_maior_60,> 60.0
2026-01-22 19:48:36.410,2108,60.007232666015625,PPACOPPE_maior_60,> 60.0
2026-01-22 19:48:36.426,2108,60.00819778442383,PPACOPPE_maior_60,> 60.0
2026-01-22 19:48:36.443,2108,60.01018524169922,PPACOPPE_maior_60,> 60.0
2026-01-22 19:48:36.460,2108,60.0100212097168,PPACOPPE_maior_60,> 60.0
2026-01-22 19:48:36.476,2108,60.005821228027344,PPACOPPE_maior_60,> 60.0
2026-01-22 19:48:36.493,2108,60.003639221191406,PPACOPPE_maior_60,> 60.0
2026-01-22 19:48:36.509,2108,60.00873947143555,PPACOPPE_maior_60,> 60.0
2026-01-22 19:48:36.526,2108,60.012176513671875,PPACOPPE_maior_60,> 60.0
2026-01-22 19:48:36.551,2108,60.008934020996094,PPACOPPE_maior_60,> 60.0
2026-01-22 19:48:36.565,2108,60.005313873291016,PPACOPPE_maior_60,> 60.0
2026-01-22 19:48:36.585,2108,60.00590896606445,PPACOPPE_maior_60,> 60.0
2026-01-22 19:48:36.595,2108,60.008487701416016,PPACOPPE_maior_60,> 60.0
2026-01-22 19:48:36.609,2108,60.01084899902344,PPACOPPE_maior_60,> 60.0
2026-01-22 19:48:36.627,2108,60.00997543334961,PPACOPPE_maior_60,> 60.0
2026-01-22 19:48:36.643,2108,60.005401611328125,PPACOPPE_maior_60,> 60.0
2026-01-22 19:48:36.660,2108,60.00553894042969,PPACOPPE_maior_60,> 60.0
2026-01-22 19:48:36.676,2108,60.01002502441406,PPACOPPE_maior_60,> 60.0
2026-01-22 19:48:36.693,2108,60.01123046875,PPACOPPE_maior_60,> 60.0
2026-01-22 19:48:36.710,2108,60.00819778442383,PPACOPPE_maior_60,> 60.0
2026-01-22 19:48:36.727,2108,60.00568771362305,PPACOPPE_maior_60,> 60.0
2026-01-22 19:48:36.743,2108,60.00700378417969,PPACOPPE_maior_60,> 60.0
2026-01-22 19:48:36.760,2108,60.01083755493164,PPACOPPE_maior_60,> 60.0
2026-01-22 19:48:36.776,2108,60.011444091796875,PPACOPPE_maior_60,> 60.0
2026-01-22 19:48:36.793,2108,60.00774383544922,PPACOPPE_maior_60,> 60.0
2026-01-22 19:48:36.810,2108,60.00740432739258,PPACOPPE_maior_60,> 60.0
2026-01-22 19:48:36.826,2108,60.00956344604492,PPACOPPE_maior_60,> 60.0
2026-01-22 19:48:36.843,2108,60.00815963745117,PPACOPPE_maior_60,> 60.0
2026-01-22 19:48:36.859,2108,60.00576400756836,PPACOPPE_maior_60,> 60.0
2026-01-22 19:48:36.876,2108,60.008277893066406,PPACOPPE_maior_60,> 60.0
2026-01-22 19:48:36.892,2108,60.01205825805664,PPACOPPE_maior_60,> 60.0
2026-01-22 19:48:36.909,2108,60.01129150390625,PPACOPPE_maior_60,> 60.0
2026-01-22 19:48:36.926,2108,60.007911682128906,PPACOPPE_maior_60,> 60.0
2026-01-22 19:48:36.943,2108,60.00737762451172,PPACOPPE_maior_60,> 60.0
2026-01-22 19:48:36.959,2108,60.012428283691406,PPACOPPE_maior_60,> 60.0
2026-01-22 19:48:36.976,2108,60.01374816894531,PPACOPPE_maior_60,> 60.0
2026-01-22 19:48:36.993,2108,60.00886154174805,PPACOPPE_maior_60,> 60.0
2026-01-22 19:48:37.010,2108,60.00621032714844,PPACOPPE_maior_60,> 60.0
2026-01-22 19:48:37.026,2108,60.00760269165039,PPACOPPE_maior_60,> 60.0
2026-01-22 19:48:37.043,2108,60.011009216308594,PPACOPPE_maior_60,> 60.0
2026-01-22 19:48:37.060,2108,60.01231002807617,PPACOPPE_maior_60,> 60.0
2026-01-22 19:48:37.079,2108,60.00858688354492,PPACOPPE_maior_60,> 60.0
2026-01-22 19:48:37.093,2108,60.00578308105469,PPACOPPE_maior_60,> 60.0
2026-01-22 19:48:37.109,2108,60.008548736572266,PPACOPPE_maior_60,> 60.0
2026-01-22 19:48:37.126,2108,60.01121139526367,PPACOPPE_maior_60,> 60.0
2026-01-22 19:48:37.143,2108,60.011138916015625,PPACOPPE_maior_60,> 60.0
2026-01-22 19:48:37.159,2108,60.0088996887207,PPACOPPE_maior_60,> 60.0
2026-01-22 19:48:37.176,2108,60.00721740722656,PPACOPPE_maior_60,> 60.0
2026-01-22 19:48:37.193,2108,60.00969314575195,PPACOPPE_maior_60,> 60.0
2026-01-22 19:48:37.209,2108,60.012855529785156,PPACOPPE_maior_60,> 60.0
2026-01-22 19:48:37.226,2108,60.01161193847656,PPACOPPE_maior_60,> 60.0
2026-01-22 19:48:37.243,2108,60.00718688964844,PPACOPPE_maior_60,> 60.0
2026-01-22 19:48:37.260,2108,60.007625579833984,PPACOPPE_maior_60,> 60.0
2026-01-22 19:48:37.276,2108,60.01150894165039,PPACOPPE_maior_60,> 60.0
2026-01-22 19:48:37.293,2108,60.01202392578125,PPACOPPE_maior_60,> 60.0
2026-01-22 19:48:37.310,2108,60.00921630859375,PPACOPPE_maior_60,> 60.0
2026-01-22 19:48:37.326,2108,60.00700378417969,PPACOPPE_maior_60,> 60.0
2026-01-22 19:48:37.343,2108,60.008583068847656,PPACOPPE_maior_60,> 60.0
2026-01-22 19:48:37.359,2108,60.01074981689453,PPACOPPE_maior_60,> 60.0
2026-01-22 19:48:37.377,2108,60.00951385498047,PPACOPPE_maior_60,> 60.0
2026-01-22 19:48:37.393,2108,60.0081901550293,PPACOPPE_maior_60,> 60.0
2026-01-22 19:48:37.409,2108,60.0093994140625,PPACOPPE_maior_60,> 60.0
2026-01-22 19:48:37.426,2108,60.010257720947266,PPACOPPE_maior_60,> 60.0
2026-01-22 19:48:37.443,2108,60.011962890625,PPACOPPE_maior_60,> 60.0
2026-01-22 19:48:37.459,2108,60.012630462646484,PPACOPPE_maior_60,> 60.0
2026-01-22 19:48:37.476,2108,60.0098991394043,PPACOPPE_maior_60,> 60.0
2026-01-22 19:48:37.492,2108,60.010189056396484,PPACOPPE_maior_60,> 60.0
2026-01-22 19:48:37.510,2108,60.01118850708008,PPACOPPE_maior_60,> 60.0
2026-01-22 19:48:37.526,2108,60.008907318115234,PPACOPPE_maior_60,> 60.0
2026-01-22 19:48:37.543,2108,60.008487701416016,PPACOPPE_maior_60,> 60.0
2026-01-22 19:48:37.559,2108,60.00922393798828,PPACOPPE_maior_60,> 60.0
2026-01-22 19:48:37.576,2108,60.009727478027344,PPACOPPE_maior_60,> 60.0
2026-01-22 19:48:37.593,2108,60.01162338256836,PPACOPPE_maior_60,> 60.0
2026-01-22 19:48:37.609,2108,60.010257720947266,PPACOPPE_maior_60,> 60.0
2026-01-22 19:48:37.627,2108,60.00792694091797,PPACOPPE_maior_60,> 60.0
2026-01-22 19:48:37.643,2108,60.01082229614258,PPACOPPE_maior_60,> 60.0
2026-01-22 19:48:37.659,2108,60.012611389160156,PPACOPPE_maior_60,> 60.0
2026-01-22 19:48:37.676,2108,60.010162353515625,PPACOPPE_maior_60,> 60.0
2026-01-22 19:48:37.693,2108,60.00800323486328,PPACOPPE_maior_60,> 60.0
2026-01-22 19:48:37.718,2108,60.00889205932617,PPACOPPE_maior_60,> 60.0
2026-01-22 19:48:37.727,2108,60.01225662231445,PPACOPPE_maior_60,> 60.0
2026-01-22 19:48:37.743,2108,60.01332092285156,PPACOPPE_maior_60,> 60.0
2026-01-22 19:48:37.760,2108,60.00898742675781,PPACOPPE_maior_60,> 60.0
2026-01-22 19:48:37.776,2108,60.00543212890625,PPACOPPE_maior_60,> 60.0
2026-01-22 19:48:37.792,2108,60.00896072387695,PPACOPPE_maior_60,> 60.0
2026-01-22 19:48:37.810,2108,60.01302719116211,PPACOPPE_maior_60,> 60.0
2026-01-22 19:48:37.991,2108,60.0113639831543,PPACOPPE_maior_60,> 60.0
2026-01-22 19:48:37.991,2108,60.007347106933594,PPACOPPE_maior_60,> 60.0
2026-01-22 19:48:37.991,2108,60.0064697265625,PPACOPPE_maior_60,> 60.0
2026-01-22 19:48:37.991,2108,60.009429931640625,PPACOPPE_maior_60,> 60.0
2026-01-22 19:48:37.991,2108,60.01191329956055,PPACOPPE_maior_60,> 60.0
2026-01-22 19:48:37.991,2108,60.01038360595703,PPACOPPE_maior_60,> 60.0
2026-01-22 19:48:37.991,2108,60.00834274291992,PPACOPPE_maior_60,> 60.0
2026-01-22 19:48:37.991,2108,60.01036834716797,PPACOPPE_maior_60,> 60.0
2026-01-22 19:48:37.991,2108,60.01277160644531,PPACOPPE_maior_60,> 60.0
2026-01-22 19:48:37.991,2108,60.01189041137695,PPACOPPE_maior_60,> 60.0
2026-01-22 19:48:37.992,2108,60.00855255126953,PPACOPPE_maior_60,> 60.0
2026-01-22 19:48:38.009,2108,60.0073127746582,PPACOPPE_maior_60,> 60.0
2026-01-22 19:48:38.026,2108,60.010623931884766,PPACOPPE_maior_60,> 60.0
2026-01-22 19:48:38.044,2108,60.01272201538086,PPACOPPE_maior_60,> 60.0
2026-01-22 19:48:38.060,2108,60.00969696044922,PPACOPPE_maior_60,> 60.0
2026-01-22 19:48:38.076,2108,60.00762176513672,PPACOPPE_maior_60,> 60.0
2026-01-22 19:48:38.093,2108,60.01000213623047,PPACOPPE_maior_60,> 60.0
2026-01-22 19:48:38.109,2108,60.01118087768555,PPACOPPE_maior_60,> 60.0
2026-01-22 19:48:38.126,2108,60.01038360595703,PPACOPPE_maior_60,> 60.0
2026-01-22 19:48:38.142,2108,60.00861358642578,PPACOPPE_maior_60,> 60.0
2026-01-22 19:48:38.160,2108,60.007686614990234,PPACOPPE_maior_60,> 60.0
2026-01-22 19:48:38.176,2108,60.01055908203125,PPACOPPE_maior_60,> 60.0
2026-01-22 19:48:38.193,2108,60.01279067993164,PPACOPPE_maior_60,> 60.0
2026-01-22 19:48:38.210,2108,60.01049041748047,PPACOPPE_maior_60,> 60.0
2026-01-22 19:48:38.226,2108,60.0088996887207,PPACOPPE_maior_60,> 60.0
2026-01-22 19:48:38.243,2108,60.01052474975586,PPACOPPE_maior_60,> 60.0
2026-01-22 19:48:38.259,2108,60.010902404785156,PPACOPPE_maior_60,> 60.0
2026-01-22 19:48:38.278,2108,60.00994110107422,PPACOPPE_maior_60,> 60.0
2026-01-22 19:48:38.293,2108,60.008331298828125,PPACOPPE_maior_60,> 60.0
2026-01-22 19:48:38.309,2108,60.008758544921875,PPACOPPE_maior_60,> 60.0
2026-01-22 19:48:38.326,2108,60.01180648803711,PPACOPPE_maior_60,> 60.0
2026-01-22 19:48:38.343,2108,60.01144027709961,PPACOPPE_maior_60,> 60.0
2026-01-22 19:48:38.359,2108,60.00779724121094,PPACOPPE_maior_60,> 60.0
2026-01-22 19:48:38.376,2108,60.006587982177734,PPACOPPE_maior_60,> 60.0
2026-01-22 19:48:38.394,2108,60.00937271118164,PPACOPPE_maior_60,> 60.0
2026-01-22 19:48:38.409,2108,60.01300811767578,PPACOPPE_maior_60,> 60.0
2026-01-22 19:48:38.426,2108,60.01274108886719,PPACOPPE_maior_60,> 60.0
2026-01-22 19:48:38.443,2108,60.00778579711914,PPACOPPE_maior_60,> 60.0
2026-01-22 19:48:38.459,2108,60.00712585449219,PPACOPPE_maior_60,> 60.0
2026-01-22 19:48:38.476,2108,60.01189422607422,PPACOPPE_maior_60,> 60.0
2026-01-22 19:48:38.493,2108,60.0136833190918,PPACOPPE_maior_60,> 60.0
2026-01-22 19:48:38.510,2108,60.010616302490234,PPACOPPE_maior_60,> 60.0
2026-01-22 19:48:38.526,2108,60.00667190551758,PPACOPPE_maior_60,> 60.0
2026-01-22 19:48:38.543,2108,60.00787353515625,PPACOPPE_maior_60,> 60.0
2026-01-22 19:48:38.559,2108,60.01163864135742,PPACOPPE_maior_60,> 60.0
2026-01-22 19:48:38.576,2108,60.012420654296875,PPACOPPE_maior_60,> 60.0
2026-01-22 19:48:38.596,2108,60.009944915771484,PPACOPPE_maior_60,> 60.0
2026-01-22 19:48:38.609,2108,60.00758743286133,PPACOPPE_maior_60,> 60.0
2026-01-22 19:48:38.626,2108,60.0091552734375,PPACOPPE_maior_60,> 60.0
2026-01-22 19:48:38.643,2108,60.011661529541016,PPACOPPE_maior_60,> 60.0
2026-01-22 19:48:38.660,2108,60.010921478271484,PPACOPPE_maior_60,> 60.0
2026-01-22 19:48:38.676,2108,60.00788497924805,PPACOPPE_maior_60,> 60.0
2026-01-22 19:48:38.692,2108,60.00815200805664,PPACOPPE_maior_60,> 60.0
2026-01-22 19:48:38.709,2108,60.0114631652832,PPACOPPE_maior_60,> 60.0
2026-01-22 19:48:38.727,2108,60.01158142089844,PPACOPPE_maior_60,> 60.0
2026-01-22 19:48:38.744,2108,60.007930755615234,PPACOPPE_maior_60,> 60.0
2026-01-22 19:48:38.760,2108,60.00760269165039,PPACOPPE_maior_60,> 60.0
2026-01-22 19:48:38.776,2108,60.01069641113281,PPACOPPE_maior_60,> 60.0
2026-01-22 19:48:38.793,2108,60.01105880737305,PPACOPPE_maior_60,> 60.0
2026-01-22 19:48:38.809,2108,60.01042938232422,PPACOPPE_maior_60,> 60.0
2026-01-22 19:48:38.826,2108,60.009437561035156,PPACOPPE_maior_60,> 60.0
2026-01-22 19:48:38.843,2108,60.00861740112305,PPACOPPE_maior_60,> 60.0
2026-01-22 19:48:38.859,2108,60.010154724121094,PPACOPPE_maior_60,> 60.0
2026-01-22 19:48:38.876,2108,60.0107307434082,PPACOPPE_maior_60,> 60.0
2026-01-22 19:48:38.893,2108,60.008880615234375,PPACOPPE_maior_60,> 60.0
2026-01-22 19:48:38.910,2108,60.008514404296875,PPACOPPE_maior_60,> 60.0
2026-01-22 19:48:38.926,2108,60.00927734375,PPACOPPE_maior_60,> 60.0
2026-01-22 19:48:38.943,2108,60.01054763793945,PPACOPPE_maior_60,> 60.0
2026-01-22 19:48:38.959,2108,60.01243591308594,PPACOPPE_maior_60,> 60.0
2026-01-22 19:48:38.976,2108,60.01012420654297,PPACOPPE_maior_60,> 60.0
2026-01-22 19:48:38.993,2108,60.008766174316406,PPACOPPE_maior_60,> 60.0
2026-01-22 19:48:39.010,2108,60.01134490966797,PPACOPPE_maior_60,> 60.0
2026-01-22 19:48:39.026,2108,60.00981521606445,PPACOPPE_maior_60,> 60.0
2026-01-22 19:48:39.043,2108,60.00643539428711,PPACOPPE_maior_60,> 60.0
2026-01-22 19:48:39.060,2108,60.008575439453125,PPACOPPE_maior_60,> 60.0
2026-01-22 19:48:39.076,2108,60.0123405456543,PPACOPPE_maior_60,> 60.0
2026-01-22 19:48:39.093,2108,60.01180648803711,PPACOPPE_maior_60,> 60.0
2026-01-22 19:48:39.110,2108,60.00926971435547,PPACOPPE_maior_60,> 60.0
2026-01-22 19:48:39.126,2108,60.006282806396484,PPACOPPE_maior_60,> 60.0
2026-01-22 19:48:39.153,2108,60.00687026977539,PPACOPPE_maior_60,> 60.0
2026-01-22 19:48:39.159,2108,60.01239776611328,PPACOPPE_maior_60,> 60.0
2026-01-22 19:48:39.176,2108,60.01395797729492,PPACOPPE_maior_60,> 60.0
2026-01-22 19:48:39.193,2108,60.008914947509766,PPACOPPE_maior_60,> 60.0
2026-01-22 19:48:39.212,2108,60.00551223754883,PPACOPPE_maior_60,> 60.0
2026-01-22 19:48:39.226,2108,60.00725555419922,PPACOPPE_maior_60,> 60.0
2026-01-22 19:48:39.243,2108,60.01083755493164,PPACOPPE_maior_60,> 60.0
2026-01-22 19:48:39.259,2108,60.01237869262695,PPACOPPE_maior_60,> 60.0
2026-01-22 19:48:39.276,2108,60.00847625732422,PPACOPPE_maior_60,> 60.0
2026-01-22 19:48:39.293,2108,60.0059928894043,PPACOPPE_maior_60,> 60.0
2026-01-22 19:48:39.310,2108,60.00947189331055,PPACOPPE_maior_60,> 60.0
2026-01-22 19:48:39.326,2108,60.01130294799805,PPACOPPE_maior_60,> 60.0
2026-01-22 19:48:39.343,2108,60.00905227661133,PPACOPPE_maior_60,> 60.0
2026-01-22 19:48:39.360,2108,60.006988525390625,PPACOPPE_maior_60,> 60.0
2026-01-22 19:48:39.376,2108,60.00773239135742,PPACOPPE_maior_60,> 60.0
2026-01-22 19:48:39.393,2108,60.010406494140625,PPACOPPE_maior_60,> 60.0
2026-01-22 19:48:39.410,2108,60.01050567626953,PPACOPPE_maior_60,> 60.0
2026-01-22 19:48:39.427,2108,60.0071907043457,PPACOPPE_maior_60,> 60.0
2026-01-22 19:48:39.443,2108,60.00833511352539,PPACOPPE_maior_60,> 60.0
2026-01-22 19:48:39.468,2108,60.01122283935547,PPACOPPE_maior_60,> 60.0
2026-01-22 19:48:39.476,2108,60.009281158447266,PPACOPPE_maior_60,> 60.0
2026-01-22 19:48:39.493,2108,60.00830841064453,PPACOPPE_maior_60,> 60.0
2026-01-22 19:48:39.510,2108,60.00869369506836,PPACOPPE_maior_60,> 60.0
2026-01-22 19:48:39.526,2108,60.00849151611328,PPACOPPE_maior_60,> 60.0
2026-01-22 19:48:39.543,2108,60.008697509765625,PPACOPPE_maior_60,> 60.0
2026-01-22 19:48:39.559,2108,60.00672149658203,PPACOPPE_maior_60,> 60.0
2026-01-22 19:48:39.576,2108,60.00559616088867,PPACOPPE_maior_60,> 60.0
2026-01-22 19:48:39.593,2108,60.00928497314453,PPACOPPE_maior_60,> 60.0
2026-01-22 19:54:18.826,2108,60.00010299682617,PPACOPPE_maior_60,> 60.0
2026-01-22 19:54:18.909,2108,60.00107192993164,PPACOPPE_maior_60,> 60.0
2026-01-22 19:54:19.059,2108,60.00033187866211,PPACOPPE_maior_60,> 60.0
2026-01-22 19:54:19.076,2108,60.000694274902344,PPACOPPE_maior_60,> 60.0
2026-01-22 19:54:19.142,2108,60.000606536865234,PPACOPPE_maior_60,> 60.0
2026-01-22 19:54:19.226,2108,60.00032424926758,PPACOPPE_maior_60,> 60.0
2026-01-22 19:54:19.510,2108,60.00092697143555,PPACOPPE_maior_60,> 60.0
2026-01-22 19:54:19.526,2108,60.0006217956543,PPACOPPE_maior_60,> 60.0
2026-01-22 19:54:19.593,2108,60.00019836425781,PPACOPPE_maior_60,> 60.0
2026-01-22 19:54:19.676,2108,60.00037384033203,PPACOPPE_maior_60,> 60.0
2026-01-22 19:54:19.759,2108,60.00050735473633,PPACOPPE_maior_60,> 60.0
2026-01-22 19:54:19.826,2108,60.00093460083008,PPACOPPE_maior_60,> 60.0
2026-01-22 19:54:19.893,2108,60.00165939331055,PPACOPPE_maior_60,> 60.0
2026-01-22 19:54:19.909,2108,60.001914978027344,PPACOPPE_maior_60,> 60.0
2026-01-22 19:54:20.043,2108,60.00088882446289,PPACOPPE_maior_60,> 60.0
2026-01-22 19:54:20.059,2108,60.00019454956055,PPACOPPE_maior_60,> 60.0
2026-01-22 19:54:20.109,2108,60.000404357910156,PPACOPPE_maior_60,> 60.0
2026-01-22 19:54:20.126,2108,60.0008659362793,PPACOPPE_maior_60,> 60.0
2026-01-22 19:54:20.259,2108,60.000736236572266,PPACOPPE_maior_60,> 60.0
2026-01-22 19:54:20.276,2108,60.00156021118164,PPACOPPE_maior_60,> 60.0
2026-01-22 19:54:20.342,2108,60.00111389160156,PPACOPPE_maior_60,> 60.0
2026-01-22 19:54:20.410,2108,60.00141143798828,PPACOPPE_maior_60,> 60.0
2026-01-22 19:54:20.426,2108,60.000755310058594,PPACOPPE_maior_60,> 60.0
2026-01-22 19:54:20.509,2108,60.00038146972656,PPACOPPE_maior_60,> 60.0
2026-01-22 19:54:20.576,2108,60.00188064575195,PPACOPPE_maior_60,> 60.0
2026-01-22 19:54:20.593,2108,60.00019454956055,PPACOPPE_maior_60,> 60.0
2026-01-22 19:54:20.660,2108,60.00197219848633,PPACOPPE_maior_60,> 60.0
2026-01-22 19:54:20.709,2108,60.0000114440918,PPACOPPE_maior_60,> 60.0
2026-01-22 19:54:20.726,2108,60.00061798095703,PPACOPPE_maior_60,> 60.0
2026-01-22 19:54:20.793,2108,60.00239181518555,PPACOPPE_maior_60,> 60.0
2026-01-22 19:54:20.809,2108,60.00300216674805,PPACOPPE_maior_60,> 60.0
2026-01-22 19:54:20.893,2108,60.00067901611328,PPACOPPE_maior_60,> 60.0
2026-01-22 19:54:20.909,2108,60.000091552734375,PPACOPPE_maior_60,> 60.0
2026-01-22 19:54:20.959,2108,60.00050354003906,PPACOPPE_maior_60,> 60.0
2026-01-22 19:54:21.009,2108,60.000797271728516,PPACOPPE_maior_60,> 60.0
2026-01-22 19:54:21.026,2108,60.001102447509766,PPACOPPE_maior_60,> 60.0
2026-01-22 19:54:21.093,2108,60.002098083496094,PPACOPPE_maior_60,> 60.0
2026-01-22 19:54:21.109,2108,60.00261306762695,PPACOPPE_maior_60,> 60.0
2026-01-22 19:54:21.176,2108,60.0017204284668,PPACOPPE_maior_60,> 60.0
2026-01-22 19:54:21.193,2108,60.00009536743164,PPACOPPE_maior_60,> 60.0
2026-01-22 19:54:21.243,2108,60.0001335144043,PPACOPPE_maior_60,> 60.0
2026-01-22 19:54:21.259,2108,60.00129699707031,PPACOPPE_maior_60,> 60.0
2026-01-22 19:54:21.326,2108,60.002017974853516,PPACOPPE_maior_60,> 60.0
2026-01-22 19:54:21.342,2108,60.002098083496094,PPACOPPE_maior_60,> 60.0
2026-01-22 19:54:21.393,2108,60.00011444091797,PPACOPPE_maior_60,> 60.0
2026-01-22 19:54:21.410,2108,60.00404357910156,PPACOPPE_maior_60,> 60.0
2026-01-22 19:54:21.426,2108,60.00143051147461,PPACOPPE_maior_60,> 60.0
2026-01-22 19:54:21.459,2108,60.00044250488281,PPACOPPE_maior_60,> 60.0
2026-01-22 19:54:21.529,2108,60.000022888183594,PPACOPPE_maior_60,> 60.0
2026-01-22 19:54:21.543,2108,60.00210952758789,PPACOPPE_maior_60,> 60.0
2026-01-22 19:54:21.560,2108,60.001129150390625,PPACOPPE_maior_60,> 60.0
2026-01-22 19:54:21.609,2108,60.00176239013672,PPACOPPE_maior_60,> 60.0
2026-01-22 19:54:21.626,2108,60.0018424987793,PPACOPPE_maior_60,> 60.0
2026-01-22 19:54:21.692,2108,60.00193405151367,PPACOPPE_maior_60,> 60.0
2026-01-22 19:54:21.709,2108,60.00526428222656,PPACOPPE_maior_60,> 60.0
2026-01-22 19:54:21.726,2108,60.00090789794922,PPACOPPE_maior_60,> 60.0
2026-01-22 19:54:21.775,2108,60.00191879272461,PPACOPPE_maior_60,> 60.0
2026-01-22 19:54:21.793,2108,60.00131607055664,PPACOPPE_maior_60,> 60.0
2026-01-22 19:54:21.860,2108,60.005550384521484,PPACOPPE_maior_60,> 60.0
2026-01-22 19:54:21.999,2108,60.00437545776367,PPACOPPE_maior_60,> 60.0
2026-01-22 19:54:21.999,2108,60.00007629394531,PPACOPPE_maior_60,> 60.0
2026-01-22 19:54:21.999,2108,60.0002555847168,PPACOPPE_maior_60,> 60.0
2026-01-22 19:54:21.999,2108,60.00163269042969,PPACOPPE_maior_60,> 60.0
2026-01-22 19:54:21.999,2108,60.00237274169922,PPACOPPE_maior_60,> 60.0
2026-01-22 19:54:21.999,2108,60.001014709472656,PPACOPPE_maior_60,> 60.0
2026-01-22 19:54:21.999,2108,60.000022888183594,PPACOPPE_maior_60,> 60.0
2026-01-22 19:54:22.000,2108,60.00226974487305,PPACOPPE_maior_60,> 60.0
2026-01-22 19:54:22.009,2108,60.00218963623047,PPACOPPE_maior_60,> 60.0
2026-01-22 19:54:22.059,2108,60.00000762939453,PPACOPPE_maior_60,> 60.0
2026-01-22 19:54:22.076,2108,60.00251388549805,PPACOPPE_maior_60,> 60.0
2026-01-22 19:54:22.093,2108,60.003273010253906,PPACOPPE_maior_60,> 60.0
2026-01-22 19:54:22.110,2108,60.00028991699219,PPACOPPE_maior_60,> 60.0
2026-01-22 19:54:22.142,2108,60.00092315673828,PPACOPPE_maior_60,> 60.0
2026-01-22 19:54:22.159,2108,60.00343704223633,PPACOPPE_maior_60,> 60.0
2026-01-22 19:54:22.177,2108,60.002071380615234,PPACOPPE_maior_60,> 60.0
2026-01-22 19:54:22.226,2108,60.00215148925781,PPACOPPE_maior_60,> 60.0
2026-01-22 19:54:22.243,2108,60.00350570678711,PPACOPPE_maior_60,> 60.0
2026-01-22 19:54:22.292,2108,60.00144958496094,PPACOPPE_maior_60,> 60.0
2026-01-22 19:54:22.309,2108,60.004581451416016,PPACOPPE_maior_60,> 60.0
2026-01-22 19:54:22.326,2108,60.00184631347656,PPACOPPE_maior_60,> 60.0
2026-01-22 19:54:22.376,2108,60.00299072265625,PPACOPPE_maior_60,> 60.0
2026-01-22 19:54:22.392,2108,60.00444030761719,PPACOPPE_maior_60,> 60.0
2026-01-22 19:54:22.409,2108,60.000946044921875,PPACOPPE_maior_60,> 60.0
2026-01-22 19:54:22.442,2108,60.00025177001953,PPACOPPE_maior_60,> 60.0
2026-01-22 19:54:22.459,2108,60.0018310546875,PPACOPPE_maior_60,> 60.0
2026-01-22 19:54:22.476,2108,60.000877380371094,PPACOPPE_maior_60,> 60.0
2026-01-22 19:54:22.492,2108,60.000606536865234,PPACOPPE_maior_60,> 60.0
2026-01-22 19:54:22.509,2108,60.00161361694336,PPACOPPE_maior_60,> 60.0
2026-01-22 19:54:22.527,2108,60.001983642578125,PPACOPPE_maior_60,> 60.0
2026-01-22 19:54:22.542,2108,60.002140045166016,PPACOPPE_maior_60,> 60.0
2026-01-22 19:54:22.559,2108,60.00069808959961,PPACOPPE_maior_60,> 60.0
2026-01-22 19:54:22.592,2108,60.00209426879883,PPACOPPE_maior_60,> 60.0
2026-01-22 19:54:22.609,2108,60.00436782836914,PPACOPPE_maior_60,> 60.0
2026-01-22 19:54:22.626,2108,60.00310516357422,PPACOPPE_maior_60,> 60.0
2026-01-22 19:54:22.675,2108,60.00132369995117,PPACOPPE_maior_60,> 60.0
2026-01-22 19:54:22.692,2108,60.00469207763672,PPACOPPE_maior_60,> 60.0
2026-01-22 19:54:22.709,2108,60.00401306152344,PPACOPPE_maior_60,> 60.0
2026-01-22 19:54:22.726,2108,60.00068664550781,PPACOPPE_maior_60,> 60.0
2026-01-22 19:54:22.759,2108,60.00139617919922,PPACOPPE_maior_60,> 60.0
2026-01-22 19:54:22.776,2108,60.002079010009766,PPACOPPE_maior_60,> 60.0
2026-01-22 19:54:22.792,2108,60.00214385986328,PPACOPPE_maior_60,> 60.0
2026-01-22 19:54:22.809,2108,60.00203323364258,PPACOPPE_maior_60,> 60.0
2026-01-22 19:54:22.826,2108,60.00249099731445,PPACOPPE_maior_60,> 60.0
2026-01-22 19:54:22.843,2108,60.00251770019531,PPACOPPE_maior_60,> 60.0
2026-01-22 19:54:22.859,2108,60.001121520996094,PPACOPPE_maior_60,> 60.0
2026-01-22 19:54:22.875,2108,60.00126266479492,PPACOPPE_maior_60,> 60.0
2026-01-22 19:54:22.893,2108,60.00237274169922,PPACOPPE_maior_60,> 60.0
2026-01-22 19:54:22.909,2108,60.000709533691406,PPACOPPE_maior_60,> 60.0
2026-01-22 19:54:22.925,2108,60.00125503540039,PPACOPPE_maior_60,> 60.0
2026-01-22 19:54:22.943,2108,60.00276565551758,PPACOPPE_maior_60,> 60.0
2026-01-22 19:54:22.959,2108,60.00105285644531,PPACOPPE_maior_60,> 60.0
2026-01-22 19:54:22.975,2108,60.00279998779297,PPACOPPE_maior_60,> 60.0
2026-01-22 19:54:22.994,2108,60.00437545776367,PPACOPPE_maior_60,> 60.0
2026-01-22 19:54:23.009,2108,60.00015640258789,PPACOPPE_maior_60,> 60.0
2026-01-22 19:54:23.042,2108,60.003257751464844,PPACOPPE_maior_60,> 60.0
2026-01-22 19:54:23.060,2108,60.00497817993164,PPACOPPE_maior_60,> 60.0
2026-01-22 19:54:23.076,2108,60.00383377075195,PPACOPPE_maior_60,> 60.0
2026-01-22 19:54:23.126,2108,60.00440216064453,PPACOPPE_maior_60,> 60.0
2026-01-22 19:54:23.143,2108,60.00675582885742,PPACOPPE_maior_60,> 60.0
2026-01-22 19:54:23.159,2108,60.0045280456543,PPACOPPE_maior_60,> 60.0
2026-01-22 19:54:23.175,2108,60.003360748291016,PPACOPPE_maior_60,> 60.0
2026-01-22 19:54:23.192,2108,60.00287628173828,PPACOPPE_maior_60,> 60.0
2026-01-22 19:54:23.209,2108,60.003929138183594,PPACOPPE_maior_60,> 60.0
2026-01-22 19:54:23.226,2108,60.005008697509766,PPACOPPE_maior_60,> 60.0
2026-01-22 19:54:23.242,2108,60.00156784057617,PPACOPPE_maior_60,> 60.0
2026-01-22 19:54:23.275,2108,60.00361633300781,PPACOPPE_maior_60,> 60.0
2026-01-22 19:54:23.292,2108,60.006011962890625,PPACOPPE_maior_60,> 60.0
2026-01-22 19:54:23.309,2108,60.00149154663086,PPACOPPE_maior_60,> 60.0
2026-01-22 19:54:23.359,2108,60.003692626953125,PPACOPPE_maior_60,> 60.0
2026-01-22 19:54:23.376,2108,60.00718307495117,PPACOPPE_maior_60,> 60.0
2026-01-22 19:54:23.392,2108,60.00428771972656,PPACOPPE_maior_60,> 60.0
2026-01-22 19:54:23.426,2108,60.0003776550293,PPACOPPE_maior_60,> 60.0
2026-01-22 19:54:23.442,2108,60.005435943603516,PPACOPPE_maior_60,> 60.0
2026-01-22 19:54:23.459,2108,60.00431442260742,PPACOPPE_maior_60,> 60.0
2026-01-22 19:54:23.476,2108,60.00123977661133,PPACOPPE_maior_60,> 60.0
2026-01-22 19:54:23.493,2108,60.00038146972656,PPACOPPE_maior_60,> 60.0
2026-01-22 19:54:23.509,2108,60.001407623291016,PPACOPPE_maior_60,> 60.0
2026-01-22 19:54:23.526,2108,60.00410461425781,PPACOPPE_maior_60,> 60.0
2026-01-22 19:54:23.543,2108,60.00366973876953,PPACOPPE_maior_60,> 60.0
2026-01-22 19:54:23.560,2108,60.001373291015625,PPACOPPE_maior_60,> 60.0
2026-01-22 19:54:23.576,2108,60.003395080566406,PPACOPPE_maior_60,> 60.0
2026-01-22 19:54:23.593,2108,60.004295349121094,PPACOPPE_maior_60,> 60.0
2026-01-22 19:54:23.609,2108,60.00302505493164,PPACOPPE_maior_60,> 60.0
2026-01-22 19:54:23.626,2108,60.00288772583008,PPACOPPE_maior_60,> 60.0
2026-01-22 19:54:23.642,2108,60.00253677368164,PPACOPPE_maior_60,> 60.0
2026-01-22 19:54:23.659,2108,60.00282669067383,PPACOPPE_maior_60,> 60.0
2026-01-22 19:54:23.676,2108,60.0035400390625,PPACOPPE_maior_60,> 60.0
2026-01-22 19:54:23.692,2108,60.00271987915039,PPACOPPE_maior_60,> 60.0
2026-01-22 19:54:23.709,2108,60.00306701660156,PPACOPPE_maior_60,> 60.0
2026-01-22 19:54:23.726,2108,60.0051155090332,PPACOPPE_maior_60,> 60.0
2026-01-22 19:54:23.742,2108,60.004547119140625,PPACOPPE_maior_60,> 60.0
2026-01-22 19:54:23.759,2108,60.002418518066406,PPACOPPE_maior_60,> 60.0
2026-01-22 19:54:23.776,2108,60.001304626464844,PPACOPPE_maior_60,> 60.0
2026-01-22 19:54:23.792,2108,60.001670837402344,PPACOPPE_maior_60,> 60.0
2026-01-22 19:54:23.809,2108,60.004154205322266,PPACOPPE_maior_60,> 60.0
2026-01-22 19:54:23.826,2108,60.005950927734375,PPACOPPE_maior_60,> 60.0
2026-01-22 19:54:23.842,2108,60.00300598144531,PPACOPPE_maior_60,> 60.0
2026-01-22 19:54:23.859,2108,60.00096893310547,PPACOPPE_maior_60,> 60.0
2026-01-22 19:54:23.876,2108,60.00541687011719,PPACOPPE_maior_60,> 60.0
2026-01-22 19:54:23.893,2108,60.00752258300781,PPACOPPE_maior_60,> 60.0
2026-01-22 19:54:23.909,2108,60.004310607910156,PPACOPPE_maior_60,> 60.0
2026-01-22 19:54:23.926,2108,60.00175857543945,PPACOPPE_maior_60,> 60.0
2026-01-22 19:54:23.942,2108,60.002506256103516,PPACOPPE_maior_60,> 60.0
2026-01-22 19:54:23.959,2108,60.005584716796875,PPACOPPE_maior_60,> 60.0
2026-01-22 19:54:23.976,2108,60.006744384765625,PPACOPPE_maior_60,> 60.0
2026-01-22 19:54:23.992,2108,60.003543853759766,PPACOPPE_maior_60,> 60.0
2026-01-22 19:54:24.009,2108,60.00106430053711,PPACOPPE_maior_60,> 60.0
2026-01-22 19:54:24.025,2108,60.00307846069336,PPACOPPE_maior_60,> 60.0
2026-01-22 19:54:24.042,2108,60.00525665283203,PPACOPPE_maior_60,> 60.0
2026-01-22 19:54:24.059,2108,60.00510025024414,PPACOPPE_maior_60,> 60.0
2026-01-22 19:54:24.079,2108,60.00302505493164,PPACOPPE_maior_60,> 60.0
2026-01-22 19:54:24.093,2108,60.0023078918457,PPACOPPE_maior_60,> 60.0
2026-01-22 19:54:24.109,2108,60.004573822021484,PPACOPPE_maior_60,> 60.0
2026-01-22 19:54:24.125,2108,60.00611877441406,PPACOPPE_maior_60,> 60.0
2026-01-22 19:54:24.143,2108,60.004398345947266,PPACOPPE_maior_60,> 60.0
2026-01-22 19:54:24.159,2108,60.00265121459961,PPACOPPE_maior_60,> 60.0
2026-01-22 19:54:24.176,2108,60.00422286987305,PPACOPPE_maior_60,> 60.0
2026-01-22 19:54:24.193,2108,60.00552749633789,PPACOPPE_maior_60,> 60.0
2026-01-22 19:54:24.209,2108,60.005863189697266,PPACOPPE_maior_60,> 60.0
2026-01-22 19:54:24.226,2108,60.005130767822266,PPACOPPE_maior_60,> 60.0
2026-01-22 19:54:24.243,2108,60.00383758544922,PPACOPPE_maior_60,> 60.0
2026-01-22 19:54:24.267,2108,60.00469207763672,PPACOPPE_maior_60,> 60.0
2026-01-22 19:54:24.276,2108,60.00522994995117,PPACOPPE_maior_60,> 60.0
2026-01-22 19:54:24.292,2108,60.00407028198242,PPACOPPE_maior_60,> 60.0
2026-01-22 19:54:24.309,2108,60.00332260131836,PPACOPPE_maior_60,> 60.0
2026-01-22 19:54:24.326,2108,60.0049934387207,PPACOPPE_maior_60,> 60.0
2026-01-22 19:54:24.342,2108,60.00649642944336,PPACOPPE_maior_60,> 60.0
2026-01-22 19:54:24.359,2108,60.00504684448242,PPACOPPE_maior_60,> 60.0
2026-01-22 19:54:24.376,2108,60.002960205078125,PPACOPPE_maior_60,> 60.0
2026-01-22 19:54:24.392,2108,60.00373840332031,PPACOPPE_maior_60,> 60.0
2026-01-22 19:54:24.410,2108,60.00654602050781,PPACOPPE_maior_60,> 60.0
2026-01-22 19:54:24.427,2108,60.00710678100586,PPACOPPE_maior_60,> 60.0
2026-01-22 19:54:24.443,2108,60.00528335571289,PPACOPPE_maior_60,> 60.0
2026-01-22 19:54:24.459,2108,60.00453567504883,PPACOPPE_maior_60,> 60.0
2026-01-22 19:54:24.475,2108,60.005516052246094,PPACOPPE_maior_60,> 60.0
2026-01-22 19:54:24.493,2108,60.0059700012207,PPACOPPE_maior_60,> 60.0
2026-01-22 19:54:24.510,2108,60.00563049316406,PPACOPPE_maior_60,> 60.0
2026-01-22 19:54:24.526,2108,60.00417709350586,PPACOPPE_maior_60,> 60.0
2026-01-22 19:54:24.543,2108,60.004127502441406,PPACOPPE_maior_60,> 60.0
2026-01-22 19:54:24.559,2108,60.007606506347656,PPACOPPE_maior_60,> 60.0
2026-01-22 19:54:24.579,2108,60.008155822753906,PPACOPPE_maior_60,> 60.0
2026-01-22 19:54:24.592,2108,60.00414276123047,PPACOPPE_maior_60,> 60.0
2026-01-22 19:54:24.609,2108,60.00322723388672,PPACOPPE_maior_60,> 60.0
2026-01-22 19:54:24.626,2108,60.00600814819336,PPACOPPE_maior_60,> 60.0
2026-01-22 19:54:24.642,2108,60.00717544555664,PPACOPPE_maior_60,> 60.0
2026-01-22 19:54:24.659,2108,60.006858825683594,PPACOPPE_maior_60,> 60.0
2026-01-22 19:54:24.676,2108,60.00368881225586,PPACOPPE_maior_60,> 60.0
2026-01-22 19:54:24.693,2108,60.00311279296875,PPACOPPE_maior_60,> 60.0
2026-01-22 19:54:24.709,2108,60.0089111328125,PPACOPPE_maior_60,> 60.0
2026-01-22 19:54:24.726,2108,60.01018524169922,PPACOPPE_maior_60,> 60.0
2026-01-22 19:54:24.742,2108,60.005470275878906,PPACOPPE_maior_60,> 60.0
2026-01-22 19:54:24.760,2108,60.00187683105469,PPACOPPE_maior_60,> 60.0
2026-01-22 19:54:24.776,2108,60.003170013427734,PPACOPPE_maior_60,> 60.0
2026-01-22 19:54:24.793,2108,60.007598876953125,PPACOPPE_maior_60,> 60.0
2026-01-22 19:54:24.809,2108,60.00945281982422,PPACOPPE_maior_60,> 60.0
2026-01-22 19:54:24.825,2108,60.005653381347656,PPACOPPE_maior_60,> 60.0
2026-01-22 19:54:24.843,2108,60.00190734863281,PPACOPPE_maior_60,> 60.0
2026-01-22 19:54:24.859,2108,60.00457763671875,PPACOPPE_maior_60,> 60.0
2026-01-22 19:54:24.876,2108,60.008644104003906,PPACOPPE_maior_60,> 60.0
2026-01-22 19:54:24.892,2108,60.00894546508789,PPACOPPE_maior_60,> 60.0
2026-01-22 19:54:24.911,2108,60.005836486816406,PPACOPPE_maior_60,> 60.0
2026-01-22 19:54:24.926,2108,60.003211975097656,PPACOPPE_maior_60,> 60.0
2026-01-22 19:54:24.942,2108,60.00436782836914,PPACOPPE_maior_60,> 60.0
2026-01-22 19:54:24.959,2108,60.008087158203125,PPACOPPE_maior_60,> 60.0
2026-01-22 19:54:24.976,2108,60.008426666259766,PPACOPPE_maior_60,> 60.0
2026-01-22 19:54:24.993,2108,60.00463104248047,PPACOPPE_maior_60,> 60.0
2026-01-22 19:54:25.010,2108,60.004146575927734,PPACOPPE_maior_60,> 60.0
2026-01-22 19:54:25.032,2108,60.006526947021484,PPACOPPE_maior_60,> 60.0
2026-01-22 19:54:25.042,2108,60.00786590576172,PPACOPPE_maior_60,> 60.0
2026-01-22 19:54:25.059,2108,60.00768280029297,PPACOPPE_maior_60,> 60.0
2026-01-22 19:54:25.076,2108,60.00608444213867,PPACOPPE_maior_60,> 60.0
2026-01-22 19:54:25.093,2108,60.00645065307617,PPACOPPE_maior_60,> 60.0
2026-01-22 19:54:25.109,2108,60.00861358642578,PPACOPPE_maior_60,> 60.0
2026-01-22 19:54:25.126,2108,60.0062141418457,PPACOPPE_maior_60,> 60.0
2026-01-22 19:54:25.143,2108,60.004173278808594,PPACOPPE_maior_60,> 60.0
2026-01-22 19:54:25.159,2108,60.007991790771484,PPACOPPE_maior_60,> 60.0
2026-01-22 19:54:25.176,2108,60.00926208496094,PPACOPPE_maior_60,> 60.0
2026-01-22 19:54:25.193,2108,60.00670623779297,PPACOPPE_maior_60,> 60.0
2026-01-22 19:54:25.209,2108,60.00407409667969,PPACOPPE_maior_60,> 60.0
2026-01-22 19:54:25.226,2108,60.00392150878906,PPACOPPE_maior_60,> 60.0
2026-01-22 19:54:25.242,2108,60.008567810058594,PPACOPPE_maior_60,> 60.0
2026-01-22 19:54:25.259,2108,60.01090621948242,PPACOPPE_maior_60,> 60.0
2026-01-22 19:54:25.276,2108,60.0062141418457,PPACOPPE_maior_60,> 60.0
2026-01-22 19:54:25.295,2108,60.0037841796875,PPACOPPE_maior_60,> 60.0
2026-01-22 19:54:25.309,2108,60.00801086425781,PPACOPPE_maior_60,> 60.0
2026-01-22 19:54:25.325,2108,60.01024627685547,PPACOPPE_maior_60,> 60.0
2026-01-22 19:54:25.343,2108,60.00669479370117,PPACOPPE_maior_60,> 60.0
2026-01-22 19:54:25.360,2108,60.00192642211914,PPACOPPE_maior_60,> 60.0
2026-01-22 19:54:25.376,2108,60.0035285949707,PPACOPPE_maior_60,> 60.0
2026-01-22 19:54:25.392,2108,60.009952545166016,PPACOPPE_maior_60,> 60.0
2026-01-22 19:54:25.409,2108,60.01179885864258,PPACOPPE_maior_60,> 60.0
2026-01-22 19:54:25.426,2108,60.008296966552734,PPACOPPE_maior_60,> 60.0
2026-01-22 19:54:25.443,2108,60.0055046081543,PPACOPPE_maior_60,> 60.0
2026-01-22 19:54:25.459,2108,60.00571060180664,PPACOPPE_maior_60,> 60.0
2026-01-22 19:54:25.477,2108,60.0072021484375,PPACOPPE_maior_60,> 60.0
2026-01-22 19:54:25.492,2108,60.009124755859375,PPACOPPE_maior_60,> 60.0
2026-01-22 19:54:25.509,2108,60.00813674926758,PPACOPPE_maior_60,> 60.0
2026-01-22 19:54:25.525,2108,60.00581741333008,PPACOPPE_maior_60,> 60.0
2026-01-22 19:54:25.543,2108,60.00711441040039,PPACOPPE_maior_60,> 60.0
2026-01-22 19:54:25.559,2108,60.009544372558594,PPACOPPE_maior_60,> 60.0
2026-01-22 19:54:25.576,2108,60.00897216796875,PPACOPPE_maior_60,> 60.0
2026-01-22 19:54:25.593,2108,60.0064697265625,PPACOPPE_maior_60,> 60.0
2026-01-22 19:54:25.609,2108,60.00653839111328,PPACOPPE_maior_60,> 60.0
2026-01-22 19:54:25.626,2108,60.00824737548828,PPACOPPE_maior_60,> 60.0
2026-01-22 19:54:25.642,2108,60.009002685546875,PPACOPPE_maior_60,> 60.0
2026-01-22 19:54:25.660,2108,60.00774383544922,PPACOPPE_maior_60,> 60.0
2026-01-22 19:54:25.677,2108,60.00605773925781,PPACOPPE_maior_60,> 60.0
2026-01-22 19:54:25.697,2108,60.00689697265625,PPACOPPE_maior_60,> 60.0
2026-01-22 19:54:25.709,2108,60.00764465332031,PPACOPPE_maior_60,> 60.0
2026-01-22 19:54:25.726,2108,60.007022857666016,PPACOPPE_maior_60,> 60.0
2026-01-22 19:54:25.743,2108,60.00812530517578,PPACOPPE_maior_60,> 60.0
2026-01-22 19:54:25.761,2108,60.00910186767578,PPACOPPE_maior_60,> 60.0
2026-01-22 19:54:25.776,2108,60.00843811035156,PPACOPPE_maior_60,> 60.0
2026-01-22 19:54:25.793,2108,60.00857925415039,PPACOPPE_maior_60,> 60.0
2026-01-22 19:54:25.809,2108,60.00634765625,PPACOPPE_maior_60,> 60.0
2026-01-22 19:54:25.826,2108,60.005462646484375,PPACOPPE_maior_60,> 60.0
2026-01-22 19:54:25.843,2108,60.009674072265625,PPACOPPE_maior_60,> 60.0
2026-01-22 19:54:25.859,2108,60.01228332519531,PPACOPPE_maior_60,> 60.0
2026-01-22 19:54:25.876,2108,60.01142883300781,PPACOPPE_maior_60,> 60.0
2026-01-22 19:54:25.892,2108,60.00778579711914,PPACOPPE_maior_60,> 60.0
2026-01-22 19:54:25.909,2108,60.00596618652344,PPACOPPE_maior_60,> 60.0
2026-01-22 19:54:25.926,2108,60.00896453857422,PPACOPPE_maior_60,> 60.0
2026-01-22 19:54:25.942,2108,60.01010513305664,PPACOPPE_maior_60,> 60.0
2026-01-22 19:54:25.959,2108,60.006107330322266,PPACOPPE_maior_60,> 60.0
2026-01-22 19:54:25.976,2108,60.00529479980469,PPACOPPE_maior_60,> 60.0
2026-01-22 19:54:25.993,2108,60.00905227661133,PPACOPPE_maior_60,> 60.0
2026-01-22 19:54:26.009,2108,60.0101432800293,PPACOPPE_maior_60,> 60.0
2026-01-22 19:54:26.025,2108,60.0092887878418,PPACOPPE_maior_60,> 60.0
2026-01-22 19:54:26.043,2108,60.00743103027344,PPACOPPE_maior_60,> 60.0
2026-01-22 19:54:26.059,2108,60.00682067871094,PPACOPPE_maior_60,> 60.0
2026-01-22 19:54:26.076,2108,60.009674072265625,PPACOPPE_maior_60,> 60.0
2026-01-22 19:54:26.092,2108,60.01093292236328,PPACOPPE_maior_60,> 60.0
2026-01-22 19:54:26.109,2108,60.007991790771484,PPACOPPE_maior_60,> 60.0
2026-01-22 19:54:26.126,2108,60.00644302368164,PPACOPPE_maior_60,> 60.0
2026-01-22 19:54:26.142,2108,60.0081901550293,PPACOPPE_maior_60,> 60.0
2026-01-22 19:54:26.159,2108,60.00981903076172,PPACOPPE_maior_60,> 60.0
2026-01-22 19:54:26.176,2108,60.01012420654297,PPACOPPE_maior_60,> 60.0
2026-01-22 19:54:26.192,2108,60.00800704956055,PPACOPPE_maior_60,> 60.0
2026-01-22 19:54:26.209,2108,60.0072021484375,PPACOPPE_maior_60,> 60.0
2026-01-22 19:54:26.226,2108,60.00951385498047,PPACOPPE_maior_60,> 60.0
2026-01-22 19:54:26.244,2108,60.011417388916016,PPACOPPE_maior_60,> 60.0
2026-01-22 19:54:26.259,2108,60.008934020996094,PPACOPPE_maior_60,> 60.0
2026-01-22 19:54:26.276,2108,60.005958557128906,PPACOPPE_maior_60,> 60.0
2026-01-22 19:54:26.292,2108,60.008949279785156,PPACOPPE_maior_60,> 60.0
2026-01-22 19:54:26.309,2108,60.01211929321289,PPACOPPE_maior_60,> 60.0
2026-01-22 19:54:26.327,2108,60.01138687133789,PPACOPPE_maior_60,> 60.0
2026-01-22 19:54:26.342,2108,60.00802993774414,PPACOPPE_maior_60,> 60.0
2026-01-22 19:54:26.359,2108,60.00664520263672,PPACOPPE_maior_60,> 60.0
2026-01-22 19:54:26.376,2108,60.01005935668945,PPACOPPE_maior_60,> 60.0
2026-01-22 19:54:26.392,2108,60.01101303100586,PPACOPPE_maior_60,> 60.0
2026-01-22 19:54:26.409,2108,60.00804901123047,PPACOPPE_maior_60,> 60.0
2026-01-22 19:54:26.426,2108,60.008140563964844,PPACOPPE_maior_60,> 60.0
2026-01-22 19:54:26.442,2108,60.01019287109375,PPACOPPE_maior_60,> 60.0
2026-01-22 19:54:26.459,2108,60.0108642578125,PPACOPPE_maior_60,> 60.0
2026-01-22 19:54:26.476,2108,60.01106262207031,PPACOPPE_maior_60,> 60.0
2026-01-22 19:54:26.493,2108,60.0092887878418,PPACOPPE_maior_60,> 60.0
2026-01-22 19:54:26.509,2108,60.00926208496094,PPACOPPE_maior_60,> 60.0
2026-01-22 19:54:26.526,2108,60.012054443359375,PPACOPPE_maior_60,> 60.0
2026-01-22 19:54:26.544,2108,60.01148986816406,PPACOPPE_maior_60,> 60.0
2026-01-22 19:54:26.563,2108,60.008731842041016,PPACOPPE_maior_60,> 60.0
2026-01-22 19:54:26.576,2108,60.00822067260742,PPACOPPE_maior_60,> 60.0
2026-01-22 19:54:26.593,2108,60.0096321105957,PPACOPPE_maior_60,> 60.0
2026-01-22 19:54:26.609,2108,60.0110969543457,PPACOPPE_maior_60,> 60.0
2026-01-22 19:54:26.626,2108,60.01192092895508,PPACOPPE_maior_60,> 60.0
2026-01-22 19:54:26.643,2108,60.01085662841797,PPACOPPE_maior_60,> 60.0
2026-01-22 19:54:26.659,2108,60.01075744628906,PPACOPPE_maior_60,> 60.0
2026-01-22 19:54:26.676,2108,60.01108169555664,PPACOPPE_maior_60,> 60.0
2026-01-22 19:54:26.692,2108,60.01010513305664,PPACOPPE_maior_60,> 60.0
2026-01-22 19:54:26.709,2108,60.01044845581055,PPACOPPE_maior_60,> 60.0
2026-01-22 19:54:26.726,2108,60.00968933105469,PPACOPPE_maior_60,> 60.0
2026-01-22 19:54:26.743,2108,60.009944915771484,PPACOPPE_maior_60,> 60.0
2026-01-22 19:54:26.759,2108,60.01297378540039,PPACOPPE_maior_60,> 60.0
2026-01-22 19:54:26.776,2108,60.011898040771484,PPACOPPE_maior_60,> 60.0
2026-01-22 19:54:26.793,2108,60.0073356628418,PPACOPPE_maior_60,> 60.0
2026-01-22 19:54:26.810,2108,60.00828552246094,PPACOPPE_maior_60,> 60.0
2026-01-22 19:54:26.826,2108,60.01296615600586,PPACOPPE_maior_60,> 60.0
2026-01-22 19:54:26.843,2108,60.01331329345703,PPACOPPE_maior_60,> 60.0
2026-01-22 19:54:26.859,2108,60.009254455566406,PPACOPPE_maior_60,> 60.0
2026-01-22 19:54:26.876,2108,60.00593948364258,PPACOPPE_maior_60,> 60.0
2026-01-22 19:54:26.892,2108,60.00844192504883,PPACOPPE_maior_60,> 60.0
2026-01-22 19:54:26.909,2108,60.01312255859375,PPACOPPE_maior_60,> 60.0
2026-01-22 19:54:26.926,2108,60.01319885253906,PPACOPPE_maior_60,> 60.0
2026-01-22 19:54:26.943,2108,60.0094108581543,PPACOPPE_maior_60,> 60.0
2026-01-22 19:54:26.959,2108,60.00772476196289,PPACOPPE_maior_60,> 60.0
2026-01-22 19:54:26.976,2108,60.010005950927734,PPACOPPE_maior_60,> 60.0
2026-01-22 19:54:26.993,2108,60.013221740722656,PPACOPPE_maior_60,> 60.0
2026-01-22 19:54:27.009,2108,60.013587951660156,PPACOPPE_maior_60,> 60.0
2026-01-22 19:54:27.026,2108,60.00933837890625,PPACOPPE_maior_60,> 60.0
2026-01-22 19:54:27.042,2108,60.00756072998047,PPACOPPE_maior_60,> 60.0
2026-01-22 19:54:27.059,2108,60.01119613647461,PPACOPPE_maior_60,> 60.0
2026-01-22 19:54:27.076,2108,60.01239776611328,PPACOPPE_maior_60,> 60.0
2026-01-22 19:54:27.092,2108,60.009178161621094,PPACOPPE_maior_60,> 60.0
2026-01-22 19:54:27.109,2108,60.00934982299805,PPACOPPE_maior_60,> 60.0
2026-01-22 19:54:27.127,2108,60.01103591918945,PPACOPPE_maior_60,> 60.0
2026-01-22 19:54:27.142,2108,60.00996780395508,PPACOPPE_maior_60,> 60.0
2026-01-22 19:54:27.159,2108,60.010284423828125,PPACOPPE_maior_60,> 60.0
2026-01-22 19:54:27.176,2108,60.010643005371094,PPACOPPE_maior_60,> 60.0
2026-01-22 19:54:27.192,2108,60.011356353759766,PPACOPPE_maior_60,> 60.0
2026-01-22 19:54:27.210,2108,60.01211166381836,PPACOPPE_maior_60,> 60.0
2026-01-22 19:54:27.226,2108,60.009864807128906,PPACOPPE_maior_60,> 60.0
2026-01-22 19:54:27.243,2108,60.00874710083008,PPACOPPE_maior_60,> 60.0
2026-01-22 19:54:27.260,2108,60.01031494140625,PPACOPPE_maior_60,> 60.0
2026-01-22 19:54:27.276,2108,60.011085510253906,PPACOPPE_maior_60,> 60.0
2026-01-22 19:54:27.292,2108,60.01226043701172,PPACOPPE_maior_60,> 60.0
2026-01-22 19:54:27.309,2108,60.0128288269043,PPACOPPE_maior_60,> 60.0
2026-01-22 19:54:27.326,2108,60.00971984863281,PPACOPPE_maior_60,> 60.0
2026-01-22 19:54:27.342,2108,60.008609771728516,PPACOPPE_maior_60,> 60.0
2026-01-22 19:54:27.359,2108,60.0101318359375,PPACOPPE_maior_60,> 60.0
2026-01-22 19:54:27.375,2108,60.01074981689453,PPACOPPE_maior_60,> 60.0
2026-01-22 19:54:27.392,2108,60.010902404785156,PPACOPPE_maior_60,> 60.0
2026-01-22 19:54:27.409,2108,60.01166534423828,PPACOPPE_maior_60,> 60.0
2026-01-22 19:54:27.426,2108,60.01390075683594,PPACOPPE_maior_60,> 60.0
2026-01-22 19:54:27.443,2108,60.01415252685547,PPACOPPE_maior_60,> 60.0
2026-01-22 19:54:27.459,2108,60.010196685791016,PPACOPPE_maior_60,> 60.0
2026-01-22 19:54:27.476,2108,60.00727462768555,PPACOPPE_maior_60,> 60.0
2026-01-22 19:54:27.493,2108,60.010101318359375,PPACOPPE_maior_60,> 60.0
2026-01-22 19:54:27.509,2108,60.01437759399414,PPACOPPE_maior_60,> 60.0
2026-01-22 19:54:27.526,2108,60.014862060546875,PPACOPPE_maior_60,> 60.0
2026-01-22 19:54:27.543,2108,60.010658264160156,PPACOPPE_maior_60,> 60.0
2026-01-22 19:54:27.559,2108,60.00720977783203,PPACOPPE_maior_60,> 60.0
2026-01-22 19:54:27.576,2108,60.01063919067383,PPACOPPE_maior_60,> 60.0
2026-01-22 19:54:27.592,2108,60.01551055908203,PPACOPPE_maior_60,> 60.0
2026-01-22 19:54:27.609,2108,60.01414108276367,PPACOPPE_maior_60,> 60.0
2026-01-22 19:54:27.626,2108,60.00870895385742,PPACOPPE_maior_60,> 60.0
2026-01-22 19:54:27.642,2108,60.008087158203125,PPACOPPE_maior_60,> 60.0
2026-01-22 19:54:27.659,2108,60.01209259033203,PPACOPPE_maior_60,> 60.0
2026-01-22 19:54:27.676,2108,60.014678955078125,PPACOPPE_maior_60,> 60.0
2026-01-22 19:54:27.694,2108,60.01414108276367,PPACOPPE_maior_60,> 60.0
2026-01-22 19:54:27.709,2108,60.01062774658203,PPACOPPE_maior_60,> 60.0
2026-01-22 19:54:27.726,2108,60.00920486450195,PPACOPPE_maior_60,> 60.0
2026-01-22 19:54:27.742,2108,60.011932373046875,PPACOPPE_maior_60,> 60.0
2026-01-22 19:54:27.759,2108,60.0122184753418,PPACOPPE_maior_60,> 60.0
2026-01-22 19:54:27.776,2108,60.00990295410156,PPACOPPE_maior_60,> 60.0
2026-01-22 19:54:27.792,2108,60.01176071166992,PPACOPPE_maior_60,> 60.0
2026-01-22 19:54:27.809,2108,60.01377868652344,PPACOPPE_maior_60,> 60.0
2026-01-22 19:54:27.826,2108,60.01362228393555,PPACOPPE_maior_60,> 60.0
2026-01-22 19:54:27.843,2108,60.01354217529297,PPACOPPE_maior_60,> 60.0
2026-01-22 19:54:27.859,2108,60.012115478515625,PPACOPPE_maior_60,> 60.0
2026-01-22 19:54:27.876,2108,60.01197052001953,PPACOPPE_maior_60,> 60.0
2026-01-22 19:54:27.892,2108,60.01279067993164,PPACOPPE_maior_60,> 60.0
2026-01-22 19:54:27.909,2108,60.013118743896484,PPACOPPE_maior_60,> 60.0
2026-01-22 19:54:27.926,2108,60.01383972167969,PPACOPPE_maior_60,> 60.0
2026-01-22 19:54:27.943,2108,60.01335906982422,PPACOPPE_maior_60,> 60.0
2026-01-22 19:54:27.959,2108,60.01252746582031,PPACOPPE_maior_60,> 60.0
2026-01-22 19:54:27.976,2108,60.01349639892578,PPACOPPE_maior_60,> 60.0
2026-01-22 19:54:27.992,2108,60.012474060058594,PPACOPPE_maior_60,> 60.0
2026-01-22 19:54:28.009,2108,60.01069641113281,PPACOPPE_maior_60,> 60.0
2026-01-22 19:54:28.026,2108,60.01357650756836,PPACOPPE_maior_60,> 60.0
2026-01-22 19:54:28.206,2108,60.01570129394531,PPACOPPE_maior_60,> 60.0
2026-01-22 19:54:28.206,2108,60.013641357421875,PPACOPPE_maior_60,> 60.0
2026-01-22 19:54:28.206,2108,60.011199951171875,PPACOPPE_maior_60,> 60.0
2026-01-22 19:54:28.206,2108,60.01192092895508,PPACOPPE_maior_60,> 60.0
2026-01-22 19:54:28.206,2108,60.014862060546875,PPACOPPE_maior_60,> 60.0
2026-01-22 19:54:28.206,2108,60.01484298706055,PPACOPPE_maior_60,> 60.0
2026-01-22 19:54:28.206,2108,60.01158905029297,PPACOPPE_maior_60,> 60.0
2026-01-22 19:54:28.206,2108,60.01066970825195,PPACOPPE_maior_60,> 60.0
2026-01-22 19:54:28.206,2108,60.013912200927734,PPACOPPE_maior_60,> 60.0
2026-01-22 19:54:28.206,2108,60.01559066772461,PPACOPPE_maior_60,> 60.0
2026-01-22 19:54:28.209,2108,60.01423645019531,PPACOPPE_maior_60,> 60.0
2026-01-22 19:54:28.226,2108,60.01225662231445,PPACOPPE_maior_60,> 60.0
2026-01-22 19:54:28.243,2108,60.01136016845703,PPACOPPE_maior_60,> 60.0
2026-01-22 19:54:28.260,2108,60.0133171081543,PPACOPPE_maior_60,> 60.0
2026-01-22 19:54:28.276,2108,60.01578140258789,PPACOPPE_maior_60,> 60.0
2026-01-22 19:54:28.293,2108,60.01466751098633,PPACOPPE_maior_60,> 60.0
2026-01-22 19:54:28.309,2108,60.01270294189453,PPACOPPE_maior_60,> 60.0
2026-01-22 19:54:28.326,2108,60.01462936401367,PPACOPPE_maior_60,> 60.0
2026-01-22 19:54:28.343,2108,60.01543045043945,PPACOPPE_maior_60,> 60.0
2026-01-22 19:54:28.359,2108,60.012996673583984,PPACOPPE_maior_60,> 60.0
2026-01-22 19:54:28.376,2108,60.0111198425293,PPACOPPE_maior_60,> 60.0
2026-01-22 19:54:28.393,2108,60.01176834106445,PPACOPPE_maior_60,> 60.0
2026-01-22 19:54:28.409,2108,60.01540756225586,PPACOPPE_maior_60,> 60.0
2026-01-22 19:54:28.426,2108,60.01667785644531,PPACOPPE_maior_60,> 60.0
2026-01-22 19:54:28.442,2108,60.01345443725586,PPACOPPE_maior_60,> 60.0
2026-01-22 19:54:28.459,2108,60.01256561279297,PPACOPPE_maior_60,> 60.0
2026-01-22 19:54:28.476,2108,60.0156364440918,PPACOPPE_maior_60,> 60.0
2026-01-22 19:54:28.493,2108,60.01706314086914,PPACOPPE_maior_60,> 60.0
2026-01-22 19:54:28.509,2108,60.015716552734375,PPACOPPE_maior_60,> 60.0
2026-01-22 19:54:28.526,2108,60.01168441772461,PPACOPPE_maior_60,> 60.0
2026-01-22 19:54:28.543,2108,60.00929641723633,PPACOPPE_maior_60,> 60.0
2026-01-22 19:54:28.559,2108,60.013980865478516,PPACOPPE_maior_60,> 60.0
2026-01-22 19:54:28.576,2108,60.017974853515625,PPACOPPE_maior_60,> 60.0
2026-01-22 19:54:28.593,2108,60.013736724853516,PPACOPPE_maior_60,> 60.0
2026-01-22 19:54:28.609,2108,60.009864807128906,PPACOPPE_maior_60,> 60.0
2026-01-22 19:54:28.625,2108,60.014137268066406,PPACOPPE_maior_60,> 60.0
2026-01-22 19:54:28.642,2108,60.017913818359375,PPACOPPE_maior_60,> 60.0
2026-01-22 19:54:28.659,2108,60.016361236572266,PPACOPPE_maior_60,> 60.0
2026-01-22 19:54:28.676,2108,60.01361083984375,PPACOPPE_maior_60,> 60.0
2026-01-22 19:54:28.693,2108,60.01323318481445,PPACOPPE_maior_60,> 60.0
2026-01-22 19:54:28.709,2108,60.01516342163086,PPACOPPE_maior_60,> 60.0
2026-01-22 19:54:28.726,2108,60.01484680175781,PPACOPPE_maior_60,> 60.0
2026-01-22 19:54:28.742,2108,60.01236343383789,PPACOPPE_maior_60,> 60.0
2026-01-22 19:54:28.759,2108,60.011104583740234,PPACOPPE_maior_60,> 60.0
2026-01-22 19:54:28.776,2108,60.01354217529297,PPACOPPE_maior_60,> 60.0
2026-01-22 19:54:28.793,2108,60.017669677734375,PPACOPPE_maior_60,> 60.0
2026-01-22 19:54:28.809,2108,60.01728439331055,PPACOPPE_maior_60,> 60.0
2026-01-22 19:54:28.825,2108,60.0125732421875,PPACOPPE_maior_60,> 60.0
2026-01-22 19:54:28.843,2108,60.010807037353516,PPACOPPE_maior_60,> 60.0
2026-01-22 19:54:28.859,2108,60.01322555541992,PPACOPPE_maior_60,> 60.0
2026-01-22 19:54:28.876,2108,60.014869689941406,PPACOPPE_maior_60,> 60.0
2026-01-22 19:54:28.892,2108,60.01424789428711,PPACOPPE_maior_60,> 60.0
2026-01-22 19:54:28.909,2108,60.01300048828125,PPACOPPE_maior_60,> 60.0
2026-01-22 19:54:28.926,2108,60.01398849487305,PPACOPPE_maior_60,> 60.0
2026-01-22 19:54:28.942,2108,60.016204833984375,PPACOPPE_maior_60,> 60.0
2026-01-22 19:54:28.959,2108,60.01638412475586,PPACOPPE_maior_60,> 60.0
2026-01-22 19:54:28.975,2108,60.013404846191406,PPACOPPE_maior_60,> 60.0
2026-01-22 19:54:28.993,2108,60.01175308227539,PPACOPPE_maior_60,> 60.0
2026-01-22 19:54:29.009,2108,60.015010833740234,PPACOPPE_maior_60,> 60.0
2026-01-22 19:54:29.026,2108,60.01866912841797,PPACOPPE_maior_60,> 60.0
2026-01-22 19:54:29.042,2108,60.016990661621094,PPACOPPE_maior_60,> 60.0
2026-01-22 19:54:29.060,2108,60.01038360595703,PPACOPPE_maior_60,> 60.0
2026-01-22 19:54:29.076,2108,60.0091667175293,PPACOPPE_maior_60,> 60.0
2026-01-22 19:54:29.093,2108,60.01586151123047,PPACOPPE_maior_60,> 60.0
2026-01-22 19:54:29.110,2108,60.01992416381836,PPACOPPE_maior_60,> 60.0
2026-01-22 19:54:29.126,2108,60.016178131103516,PPACOPPE_maior_60,> 60.0
2026-01-22 19:54:29.143,2108,60.01119613647461,PPACOPPE_maior_60,> 60.0
2026-01-22 19:54:29.160,2108,60.01142883300781,PPACOPPE_maior_60,> 60.0
2026-01-22 19:54:29.176,2108,60.01436233520508,PPACOPPE_maior_60,> 60.0
2026-01-22 19:54:29.192,2108,60.016204833984375,PPACOPPE_maior_60,> 60.0
2026-01-22 19:54:29.209,2108,60.01486587524414,PPACOPPE_maior_60,> 60.0
2026-01-22 19:54:29.226,2108,60.014060974121094,PPACOPPE_maior_60,> 60.0
2026-01-22 19:54:29.242,2108,60.01536178588867,PPACOPPE_maior_60,> 60.0
2026-01-22 19:54:29.259,2108,60.01510238647461,PPACOPPE_maior_60,> 60.0
2026-01-22 19:54:29.276,2108,60.014129638671875,PPACOPPE_maior_60,> 60.0
2026-01-22 19:54:29.293,2108,60.01427459716797,PPACOPPE_maior_60,> 60.0
2026-01-22 19:54:29.309,2108,60.01577377319336,PPACOPPE_maior_60,> 60.0
2026-01-22 19:54:29.326,2108,60.01716995239258,PPACOPPE_maior_60,> 60.0
2026-01-22 19:54:29.342,2108,60.01583480834961,PPACOPPE_maior_60,> 60.0
2026-01-22 19:54:29.359,2108,60.01206970214844,PPACOPPE_maior_60,> 60.0
2026-01-22 19:54:29.375,2108,60.01165771484375,PPACOPPE_maior_60,> 60.0
2026-01-22 19:54:29.393,2108,60.01397705078125,PPACOPPE_maior_60,> 60.0
2026-01-22 19:54:29.409,2108,60.01485061645508,PPACOPPE_maior_60,> 60.0
2026-01-22 19:54:29.426,2108,60.015071868896484,PPACOPPE_maior_60,> 60.0
2026-01-22 19:54:29.442,2108,60.01442337036133,PPACOPPE_maior_60,> 60.0
2026-01-22 19:54:29.460,2108,60.01637649536133,PPACOPPE_maior_60,> 60.0
2026-01-22 19:54:29.476,2108,60.0190315246582,PPACOPPE_maior_60,> 60.0
2026-01-22 19:54:29.493,2108,60.015899658203125,PPACOPPE_maior_60,> 60.0
2026-01-22 19:54:29.509,2108,60.01205062866211,PPACOPPE_maior_60,> 60.0
2026-01-22 19:54:29.526,2108,60.014015197753906,PPACOPPE_maior_60,> 60.0
2026-01-22 19:54:29.542,2108,60.0170783996582,PPACOPPE_maior_60,> 60.0
2026-01-22 19:54:29.560,2108,60.016944885253906,PPACOPPE_maior_60,> 60.0
2026-01-22 19:54:29.575,2108,60.013694763183594,PPACOPPE_maior_60,> 60.0
2026-01-22 19:54:29.595,2108,60.00971984863281,PPACOPPE_maior_60,> 60.0
2026-01-22 19:54:29.609,2108,60.01276779174805,PPACOPPE_maior_60,> 60.0
2026-01-22 19:54:29.626,2108,60.019832611083984,PPACOPPE_maior_60,> 60.0
2026-01-22 19:54:29.642,2108,60.02054977416992,PPACOPPE_maior_60,> 60.0
2026-01-22 19:54:29.659,2108,60.016090393066406,PPACOPPE_maior_60,> 60.0
2026-01-22 19:54:29.676,2108,60.013938903808594,PPACOPPE_maior_60,> 60.0
2026-01-22 19:54:29.693,2108,60.015045166015625,PPACOPPE_maior_60,> 60.0
2026-01-22 19:54:29.709,2108,60.016536712646484,PPACOPPE_maior_60,> 60.0
2026-01-22 19:54:29.726,2108,60.01616287231445,PPACOPPE_maior_60,> 60.0
2026-01-22 19:54:29.743,2108,60.01372146606445,PPACOPPE_maior_60,> 60.0
2026-01-22 19:54:29.759,2108,60.01325607299805,PPACOPPE_maior_60,> 60.0
2026-01-22 19:54:29.776,2108,60.015499114990234,PPACOPPE_maior_60,> 60.0
2026-01-22 19:54:29.793,2108,60.017513275146484,PPACOPPE_maior_60,> 60.0
2026-01-22 19:54:29.809,2108,60.017520904541016,PPACOPPE_maior_60,> 60.0
2026-01-22 19:54:29.826,2108,60.016178131103516,PPACOPPE_maior_60,> 60.0
2026-01-22 19:54:29.842,2108,60.016483306884766,PPACOPPE_maior_60,> 60.0
2026-01-22 19:54:29.859,2108,60.01858139038086,PPACOPPE_maior_60,> 60.0
2026-01-22 19:54:29.876,2108,60.01585388183594,PPACOPPE_maior_60,> 60.0
2026-01-22 19:54:29.892,2108,60.011417388916016,PPACOPPE_maior_60,> 60.0
2026-01-22 19:54:29.909,2108,60.01496124267578,PPACOPPE_maior_60,> 60.0
2026-01-22 19:54:29.926,2108,60.01913070678711,PPACOPPE_maior_60,> 60.0
2026-01-22 19:54:29.943,2108,60.01782989501953,PPACOPPE_maior_60,> 60.0
2026-01-22 19:54:29.959,2108,60.01572036743164,PPACOPPE_maior_60,> 60.0
2026-01-22 19:54:29.985,2108,60.01538848876953,PPACOPPE_maior_60,> 60.0
2026-01-22 19:54:29.998,2108,60.01786422729492,PPACOPPE_maior_60,> 60.0
2026-01-22 19:54:30.010,2108,60.019229888916016,PPACOPPE_maior_60,> 60.0
2026-01-22 19:54:30.026,2108,60.014747619628906,PPACOPPE_maior_60,> 60.0
2026-01-22 19:54:30.043,2108,60.01108932495117,PPACOPPE_maior_60,> 60.0
2026-01-22 19:54:30.059,2108,60.01464080810547,PPACOPPE_maior_60,> 60.0
2026-01-22 19:54:30.084,2108,60.01906967163086,PPACOPPE_maior_60,> 60.0
2026-01-22 19:54:30.093,2108,60.019447326660156,PPACOPPE_maior_60,> 60.0
2026-01-22 19:54:30.110,2108,60.01660919189453,PPACOPPE_maior_60,> 60.0
2026-01-22 19:54:30.126,2108,60.01420593261719,PPACOPPE_maior_60,> 60.0
2026-01-22 19:54:30.143,2108,60.01624298095703,PPACOPPE_maior_60,> 60.0
2026-01-22 19:54:30.160,2108,60.018733978271484,PPACOPPE_maior_60,> 60.0
2026-01-22 19:54:30.176,2108,60.0162353515625,PPACOPPE_maior_60,> 60.0
2026-01-22 19:54:30.192,2108,60.0135383605957,PPACOPPE_maior_60,> 60.0
2026-01-22 19:54:30.209,2108,60.01521682739258,PPACOPPE_maior_60,> 60.0
2026-01-22 19:54:30.226,2108,60.016761779785156,PPACOPPE_maior_60,> 60.0
2026-01-22 19:54:30.242,2108,60.01722717285156,PPACOPPE_maior_60,> 60.0
2026-01-22 19:54:30.259,2108,60.01527404785156,PPACOPPE_maior_60,> 60.0
2026-01-22 19:54:30.276,2108,60.01301956176758,PPACOPPE_maior_60,> 60.0
2026-01-22 19:54:30.293,2108,60.016441345214844,PPACOPPE_maior_60,> 60.0
2026-01-22 19:54:30.309,2108,60.0194206237793,PPACOPPE_maior_60,> 60.0
2026-01-22 19:54:30.326,2108,60.01729202270508,PPACOPPE_maior_60,> 60.0
2026-01-22 19:54:30.343,2108,60.014774322509766,PPACOPPE_maior_60,> 60.0
2026-01-22 19:54:30.360,2108,60.014774322509766,PPACOPPE_maior_60,> 60.0
2026-01-22 19:54:30.376,2108,60.01585006713867,PPACOPPE_maior_60,> 60.0
2026-01-22 19:54:30.393,2108,60.01707077026367,PPACOPPE_maior_60,> 60.0
2026-01-22 19:54:30.409,2108,60.01615524291992,PPACOPPE_maior_60,> 60.0
2026-01-22 19:54:30.426,2108,60.015403747558594,PPACOPPE_maior_60,> 60.0
2026-01-22 19:54:30.444,2108,60.01818084716797,PPACOPPE_maior_60,> 60.0
2026-01-22 19:54:30.460,2108,60.01768493652344,PPACOPPE_maior_60,> 60.0
2026-01-22 19:54:30.477,2108,60.014591217041016,PPACOPPE_maior_60,> 60.0
2026-01-22 19:54:30.493,2108,60.014686584472656,PPACOPPE_maior_60,> 60.0
2026-01-22 19:54:30.509,2108,60.01640319824219,PPACOPPE_maior_60,> 60.0
2026-01-22 19:54:30.531,2108,60.01784896850586,PPACOPPE_maior_60,> 60.0
2026-01-22 19:54:30.547,2108,60.01815414428711,PPACOPPE_maior_60,> 60.0
2026-01-22 19:54:30.559,2108,60.015995025634766,PPACOPPE_maior_60,> 60.0
2026-01-22 19:54:30.576,2108,60.0138053894043,PPACOPPE_maior_60,> 60.0
2026-01-22 19:54:30.593,2108,60.01545715332031,PPACOPPE_maior_60,> 60.0
2026-01-22 19:54:30.610,2108,60.01828384399414,PPACOPPE_maior_60,> 60.0
2026-01-22 19:54:30.626,2108,60.018310546875,PPACOPPE_maior_60,> 60.0
2026-01-22 19:54:30.642,2108,60.01584243774414,PPACOPPE_maior_60,> 60.0
2026-01-22 19:54:30.659,2108,60.01519775390625,PPACOPPE_maior_60,> 60.0
2026-01-22 19:54:30.675,2108,60.01669692993164,PPACOPPE_maior_60,> 60.0
2026-01-22 19:54:30.693,2108,60.01710891723633,PPACOPPE_maior_60,> 60.0
2026-01-22 19:54:30.709,2108,60.01637268066406,PPACOPPE_maior_60,> 60.0
2026-01-22 19:54:30.726,2108,60.01571273803711,PPACOPPE_maior_60,> 60.0
2026-01-22 19:54:30.742,2108,60.01615905761719,PPACOPPE_maior_60,> 60.0
2026-01-22 19:54:30.760,2108,60.01710510253906,PPACOPPE_maior_60,> 60.0
2026-01-22 19:54:30.777,2108,60.01765823364258,PPACOPPE_maior_60,> 60.0
2026-01-22 19:54:30.792,2108,60.01527786254883,PPACOPPE_maior_60,> 60.0
2026-01-22 19:54:30.809,2108,60.013763427734375,PPACOPPE_maior_60,> 60.0
2026-01-22 19:54:30.825,2108,60.01764678955078,PPACOPPE_maior_60,> 60.0
2026-01-22 19:54:30.842,2108,60.02018737792969,PPACOPPE_maior_60,> 60.0
2026-01-22 19:54:30.859,2108,60.016597747802734,PPACOPPE_maior_60,> 60.0
2026-01-22 19:54:30.876,2108,60.01316452026367,PPACOPPE_maior_60,> 60.0
2026-01-22 19:54:30.893,2108,60.01458740234375,PPACOPPE_maior_60,> 60.0
2026-01-22 19:54:30.911,2108,60.01752471923828,PPACOPPE_maior_60,> 60.0
2026-01-22 19:54:30.927,2108,60.01823806762695,PPACOPPE_maior_60,> 60.0
2026-01-22 19:54:30.943,2108,60.01668167114258,PPACOPPE_maior_60,> 60.0
2026-01-22 19:54:30.959,2108,60.017250061035156,PPACOPPE_maior_60,> 60.0
2026-01-22 19:54:30.975,2108,60.01871109008789,PPACOPPE_maior_60,> 60.0
2026-01-22 19:54:30.993,2108,60.0172004699707,PPACOPPE_maior_60,> 60.0
2026-01-22 19:54:31.010,2108,60.01512145996094,PPACOPPE_maior_60,> 60.0
2026-01-22 19:54:31.026,2108,60.01451110839844,PPACOPPE_maior_60,> 60.0
2026-01-22 19:54:31.042,2108,60.01698303222656,PPACOPPE_maior_60,> 60.0
2026-01-22 19:54:31.059,2108,60.020057678222656,PPACOPPE_maior_60,> 60.0
2026-01-22 19:54:31.076,2108,60.019161224365234,PPACOPPE_maior_60,> 60.0
2026-01-22 19:54:31.093,2108,60.015472412109375,PPACOPPE_maior_60,> 60.0
2026-01-22 19:54:31.109,2108,60.01486587524414,PPACOPPE_maior_60,> 60.0
2026-01-22 19:54:31.125,2108,60.01809310913086,PPACOPPE_maior_60,> 60.0
2026-01-22 19:54:31.142,2108,60.019412994384766,PPACOPPE_maior_60,> 60.0
2026-01-22 19:54:31.159,2108,60.0167121887207,PPACOPPE_maior_60,> 60.0
2026-01-22 19:54:31.176,2108,60.0131950378418,PPACOPPE_maior_60,> 60.0
2026-01-22 19:54:31.192,2108,60.01441955566406,PPACOPPE_maior_60,> 60.0
2026-01-22 19:54:31.209,2108,60.01899719238281,PPACOPPE_maior_60,> 60.0
2026-01-22 19:54:31.227,2108,60.019500732421875,PPACOPPE_maior_60,> 60.0
2026-01-22 19:54:31.243,2108,60.015384674072266,PPACOPPE_maior_60,> 60.0
2026-01-22 19:54:31.259,2108,60.014564514160156,PPACOPPE_maior_60,> 60.0
2026-01-22 19:54:31.275,2108,60.01813888549805,PPACOPPE_maior_60,> 60.0
2026-01-22 19:54:31.292,2108,60.020469665527344,PPACOPPE_maior_60,> 60.0
2026-01-22 19:54:31.309,2108,60.01894760131836,PPACOPPE_maior_60,> 60.0
2026-01-22 19:54:31.326,2108,60.014373779296875,PPACOPPE_maior_60,> 60.0
2026-01-22 19:54:31.343,2108,60.013545989990234,PPACOPPE_maior_60,> 60.0
2026-01-22 19:54:31.360,2108,60.01700973510742,PPACOPPE_maior_60,> 60.0
2026-01-22 19:54:31.377,2108,60.01800537109375,PPACOPPE_maior_60,> 60.0
2026-01-22 19:54:31.393,2108,60.016624450683594,PPACOPPE_maior_60,> 60.0
2026-01-22 19:54:31.409,2108,60.01630401611328,PPACOPPE_maior_60,> 60.0
2026-01-22 19:54:31.426,2108,60.01768493652344,PPACOPPE_maior_60,> 60.0
2026-01-22 19:54:31.443,2108,60.019344329833984,PPACOPPE_maior_60,> 60.0
2026-01-22 19:54:31.459,2108,60.01762008666992,PPACOPPE_maior_60,> 60.0
2026-01-22 19:54:31.476,2108,60.015769958496094,PPACOPPE_maior_60,> 60.0
2026-01-22 19:54:31.493,2108,60.01915740966797,PPACOPPE_maior_60,> 60.0
2026-01-22 19:54:31.509,2108,60.02013397216797,PPACOPPE_maior_60,> 60.0
2026-01-22 19:54:31.526,2108,60.01762771606445,PPACOPPE_maior_60,> 60.0
2026-01-22 19:54:31.542,2108,60.016414642333984,PPACOPPE_maior_60,> 60.0
2026-01-22 19:54:31.559,2108,60.015384674072266,PPACOPPE_maior_60,> 60.0
2026-01-22 19:54:31.576,2108,60.01724624633789,PPACOPPE_maior_60,> 60.0
2026-01-22 19:54:31.593,2108,60.0196647644043,PPACOPPE_maior_60,> 60.0
2026-01-22 19:54:31.609,2108,60.017051696777344,PPACOPPE_maior_60,> 60.0
2026-01-22 19:54:31.626,2108,60.01481628417969,PPACOPPE_maior_60,> 60.0
2026-01-22 19:54:31.643,2108,60.01889419555664,PPACOPPE_maior_60,> 60.0
2026-01-22 19:54:31.660,2108,60.02248001098633,PPACOPPE_maior_60,> 60.0
2026-01-22 19:54:31.676,2108,60.02048873901367,PPACOPPE_maior_60,> 60.0
2026-01-22 19:54:31.693,2108,60.01532745361328,PPACOPPE_maior_60,> 60.0
2026-01-22 19:54:31.709,2108,60.012760162353516,PPACOPPE_maior_60,> 60.0
2026-01-22 19:54:31.726,2108,60.01744079589844,PPACOPPE_maior_60,> 60.0
2026-01-22 19:54:31.742,2108,60.02107238769531,PPACOPPE_maior_60,> 60.0
2026-01-22 19:54:31.759,2108,60.016605377197266,PPACOPPE_maior_60,> 60.0
2026-01-22 19:54:31.776,2108,60.012901306152344,PPACOPPE_maior_60,> 60.0
2026-01-22 19:54:31.792,2108,60.01634216308594,PPACOPPE_maior_60,> 60.0
2026-01-22 19:54:31.810,2108,60.020267486572266,PPACOPPE_maior_60,> 60.0
2026-01-22 19:54:31.827,2108,60.02195358276367,PPACOPPE_maior_60,> 60.0
2026-01-22 19:54:31.842,2108,60.02009582519531,PPACOPPE_maior_60,> 60.0
2026-01-22 19:54:31.859,2108,60.01570129394531,PPACOPPE_maior_60,> 60.0
2026-01-22 19:54:31.876,2108,60.015621185302734,PPACOPPE_maior_60,> 60.0
2026-01-22 19:54:31.893,2108,60.0163459777832,PPACOPPE_maior_60,> 60.0
2026-01-22 19:54:31.909,2108,60.01648712158203,PPACOPPE_maior_60,> 60.0
2026-01-22 19:54:31.926,2108,60.01887512207031,PPACOPPE_maior_60,> 60.0
2026-01-22 19:54:31.943,2108,60.01939392089844,PPACOPPE_maior_60,> 60.0
2026-01-22 19:54:31.959,2108,60.01773452758789,PPACOPPE_maior_60,> 60.0
2026-01-22 19:54:31.975,2108,60.01868438720703,PPACOPPE_maior_60,> 60.0
2026-01-22 19:54:31.992,2108,60.017967224121094,PPACOPPE_maior_60,> 60.0
2026-01-22 19:54:32.009,2108,60.01569747924805,PPACOPPE_maior_60,> 60.0
2026-01-22 19:54:32.026,2108,60.0179443359375,PPACOPPE_maior_60,> 60.0
2026-01-22 19:54:32.042,2108,60.01912307739258,PPACOPPE_maior_60,> 60.0
2026-01-22 19:54:32.060,2108,60.01787185668945,PPACOPPE_maior_60,> 60.0
2026-01-22 19:54:32.076,2108,60.01661682128906,PPACOPPE_maior_60,> 60.0
2026-01-22 19:54:32.093,2108,60.01670455932617,PPACOPPE_maior_60,> 60.0
2026-01-22 19:54:32.109,2108,60.0191650390625,PPACOPPE_maior_60,> 60.0
2026-01-22 19:54:32.126,2108,60.01926040649414,PPACOPPE_maior_60,> 60.0
2026-01-22 19:54:32.142,2108,60.01583480834961,PPACOPPE_maior_60,> 60.0
2026-01-22 19:54:32.159,2108,60.01523208618164,PPACOPPE_maior_60,> 60.0
2026-01-22 19:54:32.176,2108,60.01861572265625,PPACOPPE_maior_60,> 60.0
2026-01-22 19:54:32.193,2108,60.01956558227539,PPACOPPE_maior_60,> 60.0
2026-01-22 19:54:32.210,2108,60.01858139038086,PPACOPPE_maior_60,> 60.0
2026-01-22 19:54:32.226,2108,60.01627731323242,PPACOPPE_maior_60,> 60.0
2026-01-22 19:54:32.242,2108,60.01376724243164,PPACOPPE_maior_60,> 60.0
2026-01-22 19:54:32.259,2108,60.016693115234375,PPACOPPE_maior_60,> 60.0
2026-01-22 19:54:32.277,2108,60.020626068115234,PPACOPPE_maior_60,> 60.0
2026-01-22 19:54:32.293,2108,60.01956558227539,PPACOPPE_maior_60,> 60.0
2026-01-22 19:54:32.310,2108,60.01691818237305,PPACOPPE_maior_60,> 60.0
2026-01-22 19:54:32.326,2108,60.016117095947266,PPACOPPE_maior_60,> 60.0
2026-01-22 19:54:32.343,2108,60.01685333251953,PPACOPPE_maior_60,> 60.0
2026-01-22 19:54:32.359,2108,60.01786422729492,PPACOPPE_maior_60,> 60.0
2026-01-22 19:54:32.376,2108,60.01612091064453,PPACOPPE_maior_60,> 60.0
2026-01-22 19:54:32.392,2108,60.01624298095703,PPACOPPE_maior_60,> 60.0
2026-01-22 19:54:32.409,2108,60.019893646240234,PPACOPPE_maior_60,> 60.0
2026-01-22 19:54:32.426,2108,60.0208854675293,PPACOPPE_maior_60,> 60.0
2026-01-22 19:54:32.443,2108,60.0190544128418,PPACOPPE_maior_60,> 60.0
2026-01-22 19:54:32.459,2108,60.01569366455078,PPACOPPE_maior_60,> 60.0
2026-01-22 19:54:32.476,2108,60.014854431152344,PPACOPPE_maior_60,> 60.0
2026-01-22 19:54:32.493,2108,60.018592834472656,PPACOPPE_maior_60,> 60.0
2026-01-22 19:54:32.509,2108,60.02082824707031,PPACOPPE_maior_60,> 60.0
2026-01-22 19:54:32.526,2108,60.0177116394043,PPACOPPE_maior_60,> 60.0
2026-01-22 19:54:32.543,2108,60.01570510864258,PPACOPPE_maior_60,> 60.0
2026-01-22 19:54:32.559,2108,60.01771926879883,PPACOPPE_maior_60,> 60.0
2026-01-22 19:54:32.576,2108,60.01909255981445,PPACOPPE_maior_60,> 60.0
2026-01-22 19:54:32.592,2108,60.0177116394043,PPACOPPE_maior_60,> 60.0
2026-01-22 19:54:32.609,2108,60.015220642089844,PPACOPPE_maior_60,> 60.0
2026-01-22 19:54:32.626,2108,60.0172233581543,PPACOPPE_maior_60,> 60.0
2026-01-22 19:54:32.642,2108,60.021366119384766,PPACOPPE_maior_60,> 60.0
2026-01-22 19:54:32.659,2108,60.021270751953125,PPACOPPE_maior_60,> 60.0
2026-01-22 19:54:32.675,2108,60.01715087890625,PPACOPPE_maior_60,> 60.0
2026-01-22 19:54:32.692,2108,60.014774322509766,PPACOPPE_maior_60,> 60.0
2026-01-22 19:54:32.709,2108,60.01640701293945,PPACOPPE_maior_60,> 60.0
2026-01-22 19:54:32.726,2108,60.0173454284668,PPACOPPE_maior_60,> 60.0
2026-01-22 19:54:32.748,2108,60.01778030395508,PPACOPPE_maior_60,> 60.0
2026-01-22 19:54:32.760,2108,60.01803970336914,PPACOPPE_maior_60,> 60.0
2026-01-22 19:54:32.776,2108,60.01786422729492,PPACOPPE_maior_60,> 60.0
2026-01-22 19:54:32.793,2108,60.01932907104492,PPACOPPE_maior_60,> 60.0
2026-01-22 19:54:32.809,2108,60.02009963989258,PPACOPPE_maior_60,> 60.0
2026-01-22 19:54:32.825,2108,60.01719665527344,PPACOPPE_maior_60,> 60.0
2026-01-22 19:54:32.843,2108,60.015865325927734,PPACOPPE_maior_60,> 60.0
2026-01-22 19:54:32.859,2108,60.01921463012695,PPACOPPE_maior_60,> 60.0
2026-01-22 19:54:32.875,2108,60.020816802978516,PPACOPPE_maior_60,> 60.0
2026-01-22 19:54:32.892,2108,60.01853942871094,PPACOPPE_maior_60,> 60.0
2026-01-22 19:54:32.909,2108,60.01500701904297,PPACOPPE_maior_60,> 60.0
2026-01-22 19:54:32.926,2108,60.016414642333984,PPACOPPE_maior_60,> 60.0
2026-01-22 19:54:32.942,2108,60.02140426635742,PPACOPPE_maior_60,> 60.0
2026-01-22 19:54:32.959,2108,60.02035140991211,PPACOPPE_maior_60,> 60.0
2026-01-22 19:54:32.976,2108,60.01649475097656,PPACOPPE_maior_60,> 60.0
2026-01-22 19:54:32.993,2108,60.016605377197266,PPACOPPE_maior_60,> 60.0
2026-01-22 19:54:33.009,2108,60.01945495605469,PPACOPPE_maior_60,> 60.0
2026-01-22 19:54:33.025,2108,60.02080154418945,PPACOPPE_maior_60,> 60.0
2026-01-22 19:54:33.042,2108,60.01830291748047,PPACOPPE_maior_60,> 60.0
2026-01-22 19:54:33.059,2108,60.01605987548828,PPACOPPE_maior_60,> 60.0
2026-01-22 19:54:33.075,2108,60.01816177368164,PPACOPPE_maior_60,> 60.0
2026-01-22 19:54:33.092,2108,60.020267486572266,PPACOPPE_maior_60,> 60.0
2026-01-22 19:54:33.109,2108,60.020164489746094,PPACOPPE_maior_60,> 60.0
2026-01-22 19:54:33.125,2108,60.01748275756836,PPACOPPE_maior_60,> 60.0
2026-01-22 19:54:33.142,2108,60.014854431152344,PPACOPPE_maior_60,> 60.0
2026-01-22 19:54:33.159,2108,60.01866912841797,PPACOPPE_maior_60,> 60.0
2026-01-22 19:54:33.176,2108,60.022804260253906,PPACOPPE_maior_60,> 60.0
2026-01-22 19:54:33.192,2108,60.01955032348633,PPACOPPE_maior_60,> 60.0
2026-01-22 19:54:33.209,2108,60.01583480834961,PPACOPPE_maior_60,> 60.0
2026-01-22 19:54:33.226,2108,60.018497467041016,PPACOPPE_maior_60,> 60.0
2026-01-22 19:54:33.243,2108,60.02177810668945,PPACOPPE_maior_60,> 60.0
2026-01-22 19:54:33.259,2108,60.02068328857422,PPACOPPE_maior_60,> 60.0
2026-01-22 19:54:33.275,2108,60.01583480834961,PPACOPPE_maior_60,> 60.0
2026-01-22 19:54:33.292,2108,60.01346969604492,PPACOPPE_maior_60,> 60.0
2026-01-22 19:54:33.309,2108,60.01945877075195,PPACOPPE_maior_60,> 60.0
2026-01-22 19:54:33.327,2108,60.02465057373047,PPACOPPE_maior_60,> 60.0
2026-01-22 19:54:33.343,2108,60.020774841308594,PPACOPPE_maior_60,> 60.0
2026-01-22 19:54:33.359,2108,60.014957427978516,PPACOPPE_maior_60,> 60.0
2026-01-22 19:54:33.376,2108,60.015647888183594,PPACOPPE_maior_60,> 60.0
2026-01-22 19:54:33.394,2108,60.019752502441406,PPACOPPE_maior_60,> 60.0
2026-01-22 19:54:33.410,2108,60.020347595214844,PPACOPPE_maior_60,> 60.0
2026-01-22 19:54:33.430,2108,60.01832580566406,PPACOPPE_maior_60,> 60.0
2026-01-22 19:54:33.442,2108,60.01856994628906,PPACOPPE_maior_60,> 60.0
2026-01-22 19:54:33.465,2108,60.01982116699219,PPACOPPE_maior_60,> 60.0
2026-01-22 19:54:33.475,2108,60.018218994140625,PPACOPPE_maior_60,> 60.0
2026-01-22 19:54:33.493,2108,60.01755905151367,PPACOPPE_maior_60,> 60.0
2026-01-22 19:54:33.517,2108,60.018577575683594,PPACOPPE_maior_60,> 60.0
2026-01-22 19:54:33.526,2108,60.018287658691406,PPACOPPE_maior_60,> 60.0
2026-01-22 19:54:33.543,2108,60.01963424682617,PPACOPPE_maior_60,> 60.0
2026-01-22 19:54:33.561,2108,60.02164077758789,PPACOPPE_maior_60,> 60.0
2026-01-22 19:54:33.576,2108,60.019405364990234,PPACOPPE_maior_60,> 60.0
2026-01-22 19:54:33.592,2108,60.017086029052734,PPACOPPE_maior_60,> 60.0
2026-01-22 19:54:33.610,2108,60.01853942871094,PPACOPPE_maior_60,> 60.0
2026-01-22 19:54:33.625,2108,60.01881790161133,PPACOPPE_maior_60,> 60.0
2026-01-22 19:54:33.643,2108,60.01777267456055,PPACOPPE_maior_60,> 60.0
2026-01-22 19:54:33.659,2108,60.0175666809082,PPACOPPE_maior_60,> 60.0
2026-01-22 19:54:33.676,2108,60.01856994628906,PPACOPPE_maior_60,> 60.0
2026-01-22 19:54:33.693,2108,60.02152633666992,PPACOPPE_maior_60,> 60.0
2026-01-22 19:54:33.709,2108,60.02092742919922,PPACOPPE_maior_60,> 60.0
2026-01-22 19:54:33.727,2108,60.015560150146484,PPACOPPE_maior_60,> 60.0
2026-01-22 19:54:33.744,2108,60.0145378112793,PPACOPPE_maior_60,> 60.0
2026-01-22 19:54:33.760,2108,60.01874923706055,PPACOPPE_maior_60,> 60.0
2026-01-22 19:54:33.776,2108,60.02222442626953,PPACOPPE_maior_60,> 60.0
2026-01-22 19:54:33.792,2108,60.023948669433594,PPACOPPE_maior_60,> 60.0
2026-01-22 19:54:33.809,2108,60.0201301574707,PPACOPPE_maior_60,> 60.0
2026-01-22 19:54:33.826,2108,60.01615524291992,PPACOPPE_maior_60,> 60.0
2026-01-22 19:54:33.843,2108,60.01994323730469,PPACOPPE_maior_60,> 60.0
2026-01-22 19:54:33.859,2108,60.02306365966797,PPACOPPE_maior_60,> 60.0
2026-01-22 19:54:33.876,2108,60.0196647644043,PPACOPPE_maior_60,> 60.0
2026-01-22 19:54:33.892,2108,60.015647888183594,PPACOPPE_maior_60,> 60.0
2026-01-22 19:54:33.909,2108,60.017425537109375,PPACOPPE_maior_60,> 60.0
2026-01-22 19:54:33.925,2108,60.02198028564453,PPACOPPE_maior_60,> 60.0
2026-01-22 19:54:33.943,2108,60.023529052734375,PPACOPPE_maior_60,> 60.0
2026-01-22 19:54:33.959,2108,60.018829345703125,PPACOPPE_maior_60,> 60.0
2026-01-22 19:54:33.975,2108,60.01410675048828,PPACOPPE_maior_60,> 60.0
2026-01-22 19:54:33.992,2108,60.017642974853516,PPACOPPE_maior_60,> 60.0
2026-01-22 19:54:34.009,2108,60.02177810668945,PPACOPPE_maior_60,> 60.0
2026-01-22 19:54:34.026,2108,60.02251052856445,PPACOPPE_maior_60,> 60.0
2026-01-22 19:54:34.043,2108,60.021602630615234,PPACOPPE_maior_60,> 60.0
2026-01-22 19:54:34.059,2108,60.01906967163086,PPACOPPE_maior_60,> 60.0
2026-01-22 19:54:34.076,2108,60.018638610839844,PPACOPPE_maior_60,> 60.0
2026-01-22 19:54:34.092,2108,60.01950454711914,PPACOPPE_maior_60,> 60.0
2026-01-22 19:54:34.110,2108,60.018402099609375,PPACOPPE_maior_60,> 60.0
2026-01-22 19:54:34.126,2108,60.018470764160156,PPACOPPE_maior_60,> 60.0
2026-01-22 19:54:34.142,2108,60.02113723754883,PPACOPPE_maior_60,> 60.0
2026-01-22 19:54:34.159,2108,60.022605895996094,PPACOPPE_maior_60,> 60.0
2026-01-22 19:54:34.176,2108,60.02107620239258,PPACOPPE_maior_60,> 60.0
2026-01-22 19:54:34.193,2108,60.017356872558594,PPACOPPE_maior_60,> 60.0
2026-01-22 19:54:34.209,2108,60.017425537109375,PPACOPPE_maior_60,> 60.0
2026-01-22 19:54:34.225,2108,60.021095275878906,PPACOPPE_maior_60,> 60.0
2026-01-22 19:54:34.242,2108,60.02149963378906,PPACOPPE_maior_60,> 60.0
2026-01-22 19:54:34.259,2108,60.01885223388672,PPACOPPE_maior_60,> 60.0
2026-01-22 19:54:34.433,2108,60.01742935180664,PPACOPPE_maior_60,> 60.0
2026-01-22 19:54:34.433,2108,60.019527435302734,PPACOPPE_maior_60,> 60.0
2026-01-22 19:54:34.433,2108,60.02220153808594,PPACOPPE_maior_60,> 60.0
2026-01-22 19:54:34.433,2108,60.02159118652344,PPACOPPE_maior_60,> 60.0
2026-01-22 19:54:34.433,2108,60.01841735839844,PPACOPPE_maior_60,> 60.0
2026-01-22 19:54:34.433,2108,60.0182991027832,PPACOPPE_maior_60,> 60.0
2026-01-22 19:54:34.433,2108,60.02159118652344,PPACOPPE_maior_60,> 60.0
2026-01-22 19:54:34.433,2108,60.02183151245117,PPACOPPE_maior_60,> 60.0
2026-01-22 19:54:34.434,2108,60.017940521240234,PPACOPPE_maior_60,> 60.0
2026-01-22 19:54:34.437,2108,60.01679229736328,PPACOPPE_maior_60,> 60.0
2026-01-22 19:54:34.443,2108,60.020111083984375,PPACOPPE_maior_60,> 60.0
2026-01-22 19:54:34.460,2108,60.0220832824707,PPACOPPE_maior_60,> 60.0
2026-01-22 19:54:34.477,2108,60.02092361450195,PPACOPPE_maior_60,> 60.0
2026-01-22 19:54:34.493,2108,60.01781463623047,PPACOPPE_maior_60,> 60.0
2026-01-22 19:54:34.509,2108,60.01806640625,PPACOPPE_maior_60,> 60.0
2026-01-22 19:54:34.526,2108,60.02165222167969,PPACOPPE_maior_60,> 60.0
2026-01-22 19:54:34.543,2108,60.02172088623047,PPACOPPE_maior_60,> 60.0
2026-01-22 19:54:34.560,2108,60.01919937133789,PPACOPPE_maior_60,> 60.0
2026-01-22 19:54:34.576,2108,60.01862716674805,PPACOPPE_maior_60,> 60.0
2026-01-22 19:54:34.593,2108,60.02021789550781,PPACOPPE_maior_60,> 60.0
2026-01-22 19:54:34.609,2108,60.021209716796875,PPACOPPE_maior_60,> 60.0
2026-01-22 19:54:34.626,2108,60.02046203613281,PPACOPPE_maior_60,> 60.0
2026-01-22 19:54:34.643,2108,60.018898010253906,PPACOPPE_maior_60,> 60.0
2026-01-22 19:54:34.659,2108,60.01944351196289,PPACOPPE_maior_60,> 60.0
2026-01-22 19:54:34.676,2108,60.02107238769531,PPACOPPE_maior_60,> 60.0
2026-01-22 19:54:34.693,2108,60.022003173828125,PPACOPPE_maior_60,> 60.0
2026-01-22 19:54:34.709,2108,60.020023345947266,PPACOPPE_maior_60,> 60.0
2026-01-22 19:54:34.725,2108,60.01548767089844,PPACOPPE_maior_60,> 60.0
2026-01-22 19:54:34.742,2108,60.01795196533203,PPACOPPE_maior_60,> 60.0
2026-01-22 19:54:34.759,2108,60.02424240112305,PPACOPPE_maior_60,> 60.0
2026-01-22 19:54:34.775,2108,60.02389907836914,PPACOPPE_maior_60,> 60.0
2026-01-22 19:54:34.793,2108,60.01930236816406,PPACOPPE_maior_60,> 60.0
2026-01-22 19:54:34.809,2108,60.01708221435547,PPACOPPE_maior_60,> 60.0
2026-01-22 19:54:34.825,2108,60.019615173339844,PPACOPPE_maior_60,> 60.0
2026-01-22 19:54:34.843,2108,60.0235595703125,PPACOPPE_maior_60,> 60.0
2026-01-22 19:54:34.859,2108,60.021949768066406,PPACOPPE_maior_60,> 60.0
2026-01-22 19:54:34.876,2108,60.0174674987793,PPACOPPE_maior_60,> 60.0
2026-01-22 19:54:34.892,2108,60.018672943115234,PPACOPPE_maior_60,> 60.0
2026-01-22 19:54:34.909,2108,60.02092361450195,PPACOPPE_maior_60,> 60.0
2026-01-22 19:54:34.926,2108,60.020694732666016,PPACOPPE_maior_60,> 60.0
2026-01-22 19:54:34.943,2108,60.01980209350586,PPACOPPE_maior_60,> 60.0
2026-01-22 19:54:34.959,2108,60.01872253417969,PPACOPPE_maior_60,> 60.0
2026-01-22 19:54:34.976,2108,60.02045822143555,PPACOPPE_maior_60,> 60.0
2026-01-22 19:54:34.992,2108,60.022483825683594,PPACOPPE_maior_60,> 60.0
2026-01-22 19:54:35.009,2108,60.02043151855469,PPACOPPE_maior_60,> 60.0
2026-01-22 19:54:35.026,2108,60.01847457885742,PPACOPPE_maior_60,> 60.0
2026-01-22 19:54:35.042,2108,60.01961898803711,PPACOPPE_maior_60,> 60.0
2026-01-22 19:54:35.059,2108,60.02088165283203,PPACOPPE_maior_60,> 60.0
2026-01-22 19:54:35.076,2108,60.02170181274414,PPACOPPE_maior_60,> 60.0
2026-01-22 19:54:35.092,2108,60.02008819580078,PPACOPPE_maior_60,> 60.0
2026-01-22 19:54:35.109,2108,60.01839065551758,PPACOPPE_maior_60,> 60.0
2026-01-22 19:54:35.133,2108,60.020755767822266,PPACOPPE_maior_60,> 60.0
2026-01-22 19:54:35.143,2108,60.02206039428711,PPACOPPE_maior_60,> 60.0
2026-01-22 19:54:35.160,2108,60.01948165893555,PPACOPPE_maior_60,> 60.0
2026-01-22 19:54:35.176,2108,60.017906188964844,PPACOPPE_maior_60,> 60.0
2026-01-22 19:54:35.192,2108,60.020206451416016,PPACOPPE_maior_60,> 60.0
2026-01-22 19:54:35.209,2108,60.02299499511719,PPACOPPE_maior_60,> 60.0
2026-01-22 19:54:35.226,2108,60.02215576171875,PPACOPPE_maior_60,> 60.0
2026-01-22 19:54:35.243,2108,60.01786804199219,PPACOPPE_maior_60,> 60.0
2026-01-22 19:54:35.259,2108,60.017154693603516,PPACOPPE_maior_60,> 60.0
2026-01-22 19:54:35.276,2108,60.021461486816406,PPACOPPE_maior_60,> 60.0
2026-01-22 19:54:35.292,2108,60.02213668823242,PPACOPPE_maior_60,> 60.0
2026-01-22 19:54:35.309,2108,60.019100189208984,PPACOPPE_maior_60,> 60.0
2026-01-22 19:54:35.326,2108,60.018245697021484,PPACOPPE_maior_60,> 60.0
2026-01-22 19:54:35.343,2108,60.02024841308594,PPACOPPE_maior_60,> 60.0
2026-01-22 19:54:35.359,2108,60.02259063720703,PPACOPPE_maior_60,> 60.0
2026-01-22 19:54:35.375,2108,60.022186279296875,PPACOPPE_maior_60,> 60.0
2026-01-22 19:54:35.392,2108,60.01739501953125,PPACOPPE_maior_60,> 60.0
2026-01-22 19:54:35.409,2108,60.01542282104492,PPACOPPE_maior_60,> 60.0
2026-01-22 19:54:35.426,2108,60.02099609375,PPACOPPE_maior_60,> 60.0
2026-01-22 19:54:35.443,2108,60.02610778808594,PPACOPPE_maior_60,> 60.0
2026-01-22 19:54:35.459,2108,60.02432632446289,PPACOPPE_maior_60,> 60.0
2026-01-22 19:54:35.476,2108,60.01875686645508,PPACOPPE_maior_60,> 60.0
2026-01-22 19:54:35.492,2108,60.016998291015625,PPACOPPE_maior_60,> 60.0
2026-01-22 19:54:35.509,2108,60.01995086669922,PPACOPPE_maior_60,> 60.0
2026-01-22 19:54:35.525,2108,60.021697998046875,PPACOPPE_maior_60,> 60.0
2026-01-22 19:54:35.543,2108,60.019649505615234,PPACOPPE_maior_60,> 60.0
2026-01-22 19:54:35.559,2108,60.017486572265625,PPACOPPE_maior_60,> 60.0
2026-01-22 19:54:35.578,2108,60.01845169067383,PPACOPPE_maior_60,> 60.0
2026-01-22 19:54:35.596,2108,60.02190399169922,PPACOPPE_maior_60,> 60.0
2026-01-22 19:54:35.622,2108,60.024192810058594,PPACOPPE_maior_60,> 60.0
2026-01-22 19:54:35.632,2108,60.021392822265625,PPACOPPE_maior_60,> 60.0
2026-01-22 19:54:35.648,2108,60.019325256347656,PPACOPPE_maior_60,> 60.0
2026-01-22 19:54:35.661,2108,60.02109146118164,PPACOPPE_maior_60,> 60.0
2026-01-22 19:54:35.676,2108,60.02073669433594,PPACOPPE_maior_60,> 60.0
2026-01-22 19:54:35.692,2108,60.01952362060547,PPACOPPE_maior_60,> 60.0
2026-01-22 19:54:35.709,2108,60.021018981933594,PPACOPPE_maior_60,> 60.0
2026-01-22 19:54:35.725,2108,60.020477294921875,PPACOPPE_maior_60,> 60.0
2026-01-22 19:54:35.743,2108,60.01813888549805,PPACOPPE_maior_60,> 60.0
2026-01-22 19:54:35.759,2108,60.01922607421875,PPACOPPE_maior_60,> 60.0
2026-01-22 19:54:35.776,2108,60.020111083984375,PPACOPPE_maior_60,> 60.0
2026-01-22 19:54:35.793,2108,60.02068328857422,PPACOPPE_maior_60,> 60.0
2026-01-22 19:54:35.809,2108,60.02224349975586,PPACOPPE_maior_60,> 60.0
2026-01-22 19:54:35.826,2108,60.02181625366211,PPACOPPE_maior_60,> 60.0
2026-01-22 19:54:35.843,2108,60.02077102661133,PPACOPPE_maior_60,> 60.0
2026-01-22 19:54:35.860,2108,60.020931243896484,PPACOPPE_maior_60,> 60.0
2026-01-22 19:54:35.877,2108,60.02185821533203,PPACOPPE_maior_60,> 60.0
2026-01-22 19:54:35.896,2108,60.02052688598633,PPACOPPE_maior_60,> 60.0
2026-01-22 19:54:35.914,2108,60.01725769042969,PPACOPPE_maior_60,> 60.0
2026-01-22 19:54:35.927,2108,60.01685333251953,PPACOPPE_maior_60,> 60.0
2026-01-22 19:54:35.942,2108,60.02103042602539,PPACOPPE_maior_60,> 60.0
2026-01-22 19:54:35.961,2108,60.024871826171875,PPACOPPE_maior_60,> 60.0
2026-01-22 19:54:35.976,2108,60.02476119995117,PPACOPPE_maior_60,> 60.0
2026-01-22 19:54:35.994,2108,60.02104187011719,PPACOPPE_maior_60,> 60.0
2026-01-22 19:54:36.009,2108,60.017173767089844,PPACOPPE_maior_60,> 60.0
2026-01-22 19:54:36.026,2108,60.01871871948242,PPACOPPE_maior_60,> 60.0
2026-01-22 19:54:36.044,2108,60.0213623046875,PPACOPPE_maior_60,> 60.0
2026-01-22 19:54:36.064,2108,60.020721435546875,PPACOPPE_maior_60,> 60.0
2026-01-22 19:54:36.076,2108,60.01893997192383,PPACOPPE_maior_60,> 60.0
2026-01-22 19:54:36.099,2108,60.01927947998047,PPACOPPE_maior_60,> 60.0
2026-01-22 19:54:36.109,2108,60.02295684814453,PPACOPPE_maior_60,> 60.0
2026-01-22 19:54:36.126,2108,60.024784088134766,PPACOPPE_maior_60,> 60.0
2026-01-22 19:54:36.142,2108,60.0206413269043,PPACOPPE_maior_60,> 60.0
2026-01-22 19:54:36.159,2108,60.01732635498047,PPACOPPE_maior_60,> 60.0
2026-01-22 19:54:36.176,2108,60.019775390625,PPACOPPE_maior_60,> 60.0
2026-01-22 19:54:36.192,2108,60.02150344848633,PPACOPPE_maior_60,> 60.0
2026-01-22 19:54:36.209,2108,60.02127456665039,PPACOPPE_maior_60,> 60.0
2026-01-22 19:54:36.226,2108,60.01999282836914,PPACOPPE_maior_60,> 60.0
2026-01-22 19:54:36.243,2108,60.01897430419922,PPACOPPE_maior_60,> 60.0
2026-01-22 19:54:36.259,2108,60.02159118652344,PPACOPPE_maior_60,> 60.0
2026-01-22 19:54:36.276,2108,60.02277374267578,PPACOPPE_maior_60,> 60.0
2026-01-22 19:54:36.292,2108,60.02018356323242,PPACOPPE_maior_60,> 60.0
2026-01-22 19:54:36.310,2108,60.020198822021484,PPACOPPE_maior_60,> 60.0
2026-01-22 19:54:36.326,2108,60.02231979370117,PPACOPPE_maior_60,> 60.0
2026-01-22 19:54:36.343,2108,60.022342681884766,PPACOPPE_maior_60,> 60.0
2026-01-22 19:54:36.359,2108,60.02241516113281,PPACOPPE_maior_60,> 60.0
2026-01-22 19:54:36.376,2108,60.02071762084961,PPACOPPE_maior_60,> 60.0
2026-01-22 19:54:36.392,2108,60.01784133911133,PPACOPPE_maior_60,> 60.0
2026-01-22 19:54:36.409,2108,60.01955032348633,PPACOPPE_maior_60,> 60.0
2026-01-22 19:54:36.426,2108,60.023433685302734,PPACOPPE_maior_60,> 60.0
2026-01-22 19:54:36.442,2108,60.02302551269531,PPACOPPE_maior_60,> 60.0
2026-01-22 19:54:36.459,2108,60.02044677734375,PPACOPPE_maior_60,> 60.0
2026-01-22 19:54:36.475,2108,60.02109909057617,PPACOPPE_maior_60,> 60.0
2026-01-22 19:54:36.492,2108,60.02267837524414,PPACOPPE_maior_60,> 60.0
2026-01-22 19:54:36.509,2108,60.021549224853516,PPACOPPE_maior_60,> 60.0
2026-01-22 19:54:36.526,2108,60.018211364746094,PPACOPPE_maior_60,> 60.0
2026-01-22 19:54:36.543,2108,60.01883316040039,PPACOPPE_maior_60,> 60.0
2026-01-22 19:54:36.560,2108,60.02431869506836,PPACOPPE_maior_60,> 60.0
2026-01-22 19:54:36.576,2108,60.025917053222656,PPACOPPE_maior_60,> 60.0
2026-01-22 19:54:36.599,2108,60.022403717041016,PPACOPPE_maior_60,> 60.0
2026-01-22 19:54:36.609,2108,60.01910400390625,PPACOPPE_maior_60,> 60.0
2026-01-22 19:54:36.626,2108,60.019588470458984,PPACOPPE_maior_60,> 60.0
2026-01-22 19:54:36.642,2108,60.022457122802734,PPACOPPE_maior_60,> 60.0
2026-01-22 19:54:36.659,2108,60.02308654785156,PPACOPPE_maior_60,> 60.0
2026-01-22 19:54:36.676,2108,60.02017593383789,PPACOPPE_maior_60,> 60.0
2026-01-22 19:54:36.692,2108,60.02058410644531,PPACOPPE_maior_60,> 60.0
2026-01-22 19:54:36.709,2108,60.025123596191406,PPACOPPE_maior_60,> 60.0
2026-01-22 19:54:36.733,2108,60.024749755859375,PPACOPPE_maior_60,> 60.0
2026-01-22 19:54:36.743,2108,60.0205078125,PPACOPPE_maior_60,> 60.0
2026-01-22 19:54:36.759,2108,60.01797103881836,PPACOPPE_maior_60,> 60.0
2026-01-22 19:54:36.776,2108,60.01915740966797,PPACOPPE_maior_60,> 60.0
2026-01-22 19:54:36.793,2108,60.024051666259766,PPACOPPE_maior_60,> 60.0
2026-01-22 19:54:36.812,2108,60.02598571777344,PPACOPPE_maior_60,> 60.0
2026-01-22 19:54:36.826,2108,60.021461486816406,PPACOPPE_maior_60,> 60.0
2026-01-22 19:54:36.843,2108,60.02009201049805,PPACOPPE_maior_60,> 60.0
2026-01-22 19:54:36.860,2108,60.02362823486328,PPACOPPE_maior_60,> 60.0
2026-01-22 19:54:36.876,2108,60.024600982666016,PPACOPPE_maior_60,> 60.0
2026-01-22 19:54:36.893,2108,60.022239685058594,PPACOPPE_maior_60,> 60.0
2026-01-22 19:54:36.920,2108,60.01762771606445,PPACOPPE_maior_60,> 60.0
2026-01-22 19:54:36.926,2108,60.01853561401367,PPACOPPE_maior_60,> 60.0
2026-01-22 19:54:36.943,2108,60.025630950927734,PPACOPPE_maior_60,> 60.0
2026-01-22 19:54:36.959,2108,60.02680206298828,PPACOPPE_maior_60,> 60.0
2026-01-22 19:54:36.997,2108,60.02143478393555,PPACOPPE_maior_60,> 60.0
2026-01-22 19:54:37.000,2108,60.01917266845703,PPACOPPE_maior_60,> 60.0
2026-01-22 19:54:37.012,2108,60.022010803222656,PPACOPPE_maior_60,> 60.0
2026-01-22 19:54:37.026,2108,60.02497100830078,PPACOPPE_maior_60,> 60.0
2026-01-22 19:54:37.042,2108,60.024051666259766,PPACOPPE_maior_60,> 60.0
2026-01-22 19:54:37.060,2108,60.02015686035156,PPACOPPE_maior_60,> 60.0
2026-01-22 19:54:37.076,2108,60.021053314208984,PPACOPPE_maior_60,> 60.0
2026-01-22 19:54:37.098,2108,60.025421142578125,PPACOPPE_maior_60,> 60.0
2026-01-22 19:54:37.110,2108,60.025936126708984,PPACOPPE_maior_60,> 60.0
2026-01-22 19:54:37.125,2108,60.0222053527832,PPACOPPE_maior_60,> 60.0
2026-01-22 19:54:37.143,2108,60.018959045410156,PPACOPPE_maior_60,> 60.0
2026-01-22 19:54:37.164,2108,60.02095413208008,PPACOPPE_maior_60,> 60.0
2026-01-22 19:54:37.175,2108,60.024513244628906,PPACOPPE_maior_60,> 60.0
2026-01-22 19:54:37.196,2108,60.02412796020508,PPACOPPE_maior_60,> 60.0
2026-01-22 19:54:37.213,2108,60.02170944213867,PPACOPPE_maior_60,> 60.0
2026-01-22 19:54:37.227,2108,60.02189636230469,PPACOPPE_maior_60,> 60.0
2026-01-22 19:54:37.242,2108,60.02339553833008,PPACOPPE_maior_60,> 60.0
2026-01-22 19:54:37.260,2108,60.02293395996094,PPACOPPE_maior_60,> 60.0
2026-01-22 19:54:37.282,2108,60.02043914794922,PPACOPPE_maior_60,> 60.0
2026-01-22 19:54:37.292,2108,60.01908874511719,PPACOPPE_maior_60,> 60.0
2026-01-22 19:54:37.309,2108,60.022335052490234,PPACOPPE_maior_60,> 60.0
2026-01-22 19:54:37.326,2108,60.02539825439453,PPACOPPE_maior_60,> 60.0
2026-01-22 19:54:37.342,2108,60.0234375,PPACOPPE_maior_60,> 60.0
2026-01-22 19:54:37.359,2108,60.02041244506836,PPACOPPE_maior_60,> 60.0
2026-01-22 19:54:37.376,2108,60.022274017333984,PPACOPPE_maior_60,> 60.0
2026-01-22 19:54:37.393,2108,60.02396011352539,PPACOPPE_maior_60,> 60.0
2026-01-22 19:54:37.409,2108,60.0205192565918,PPACOPPE_maior_60,> 60.0
2026-01-22 19:54:37.425,2108,60.01858901977539,PPACOPPE_maior_60,> 60.0
2026-01-22 19:54:37.442,2108,60.02119064331055,PPACOPPE_maior_60,> 60.0
2026-01-22 19:54:37.460,2108,60.025386810302734,PPACOPPE_maior_60,> 60.0
2026-01-22 19:54:37.475,2108,60.02661895751953,PPACOPPE_maior_60,> 60.0
2026-01-22 19:54:37.493,2108,60.02339172363281,PPACOPPE_maior_60,> 60.0
2026-01-22 19:54:37.511,2108,60.019683837890625,PPACOPPE_maior_60,> 60.0
2026-01-22 19:54:37.527,2108,60.01947021484375,PPACOPPE_maior_60,> 60.0
2026-01-22 19:54:37.543,2108,60.022369384765625,PPACOPPE_maior_60,> 60.0
2026-01-22 19:54:37.559,2108,60.024749755859375,PPACOPPE_maior_60,> 60.0
2026-01-22 19:54:37.575,2108,60.02314758300781,PPACOPPE_maior_60,> 60.0
2026-01-22 19:54:37.612,2108,60.01945114135742,PPACOPPE_maior_60,> 60.0
2026-01-22 19:54:37.616,2108,60.02003860473633,PPACOPPE_maior_60,> 60.0
2026-01-22 19:54:37.626,2108,60.023284912109375,PPACOPPE_maior_60,> 60.0
2026-01-22 19:54:37.643,2108,60.024085998535156,PPACOPPE_maior_60,> 60.0
2026-01-22 19:54:37.660,2108,60.021060943603516,PPACOPPE_maior_60,> 60.0
2026-01-22 19:54:37.676,2108,60.018428802490234,PPACOPPE_maior_60,> 60.0
2026-01-22 19:54:37.703,2108,60.021888732910156,PPACOPPE_maior_60,> 60.0
2026-01-22 19:54:37.709,2108,60.02610397338867,PPACOPPE_maior_60,> 60.0
2026-01-22 19:54:37.727,2108,60.024658203125,PPACOPPE_maior_60,> 60.0
2026-01-22 19:54:37.749,2108,60.02116775512695,PPACOPPE_maior_60,> 60.0
2026-01-22 19:54:37.766,2108,60.0191764831543,PPACOPPE_maior_60,> 60.0
2026-01-22 19:54:37.788,2108,60.02022933959961,PPACOPPE_maior_60,> 60.0
2026-01-22 19:54:37.793,2108,60.02278518676758,PPACOPPE_maior_60,> 60.0
2026-01-22 19:54:37.818,2108,60.0209846496582,PPACOPPE_maior_60,> 60.0
2026-01-22 19:54:37.826,2108,60.0191764831543,PPACOPPE_maior_60,> 60.0
2026-01-22 19:54:37.843,2108,60.022335052490234,PPACOPPE_maior_60,> 60.0
2026-01-22 19:54:37.868,2108,60.02498245239258,PPACOPPE_maior_60,> 60.0
2026-01-22 19:54:37.876,2108,60.02394104003906,PPACOPPE_maior_60,> 60.0
2026-01-22 19:54:37.903,2108,60.020748138427734,PPACOPPE_maior_60,> 60.0
2026-01-22 19:54:37.909,2108,60.019317626953125,PPACOPPE_maior_60,> 60.0
2026-01-22 19:54:37.934,2108,60.02117156982422,PPACOPPE_maior_60,> 60.0
2026-01-22 19:54:37.943,2108,60.023319244384766,PPACOPPE_maior_60,> 60.0
2026-01-22 19:54:37.959,2108,60.022701263427734,PPACOPPE_maior_60,> 60.0
2026-01-22 19:54:37.975,2108,60.021671295166016,PPACOPPE_maior_60,> 60.0
2026-01-22 19:54:37.993,2108,60.02312469482422,PPACOPPE_maior_60,> 60.0
2026-01-22 19:54:38.011,2108,60.02436828613281,PPACOPPE_maior_60,> 60.0
2026-01-22 19:54:38.026,2108,60.02236557006836,PPACOPPE_maior_60,> 60.0
2026-01-22 19:54:38.043,2108,60.018131256103516,PPACOPPE_maior_60,> 60.0
2026-01-22 19:54:38.061,2108,60.018463134765625,PPACOPPE_maior_60,> 60.0
2026-01-22 19:54:38.075,2108,60.0246696472168,PPACOPPE_maior_60,> 60.0
2026-01-22 19:54:38.093,2108,60.02710723876953,PPACOPPE_maior_60,> 60.0
2026-01-22 19:54:38.109,2108,60.02243423461914,PPACOPPE_maior_60,> 60.0
2026-01-22 19:54:38.126,2108,60.019561767578125,PPACOPPE_maior_60,> 60.0
2026-01-22 19:54:38.143,2108,60.02193069458008,PPACOPPE_maior_60,> 60.0
2026-01-22 19:54:38.159,2108,60.024417877197266,PPACOPPE_maior_60,> 60.0
2026-01-22 19:54:38.180,2108,60.023155212402344,PPACOPPE_maior_60,> 60.0
2026-01-22 19:54:38.194,2108,60.019187927246094,PPACOPPE_maior_60,> 60.0
2026-01-22 19:54:38.210,2108,60.02062225341797,PPACOPPE_maior_60,> 60.0
2026-01-22 19:54:38.231,2108,60.0255241394043,PPACOPPE_maior_60,> 60.0
2026-01-22 19:54:38.243,2108,60.02544403076172,PPACOPPE_maior_60,> 60.0
2026-01-22 19:54:38.259,2108,60.021697998046875,PPACOPPE_maior_60,> 60.0
2026-01-22 19:54:38.339,2108,60.019432067871094,PPACOPPE_maior_60,> 60.0
2026-01-22 19:54:38.339,2108,60.02080535888672,PPACOPPE_maior_60,> 60.0
2026-01-22 19:54:38.339,2108,60.023441314697266,PPACOPPE_maior_60,> 60.0
2026-01-22 19:54:38.339,2108,60.0238151550293,PPACOPPE_maior_60,> 60.0
2026-01-22 19:54:38.343,2108,60.021156311035156,PPACOPPE_maior_60,> 60.0
2026-01-22 19:54:38.363,2108,60.02073669433594,PPACOPPE_maior_60,> 60.0
2026-01-22 19:54:38.376,2108,60.02412033081055,PPACOPPE_maior_60,> 60.0
2026-01-22 19:54:38.393,2108,60.02490234375,PPACOPPE_maior_60,> 60.0
2026-01-22 19:54:38.411,2108,60.02109146118164,PPACOPPE_maior_60,> 60.0
2026-01-22 19:54:38.437,2108,60.018550872802734,PPACOPPE_maior_60,> 60.0
2026-01-22 19:54:38.442,2108,60.021541595458984,PPACOPPE_maior_60,> 60.0
2026-01-22 19:54:38.460,2108,60.025691986083984,PPACOPPE_maior_60,> 60.0
2026-01-22 19:54:38.477,2108,60.02528381347656,PPACOPPE_maior_60,> 60.0
2026-01-22 19:54:38.492,2108,60.022342681884766,PPACOPPE_maior_60,> 60.0
2026-01-22 19:54:38.510,2108,60.02353286743164,PPACOPPE_maior_60,> 60.0
2026-01-22 19:54:38.535,2108,60.025794982910156,PPACOPPE_maior_60,> 60.0
2026-01-22 19:54:38.543,2108,60.02442169189453,PPACOPPE_maior_60,> 60.0
2026-01-22 19:54:38.560,2108,60.02217102050781,PPACOPPE_maior_60,> 60.0
2026-01-22 19:54:38.576,2108,60.020999908447266,PPACOPPE_maior_60,> 60.0
2026-01-22 19:54:38.595,2108,60.02234649658203,PPACOPPE_maior_60,> 60.0
2026-01-22 19:54:38.609,2108,60.02524185180664,PPACOPPE_maior_60,> 60.0
2026-01-22 19:54:38.627,2108,60.02490997314453,PPACOPPE_maior_60,> 60.0
2026-01-22 19:54:38.643,2108,60.0225830078125,PPACOPPE_maior_60,> 60.0
2026-01-22 19:54:38.667,2108,60.02268981933594,PPACOPPE_maior_60,> 60.0
2026-01-22 19:54:38.680,2108,60.02214431762695,PPACOPPE_maior_60,> 60.0
2026-01-22 19:54:38.698,2108,60.022037506103516,PPACOPPE_maior_60,> 60.0
2026-01-22 19:54:38.709,2108,60.023101806640625,PPACOPPE_maior_60,> 60.0
2026-01-22 19:54:38.726,2108,60.022422790527344,PPACOPPE_maior_60,> 60.0
2026-01-22 19:54:38.742,2108,60.02388000488281,PPACOPPE_maior_60,> 60.0
2026-01-22 19:54:38.759,2108,60.025203704833984,PPACOPPE_maior_60,> 60.0
2026-01-22 19:54:38.776,2108,60.023460388183594,PPACOPPE_maior_60,> 60.0
2026-01-22 19:54:38.796,2108,60.021400451660156,PPACOPPE_maior_60,> 60.0
2026-01-22 19:54:38.809,2108,60.02088165283203,PPACOPPE_maior_60,> 60.0
2026-01-22 19:54:38.829,2108,60.02274703979492,PPACOPPE_maior_60,> 60.0
2026-01-22 19:54:38.843,2108,60.02485656738281,PPACOPPE_maior_60,> 60.0
2026-01-22 19:54:38.860,2108,60.022705078125,PPACOPPE_maior_60,> 60.0
2026-01-22 19:54:38.877,2108,60.0208854675293,PPACOPPE_maior_60,> 60.0
2026-01-22 19:54:38.893,2108,60.02400588989258,PPACOPPE_maior_60,> 60.0
2026-01-22 19:54:38.909,2108,60.02437973022461,PPACOPPE_maior_60,> 60.0
2026-01-22 19:54:38.926,2108,60.02229690551758,PPACOPPE_maior_60,> 60.0
2026-01-22 19:54:38.942,2108,60.02096176147461,PPACOPPE_maior_60,> 60.0
2026-01-22 19:54:38.959,2108,60.021141052246094,PPACOPPE_maior_60,> 60.0
2026-01-22 19:54:38.978,2108,60.02510452270508,PPACOPPE_maior_60,> 60.0
2026-01-22 19:54:38.992,2108,60.026878356933594,PPACOPPE_maior_60,> 60.0
2026-01-22 19:54:39.009,2108,60.023746490478516,PPACOPPE_maior_60,> 60.0
2026-01-22 19:54:39.025,2108,60.02180099487305,PPACOPPE_maior_60,> 60.0
2026-01-22 19:54:39.043,2108,60.02303695678711,PPACOPPE_maior_60,> 60.0
2026-01-22 19:54:39.059,2108,60.02408218383789,PPACOPPE_maior_60,> 60.0
2026-01-22 19:54:39.076,2108,60.02239990234375,PPACOPPE_maior_60,> 60.0
2026-01-22 19:54:39.092,2108,60.01877975463867,PPACOPPE_maior_60,> 60.0
2026-01-22 19:54:39.110,2108,60.01980209350586,PPACOPPE_maior_60,> 60.0
2026-01-22 19:54:39.127,2108,60.0242805480957,PPACOPPE_maior_60,> 60.0
2026-01-22 19:54:39.143,2108,60.02614212036133,PPACOPPE_maior_60,> 60.0
2026-01-22 19:54:39.159,2108,60.025482177734375,PPACOPPE_maior_60,> 60.0
2026-01-22 19:54:39.176,2108,60.022666931152344,PPACOPPE_maior_60,> 60.0
2026-01-22 19:54:39.193,2108,60.02101516723633,PPACOPPE_maior_60,> 60.0
2026-01-22 19:54:39.209,2108,60.0223503112793,PPACOPPE_maior_60,> 60.0
2026-01-22 19:54:39.227,2108,60.02378463745117,PPACOPPE_maior_60,> 60.0
2026-01-22 19:54:39.243,2108,60.02192687988281,PPACOPPE_maior_60,> 60.0
2026-01-22 19:54:39.260,2108,60.02027893066406,PPACOPPE_maior_60,> 60.0
2026-01-22 19:54:39.276,2108,60.022579193115234,PPACOPPE_maior_60,> 60.0
2026-01-22 19:54:39.292,2108,60.02424240112305,PPACOPPE_maior_60,> 60.0
2026-01-22 19:54:39.309,2108,60.023468017578125,PPACOPPE_maior_60,> 60.0
2026-01-22 19:54:39.325,2108,60.021148681640625,PPACOPPE_maior_60,> 60.0
2026-01-22 19:54:39.343,2108,60.02032470703125,PPACOPPE_maior_60,> 60.0
2026-01-22 19:54:39.359,2108,60.02253723144531,PPACOPPE_maior_60,> 60.0
2026-01-22 19:54:39.375,2108,60.02449417114258,PPACOPPE_maior_60,> 60.0
2026-01-22 19:54:39.393,2108,60.02321243286133,PPACOPPE_maior_60,> 60.0
2026-01-22 19:54:39.409,2108,60.02126693725586,PPACOPPE_maior_60,> 60.0
2026-01-22 19:54:39.426,2108,60.0222053527832,PPACOPPE_maior_60,> 60.0
2026-01-22 19:54:39.443,2108,60.023860931396484,PPACOPPE_maior_60,> 60.0
2026-01-22 19:54:39.460,2108,60.02275466918945,PPACOPPE_maior_60,> 60.0
2026-01-22 19:54:39.475,2108,60.020103454589844,PPACOPPE_maior_60,> 60.0
2026-01-22 19:54:39.493,2108,60.02265930175781,PPACOPPE_maior_60,> 60.0
2026-01-22 19:54:39.510,2108,60.026676177978516,PPACOPPE_maior_60,> 60.0
2026-01-22 19:54:39.525,2108,60.02488327026367,PPACOPPE_maior_60,> 60.0
2026-01-22 19:54:39.544,2108,60.021324157714844,PPACOPPE_maior_60,> 60.0
2026-01-22 19:54:39.562,2108,60.019798278808594,PPACOPPE_maior_60,> 60.0
2026-01-22 19:54:39.580,2108,60.02125930786133,PPACOPPE_maior_60,> 60.0
2026-01-22 19:54:39.593,2108,60.024532318115234,PPACOPPE_maior_60,> 60.0
2026-01-22 19:54:39.612,2108,60.023963928222656,PPACOPPE_maior_60,> 60.0
2026-01-22 19:54:39.627,2108,60.01991271972656,PPACOPPE_maior_60,> 60.0
2026-01-22 19:54:39.643,2108,60.02132034301758,PPACOPPE_maior_60,> 60.0
2026-01-22 19:54:39.660,2108,60.02552032470703,PPACOPPE_maior_60,> 60.0
2026-01-22 19:54:39.676,2108,60.025970458984375,PPACOPPE_maior_60,> 60.0
2026-01-22 19:54:39.693,2108,60.02460861206055,PPACOPPE_maior_60,> 60.0
2026-01-22 19:54:39.717,2108,60.02071762084961,PPACOPPE_maior_60,> 60.0
2026-01-22 19:54:39.735,2108,60.01896286010742,PPACOPPE_maior_60,> 60.0
2026-01-22 19:54:39.743,2108,60.023460388183594,PPACOPPE_maior_60,> 60.0
2026-01-22 19:54:39.760,2108,60.02476501464844,PPACOPPE_maior_60,> 60.0
2026-01-22 19:54:39.776,2108,60.02177429199219,PPACOPPE_maior_60,> 60.0
2026-01-22 19:54:39.793,2108,60.022552490234375,PPACOPPE_maior_60,> 60.0
2026-01-22 19:54:39.809,2108,60.024444580078125,PPACOPPE_maior_60,> 60.0
2026-01-22 19:54:39.825,2108,60.02485656738281,PPACOPPE_maior_60,> 60.0
2026-01-22 19:54:39.843,2108,60.0235481262207,PPACOPPE_maior_60,> 60.0
2026-01-22 19:54:39.860,2108,60.02146530151367,PPACOPPE_maior_60,> 60.0
2026-01-22 19:54:39.876,2108,60.02265548706055,PPACOPPE_maior_60,> 60.0
2026-01-22 19:54:39.892,2108,60.02364730834961,PPACOPPE_maior_60,> 60.0
2026-01-22 19:54:39.909,2108,60.02222442626953,PPACOPPE_maior_60,> 60.0
2026-01-22 19:54:39.926,2108,60.022605895996094,PPACOPPE_maior_60,> 60.0
2026-01-22 19:54:39.942,2108,60.024871826171875,PPACOPPE_maior_60,> 60.0
2026-01-22 19:54:39.959,2108,60.02494430541992,PPACOPPE_maior_60,> 60.0
2026-01-22 19:54:39.976,2108,60.02400207519531,PPACOPPE_maior_60,> 60.0
2026-01-22 19:54:39.993,2108,60.021888732910156,PPACOPPE_maior_60,> 60.0
2026-01-22 19:54:40.009,2108,60.01984405517578,PPACOPPE_maior_60,> 60.0
2026-01-22 19:54:40.025,2108,60.023807525634766,PPACOPPE_maior_60,> 60.0
2026-01-22 19:54:40.042,2108,60.02510070800781,PPACOPPE_maior_60,> 60.0
2026-01-22 19:54:40.060,2108,60.021236419677734,PPACOPPE_maior_60,> 60.0
2026-01-22 19:54:40.076,2108,60.02118682861328,PPACOPPE_maior_60,> 60.0
2026-01-22 19:54:40.094,2108,60.02297592163086,PPACOPPE_maior_60,> 60.0
2026-01-22 19:54:40.109,2108,60.0242919921875,PPACOPPE_maior_60,> 60.0
2026-01-22 19:54:40.126,2108,60.02423858642578,PPACOPPE_maior_60,> 60.0
2026-01-22 19:54:40.143,2108,60.02069091796875,PPACOPPE_maior_60,> 60.0
2026-01-22 19:54:40.161,2108,60.01962661743164,PPACOPPE_maior_60,> 60.0
2026-01-22 19:54:40.183,2108,60.02409362792969,PPACOPPE_maior_60,> 60.0
2026-01-22 19:54:40.193,2108,60.02681350708008,PPACOPPE_maior_60,> 60.0
2026-01-22 19:54:40.209,2108,60.0255012512207,PPACOPPE_maior_60,> 60.0
2026-01-22 19:54:40.226,2108,60.02118682861328,PPACOPPE_maior_60,> 60.0
2026-01-22 19:54:40.245,2108,60.019012451171875,PPACOPPE_maior_60,> 60.0
2026-01-22 19:54:40.260,2108,60.02199172973633,PPACOPPE_maior_60,> 60.0
2026-01-22 19:54:40.277,2108,60.02430725097656,PPACOPPE_maior_60,> 60.0
2026-01-22 19:54:40.293,2108,60.023597717285156,PPACOPPE_maior_60,> 60.0
2026-01-22 19:54:40.309,2108,60.02212905883789,PPACOPPE_maior_60,> 60.0
2026-01-22 19:54:40.325,2108,60.02256774902344,PPACOPPE_maior_60,> 60.0
2026-01-22 19:54:40.344,2108,60.024356842041016,PPACOPPE_maior_60,> 60.0
2026-01-22 19:54:40.361,2108,60.02396774291992,PPACOPPE_maior_60,> 60.0
2026-01-22 19:54:40.376,2108,60.0206298828125,PPACOPPE_maior_60,> 60.0
2026-01-22 19:54:40.393,2108,60.020233154296875,PPACOPPE_maior_60,> 60.0
2026-01-22 19:54:40.410,2108,60.02372741699219,PPACOPPE_maior_60,> 60.0
2026-01-22 19:54:40.425,2108,60.02509307861328,PPACOPPE_maior_60,> 60.0
2026-01-22 19:54:40.443,2108,60.02311325073242,PPACOPPE_maior_60,> 60.0
2026-01-22 19:54:40.460,2108,60.02170181274414,PPACOPPE_maior_60,> 60.0
2026-01-22 19:54:40.475,2108,60.02263641357422,PPACOPPE_maior_60,> 60.0
2026-01-22 19:54:40.493,2108,60.02324676513672,PPACOPPE_maior_60,> 60.0
2026-01-22 19:54:40.510,2108,60.0234489440918,PPACOPPE_maior_60,> 60.0
2026-01-22 19:54:40.526,2108,60.021942138671875,PPACOPPE_maior_60,> 60.0
2026-01-22 19:54:40.543,2108,60.02077102661133,PPACOPPE_maior_60,> 60.0
2026-01-22 19:54:40.560,2108,60.02395248413086,PPACOPPE_maior_60,> 60.0
2026-01-22 19:54:40.577,2108,60.02703094482422,PPACOPPE_maior_60,> 60.0
2026-01-22 19:54:40.593,2108,60.02561950683594,PPACOPPE_maior_60,> 60.0
2026-01-22 19:54:40.610,2108,60.020755767822266,PPACOPPE_maior_60,> 60.0
2026-01-22 19:54:40.626,2108,60.0199089050293,PPACOPPE_maior_60,> 60.0
2026-01-22 19:54:40.729,2108,60.02479553222656,PPACOPPE_maior_60,> 60.0
2026-01-22 19:54:40.731,2108,60.025543212890625,PPACOPPE_maior_60,> 60.0
2026-01-22 19:54:40.733,2108,60.02129364013672,PPACOPPE_maior_60,> 60.0
2026-01-22 19:54:40.733,2108,60.02142333984375,PPACOPPE_maior_60,> 60.0
2026-01-22 19:54:40.734,2108,60.02442932128906,PPACOPPE_maior_60,> 60.0
2026-01-22 19:54:40.736,2108,60.024505615234375,PPACOPPE_maior_60,> 60.0
2026-01-22 19:54:40.743,2108,60.023468017578125,PPACOPPE_maior_60,> 60.0
2026-01-22 19:54:40.759,2108,60.02065658569336,PPACOPPE_maior_60,> 60.0
2026-01-22 19:54:40.781,2108,60.020511627197266,PPACOPPE_maior_60,> 60.0
2026-01-22 19:54:40.793,2108,60.02532958984375,PPACOPPE_maior_60,> 60.0
2026-01-22 19:54:40.810,2108,60.026771545410156,PPACOPPE_maior_60,> 60.0
2026-01-22 19:54:40.826,2108,60.02392578125,PPACOPPE_maior_60,> 60.0
2026-01-22 19:54:40.843,2108,60.021507263183594,PPACOPPE_maior_60,> 60.0
2026-01-22 19:54:40.859,2108,60.02202224731445,PPACOPPE_maior_60,> 60.0
2026-01-22 19:54:40.876,2108,60.02461242675781,PPACOPPE_maior_60,> 60.0
2026-01-22 19:54:40.895,2108,60.02339553833008,PPACOPPE_maior_60,> 60.0
2026-01-22 19:54:40.909,2108,60.01914978027344,PPACOPPE_maior_60,> 60.0
2026-01-22 19:54:40.925,2108,60.0203742980957,PPACOPPE_maior_60,> 60.0
2026-01-22 19:54:40.943,2108,60.024845123291016,PPACOPPE_maior_60,> 60.0
2026-01-22 19:54:40.959,2108,60.02684783935547,PPACOPPE_maior_60,> 60.0
2026-01-22 19:54:40.978,2108,60.024024963378906,PPACOPPE_maior_60,> 60.0
2026-01-22 19:54:40.993,2108,60.019981384277344,PPACOPPE_maior_60,> 60.0
2026-01-22 19:54:41.009,2108,60.0224723815918,PPACOPPE_maior_60,> 60.0
2026-01-22 19:54:41.026,2108,60.02585983276367,PPACOPPE_maior_60,> 60.0
2026-01-22 19:54:41.044,2108,60.02375793457031,PPACOPPE_maior_60,> 60.0
2026-01-22 19:54:41.060,2108,60.019805908203125,PPACOPPE_maior_60,> 60.0
2026-01-22 19:54:41.077,2108,60.02022933959961,PPACOPPE_maior_60,> 60.0
2026-01-22 19:54:41.094,2108,60.023765563964844,PPACOPPE_maior_60,> 60.0
2026-01-22 19:54:41.109,2108,60.02530288696289,PPACOPPE_maior_60,> 60.0
2026-01-22 19:54:41.126,2108,60.02336883544922,PPACOPPE_maior_60,> 60.0
2026-01-22 19:54:41.142,2108,60.02050018310547,PPACOPPE_maior_60,> 60.0
2026-01-22 19:54:41.160,2108,60.02206802368164,PPACOPPE_maior_60,> 60.0
2026-01-22 19:54:41.175,2108,60.02482223510742,PPACOPPE_maior_60,> 60.0
2026-01-22 19:54:41.192,2108,60.02349853515625,PPACOPPE_maior_60,> 60.0
2026-01-22 19:54:41.210,2108,60.02106475830078,PPACOPPE_maior_60,> 60.0
2026-01-22 19:54:41.234,2108,60.02057647705078,PPACOPPE_maior_60,> 60.0
2026-01-22 19:54:41.242,2108,60.02262496948242,PPACOPPE_maior_60,> 60.0
2026-01-22 19:54:41.259,2108,60.02669906616211,PPACOPPE_maior_60,> 60.0
2026-01-22 19:54:41.275,2108,60.02540969848633,PPACOPPE_maior_60,> 60.0
2026-01-22 19:54:41.293,2108,60.02007293701172,PPACOPPE_maior_60,> 60.0
2026-01-22 19:54:41.310,2108,60.020843505859375,PPACOPPE_maior_60,> 60.0
2026-01-22 19:54:41.326,2108,60.023319244384766,PPACOPPE_maior_60,> 60.0
2026-01-22 19:54:41.343,2108,60.02320861816406,PPACOPPE_maior_60,> 60.0
2026-01-22 19:54:41.359,2108,60.02256393432617,PPACOPPE_maior_60,> 60.0
2026-01-22 19:54:41.376,2108,60.02222442626953,PPACOPPE_maior_60,> 60.0
2026-01-22 19:54:41.393,2108,60.02314376831055,PPACOPPE_maior_60,> 60.0
2026-01-22 19:54:41.409,2108,60.0228157043457,PPACOPPE_maior_60,> 60.0
2026-01-22 19:54:41.426,2108,60.020851135253906,PPACOPPE_maior_60,> 60.0
2026-01-22 19:54:41.443,2108,60.02207565307617,PPACOPPE_maior_60,> 60.0
2026-01-22 19:54:41.459,2108,60.024749755859375,PPACOPPE_maior_60,> 60.0
2026-01-22 19:54:41.476,2108,60.02360153198242,PPACOPPE_maior_60,> 60.0
2026-01-22 19:54:41.493,2108,60.023162841796875,PPACOPPE_maior_60,> 60.0
2026-01-22 19:54:41.510,2108,60.02385711669922,PPACOPPE_maior_60,> 60.0
2026-01-22 19:54:41.526,2108,60.024078369140625,PPACOPPE_maior_60,> 60.0
2026-01-22 19:54:41.543,2108,60.024810791015625,PPACOPPE_maior_60,> 60.0
2026-01-22 19:54:41.559,2108,60.02375793457031,PPACOPPE_maior_60,> 60.0
2026-01-22 19:54:41.577,2108,60.02173614501953,PPACOPPE_maior_60,> 60.0
2026-01-22 19:54:41.596,2108,60.02134323120117,PPACOPPE_maior_60,> 60.0
2026-01-22 19:54:41.609,2108,60.023075103759766,PPACOPPE_maior_60,> 60.0
2026-01-22 19:54:41.625,2108,60.025630950927734,PPACOPPE_maior_60,> 60.0
2026-01-22 19:54:41.654,2108,60.02607727050781,PPACOPPE_maior_60,> 60.0
2026-01-22 19:54:41.659,2108,60.0225830078125,PPACOPPE_maior_60,> 60.0
2026-01-22 19:54:41.676,2108,60.02130889892578,PPACOPPE_maior_60,> 60.0
2026-01-22 19:54:41.693,2108,60.024559020996094,PPACOPPE_maior_60,> 60.0
2026-01-22 19:54:41.710,2108,60.02598190307617,PPACOPPE_maior_60,> 60.0
2026-01-22 19:54:41.727,2108,60.0238151550293,PPACOPPE_maior_60,> 60.0
2026-01-22 19:54:41.743,2108,60.02153396606445,PPACOPPE_maior_60,> 60.0
2026-01-22 19:54:41.761,2108,60.02360534667969,PPACOPPE_maior_60,> 60.0
2026-01-22 19:54:41.776,2108,60.0281867980957,PPACOPPE_maior_60,> 60.0
2026-01-22 19:54:41.793,2108,60.027591705322266,PPACOPPE_maior_60,> 60.0
2026-01-22 19:54:41.810,2108,60.02122116088867,PPACOPPE_maior_60,> 60.0
2026-01-22 19:54:41.826,2108,60.01876449584961,PPACOPPE_maior_60,> 60.0
2026-01-22 19:54:41.842,2108,60.023433685302734,PPACOPPE_maior_60,> 60.0
2026-01-22 19:54:41.860,2108,60.028072357177734,PPACOPPE_maior_60,> 60.0
2026-01-22 19:54:41.875,2108,60.027278900146484,PPACOPPE_maior_60,> 60.0
2026-01-22 19:54:41.899,2108,60.0225715637207,PPACOPPE_maior_60,> 60.0
2026-01-22 19:54:41.909,2108,60.02155685424805,PPACOPPE_maior_60,> 60.0
2026-01-22 19:54:41.931,2108,60.025604248046875,PPACOPPE_maior_60,> 60.0
2026-01-22 19:54:41.943,2108,60.027549743652344,PPACOPPE_maior_60,> 60.0
2026-01-22 19:54:41.961,2108,60.02473831176758,PPACOPPE_maior_60,> 60.0
2026-01-22 19:54:41.976,2108,60.02299880981445,PPACOPPE_maior_60,> 60.0
2026-01-22 19:54:42.004,2108,60.02412033081055,PPACOPPE_maior_60,> 60.0
2026-01-22 19:54:42.010,2108,60.02606201171875,PPACOPPE_maior_60,> 60.0
2026-01-22 19:54:42.039,2108,60.027400970458984,PPACOPPE_maior_60,> 60.0
2026-01-22 19:54:42.044,2108,60.025238037109375,PPACOPPE_maior_60,> 60.0
2026-01-22 19:54:42.059,2108,60.02439498901367,PPACOPPE_maior_60,> 60.0
2026-01-22 19:54:42.076,2108,60.025779724121094,PPACOPPE_maior_60,> 60.0
2026-01-22 19:54:42.093,2108,60.02532958984375,PPACOPPE_maior_60,> 60.0
2026-01-22 19:54:42.109,2108,60.02433395385742,PPACOPPE_maior_60,> 60.0
2026-01-22 19:54:42.126,2108,60.02392578125,PPACOPPE_maior_60,> 60.0
2026-01-22 19:54:42.147,2108,60.02450942993164,PPACOPPE_maior_60,> 60.0
2026-01-22 19:54:42.161,2108,60.02634048461914,PPACOPPE_maior_60,> 60.0
2026-01-22 19:54:42.181,2108,60.02656936645508,PPACOPPE_maior_60,> 60.0
2026-01-22 19:54:42.194,2108,60.02513122558594,PPACOPPE_maior_60,> 60.0
2026-01-22 19:54:42.210,2108,60.02568435668945,PPACOPPE_maior_60,> 60.0
2026-01-22 19:54:42.226,2108,60.0255012512207,PPACOPPE_maior_60,> 60.0
2026-01-22 19:54:42.243,2108,60.024288177490234,PPACOPPE_maior_60,> 60.0
2026-01-22 19:54:42.259,2108,60.02315139770508,PPACOPPE_maior_60,> 60.0
2026-01-22 19:54:42.275,2108,60.02257537841797,PPACOPPE_maior_60,> 60.0
2026-01-22 19:54:42.300,2108,60.02682113647461,PPACOPPE_maior_60,> 60.0
2026-01-22 19:54:42.309,2108,60.03047180175781,PPACOPPE_maior_60,> 60.0
2026-01-22 19:54:42.326,2108,60.027095794677734,PPACOPPE_maior_60,> 60.0
2026-01-22 19:54:42.344,2108,60.022743225097656,PPACOPPE_maior_60,> 60.0
2026-01-22 19:54:42.359,2108,60.02348327636719,PPACOPPE_maior_60,> 60.0
2026-01-22 19:54:42.376,2108,60.026554107666016,PPACOPPE_maior_60,> 60.0
2026-01-22 19:54:42.393,2108,60.02811050415039,PPACOPPE_maior_60,> 60.0
2026-01-22 19:54:42.417,2108,60.0248908996582,PPACOPPE_maior_60,> 60.0
2026-01-22 19:54:42.426,2108,60.02110290527344,PPACOPPE_maior_60,> 60.0
2026-01-22 19:54:42.442,2108,60.02513885498047,PPACOPPE_maior_60,> 60.0
2026-01-22 19:54:42.460,2108,60.03001403808594,PPACOPPE_maior_60,> 60.0
2026-01-22 19:54:42.475,2108,60.02857971191406,PPACOPPE_maior_60,> 60.0
2026-01-22 19:54:42.493,2108,60.02509689331055,PPACOPPE_maior_60,> 60.0
2026-01-22 19:54:42.509,2108,60.02412796020508,PPACOPPE_maior_60,> 60.0
2026-01-22 19:54:42.526,2108,60.02674102783203,PPACOPPE_maior_60,> 60.0
2026-01-22 19:54:42.543,2108,60.02833938598633,PPACOPPE_maior_60,> 60.0
2026-01-22 19:54:42.559,2108,60.02556610107422,PPACOPPE_maior_60,> 60.0
2026-01-22 19:54:42.576,2108,60.0244140625,PPACOPPE_maior_60,> 60.0
2026-01-22 19:54:42.594,2108,60.02690887451172,PPACOPPE_maior_60,> 60.0
2026-01-22 19:54:42.609,2108,60.02776336669922,PPACOPPE_maior_60,> 60.0
2026-01-22 19:54:42.626,2108,60.0273323059082,PPACOPPE_maior_60,> 60.0
2026-01-22 19:54:42.651,2108,60.0255126953125,PPACOPPE_maior_60,> 60.0
2026-01-22 19:54:42.659,2108,60.02403259277344,PPACOPPE_maior_60,> 60.0
2026-01-22 19:54:42.675,2108,60.026100158691406,PPACOPPE_maior_60,> 60.0
2026-01-22 19:54:42.693,2108,60.02754211425781,PPACOPPE_maior_60,> 60.0
2026-01-22 19:54:42.709,2108,60.025962829589844,PPACOPPE_maior_60,> 60.0
2026-01-22 19:54:42.726,2108,60.02455139160156,PPACOPPE_maior_60,> 60.0
2026-01-22 19:54:45.543,2108,60.034942626953125,PPACOPPE_maior_60,> 60.0
2026-01-22 19:54:45.559,2108,60.03611755371094,PPACOPPE_maior_60,> 60.0
2026-01-22 19:54:45.576,2108,60.03486251831055,PPACOPPE_maior_60,> 60.0
2026-01-22 19:54:45.593,2108,60.03227996826172,PPACOPPE_maior_60,> 60.0
2026-01-22 19:54:45.609,2108,60.030799865722656,PPACOPPE_maior_60,> 60.0
2026-01-22 19:54:45.627,2108,60.033790588378906,PPACOPPE_maior_60,> 60.0
2026-01-22 19:54:45.643,2108,60.034603118896484,PPACOPPE_maior_60,> 60.0
2026-01-22 19:54:45.659,2108,60.0316047668457,PPACOPPE_maior_60,> 60.0
2026-01-22 19:54:45.676,2108,60.03185272216797,PPACOPPE_maior_60,> 60.0
2026-01-22 19:54:45.693,2108,60.032867431640625,PPACOPPE_maior_60,> 60.0
2026-01-22 19:54:45.710,2108,60.032981872558594,PPACOPPE_maior_60,> 60.0
2026-01-22 19:54:45.726,2108,60.033958435058594,PPACOPPE_maior_60,> 60.0
2026-01-22 19:54:45.743,2108,60.03291320800781,PPACOPPE_maior_60,> 60.0
2026-01-22 19:54:45.759,2108,60.034690856933594,PPACOPPE_maior_60,> 60.0
2026-01-22 19:54:45.776,2108,60.038143157958984,PPACOPPE_maior_60,> 60.0
2026-01-22 19:54:45.793,2108,60.035560607910156,PPACOPPE_maior_60,> 60.0
2026-01-22 19:54:45.810,2108,60.03116226196289,PPACOPPE_maior_60,> 60.0
2026-01-22 19:54:45.826,2108,60.03157043457031,PPACOPPE_maior_60,> 60.0
2026-01-22 19:54:45.843,2108,60.033687591552734,PPACOPPE_maior_60,> 60.0
2026-01-22 19:54:45.859,2108,60.03404235839844,PPACOPPE_maior_60,> 60.0
2026-01-22 19:54:45.876,2108,60.03241729736328,PPACOPPE_maior_60,> 60.0
2026-01-22 19:54:45.892,2108,60.03148651123047,PPACOPPE_maior_60,> 60.0
2026-01-22 19:54:45.909,2108,60.03447341918945,PPACOPPE_maior_60,> 60.0
2026-01-22 19:54:45.925,2108,60.03623580932617,PPACOPPE_maior_60,> 60.0
2026-01-22 19:54:45.942,2108,60.03425598144531,PPACOPPE_maior_60,> 60.0
2026-01-22 19:54:45.959,2108,60.03202819824219,PPACOPPE_maior_60,> 60.0
2026-01-22 19:54:45.976,2108,60.03273391723633,PPACOPPE_maior_60,> 60.0
2026-01-22 19:54:45.995,2108,60.03580856323242,PPACOPPE_maior_60,> 60.0
2026-01-22 19:54:46.010,2108,60.037513732910156,PPACOPPE_maior_60,> 60.0
2026-01-22 19:54:46.026,2108,60.03535079956055,PPACOPPE_maior_60,> 60.0
2026-01-22 19:54:46.043,2108,60.03056716918945,PPACOPPE_maior_60,> 60.0
2026-01-22 19:54:46.060,2108,60.030094146728516,PPACOPPE_maior_60,> 60.0
2026-01-22 19:54:46.076,2108,60.03498458862305,PPACOPPE_maior_60,> 60.0
2026-01-22 19:54:46.093,2108,60.03952407836914,PPACOPPE_maior_60,> 60.0
2026-01-22 19:54:46.110,2108,60.037208557128906,PPACOPPE_maior_60,> 60.0
2026-01-22 19:54:46.126,2108,60.03235626220703,PPACOPPE_maior_60,> 60.0
2026-01-22 19:54:46.143,2108,60.03394317626953,PPACOPPE_maior_60,> 60.0
2026-01-22 19:54:46.159,2108,60.03611373901367,PPACOPPE_maior_60,> 60.0
2026-01-22 19:54:46.175,2108,60.03438186645508,PPACOPPE_maior_60,> 60.0
2026-01-22 19:54:46.193,2108,60.03221893310547,PPACOPPE_maior_60,> 60.0
2026-01-22 19:54:46.210,2108,60.03230285644531,PPACOPPE_maior_60,> 60.0
2026-01-22 19:54:46.226,2108,60.035125732421875,PPACOPPE_maior_60,> 60.0
2026-01-22 19:54:46.243,2108,60.036956787109375,PPACOPPE_maior_60,> 60.0
2026-01-22 19:54:46.259,2108,60.03446960449219,PPACOPPE_maior_60,> 60.0
2026-01-22 19:54:46.276,2108,60.03176498413086,PPACOPPE_maior_60,> 60.0
2026-01-22 19:54:46.298,2108,60.03404235839844,PPACOPPE_maior_60,> 60.0
2026-01-22 19:54:46.309,2108,60.037540435791016,PPACOPPE_maior_60,> 60.0
2026-01-22 19:54:46.325,2108,60.03703689575195,PPACOPPE_maior_60,> 60.0
2026-01-22 19:54:46.343,2108,60.032958984375,PPACOPPE_maior_60,> 60.0
2026-01-22 19:54:46.360,2108,60.032867431640625,PPACOPPE_maior_60,> 60.0
2026-01-22 19:54:46.376,2108,60.03697967529297,PPACOPPE_maior_60,> 60.0
2026-01-22 19:54:46.393,2108,60.0364875793457,PPACOPPE_maior_60,> 60.0
2026-01-22 19:54:46.409,2108,60.03141403198242,PPACOPPE_maior_60,> 60.0
2026-01-22 19:54:46.426,2108,60.03003692626953,PPACOPPE_maior_60,> 60.0
2026-01-22 19:54:46.442,2108,60.03386688232422,PPACOPPE_maior_60,> 60.0
2026-01-22 19:54:46.460,2108,60.03621292114258,PPACOPPE_maior_60,> 60.0
2026-01-22 19:54:46.476,2108,60.03508377075195,PPACOPPE_maior_60,> 60.0
2026-01-22 19:54:46.493,2108,60.03348159790039,PPACOPPE_maior_60,> 60.0
2026-01-22 19:54:46.510,2108,60.036136627197266,PPACOPPE_maior_60,> 60.0
2026-01-22 19:54:46.526,2108,60.03986740112305,PPACOPPE_maior_60,> 60.0
2026-01-22 19:54:46.543,2108,60.03697967529297,PPACOPPE_maior_60,> 60.0
2026-01-22 19:54:46.560,2108,60.03291702270508,PPACOPPE_maior_60,> 60.0
2026-01-22 19:54:46.576,2108,60.032997131347656,PPACOPPE_maior_60,> 60.0
2026-01-22 19:54:46.592,2108,60.03424835205078,PPACOPPE_maior_60,> 60.0
2026-01-22 19:54:46.609,2108,60.035850524902344,PPACOPPE_maior_60,> 60.0
2026-01-22 19:54:46.626,2108,60.035606384277344,PPACOPPE_maior_60,> 60.0
2026-01-22 19:54:46.643,2108,60.03290939331055,PPACOPPE_maior_60,> 60.0
2026-01-22 19:54:46.659,2108,60.03386688232422,PPACOPPE_maior_60,> 60.0
2026-01-22 19:54:46.676,2108,60.0369987487793,PPACOPPE_maior_60,> 60.0
2026-01-22 19:54:46.693,2108,60.03697204589844,PPACOPPE_maior_60,> 60.0
2026-01-22 19:54:46.709,2108,60.034881591796875,PPACOPPE_maior_60,> 60.0
2026-01-22 19:54:46.726,2108,60.03409194946289,PPACOPPE_maior_60,> 60.0
2026-01-22 19:54:46.743,2108,60.03651428222656,PPACOPPE_maior_60,> 60.0
2026-01-22 19:54:46.759,2108,60.03820037841797,PPACOPPE_maior_60,> 60.0
2026-01-22 19:54:46.776,2108,60.03660583496094,PPACOPPE_maior_60,> 60.0
2026-01-22 19:54:46.793,2108,60.03371810913086,PPACOPPE_maior_60,> 60.0
2026-01-22 19:54:46.809,2108,60.033687591552734,PPACOPPE_maior_60,> 60.0
2026-01-22 19:54:46.825,2108,60.036529541015625,PPACOPPE_maior_60,> 60.0
2026-01-22 19:54:46.843,2108,60.03759765625,PPACOPPE_maior_60,> 60.0
2026-01-22 19:54:46.859,2108,60.035064697265625,PPACOPPE_maior_60,> 60.0
2026-01-22 19:54:46.876,2108,60.033145904541016,PPACOPPE_maior_60,> 60.0
2026-01-22 19:54:46.895,2108,60.03586959838867,PPACOPPE_maior_60,> 60.0
2026-01-22 19:54:46.910,2108,60.03792953491211,PPACOPPE_maior_60,> 60.0
2026-01-22 19:54:46.926,2108,60.0362548828125,PPACOPPE_maior_60,> 60.0
2026-01-22 19:54:46.942,2108,60.033668518066406,PPACOPPE_maior_60,> 60.0
2026-01-22 19:54:46.958,2108,60.034446716308594,PPACOPPE_maior_60,> 60.0
2026-01-22 19:54:46.976,2108,60.03911209106445,PPACOPPE_maior_60,> 60.0
2026-01-22 19:54:47.142,2108,60.0399169921875,PPACOPPE_maior_60,> 60.0
2026-01-22 19:54:47.154,2108,60.036048889160156,PPACOPPE_maior_60,> 60.0
2026-01-22 19:54:47.155,2108,60.033897399902344,PPACOPPE_maior_60,> 60.0
2026-01-22 19:54:47.155,2108,60.03532409667969,PPACOPPE_maior_60,> 60.0
2026-01-22 19:54:47.155,2108,60.03852081298828,PPACOPPE_maior_60,> 60.0
2026-01-22 19:54:47.155,2108,60.0391731262207,PPACOPPE_maior_60,> 60.0
2026-01-22 19:54:47.155,2108,60.03573989868164,PPACOPPE_maior_60,> 60.0
2026-01-22 19:54:47.155,2108,60.03527069091797,PPACOPPE_maior_60,> 60.0
2026-01-22 19:54:47.155,2108,60.03778076171875,PPACOPPE_maior_60,> 60.0
2026-01-22 19:54:47.155,2108,60.037132263183594,PPACOPPE_maior_60,> 60.0
2026-01-22 19:54:47.160,2108,60.03662872314453,PPACOPPE_maior_60,> 60.0
2026-01-22 19:54:47.175,2108,60.03702163696289,PPACOPPE_maior_60,> 60.0
2026-01-22 19:54:47.192,2108,60.03789520263672,PPACOPPE_maior_60,> 60.0
2026-01-22 19:54:47.209,2108,60.03971862792969,PPACOPPE_maior_60,> 60.0
2026-01-22 19:54:47.225,2108,60.03819274902344,PPACOPPE_maior_60,> 60.0
2026-01-22 19:54:47.243,2108,60.034812927246094,PPACOPPE_maior_60,> 60.0
2026-01-22 19:54:47.259,2108,60.03518295288086,PPACOPPE_maior_60,> 60.0
2026-01-22 19:54:47.275,2108,60.03760528564453,PPACOPPE_maior_60,> 60.0
2026-01-22 19:54:47.292,2108,60.039180755615234,PPACOPPE_maior_60,> 60.0
2026-01-22 19:54:47.309,2108,60.03785705566406,PPACOPPE_maior_60,> 60.0
2026-01-22 19:54:47.325,2108,60.035301208496094,PPACOPPE_maior_60,> 60.0
2026-01-22 19:54:47.343,2108,60.03803634643555,PPACOPPE_maior_60,> 60.0
2026-01-22 19:54:47.360,2108,60.04105758666992,PPACOPPE_maior_60,> 60.0
2026-01-22 19:54:47.376,2108,60.040122985839844,PPACOPPE_maior_60,> 60.0
2026-01-22 19:54:47.393,2108,60.03824996948242,PPACOPPE_maior_60,> 60.0
2026-01-22 19:54:47.410,2108,60.035255432128906,PPACOPPE_maior_60,> 60.0
2026-01-22 19:54:47.426,2108,60.03584671020508,PPACOPPE_maior_60,> 60.0
2026-01-22 19:54:47.443,2108,60.03937530517578,PPACOPPE_maior_60,> 60.0
2026-01-22 19:54:47.460,2108,60.037532806396484,PPACOPPE_maior_60,> 60.0
2026-01-22 19:54:47.476,2108,60.034358978271484,PPACOPPE_maior_60,> 60.0
2026-01-22 19:54:47.493,2108,60.03665542602539,PPACOPPE_maior_60,> 60.0
2026-01-22 19:54:47.509,2108,60.039344787597656,PPACOPPE_maior_60,> 60.0
2026-01-22 19:54:47.526,2108,60.040035247802734,PPACOPPE_maior_60,> 60.0
2026-01-22 19:54:47.543,2108,60.03696823120117,PPACOPPE_maior_60,> 60.0
2026-01-22 19:54:47.559,2108,60.034759521484375,PPACOPPE_maior_60,> 60.0
2026-01-22 19:54:47.575,2108,60.0396614074707,PPACOPPE_maior_60,> 60.0
2026-01-22 19:54:47.593,2108,60.04180908203125,PPACOPPE_maior_60,> 60.0
2026-01-22 19:54:47.609,2108,60.03932571411133,PPACOPPE_maior_60,> 60.0
2026-01-22 19:54:47.626,2108,60.03677749633789,PPACOPPE_maior_60,> 60.0
2026-01-22 19:54:47.643,2108,60.035682678222656,PPACOPPE_maior_60,> 60.0
2026-01-22 19:54:47.660,2108,60.038909912109375,PPACOPPE_maior_60,> 60.0
2026-01-22 19:54:47.676,2108,60.04090118408203,PPACOPPE_maior_60,> 60.0
2026-01-22 19:54:47.693,2108,60.03767776489258,PPACOPPE_maior_60,> 60.0
2026-01-22 19:54:47.710,2108,60.03504180908203,PPACOPPE_maior_60,> 60.0
2026-01-22 19:54:47.727,2108,60.03590393066406,PPACOPPE_maior_60,> 60.0
2026-01-22 19:54:47.743,2108,60.03891372680664,PPACOPPE_maior_60,> 60.0
2026-01-22 19:54:47.759,2108,60.04087829589844,PPACOPPE_maior_60,> 60.0
2026-01-22 19:54:47.776,2108,60.0375862121582,PPACOPPE_maior_60,> 60.0
2026-01-22 19:54:47.793,2108,60.03650665283203,PPACOPPE_maior_60,> 60.0
2026-01-22 19:54:47.809,2108,60.04025650024414,PPACOPPE_maior_60,> 60.0
2026-01-22 19:54:47.825,2108,60.03971481323242,PPACOPPE_maior_60,> 60.0
2026-01-22 19:54:47.843,2108,60.03688430786133,PPACOPPE_maior_60,> 60.0
2026-01-22 19:54:47.859,2108,60.03750228881836,PPACOPPE_maior_60,> 60.0
2026-01-22 19:54:47.875,2108,60.03864669799805,PPACOPPE_maior_60,> 60.0
2026-01-22 19:54:47.892,2108,60.03964614868164,PPACOPPE_maior_60,> 60.0
2026-01-22 19:54:47.909,2108,60.039695739746094,PPACOPPE_maior_60,> 60.0
2026-01-22 19:54:47.926,2108,60.03644943237305,PPACOPPE_maior_60,> 60.0
2026-01-22 19:54:47.943,2108,60.036415100097656,PPACOPPE_maior_60,> 60.0
2026-01-22 19:54:47.960,2108,60.03936767578125,PPACOPPE_maior_60,> 60.0
2026-01-22 19:54:47.976,2108,60.040340423583984,PPACOPPE_maior_60,> 60.0
2026-01-22 19:54:47.992,2108,60.038997650146484,PPACOPPE_maior_60,> 60.0
2026-01-22 19:54:48.010,2108,60.037296295166016,PPACOPPE_maior_60,> 60.0
2026-01-22 19:54:48.026,2108,60.03995895385742,PPACOPPE_maior_60,> 60.0
2026-01-22 19:54:48.043,2108,60.04244613647461,PPACOPPE_maior_60,> 60.0
2026-01-22 19:54:48.060,2108,60.0390625,PPACOPPE_maior_60,> 60.0
2026-01-22 19:54:48.082,2108,60.0354118347168,PPACOPPE_maior_60,> 60.0
2026-01-22 19:54:48.096,2108,60.037025451660156,PPACOPPE_maior_60,> 60.0
2026-01-22 19:54:48.110,2108,60.04097366333008,PPACOPPE_maior_60,> 60.0
2026-01-22 19:54:48.129,2108,60.042171478271484,PPACOPPE_maior_60,> 60.0
2026-01-22 19:54:48.143,2108,60.03829574584961,PPACOPPE_maior_60,> 60.0
2026-01-22 19:54:48.163,2108,60.035152435302734,PPACOPPE_maior_60,> 60.0
2026-01-22 19:54:48.175,2108,60.038021087646484,PPACOPPE_maior_60,> 60.0
2026-01-22 19:54:48.194,2108,60.040191650390625,PPACOPPE_maior_60,> 60.0
2026-01-22 19:54:48.210,2108,60.039337158203125,PPACOPPE_maior_60,> 60.0
2026-01-22 19:54:48.225,2108,60.03748321533203,PPACOPPE_maior_60,> 60.0
2026-01-22 19:54:48.243,2108,60.037193298339844,PPACOPPE_maior_60,> 60.0
2026-01-22 19:54:48.260,2108,60.04086685180664,PPACOPPE_maior_60,> 60.0
2026-01-22 19:54:48.275,2108,60.04283142089844,PPACOPPE_maior_60,> 60.0
2026-01-22 19:54:48.292,2108,60.039878845214844,PPACOPPE_maior_60,> 60.0
2026-01-22 19:54:48.315,2108,60.03683853149414,PPACOPPE_maior_60,> 60.0
2026-01-22 19:54:48.326,2108,60.037349700927734,PPACOPPE_maior_60,> 60.0
2026-01-22 19:54:48.342,2108,60.04010772705078,PPACOPPE_maior_60,> 60.0
2026-01-22 19:54:48.359,2108,60.04042434692383,PPACOPPE_maior_60,> 60.0
2026-01-22 19:54:48.375,2108,60.03696060180664,PPACOPPE_maior_60,> 60.0
2026-01-22 19:54:48.392,2108,60.03676223754883,PPACOPPE_maior_60,> 60.0
2026-01-22 19:54:48.410,2108,60.03905487060547,PPACOPPE_maior_60,> 60.0
2026-01-22 19:54:48.426,2108,60.037601470947266,PPACOPPE_maior_60,> 60.0
2026-01-22 19:54:48.443,2108,60.03687286376953,PPACOPPE_maior_60,> 60.0
2026-01-22 19:54:48.459,2108,60.038291931152344,PPACOPPE_maior_60,> 60.0
2026-01-22 19:54:48.475,2108,60.04006576538086,PPACOPPE_maior_60,> 60.0
2026-01-22 19:54:48.493,2108,60.04200744628906,PPACOPPE_maior_60,> 60.0
2026-01-22 19:54:48.510,2108,60.04025650024414,PPACOPPE_maior_60,> 60.0
2026-01-22 19:54:48.526,2108,60.03717041015625,PPACOPPE_maior_60,> 60.0
2026-01-22 19:54:48.544,2108,60.038841247558594,PPACOPPE_maior_60,> 60.0
2026-01-22 19:54:48.559,2108,60.04180145263672,PPACOPPE_maior_60,> 60.0
2026-01-22 19:54:48.576,2108,60.04261779785156,PPACOPPE_maior_60,> 60.0
2026-01-22 19:54:48.593,2108,60.04080581665039,PPACOPPE_maior_60,> 60.0
2026-01-22 19:54:48.610,2108,60.036434173583984,PPACOPPE_maior_60,> 60.0
2026-01-22 19:54:48.627,2108,60.03706741333008,PPACOPPE_maior_60,> 60.0
2026-01-22 19:54:48.644,2108,60.04014587402344,PPACOPPE_maior_60,> 60.0
2026-01-22 19:54:48.660,2108,60.03864288330078,PPACOPPE_maior_60,> 60.0
2026-01-22 19:54:48.676,2108,60.036319732666016,PPACOPPE_maior_60,> 60.0
2026-01-22 19:54:48.693,2108,60.03636932373047,PPACOPPE_maior_60,> 60.0
2026-01-22 19:54:48.709,2108,60.03937530517578,PPACOPPE_maior_60,> 60.0
2026-01-22 19:54:48.725,2108,60.0414924621582,PPACOPPE_maior_60,> 60.0
2026-01-22 19:54:48.743,2108,60.03954315185547,PPACOPPE_maior_60,> 60.0
2026-01-22 19:54:48.759,2108,60.037498474121094,PPACOPPE_maior_60,> 60.0
2026-01-22 19:54:48.775,2108,60.038970947265625,PPACOPPE_maior_60,> 60.0
2026-01-22 19:54:48.793,2108,60.04163360595703,PPACOPPE_maior_60,> 60.0
2026-01-22 19:54:48.809,2108,60.0414924621582,PPACOPPE_maior_60,> 60.0
2026-01-22 19:54:48.826,2108,60.03770446777344,PPACOPPE_maior_60,> 60.0
2026-01-22 19:54:48.843,2108,60.035560607910156,PPACOPPE_maior_60,> 60.0
2026-01-22 19:54:48.859,2108,60.03790283203125,PPACOPPE_maior_60,> 60.0
2026-01-22 19:54:48.875,2108,60.03904724121094,PPACOPPE_maior_60,> 60.0
2026-01-22 19:54:48.892,2108,60.037864685058594,PPACOPPE_maior_60,> 60.0
2026-01-22 19:54:48.910,2108,60.03760528564453,PPACOPPE_maior_60,> 60.0
2026-01-22 19:54:48.926,2108,60.03822326660156,PPACOPPE_maior_60,> 60.0
2026-01-22 19:54:48.942,2108,60.03804016113281,PPACOPPE_maior_60,> 60.0
2026-01-22 19:54:48.959,2108,60.038394927978516,PPACOPPE_maior_60,> 60.0
2026-01-22 19:54:48.976,2108,60.03864669799805,PPACOPPE_maior_60,> 60.0
2026-01-22 19:54:48.993,2108,60.03874206542969,PPACOPPE_maior_60,> 60.0
2026-01-22 19:54:49.010,2108,60.04118728637695,PPACOPPE_maior_60,> 60.0
2026-01-22 19:54:49.026,2108,60.042232513427734,PPACOPPE_maior_60,> 60.0
2026-01-22 19:54:49.043,2108,60.0398063659668,PPACOPPE_maior_60,> 60.0
2026-01-22 19:54:49.060,2108,60.03651809692383,PPACOPPE_maior_60,> 60.0
2026-01-22 19:54:49.076,2108,60.03645324707031,PPACOPPE_maior_60,> 60.0
2026-01-22 19:54:49.092,2108,60.04094696044922,PPACOPPE_maior_60,> 60.0
2026-01-22 19:54:49.109,2108,60.0427360534668,PPACOPPE_maior_60,> 60.0
2026-01-22 19:54:49.125,2108,60.03784942626953,PPACOPPE_maior_60,> 60.0
2026-01-22 19:54:49.142,2108,60.034759521484375,PPACOPPE_maior_60,> 60.0
2026-01-22 19:54:49.159,2108,60.03681182861328,PPACOPPE_maior_60,> 60.0
2026-01-22 19:54:49.175,2108,60.03879928588867,PPACOPPE_maior_60,> 60.0
2026-01-22 19:54:49.193,2108,60.03910827636719,PPACOPPE_maior_60,> 60.0
2026-01-22 19:54:49.209,2108,60.03746032714844,PPACOPPE_maior_60,> 60.0
2026-01-22 19:54:49.226,2108,60.03798294067383,PPACOPPE_maior_60,> 60.0
2026-01-22 19:54:49.243,2108,60.040584564208984,PPACOPPE_maior_60,> 60.0
2026-01-22 19:54:49.259,2108,60.04135513305664,PPACOPPE_maior_60,> 60.0
2026-01-22 19:54:49.282,2108,60.04047775268555,PPACOPPE_maior_60,> 60.0
2026-01-22 19:54:49.303,2108,60.03834915161133,PPACOPPE_maior_60,> 60.0
2026-01-22 19:54:49.311,2108,60.03835678100586,PPACOPPE_maior_60,> 60.0
2026-01-22 19:54:49.326,2108,60.039791107177734,PPACOPPE_maior_60,> 60.0
2026-01-22 19:54:49.342,2108,60.03938293457031,PPACOPPE_maior_60,> 60.0
2026-01-22 19:54:49.359,2108,60.03813171386719,PPACOPPE_maior_60,> 60.0
2026-01-22 19:54:49.376,2108,60.038448333740234,PPACOPPE_maior_60,> 60.0
2026-01-22 19:54:49.393,2108,60.03953170776367,PPACOPPE_maior_60,> 60.0
2026-01-22 19:54:49.409,2108,60.03913497924805,PPACOPPE_maior_60,> 60.0
2026-01-22 19:54:49.425,2108,60.036895751953125,PPACOPPE_maior_60,> 60.0
2026-01-22 19:54:49.443,2108,60.0360221862793,PPACOPPE_maior_60,> 60.0
2026-01-22 19:54:49.459,2108,60.04031753540039,PPACOPPE_maior_60,> 60.0
2026-01-22 19:54:49.476,2108,60.04322052001953,PPACOPPE_maior_60,> 60.0
2026-01-22 19:54:49.493,2108,60.04078674316406,PPACOPPE_maior_60,> 60.0
2026-01-22 19:54:49.512,2108,60.038612365722656,PPACOPPE_maior_60,> 60.0
2026-01-22 19:54:49.525,2108,60.03972625732422,PPACOPPE_maior_60,> 60.0
2026-01-22 19:54:49.543,2108,60.04113006591797,PPACOPPE_maior_60,> 60.0
2026-01-22 19:54:49.559,2108,60.04034423828125,PPACOPPE_maior_60,> 60.0
2026-01-22 19:54:49.578,2108,60.03763961791992,PPACOPPE_maior_60,> 60.0
2026-01-22 19:54:49.593,2108,60.0355339050293,PPACOPPE_maior_60,> 60.0
2026-01-22 19:54:49.611,2108,60.03800964355469,PPACOPPE_maior_60,> 60.0
2026-01-22 19:54:49.626,2108,60.04077911376953,PPACOPPE_maior_60,> 60.0
2026-01-22 19:54:49.643,2108,60.03932571411133,PPACOPPE_maior_60,> 60.0
2026-01-22 19:54:49.665,2108,60.035614013671875,PPACOPPE_maior_60,> 60.0
2026-01-22 19:54:49.676,2108,60.035736083984375,PPACOPPE_maior_60,> 60.0
2026-01-22 19:54:49.692,2108,60.040401458740234,PPACOPPE_maior_60,> 60.0
2026-01-22 19:54:49.709,2108,60.04216384887695,PPACOPPE_maior_60,> 60.0
2026-01-22 19:54:49.725,2108,60.04014205932617,PPACOPPE_maior_60,> 60.0
2026-01-22 19:54:49.743,2108,60.03810501098633,PPACOPPE_maior_60,> 60.0
2026-01-22 19:54:49.760,2108,60.037681579589844,PPACOPPE_maior_60,> 60.0
2026-01-22 19:54:49.775,2108,60.03908157348633,PPACOPPE_maior_60,> 60.0
2026-01-22 19:54:49.792,2108,60.039833068847656,PPACOPPE_maior_60,> 60.0
2026-01-22 19:54:49.810,2108,60.03743362426758,PPACOPPE_maior_60,> 60.0
2026-01-22 19:54:49.825,2108,60.03605270385742,PPACOPPE_maior_60,> 60.0
2026-01-22 19:54:49.842,2108,60.03731155395508,PPACOPPE_maior_60,> 60.0
2026-01-22 19:54:49.859,2108,60.038665771484375,PPACOPPE_maior_60,> 60.0
2026-01-22 19:54:49.876,2108,60.03955841064453,PPACOPPE_maior_60,> 60.0
2026-01-22 19:54:49.893,2108,60.03769302368164,PPACOPPE_maior_60,> 60.0
2026-01-22 19:54:49.909,2108,60.03581237792969,PPACOPPE_maior_60,> 60.0
2026-01-22 19:54:49.926,2108,60.035648345947266,PPACOPPE_maior_60,> 60.0
2026-01-22 19:54:49.945,2108,60.03594207763672,PPACOPPE_maior_60,> 60.0
2026-01-22 19:54:49.959,2108,60.03705978393555,PPACOPPE_maior_60,> 60.0
2026-01-22 19:54:49.976,2108,60.03926086425781,PPACOPPE_maior_60,> 60.0
2026-01-22 19:54:49.998,2108,60.04047393798828,PPACOPPE_maior_60,> 60.0
2026-01-22 19:54:50.009,2108,60.03824996948242,PPACOPPE_maior_60,> 60.0
2026-01-22 19:54:50.027,2108,60.03520202636719,PPACOPPE_maior_60,> 60.0
2026-01-22 19:54:50.043,2108,60.035221099853516,PPACOPPE_maior_60,> 60.0
2026-01-22 19:54:50.060,2108,60.039066314697266,PPACOPPE_maior_60,> 60.0
2026-01-22 19:54:50.078,2108,60.04061508178711,PPACOPPE_maior_60,> 60.0
2026-01-22 19:54:50.096,2108,60.03839111328125,PPACOPPE_maior_60,> 60.0
2026-01-22 19:54:50.109,2108,60.035335540771484,PPACOPPE_maior_60,> 60.0
2026-01-22 19:54:50.127,2108,60.03304672241211,PPACOPPE_maior_60,> 60.0
2026-01-22 19:54:50.143,2108,60.03553771972656,PPACOPPE_maior_60,> 60.0
2026-01-22 19:54:50.170,2108,60.03877639770508,PPACOPPE_maior_60,> 60.0
2026-01-22 19:54:50.175,2108,60.03759002685547,PPACOPPE_maior_60,> 60.0
2026-01-22 19:54:50.194,2108,60.03611373901367,PPACOPPE_maior_60,> 60.0
2026-01-22 19:54:50.214,2108,60.03694534301758,PPACOPPE_maior_60,> 60.0
2026-01-22 19:54:50.232,2108,60.03800582885742,PPACOPPE_maior_60,> 60.0
2026-01-22 19:54:50.243,2108,60.03924560546875,PPACOPPE_maior_60,> 60.0
2026-01-22 19:54:50.266,2108,60.03699493408203,PPACOPPE_maior_60,> 60.0
2026-01-22 19:54:50.284,2108,60.032962799072266,PPACOPPE_maior_60,> 60.0
2026-01-22 19:54:50.293,2108,60.03618621826172,PPACOPPE_maior_60,> 60.0
2026-01-22 19:54:50.309,2108,60.04057312011719,PPACOPPE_maior_60,> 60.0
2026-01-22 19:54:50.328,2108,60.03721618652344,PPACOPPE_maior_60,> 60.0
2026-01-22 19:54:50.343,2108,60.03200912475586,PPACOPPE_maior_60,> 60.0
2026-01-22 19:54:50.362,2108,60.03265380859375,PPACOPPE_maior_60,> 60.0
2026-01-22 19:54:50.378,2108,60.037349700927734,PPACOPPE_maior_60,> 60.0
2026-01-22 19:54:50.394,2108,60.04006576538086,PPACOPPE_maior_60,> 60.0
2026-01-22 19:54:50.410,2108,60.037750244140625,PPACOPPE_maior_60,> 60.0
2026-01-22 19:54:50.426,2108,60.034908294677734,PPACOPPE_maior_60,> 60.0
2026-01-22 19:54:50.442,2108,60.03602600097656,PPACOPPE_maior_60,> 60.0
2026-01-22 19:54:50.459,2108,60.03837203979492,PPACOPPE_maior_60,> 60.0
2026-01-22 19:54:50.476,2108,60.037696838378906,PPACOPPE_maior_60,> 60.0
2026-01-22 19:54:50.494,2108,60.034664154052734,PPACOPPE_maior_60,> 60.0
2026-01-22 19:54:50.510,2108,60.03501510620117,PPACOPPE_maior_60,> 60.0
2026-01-22 19:54:50.527,2108,60.03681945800781,PPACOPPE_maior_60,> 60.0
2026-01-22 19:54:50.543,2108,60.036041259765625,PPACOPPE_maior_60,> 60.0
2026-01-22 19:54:50.559,2108,60.034934997558594,PPACOPPE_maior_60,> 60.0
2026-01-22 19:54:50.576,2108,60.03349304199219,PPACOPPE_maior_60,> 60.0
2026-01-22 19:54:50.593,2108,60.03415298461914,PPACOPPE_maior_60,> 60.0
2026-01-22 19:54:50.610,2108,60.037601470947266,PPACOPPE_maior_60,> 60.0
2026-01-22 19:54:50.632,2108,60.03779602050781,PPACOPPE_maior_60,> 60.0
2026-01-22 19:54:50.642,2108,60.03415298461914,PPACOPPE_maior_60,> 60.0
2026-01-22 19:54:50.660,2108,60.033206939697266,PPACOPPE_maior_60,> 60.0
2026-01-22 19:54:50.676,2108,60.03546905517578,PPACOPPE_maior_60,> 60.0
2026-01-22 19:54:50.693,2108,60.036949157714844,PPACOPPE_maior_60,> 60.0
2026-01-22 19:54:50.711,2108,60.0355110168457,PPACOPPE_maior_60,> 60.0
2026-01-22 19:54:50.727,2108,60.033206939697266,PPACOPPE_maior_60,> 60.0
2026-01-22 19:54:50.743,2108,60.034732818603516,PPACOPPE_maior_60,> 60.0
2026-01-22 19:54:50.759,2108,60.03676223754883,PPACOPPE_maior_60,> 60.0
2026-01-22 19:54:50.775,2108,60.035579681396484,PPACOPPE_maior_60,> 60.0
2026-01-22 19:54:50.800,2108,60.03382873535156,PPACOPPE_maior_60,> 60.0
2026-01-22 19:54:50.809,2108,60.03334045410156,PPACOPPE_maior_60,> 60.0
2026-01-22 19:54:50.832,2108,60.034549713134766,PPACOPPE_maior_60,> 60.0
2026-01-22 19:54:50.842,2108,60.037017822265625,PPACOPPE_maior_60,> 60.0
2026-01-22 19:54:50.859,2108,60.03684616088867,PPACOPPE_maior_60,> 60.0
2026-01-22 19:54:50.878,2108,60.03433609008789,PPACOPPE_maior_60,> 60.0
2026-01-22 19:54:50.893,2108,60.034324645996094,PPACOPPE_maior_60,> 60.0
2026-01-22 19:54:50.910,2108,60.03501510620117,PPACOPPE_maior_60,> 60.0
2026-01-22 19:54:50.928,2108,60.033958435058594,PPACOPPE_maior_60,> 60.0
2026-01-22 19:54:50.943,2108,60.03262710571289,PPACOPPE_maior_60,> 60.0
2026-01-22 19:54:50.961,2108,60.03266906738281,PPACOPPE_maior_60,> 60.0
2026-01-22 19:54:50.977,2108,60.035011291503906,PPACOPPE_maior_60,> 60.0
2026-01-22 19:54:50.993,2108,60.03569030761719,PPACOPPE_maior_60,> 60.0
2026-01-22 19:54:51.010,2108,60.032623291015625,PPACOPPE_maior_60,> 60.0
2026-01-22 19:54:51.026,2108,60.03138732910156,PPACOPPE_maior_60,> 60.0
2026-01-22 19:54:51.044,2108,60.03476333618164,PPACOPPE_maior_60,> 60.0
2026-01-22 19:54:51.064,2108,60.03807067871094,PPACOPPE_maior_60,> 60.0
2026-01-22 19:54:51.076,2108,60.03784942626953,PPACOPPE_maior_60,> 60.0
2026-01-22 19:54:51.094,2108,60.034324645996094,PPACOPPE_maior_60,> 60.0
2026-01-22 19:54:51.109,2108,60.03178024291992,PPACOPPE_maior_60,> 60.0
2026-01-22 19:54:51.125,2108,60.0325927734375,PPACOPPE_maior_60,> 60.0
2026-01-22 19:54:51.143,2108,60.03459930419922,PPACOPPE_maior_60,> 60.0
2026-01-22 19:54:51.159,2108,60.034706115722656,PPACOPPE_maior_60,> 60.0
2026-01-22 19:54:51.185,2108,60.031532287597656,PPACOPPE_maior_60,> 60.0
2026-01-22 19:54:51.198,2108,60.03084182739258,PPACOPPE_maior_60,> 60.0
2026-01-22 19:54:51.217,2108,60.03456497192383,PPACOPPE_maior_60,> 60.0
2026-01-22 19:54:51.232,2108,60.036529541015625,PPACOPPE_maior_60,> 60.0
2026-01-22 19:54:51.243,2108,60.034767150878906,PPACOPPE_maior_60,> 60.0
2026-01-22 19:54:51.260,2108,60.03325653076172,PPACOPPE_maior_60,> 60.0
2026-01-22 19:54:51.276,2108,60.0327033996582,PPACOPPE_maior_60,> 60.0
2026-01-22 19:54:51.293,2108,60.03363037109375,PPACOPPE_maior_60,> 60.0
2026-01-22 19:54:51.310,2108,60.03534698486328,PPACOPPE_maior_60,> 60.0
2026-01-22 19:54:51.326,2108,60.0321159362793,PPACOPPE_maior_60,> 60.0
2026-01-22 19:54:51.343,2108,60.02925491333008,PPACOPPE_maior_60,> 60.0
2026-01-22 19:54:51.367,2108,60.0316162109375,PPACOPPE_maior_60,> 60.0
2026-01-22 19:54:51.388,2108,60.03397750854492,PPACOPPE_maior_60,> 60.0
2026-01-22 19:54:51.393,2108,60.03329086303711,PPACOPPE_maior_60,> 60.0
2026-01-22 19:54:51.409,2108,60.031463623046875,PPACOPPE_maior_60,> 60.0
2026-01-22 19:54:51.428,2108,60.031978607177734,PPACOPPE_maior_60,> 60.0
2026-01-22 19:54:51.448,2108,60.0336799621582,PPACOPPE_maior_60,> 60.0
2026-01-22 19:54:51.459,2108,60.0334587097168,PPACOPPE_maior_60,> 60.0
2026-01-22 19:54:51.477,2108,60.032432556152344,PPACOPPE_maior_60,> 60.0
2026-01-22 19:54:51.494,2108,60.03389358520508,PPACOPPE_maior_60,> 60.0
2026-01-22 19:54:51.509,2108,60.03431701660156,PPACOPPE_maior_60,> 60.0
2026-01-22 19:54:51.526,2108,60.0322265625,PPACOPPE_maior_60,> 60.0
2026-01-22 19:54:51.543,2108,60.03034973144531,PPACOPPE_maior_60,> 60.0
2026-01-22 19:54:51.559,2108,60.03010559082031,PPACOPPE_maior_60,> 60.0
2026-01-22 19:54:51.576,2108,60.03380584716797,PPACOPPE_maior_60,> 60.0
2026-01-22 19:54:51.592,2108,60.036075592041016,PPACOPPE_maior_60,> 60.0
2026-01-22 19:54:51.609,2108,60.03263854980469,PPACOPPE_maior_60,> 60.0
2026-01-22 19:54:51.626,2108,60.03011703491211,PPACOPPE_maior_60,> 60.0
2026-01-22 19:54:51.643,2108,60.03205871582031,PPACOPPE_maior_60,> 60.0
2026-01-22 19:54:51.659,2108,60.03334426879883,PPACOPPE_maior_60,> 60.0
2026-01-22 19:54:51.681,2108,60.032344818115234,PPACOPPE_maior_60,> 60.0
2026-01-22 19:54:51.693,2108,60.03041076660156,PPACOPPE_maior_60,> 60.0
2026-01-22 19:54:51.710,2108,60.029109954833984,PPACOPPE_maior_60,> 60.0
2026-01-22 19:54:51.726,2108,60.031192779541016,PPACOPPE_maior_60,> 60.0
2026-01-22 19:54:51.743,2108,60.03352355957031,PPACOPPE_maior_60,> 60.0
2026-01-22 19:54:51.760,2108,60.0322151184082,PPACOPPE_maior_60,> 60.0
2026-01-22 19:54:51.776,2108,60.03022384643555,PPACOPPE_maior_60,> 60.0
2026-01-22 19:54:51.793,2108,60.03003692626953,PPACOPPE_maior_60,> 60.0
2026-01-22 19:54:51.809,2108,60.03215026855469,PPACOPPE_maior_60,> 60.0
2026-01-22 19:54:51.826,2108,60.03559494018555,PPACOPPE_maior_60,> 60.0
2026-01-22 19:54:51.842,2108,60.03296661376953,PPACOPPE_maior_60,> 60.0
2026-01-22 19:54:51.859,2108,60.02827835083008,PPACOPPE_maior_60,> 60.0
2026-01-22 19:54:51.876,2108,60.02889633178711,PPACOPPE_maior_60,> 60.0
2026-01-22 19:54:51.892,2108,60.03012466430664,PPACOPPE_maior_60,> 60.0
2026-01-22 19:54:51.910,2108,60.031089782714844,PPACOPPE_maior_60,> 60.0
2026-01-22 19:54:51.927,2108,60.02877426147461,PPACOPPE_maior_60,> 60.0
2026-01-22 19:54:51.942,2108,60.02724838256836,PPACOPPE_maior_60,> 60.0
2026-01-22 19:54:51.959,2108,60.03276062011719,PPACOPPE_maior_60,> 60.0
2026-01-22 19:54:51.976,2108,60.03600311279297,PPACOPPE_maior_60,> 60.0
2026-01-22 19:54:51.993,2108,60.03266143798828,PPACOPPE_maior_60,> 60.0
2026-01-22 19:54:52.009,2108,60.02912902832031,PPACOPPE_maior_60,> 60.0
2026-01-22 19:54:52.025,2108,60.029296875,PPACOPPE_maior_60,> 60.0
2026-01-22 19:54:52.052,2108,60.030826568603516,PPACOPPE_maior_60,> 60.0
2026-01-22 19:54:52.059,2108,60.03057098388672,PPACOPPE_maior_60,> 60.0
2026-01-22 19:54:52.076,2108,60.027809143066406,PPACOPPE_maior_60,> 60.0
2026-01-22 19:54:52.093,2108,60.028236389160156,PPACOPPE_maior_60,> 60.0
2026-01-22 19:54:52.109,2108,60.031898498535156,PPACOPPE_maior_60,> 60.0
2026-01-22 19:54:52.126,2108,60.03199768066406,PPACOPPE_maior_60,> 60.0
2026-01-22 19:54:52.143,2108,60.029747009277344,PPACOPPE_maior_60,> 60.0
2026-01-22 19:54:52.159,2108,60.028175354003906,PPACOPPE_maior_60,> 60.0
2026-01-22 19:54:52.175,2108,60.029232025146484,PPACOPPE_maior_60,> 60.0
2026-01-22 19:54:52.192,2108,60.0317497253418,PPACOPPE_maior_60,> 60.0
2026-01-22 19:54:52.209,2108,60.03018569946289,PPACOPPE_maior_60,> 60.0
2026-01-22 19:54:52.235,2108,60.02543640136719,PPACOPPE_maior_60,> 60.0
2026-01-22 19:54:52.251,2108,60.026092529296875,PPACOPPE_maior_60,> 60.0
2026-01-22 19:54:52.268,2108,60.031131744384766,PPACOPPE_maior_60,> 60.0
2026-01-22 19:54:52.281,2108,60.033016204833984,PPACOPPE_maior_60,> 60.0
2026-01-22 19:54:52.297,2108,60.03019332885742,PPACOPPE_maior_60,> 60.0
2026-01-22 19:54:52.309,2108,60.02644729614258,PPACOPPE_maior_60,> 60.0
2026-01-22 19:54:52.326,2108,60.028541564941406,PPACOPPE_maior_60,> 60.0
2026-01-22 19:54:52.342,2108,60.03230285644531,PPACOPPE_maior_60,> 60.0
2026-01-22 19:54:52.359,2108,60.03066635131836,PPACOPPE_maior_60,> 60.0
2026-01-22 19:54:52.376,2108,60.02652359008789,PPACOPPE_maior_60,> 60.0
2026-01-22 19:54:52.393,2108,60.02536392211914,PPACOPPE_maior_60,> 60.0
2026-01-22 19:54:52.409,2108,60.028316497802734,PPACOPPE_maior_60,> 60.0
2026-01-22 19:54:52.429,2108,60.03118896484375,PPACOPPE_maior_60,> 60.0
2026-01-22 19:54:52.445,2108,60.02912902832031,PPACOPPE_maior_60,> 60.0
2026-01-22 19:54:52.459,2108,60.025909423828125,PPACOPPE_maior_60,> 60.0
2026-01-22 19:54:52.475,2108,60.028175354003906,PPACOPPE_maior_60,> 60.0
2026-01-22 19:54:52.495,2108,60.03193664550781,PPACOPPE_maior_60,> 60.0
2026-01-22 19:54:52.509,2108,60.03175735473633,PPACOPPE_maior_60,> 60.0
2026-01-22 19:54:52.525,2108,60.02774429321289,PPACOPPE_maior_60,> 60.0
2026-01-22 19:54:52.543,2108,60.02487564086914,PPACOPPE_maior_60,> 60.0
2026-01-22 19:54:52.559,2108,60.02668762207031,PPACOPPE_maior_60,> 60.0
2026-01-22 19:54:52.584,2108,60.02885818481445,PPACOPPE_maior_60,> 60.0
2026-01-22 19:54:52.594,2108,60.02731704711914,PPACOPPE_maior_60,> 60.0
2026-01-22 19:54:52.610,2108,60.02542495727539,PPACOPPE_maior_60,> 60.0
2026-01-22 19:54:52.633,2108,60.02696228027344,PPACOPPE_maior_60,> 60.0
2026-01-22 19:54:52.643,2108,60.02883529663086,PPACOPPE_maior_60,> 60.0
2026-01-22 19:54:52.659,2108,60.029178619384766,PPACOPPE_maior_60,> 60.0
2026-01-22 19:54:52.676,2108,60.026180267333984,PPACOPPE_maior_60,> 60.0
2026-01-22 19:54:52.693,2108,60.02375411987305,PPACOPPE_maior_60,> 60.0
2026-01-22 19:54:52.709,2108,60.02714157104492,PPACOPPE_maior_60,> 60.0
2026-01-22 19:54:52.726,2108,60.02956008911133,PPACOPPE_maior_60,> 60.0
2026-01-22 19:54:52.742,2108,60.02737808227539,PPACOPPE_maior_60,> 60.0
2026-01-22 19:54:52.771,2108,60.025062561035156,PPACOPPE_maior_60,> 60.0
2026-01-22 19:54:52.776,2108,60.02629089355469,PPACOPPE_maior_60,> 60.0
2026-01-22 19:54:52.793,2108,60.028968811035156,PPACOPPE_maior_60,> 60.0
2026-01-22 19:54:52.809,2108,60.02935028076172,PPACOPPE_maior_60,> 60.0
2026-01-22 19:54:52.826,2108,60.02605056762695,PPACOPPE_maior_60,> 60.0
2026-01-22 19:54:52.850,2108,60.023712158203125,PPACOPPE_maior_60,> 60.0
2026-01-22 19:54:52.859,2108,60.02595138549805,PPACOPPE_maior_60,> 60.0
2026-01-22 19:54:52.876,2108,60.0269660949707,PPACOPPE_maior_60,> 60.0
2026-01-22 19:54:52.893,2108,60.027496337890625,PPACOPPE_maior_60,> 60.0
2026-01-22 19:54:52.909,2108,60.02857208251953,PPACOPPE_maior_60,> 60.0
2026-01-22 19:54:52.926,2108,60.02652359008789,PPACOPPE_maior_60,> 60.0
2026-01-22 19:54:52.943,2108,60.025177001953125,PPACOPPE_maior_60,> 60.0
2026-01-22 19:54:52.959,2108,60.02693557739258,PPACOPPE_maior_60,> 60.0
2026-01-22 19:54:52.975,2108,60.027835845947266,PPACOPPE_maior_60,> 60.0
2026-01-22 19:54:52.992,2108,60.026939392089844,PPACOPPE_maior_60,> 60.0
2026-01-22 19:54:53.009,2108,60.02531051635742,PPACOPPE_maior_60,> 60.0
2026-01-22 19:54:53.026,2108,60.024818420410156,PPACOPPE_maior_60,> 60.0
2026-01-22 19:54:53.042,2108,60.02570724487305,PPACOPPE_maior_60,> 60.0
2026-01-22 19:54:53.060,2108,60.024620056152344,PPACOPPE_maior_60,> 60.0
2026-01-22 19:54:53.076,2108,60.02603530883789,PPACOPPE_maior_60,> 60.0
2026-01-22 19:54:53.095,2108,60.030391693115234,PPACOPPE_maior_60,> 60.0
2026-01-22 19:54:53.109,2108,60.02928161621094,PPACOPPE_maior_60,> 60.0
2026-01-22 19:54:53.126,2108,60.024478912353516,PPACOPPE_maior_60,> 60.0
2026-01-22 19:54:53.149,2108,60.02289581298828,PPACOPPE_maior_60,> 60.0
2026-01-22 19:54:53.159,2108,60.02486801147461,PPACOPPE_maior_60,> 60.0
2026-01-22 19:54:53.176,2108,60.026912689208984,PPACOPPE_maior_60,> 60.0
2026-01-22 19:54:53.199,2108,60.02534866333008,PPACOPPE_maior_60,> 60.0
2026-01-22 19:54:53.209,2108,60.02262496948242,PPACOPPE_maior_60,> 60.0
2026-01-22 19:54:53.225,2108,60.02493667602539,PPACOPPE_maior_60,> 60.0
2026-01-22 19:54:53.243,2108,60.028812408447266,PPACOPPE_maior_60,> 60.0
2026-01-22 19:54:53.259,2108,60.027496337890625,PPACOPPE_maior_60,> 60.0
2026-01-22 19:54:53.278,2108,60.022743225097656,PPACOPPE_maior_60,> 60.0
2026-01-22 19:54:53.430,2108,60.020320892333984,PPACOPPE_maior_60,> 60.0
2026-01-22 19:54:53.430,2108,60.02351379394531,PPACOPPE_maior_60,> 60.0
2026-01-22 19:54:53.430,2108,60.027286529541016,PPACOPPE_maior_60,> 60.0
2026-01-22 19:54:53.430,2108,60.02706527709961,PPACOPPE_maior_60,> 60.0
2026-01-22 19:54:53.430,2108,60.02399444580078,PPACOPPE_maior_60,> 60.0
2026-01-22 19:54:53.430,2108,60.02253723144531,PPACOPPE_maior_60,> 60.0
2026-01-22 19:54:53.430,2108,60.024314880371094,PPACOPPE_maior_60,> 60.0
2026-01-22 19:54:53.430,2108,60.026039123535156,PPACOPPE_maior_60,> 60.0
2026-01-22 19:54:53.430,2108,60.023921966552734,PPACOPPE_maior_60,> 60.0
2026-01-22 19:54:53.443,2108,60.019775390625,PPACOPPE_maior_60,> 60.0
2026-01-22 19:54:53.465,2108,60.02098846435547,PPACOPPE_maior_60,> 60.0
2026-01-22 19:54:53.476,2108,60.02510070800781,PPACOPPE_maior_60,> 60.0
2026-01-22 19:54:53.493,2108,60.026329040527344,PPACOPPE_maior_60,> 60.0
2026-01-22 19:54:53.510,2108,60.02397537231445,PPACOPPE_maior_60,> 60.0
2026-01-22 19:54:53.527,2108,60.021968841552734,PPACOPPE_maior_60,> 60.0
2026-01-22 19:54:53.543,2108,60.02336502075195,PPACOPPE_maior_60,> 60.0
2026-01-22 19:54:53.560,2108,60.024105072021484,PPACOPPE_maior_60,> 60.0
2026-01-22 19:54:53.586,2108,60.02180480957031,PPACOPPE_maior_60,> 60.0
2026-01-22 19:54:53.592,2108,60.02034378051758,PPACOPPE_maior_60,> 60.0
2026-01-22 19:54:53.609,2108,60.02204895019531,PPACOPPE_maior_60,> 60.0
2026-01-22 19:54:53.625,2108,60.02415084838867,PPACOPPE_maior_60,> 60.0
2026-01-22 19:54:53.643,2108,60.025089263916016,PPACOPPE_maior_60,> 60.0
2026-01-22 19:54:53.659,2108,60.02280044555664,PPACOPPE_maior_60,> 60.0
2026-01-22 19:54:53.675,2108,60.02082061767578,PPACOPPE_maior_60,> 60.0
2026-01-22 19:54:53.693,2108,60.02289581298828,PPACOPPE_maior_60,> 60.0
2026-01-22 19:54:53.710,2108,60.02252960205078,PPACOPPE_maior_60,> 60.0
2026-01-22 19:54:53.725,2108,60.018978118896484,PPACOPPE_maior_60,> 60.0
2026-01-22 19:54:53.743,2108,60.01852035522461,PPACOPPE_maior_60,> 60.0
2026-01-22 19:54:53.759,2108,60.02311325073242,PPACOPPE_maior_60,> 60.0
2026-01-22 19:54:53.776,2108,60.02656936645508,PPACOPPE_maior_60,> 60.0
2026-01-22 19:54:53.792,2108,60.02407455444336,PPACOPPE_maior_60,> 60.0
2026-01-22 19:54:53.809,2108,60.018272399902344,PPACOPPE_maior_60,> 60.0
2026-01-22 19:54:53.826,2108,60.01624298095703,PPACOPPE_maior_60,> 60.0
2026-01-22 19:54:53.843,2108,60.02030563354492,PPACOPPE_maior_60,> 60.0
2026-01-22 19:54:53.860,2108,60.02393341064453,PPACOPPE_maior_60,> 60.0
2026-01-22 19:54:53.875,2108,60.02244186401367,PPACOPPE_maior_60,> 60.0
2026-01-22 19:54:53.893,2108,60.01933288574219,PPACOPPE_maior_60,> 60.0
2026-01-22 19:54:53.909,2108,60.02077865600586,PPACOPPE_maior_60,> 60.0
2026-01-22 19:54:53.927,2108,60.02357864379883,PPACOPPE_maior_60,> 60.0
2026-01-22 19:54:53.945,2108,60.02130889892578,PPACOPPE_maior_60,> 60.0
2026-01-22 19:54:53.959,2108,60.01645278930664,PPACOPPE_maior_60,> 60.0
2026-01-22 19:54:53.975,2108,60.017337799072266,PPACOPPE_maior_60,> 60.0
2026-01-22 19:54:53.993,2108,60.024139404296875,PPACOPPE_maior_60,> 60.0
2026-01-22 19:54:54.009,2108,60.02615737915039,PPACOPPE_maior_60,> 60.0
2026-01-22 19:54:54.027,2108,60.02216339111328,PPACOPPE_maior_60,> 60.0
2026-01-22 19:54:54.043,2108,60.018775939941406,PPACOPPE_maior_60,> 60.0
2026-01-22 19:54:54.061,2108,60.018104553222656,PPACOPPE_maior_60,> 60.0
2026-01-22 19:54:54.076,2108,60.020538330078125,PPACOPPE_maior_60,> 60.0
2026-01-22 19:54:54.093,2108,60.02300262451172,PPACOPPE_maior_60,> 60.0
2026-01-22 19:54:54.110,2108,60.02085876464844,PPACOPPE_maior_60,> 60.0
2026-01-22 19:54:54.126,2108,60.01883316040039,PPACOPPE_maior_60,> 60.0
2026-01-22 19:54:54.143,2108,60.020137786865234,PPACOPPE_maior_60,> 60.0
2026-01-22 19:54:54.159,2108,60.0209846496582,PPACOPPE_maior_60,> 60.0
2026-01-22 19:54:54.176,2108,60.021488189697266,PPACOPPE_maior_60,> 60.0
2026-01-22 19:54:54.193,2108,60.019378662109375,PPACOPPE_maior_60,> 60.0
2026-01-22 19:54:54.209,2108,60.01677703857422,PPACOPPE_maior_60,> 60.0
2026-01-22 19:54:54.225,2108,60.019229888916016,PPACOPPE_maior_60,> 60.0
2026-01-22 19:54:54.243,2108,60.02178955078125,PPACOPPE_maior_60,> 60.0
2026-01-22 19:54:54.259,2108,60.01922607421875,PPACOPPE_maior_60,> 60.0
2026-01-22 19:54:54.276,2108,60.01598358154297,PPACOPPE_maior_60,> 60.0
2026-01-22 19:54:54.293,2108,60.01770782470703,PPACOPPE_maior_60,> 60.0
2026-01-22 19:54:54.309,2108,60.02211380004883,PPACOPPE_maior_60,> 60.0
2026-01-22 19:54:54.330,2108,60.02174758911133,PPACOPPE_maior_60,> 60.0
2026-01-22 19:54:54.343,2108,60.01601791381836,PPACOPPE_maior_60,> 60.0
2026-01-22 19:54:54.374,2108,60.01576614379883,PPACOPPE_maior_60,> 60.0
2026-01-22 19:54:54.376,2108,60.020320892333984,PPACOPPE_maior_60,> 60.0
2026-01-22 19:54:54.392,2108,60.02061462402344,PPACOPPE_maior_60,> 60.0
2026-01-22 19:54:54.410,2108,60.018096923828125,PPACOPPE_maior_60,> 60.0
2026-01-22 19:54:54.426,2108,60.01695251464844,PPACOPPE_maior_60,> 60.0
2026-01-22 19:54:54.442,2108,60.01717758178711,PPACOPPE_maior_60,> 60.0
2026-01-22 19:54:54.459,2108,60.01750946044922,PPACOPPE_maior_60,> 60.0
2026-01-22 19:54:54.476,2108,60.01826095581055,PPACOPPE_maior_60,> 60.0
2026-01-22 19:54:54.493,2108,60.01914978027344,PPACOPPE_maior_60,> 60.0
2026-01-22 19:54:54.509,2108,60.02047348022461,PPACOPPE_maior_60,> 60.0
2026-01-22 19:54:54.530,2108,60.02095031738281,PPACOPPE_maior_60,> 60.0
2026-01-22 19:54:54.543,2108,60.01935577392578,PPACOPPE_maior_60,> 60.0
2026-01-22 19:54:54.560,2108,60.01706314086914,PPACOPPE_maior_60,> 60.0
2026-01-22 19:54:54.576,2108,60.01541519165039,PPACOPPE_maior_60,> 60.0
2026-01-22 19:54:54.597,2108,60.015960693359375,PPACOPPE_maior_60,> 60.0
2026-01-22 19:54:54.610,2108,60.01869583129883,PPACOPPE_maior_60,> 60.0
2026-01-22 19:54:54.629,2108,60.01985549926758,PPACOPPE_maior_60,> 60.0
2026-01-22 19:54:54.645,2108,60.016456604003906,PPACOPPE_maior_60,> 60.0
2026-01-22 19:54:54.660,2108,60.01502990722656,PPACOPPE_maior_60,> 60.0
2026-01-22 19:54:54.675,2108,60.01789093017578,PPACOPPE_maior_60,> 60.0
2026-01-22 19:54:54.693,2108,60.02050018310547,PPACOPPE_maior_60,> 60.0
2026-01-22 19:54:54.710,2108,60.01906967163086,PPACOPPE_maior_60,> 60.0
2026-01-22 19:54:54.726,2108,60.015499114990234,PPACOPPE_maior_60,> 60.0
2026-01-22 19:54:54.743,2108,60.01701354980469,PPACOPPE_maior_60,> 60.0
2026-01-22 19:54:54.759,2108,60.0201416015625,PPACOPPE_maior_60,> 60.0
2026-01-22 19:54:54.776,2108,60.0190315246582,PPACOPPE_maior_60,> 60.0
2026-01-22 19:54:54.793,2108,60.014854431152344,PPACOPPE_maior_60,> 60.0
2026-01-22 19:54:54.809,2108,60.013607025146484,PPACOPPE_maior_60,> 60.0
2026-01-22 19:54:54.826,2108,60.01679611206055,PPACOPPE_maior_60,> 60.0
2026-01-22 19:54:54.842,2108,60.019718170166016,PPACOPPE_maior_60,> 60.0
2026-01-22 19:54:54.859,2108,60.018428802490234,PPACOPPE_maior_60,> 60.0
2026-01-22 19:54:54.876,2108,60.01388168334961,PPACOPPE_maior_60,> 60.0
2026-01-22 19:54:54.893,2108,60.01469802856445,PPACOPPE_maior_60,> 60.0
2026-01-22 19:54:54.909,2108,60.017887115478516,PPACOPPE_maior_60,> 60.0
2026-01-22 19:54:54.925,2108,60.01625061035156,PPACOPPE_maior_60,> 60.0
2026-01-22 19:54:54.943,2108,60.014549255371094,PPACOPPE_maior_60,> 60.0
2026-01-22 19:54:54.960,2108,60.016090393066406,PPACOPPE_maior_60,> 60.0
2026-01-22 19:54:54.977,2108,60.018672943115234,PPACOPPE_maior_60,> 60.0
2026-01-22 19:54:54.994,2108,60.02008056640625,PPACOPPE_maior_60,> 60.0
2026-01-22 19:54:55.009,2108,60.01683044433594,PPACOPPE_maior_60,> 60.0
2026-01-22 19:54:55.025,2108,60.012229919433594,PPACOPPE_maior_60,> 60.0
2026-01-22 19:54:55.042,2108,60.014137268066406,PPACOPPE_maior_60,> 60.0
2026-01-22 19:54:55.059,2108,60.01740646362305,PPACOPPE_maior_60,> 60.0
2026-01-22 19:54:55.076,2108,60.01775360107422,PPACOPPE_maior_60,> 60.0
2026-01-22 19:54:55.093,2108,60.016845703125,PPACOPPE_maior_60,> 60.0
2026-01-22 19:54:55.109,2108,60.01469039916992,PPACOPPE_maior_60,> 60.0
2026-01-22 19:54:55.126,2108,60.014488220214844,PPACOPPE_maior_60,> 60.0
2026-01-22 19:54:55.143,2108,60.01625442504883,PPACOPPE_maior_60,> 60.0
2026-01-22 19:54:55.159,2108,60.01603317260742,PPACOPPE_maior_60,> 60.0
2026-01-22 19:54:55.176,2108,60.015193939208984,PPACOPPE_maior_60,> 60.0
2026-01-22 19:54:55.193,2108,60.01593780517578,PPACOPPE_maior_60,> 60.0
2026-01-22 19:54:55.209,2108,60.01582717895508,PPACOPPE_maior_60,> 60.0
2026-01-22 19:54:55.226,2108,60.01540756225586,PPACOPPE_maior_60,> 60.0
2026-01-22 19:54:55.242,2108,60.01414489746094,PPACOPPE_maior_60,> 60.0
2026-01-22 19:54:55.259,2108,60.01417541503906,PPACOPPE_maior_60,> 60.0
2026-01-22 19:54:55.276,2108,60.017120361328125,PPACOPPE_maior_60,> 60.0
2026-01-22 19:54:55.293,2108,60.017250061035156,PPACOPPE_maior_60,> 60.0
2026-01-22 19:54:55.310,2108,60.014320373535156,PPACOPPE_maior_60,> 60.0
2026-01-22 19:54:55.333,2108,60.01163101196289,PPACOPPE_maior_60,> 60.0
2026-01-22 19:54:55.343,2108,60.0130729675293,PPACOPPE_maior_60,> 60.0
2026-01-22 19:54:55.360,2108,60.01645278930664,PPACOPPE_maior_60,> 60.0
2026-01-22 19:54:55.375,2108,60.01693344116211,PPACOPPE_maior_60,> 60.0
2026-01-22 19:54:55.393,2108,60.014869689941406,PPACOPPE_maior_60,> 60.0
2026-01-22 19:54:55.410,2108,60.012474060058594,PPACOPPE_maior_60,> 60.0
2026-01-22 19:54:55.425,2108,60.01336669921875,PPACOPPE_maior_60,> 60.0
2026-01-22 19:54:55.442,2108,60.014984130859375,PPACOPPE_maior_60,> 60.0
2026-01-22 19:54:55.459,2108,60.01300048828125,PPACOPPE_maior_60,> 60.0
2026-01-22 19:54:55.476,2108,60.01134490966797,PPACOPPE_maior_60,> 60.0
2026-01-22 19:54:55.492,2108,60.01422882080078,PPACOPPE_maior_60,> 60.0
2026-01-22 19:54:55.513,2108,60.01711654663086,PPACOPPE_maior_60,> 60.0
2026-01-22 19:54:55.526,2108,60.01789093017578,PPACOPPE_maior_60,> 60.0
2026-01-22 19:54:55.543,2108,60.014591217041016,PPACOPPE_maior_60,> 60.0
2026-01-22 19:54:55.560,2108,60.010047912597656,PPACOPPE_maior_60,> 60.0
2026-01-22 19:54:55.576,2108,60.01318359375,PPACOPPE_maior_60,> 60.0
2026-01-22 19:54:55.593,2108,60.016849517822266,PPACOPPE_maior_60,> 60.0
2026-01-22 19:54:55.609,2108,60.015560150146484,PPACOPPE_maior_60,> 60.0
2026-01-22 19:54:55.625,2108,60.014015197753906,PPACOPPE_maior_60,> 60.0
2026-01-22 19:54:55.642,2108,60.01337814331055,PPACOPPE_maior_60,> 60.0
2026-01-22 19:54:55.659,2108,60.01390838623047,PPACOPPE_maior_60,> 60.0
2026-01-22 19:54:55.676,2108,60.01503372192383,PPACOPPE_maior_60,> 60.0
2026-01-22 19:54:55.692,2108,60.0140380859375,PPACOPPE_maior_60,> 60.0
2026-01-22 19:54:55.709,2108,60.012882232666016,PPACOPPE_maior_60,> 60.0
2026-01-22 19:54:55.725,2108,60.01272964477539,PPACOPPE_maior_60,> 60.0
2026-01-22 19:54:55.742,2108,60.01191711425781,PPACOPPE_maior_60,> 60.0
2026-01-22 19:54:55.759,2108,60.01423263549805,PPACOPPE_maior_60,> 60.0
2026-01-22 19:54:55.775,2108,60.01524353027344,PPACOPPE_maior_60,> 60.0
2026-01-22 19:54:55.793,2108,60.013248443603516,PPACOPPE_maior_60,> 60.0
2026-01-22 19:54:55.810,2108,60.014503479003906,PPACOPPE_maior_60,> 60.0
2026-01-22 19:54:55.826,2108,60.01429748535156,PPACOPPE_maior_60,> 60.0
2026-01-22 19:54:55.843,2108,60.01094055175781,PPACOPPE_maior_60,> 60.0
2026-01-22 19:54:55.859,2108,60.01155471801758,PPACOPPE_maior_60,> 60.0
2026-01-22 19:54:55.876,2108,60.01438903808594,PPACOPPE_maior_60,> 60.0
2026-01-22 19:54:55.894,2108,60.01517868041992,PPACOPPE_maior_60,> 60.0
2026-01-22 19:54:55.910,2108,60.0150146484375,PPACOPPE_maior_60,> 60.0
2026-01-22 19:54:55.927,2108,60.01214599609375,PPACOPPE_maior_60,> 60.0
2026-01-22 19:54:55.944,2108,60.011375427246094,PPACOPPE_maior_60,> 60.0
2026-01-22 19:54:55.963,2108,60.01546859741211,PPACOPPE_maior_60,> 60.0
2026-01-22 19:54:55.975,2108,60.01618957519531,PPACOPPE_maior_60,> 60.0
2026-01-22 19:54:55.992,2108,60.012001037597656,PPACOPPE_maior_60,> 60.0
2026-01-22 19:54:56.010,2108,60.01020431518555,PPACOPPE_maior_60,> 60.0
2026-01-22 19:54:56.025,2108,60.01385498046875,PPACOPPE_maior_60,> 60.0
2026-01-22 19:54:56.043,2108,60.01654815673828,PPACOPPE_maior_60,> 60.0
2026-01-22 19:54:56.059,2108,60.013694763183594,PPACOPPE_maior_60,> 60.0
2026-01-22 19:54:56.075,2108,60.00886154174805,PPACOPPE_maior_60,> 60.0
2026-01-22 19:54:56.092,2108,60.0096321105957,PPACOPPE_maior_60,> 60.0
2026-01-22 19:54:56.110,2108,60.01423263549805,PPACOPPE_maior_60,> 60.0
2026-01-22 19:54:56.126,2108,60.01551055908203,PPACOPPE_maior_60,> 60.0
2026-01-22 19:54:56.143,2108,60.01406478881836,PPACOPPE_maior_60,> 60.0
2026-01-22 19:54:56.159,2108,60.01127624511719,PPACOPPE_maior_60,> 60.0
2026-01-22 19:54:56.176,2108,60.01073455810547,PPACOPPE_maior_60,> 60.0
2026-01-22 19:54:56.193,2108,60.014400482177734,PPACOPPE_maior_60,> 60.0
2026-01-22 19:54:56.209,2108,60.01602554321289,PPACOPPE_maior_60,> 60.0
2026-01-22 19:54:56.225,2108,60.012054443359375,PPACOPPE_maior_60,> 60.0
2026-01-22 19:54:56.243,2108,60.0091438293457,PPACOPPE_maior_60,> 60.0
2026-01-22 19:54:56.262,2108,60.0105094909668,PPACOPPE_maior_60,> 60.0
2026-01-22 19:54:56.276,2108,60.01198959350586,PPACOPPE_maior_60,> 60.0
2026-01-22 19:54:56.293,2108,60.01234436035156,PPACOPPE_maior_60,> 60.0
2026-01-22 19:54:56.309,2108,60.011478424072266,PPACOPPE_maior_60,> 60.0
2026-01-22 19:54:56.327,2108,60.01156234741211,PPACOPPE_maior_60,> 60.0
2026-01-22 19:54:56.343,2108,60.013851165771484,PPACOPPE_maior_60,> 60.0
2026-01-22 19:54:56.359,2108,60.01320266723633,PPACOPPE_maior_60,> 60.0
2026-01-22 19:54:56.376,2108,60.00912094116211,PPACOPPE_maior_60,> 60.0
2026-01-22 19:54:56.393,2108,60.010536193847656,PPACOPPE_maior_60,> 60.0
2026-01-22 19:54:56.409,2108,60.01467514038086,PPACOPPE_maior_60,> 60.0
2026-01-22 19:54:56.426,2108,60.01314926147461,PPACOPPE_maior_60,> 60.0
2026-01-22 19:54:56.443,2108,60.01034927368164,PPACOPPE_maior_60,> 60.0
2026-01-22 19:54:56.460,2108,60.0092887878418,PPACOPPE_maior_60,> 60.0
2026-01-22 19:54:56.476,2108,60.01111602783203,PPACOPPE_maior_60,> 60.0
2026-01-22 19:54:56.493,2108,60.01605224609375,PPACOPPE_maior_60,> 60.0
2026-01-22 19:54:56.509,2108,60.01597213745117,PPACOPPE_maior_60,> 60.0
2026-01-22 19:54:56.526,2108,60.010406494140625,PPACOPPE_maior_60,> 60.0
2026-01-22 19:54:56.542,2108,60.00930404663086,PPACOPPE_maior_60,> 60.0
2026-01-22 19:54:56.559,2108,60.01203155517578,PPACOPPE_maior_60,> 60.0
2026-01-22 19:54:56.576,2108,60.013465881347656,PPACOPPE_maior_60,> 60.0
2026-01-22 19:54:56.593,2108,60.01235580444336,PPACOPPE_maior_60,> 60.0
2026-01-22 19:54:56.609,2108,60.008602142333984,PPACOPPE_maior_60,> 60.0
2026-01-22 19:54:56.626,2108,60.00889587402344,PPACOPPE_maior_60,> 60.0
2026-01-22 19:54:56.643,2108,60.01315689086914,PPACOPPE_maior_60,> 60.0
2026-01-22 19:54:56.660,2108,60.013389587402344,PPACOPPE_maior_60,> 60.0
2026-01-22 19:54:56.676,2108,60.01061248779297,PPACOPPE_maior_60,> 60.0
2026-01-22 19:54:56.693,2108,60.010807037353516,PPACOPPE_maior_60,> 60.0
2026-01-22 19:54:56.710,2108,60.013282775878906,PPACOPPE_maior_60,> 60.0
2026-01-22 19:54:56.726,2108,60.014259338378906,PPACOPPE_maior_60,> 60.0
2026-01-22 19:54:56.745,2108,60.011573791503906,PPACOPPE_maior_60,> 60.0
2026-01-22 19:54:56.759,2108,60.006614685058594,PPACOPPE_maior_60,> 60.0
2026-01-22 19:54:56.775,2108,60.00847244262695,PPACOPPE_maior_60,> 60.0
2026-01-22 19:54:56.792,2108,60.01435089111328,PPACOPPE_maior_60,> 60.0
2026-01-22 19:54:56.810,2108,60.013980865478516,PPACOPPE_maior_60,> 60.0
2026-01-22 19:54:56.826,2108,60.0093994140625,PPACOPPE_maior_60,> 60.0
2026-01-22 19:54:56.843,2108,60.0074348449707,PPACOPPE_maior_60,> 60.0
2026-01-22 19:54:56.860,2108,60.01008605957031,PPACOPPE_maior_60,> 60.0
2026-01-22 19:54:56.876,2108,60.012569427490234,PPACOPPE_maior_60,> 60.0
2026-01-22 19:54:56.892,2108,60.011741638183594,PPACOPPE_maior_60,> 60.0
2026-01-22 19:54:56.909,2108,60.0084114074707,PPACOPPE_maior_60,> 60.0
2026-01-22 19:54:56.926,2108,60.00881576538086,PPACOPPE_maior_60,> 60.0
2026-01-22 19:54:56.943,2108,60.012577056884766,PPACOPPE_maior_60,> 60.0
2026-01-22 19:54:56.959,2108,60.01187515258789,PPACOPPE_maior_60,> 60.0
2026-01-22 19:54:56.976,2108,60.008934020996094,PPACOPPE_maior_60,> 60.0
2026-01-22 19:54:56.992,2108,60.008888244628906,PPACOPPE_maior_60,> 60.0
2026-01-22 19:54:57.009,2108,60.01079177856445,PPACOPPE_maior_60,> 60.0
2026-01-22 19:54:57.025,2108,60.01250457763672,PPACOPPE_maior_60,> 60.0
2026-01-22 19:54:57.043,2108,60.011680603027344,PPACOPPE_maior_60,> 60.0
2026-01-22 19:54:57.060,2108,60.007816314697266,PPACOPPE_maior_60,> 60.0
2026-01-22 19:54:57.076,2108,60.00779724121094,PPACOPPE_maior_60,> 60.0
2026-01-22 19:54:57.093,2108,60.01115036010742,PPACOPPE_maior_60,> 60.0
2026-01-22 19:54:57.109,2108,60.01240921020508,PPACOPPE_maior_60,> 60.0
2026-01-22 19:54:57.126,2108,60.01099395751953,PPACOPPE_maior_60,> 60.0
2026-01-22 19:54:57.143,2108,60.00653076171875,PPACOPPE_maior_60,> 60.0
2026-01-22 19:54:57.160,2108,60.006107330322266,PPACOPPE_maior_60,> 60.0
2026-01-22 19:54:57.176,2108,60.010799407958984,PPACOPPE_maior_60,> 60.0
2026-01-22 19:54:57.193,2108,60.01178741455078,PPACOPPE_maior_60,> 60.0
2026-01-22 19:54:57.210,2108,60.00895309448242,PPACOPPE_maior_60,> 60.0
2026-01-22 19:54:57.225,2108,60.00883102416992,PPACOPPE_maior_60,> 60.0
2026-01-22 19:54:57.243,2108,60.010894775390625,PPACOPPE_maior_60,> 60.0
2026-01-22 19:54:57.260,2108,60.0107536315918,PPACOPPE_maior_60,> 60.0
2026-01-22 19:54:57.276,2108,60.007755279541016,PPACOPPE_maior_60,> 60.0
2026-01-22 19:54:57.293,2108,60.00688934326172,PPACOPPE_maior_60,> 60.0
2026-01-22 19:54:57.309,2108,60.0102424621582,PPACOPPE_maior_60,> 60.0
2026-01-22 19:54:57.327,2108,60.01065444946289,PPACOPPE_maior_60,> 60.0
2026-01-22 19:54:57.343,2108,60.00814437866211,PPACOPPE_maior_60,> 60.0
2026-01-22 19:54:57.360,2108,60.00693893432617,PPACOPPE_maior_60,> 60.0
2026-01-22 19:54:57.376,2108,60.008018493652344,PPACOPPE_maior_60,> 60.0
2026-01-22 19:54:57.393,2108,60.01066970825195,PPACOPPE_maior_60,> 60.0
2026-01-22 19:54:57.410,2108,60.01118469238281,PPACOPPE_maior_60,> 60.0
2026-01-22 19:54:57.426,2108,60.008060455322266,PPACOPPE_maior_60,> 60.0
2026-01-22 19:54:57.443,2108,60.005340576171875,PPACOPPE_maior_60,> 60.0
2026-01-22 19:54:57.460,2108,60.00756072998047,PPACOPPE_maior_60,> 60.0
2026-01-22 19:54:57.475,2108,60.01110076904297,PPACOPPE_maior_60,> 60.0
2026-01-22 19:54:57.493,2108,60.01143264770508,PPACOPPE_maior_60,> 60.0
2026-01-22 19:54:57.510,2108,60.008583068847656,PPACOPPE_maior_60,> 60.0
2026-01-22 19:54:57.528,2108,60.00601577758789,PPACOPPE_maior_60,> 60.0
2026-01-22 19:54:57.543,2108,60.008056640625,PPACOPPE_maior_60,> 60.0
2026-01-22 19:54:57.559,2108,60.012176513671875,PPACOPPE_maior_60,> 60.0
2026-01-22 19:54:57.575,2108,60.01103973388672,PPACOPPE_maior_60,> 60.0
2026-01-22 19:54:57.592,2108,60.00526428222656,PPACOPPE_maior_60,> 60.0
2026-01-22 19:54:57.609,2108,60.00475311279297,PPACOPPE_maior_60,> 60.0
2026-01-22 19:54:57.626,2108,60.009178161621094,PPACOPPE_maior_60,> 60.0
2026-01-22 19:54:57.643,2108,60.01018524169922,PPACOPPE_maior_60,> 60.0
2026-01-22 19:54:57.659,2108,60.0078010559082,PPACOPPE_maior_60,> 60.0
2026-01-22 19:54:57.675,2108,60.00667190551758,PPACOPPE_maior_60,> 60.0
2026-01-22 19:54:57.693,2108,60.007240295410156,PPACOPPE_maior_60,> 60.0
2026-01-22 19:54:57.710,2108,60.00798034667969,PPACOPPE_maior_60,> 60.0
2026-01-22 19:54:57.735,2108,60.008243560791016,PPACOPPE_maior_60,> 60.0
2026-01-22 19:54:57.744,2108,60.007774353027344,PPACOPPE_maior_60,> 60.0
2026-01-22 19:54:57.759,2108,60.008419036865234,PPACOPPE_maior_60,> 60.0
2026-01-22 19:54:57.781,2108,60.008644104003906,PPACOPPE_maior_60,> 60.0
2026-01-22 19:54:57.793,2108,60.00752639770508,PPACOPPE_maior_60,> 60.0
2026-01-22 19:54:57.812,2108,60.00730895996094,PPACOPPE_maior_60,> 60.0
2026-01-22 19:54:57.825,2108,60.007381439208984,PPACOPPE_maior_60,> 60.0
2026-01-22 19:54:57.842,2108,60.00922393798828,PPACOPPE_maior_60,> 60.0
2026-01-22 19:54:57.859,2108,60.013160705566406,PPACOPPE_maior_60,> 60.0
2026-01-22 19:54:57.876,2108,60.01070785522461,PPACOPPE_maior_60,> 60.0
2026-01-22 19:54:57.893,2108,60.00398635864258,PPACOPPE_maior_60,> 60.0
2026-01-22 19:54:57.909,2108,60.005210876464844,PPACOPPE_maior_60,> 60.0
2026-01-22 19:54:57.926,2108,60.00870895385742,PPACOPPE_maior_60,> 60.0
2026-01-22 19:54:57.944,2108,60.007972717285156,PPACOPPE_maior_60,> 60.0
2026-01-22 19:54:57.964,2108,60.00616455078125,PPACOPPE_maior_60,> 60.0
2026-01-22 19:54:57.975,2108,60.00708770751953,PPACOPPE_maior_60,> 60.0
2026-01-22 19:54:57.993,2108,60.01166915893555,PPACOPPE_maior_60,> 60.0
2026-01-22 19:54:58.010,2108,60.01271057128906,PPACOPPE_maior_60,> 60.0
2026-01-22 19:54:58.028,2108,60.007469177246094,PPACOPPE_maior_60,> 60.0
2026-01-22 19:54:58.046,2108,60.00392532348633,PPACOPPE_maior_60,> 60.0
2026-01-22 19:54:58.063,2108,60.0075798034668,PPACOPPE_maior_60,> 60.0
2026-01-22 19:54:58.080,2108,60.01141357421875,PPACOPPE_maior_60,> 60.0
2026-01-22 19:54:58.097,2108,60.01050567626953,PPACOPPE_maior_60,> 60.0
2026-01-22 19:54:58.109,2108,60.00722885131836,PPACOPPE_maior_60,> 60.0
2026-01-22 19:54:58.130,2108,60.005043029785156,PPACOPPE_maior_60,> 60.0
2026-01-22 19:54:58.146,2108,60.00692367553711,PPACOPPE_maior_60,> 60.0
2026-01-22 19:54:58.160,2108,60.01030349731445,PPACOPPE_maior_60,> 60.0
2026-01-22 19:54:58.176,2108,60.00932693481445,PPACOPPE_maior_60,> 60.0
2026-01-22 19:54:58.193,2108,60.00545120239258,PPACOPPE_maior_60,> 60.0
2026-01-22 19:54:58.210,2108,60.00627517700195,PPACOPPE_maior_60,> 60.0
2026-01-22 19:54:58.227,2108,60.009639739990234,PPACOPPE_maior_60,> 60.0
2026-01-22 19:54:58.243,2108,60.01068115234375,PPACOPPE_maior_60,> 60.0
2026-01-22 19:54:58.261,2108,60.00868225097656,PPACOPPE_maior_60,> 60.0
2026-01-22 19:54:58.276,2108,60.004974365234375,PPACOPPE_maior_60,> 60.0
2026-01-22 19:54:58.292,2108,60.006290435791016,PPACOPPE_maior_60,> 60.0
2026-01-22 19:54:58.309,2108,60.01100540161133,PPACOPPE_maior_60,> 60.0
2026-01-22 19:54:58.326,2108,60.00983810424805,PPACOPPE_maior_60,> 60.0
2026-01-22 19:54:58.343,2108,60.004520416259766,PPACOPPE_maior_60,> 60.0
2026-01-22 19:54:58.359,2108,60.00449752807617,PPACOPPE_maior_60,> 60.0
2026-01-22 19:54:58.375,2108,60.00807571411133,PPACOPPE_maior_60,> 60.0
2026-01-22 19:54:58.393,2108,60.0098876953125,PPACOPPE_maior_60,> 60.0
2026-01-22 19:54:58.409,2108,60.00883865356445,PPACOPPE_maior_60,> 60.0
2026-01-22 19:54:58.426,2108,60.0059814453125,PPACOPPE_maior_60,> 60.0
2026-01-22 19:54:58.443,2108,60.00604248046875,PPACOPPE_maior_60,> 60.0
2026-01-22 19:54:58.463,2108,60.006412506103516,PPACOPPE_maior_60,> 60.0
2026-01-22 19:54:58.480,2108,60.00587844848633,PPACOPPE_maior_60,> 60.0
2026-01-22 19:54:58.492,2108,60.007469177246094,PPACOPPE_maior_60,> 60.0
2026-01-22 19:54:58.513,2108,60.00881576538086,PPACOPPE_maior_60,> 60.0
2026-01-22 19:54:58.526,2108,60.00830078125,PPACOPPE_maior_60,> 60.0
2026-01-22 19:54:58.543,2108,60.007598876953125,PPACOPPE_maior_60,> 60.0
2026-01-22 19:54:58.559,2108,60.00623321533203,PPACOPPE_maior_60,> 60.0
2026-01-22 19:54:58.577,2108,60.00581359863281,PPACOPPE_maior_60,> 60.0
2026-01-22 19:54:58.593,2108,60.00813293457031,PPACOPPE_maior_60,> 60.0
2026-01-22 19:54:58.609,2108,60.0090217590332,PPACOPPE_maior_60,> 60.0
2026-01-22 19:54:58.626,2108,60.00695037841797,PPACOPPE_maior_60,> 60.0
2026-01-22 19:54:58.642,2108,60.00552749633789,PPACOPPE_maior_60,> 60.0
2026-01-22 19:54:58.659,2108,60.00699996948242,PPACOPPE_maior_60,> 60.0
2026-01-22 19:54:58.676,2108,60.0078239440918,PPACOPPE_maior_60,> 60.0
2026-01-22 19:54:58.693,2108,60.00724411010742,PPACOPPE_maior_60,> 60.0
2026-01-22 19:54:58.709,2108,60.00588607788086,PPACOPPE_maior_60,> 60.0
2026-01-22 19:54:58.725,2108,60.00468444824219,PPACOPPE_maior_60,> 60.0
2026-01-22 19:54:58.743,2108,60.00743865966797,PPACOPPE_maior_60,> 60.0
2026-01-22 19:54:58.760,2108,60.00912094116211,PPACOPPE_maior_60,> 60.0
2026-01-22 19:54:58.777,2108,60.00678634643555,PPACOPPE_maior_60,> 60.0
2026-01-22 19:54:58.792,2108,60.00432205200195,PPACOPPE_maior_60,> 60.0
2026-01-22 19:54:58.809,2108,60.004066467285156,PPACOPPE_maior_60,> 60.0
2026-01-22 19:54:58.826,2108,60.00745391845703,PPACOPPE_maior_60,> 60.0
2026-01-22 19:54:58.844,2108,60.0101203918457,PPACOPPE_maior_60,> 60.0
2026-01-22 19:54:58.860,2108,60.006752014160156,PPACOPPE_maior_60,> 60.0
2026-01-22 19:54:58.876,2108,60.00285720825195,PPACOPPE_maior_60,> 60.0
2026-01-22 19:54:58.893,2108,60.005123138427734,PPACOPPE_maior_60,> 60.0
2026-01-22 19:54:58.909,2108,60.0079345703125,PPACOPPE_maior_60,> 60.0
2026-01-22 19:54:58.926,2108,60.007530212402344,PPACOPPE_maior_60,> 60.0
2026-01-22 19:54:58.942,2108,60.00560760498047,PPACOPPE_maior_60,> 60.0
2026-01-22 19:54:58.960,2108,60.00484085083008,PPACOPPE_maior_60,> 60.0
2026-01-22 19:54:58.976,2108,60.0080680847168,PPACOPPE_maior_60,> 60.0
2026-01-22 19:54:58.993,2108,60.00956726074219,PPACOPPE_maior_60,> 60.0
2026-01-22 19:54:59.009,2108,60.00543975830078,PPACOPPE_maior_60,> 60.0
2026-01-22 19:54:59.026,2108,60.002933502197266,PPACOPPE_maior_60,> 60.0
2026-01-22 19:54:59.042,2108,60.00640106201172,PPACOPPE_maior_60,> 60.0
2026-01-22 19:54:59.059,2108,60.0091438293457,PPACOPPE_maior_60,> 60.0
2026-01-22 19:54:59.076,2108,60.00798416137695,PPACOPPE_maior_60,> 60.0
2026-01-22 19:54:59.093,2108,60.00497055053711,PPACOPPE_maior_60,> 60.0
2026-01-22 19:54:59.109,2108,60.00334548950195,PPACOPPE_maior_60,> 60.0
2026-01-22 19:54:59.125,2108,60.0066032409668,PPACOPPE_maior_60,> 60.0
2026-01-22 19:54:59.143,2108,60.009666442871094,PPACOPPE_maior_60,> 60.0
2026-01-22 19:54:59.159,2108,60.00721740722656,PPACOPPE_maior_60,> 60.0
2026-01-22 19:54:59.175,2108,60.00381088256836,PPACOPPE_maior_60,> 60.0
2026-01-22 19:54:59.193,2108,60.00550842285156,PPACOPPE_maior_60,> 60.0
2026-01-22 19:54:59.209,2108,60.00840377807617,PPACOPPE_maior_60,> 60.0
2026-01-22 19:54:59.226,2108,60.007591247558594,PPACOPPE_maior_60,> 60.0
2026-01-22 19:54:59.243,2108,60.004608154296875,PPACOPPE_maior_60,> 60.0
2026-01-22 19:54:59.259,2108,60.004371643066406,PPACOPPE_maior_60,> 60.0
2026-01-22 19:54:59.275,2108,60.00775146484375,PPACOPPE_maior_60,> 60.0
2026-01-22 19:54:59.293,2108,60.0094108581543,PPACOPPE_maior_60,> 60.0
2026-01-22 19:54:59.309,2108,60.00761032104492,PPACOPPE_maior_60,> 60.0
2026-01-22 19:54:59.325,2108,60.00491714477539,PPACOPPE_maior_60,> 60.0
2026-01-22 19:54:59.343,2108,60.004268646240234,PPACOPPE_maior_60,> 60.0
2026-01-22 19:54:59.359,2108,60.0058708190918,PPACOPPE_maior_60,> 60.0
2026-01-22 19:54:59.376,2108,60.008724212646484,PPACOPPE_maior_60,> 60.0
2026-01-22 19:54:59.393,2108,60.00821304321289,PPACOPPE_maior_60,> 60.0
2026-01-22 19:54:59.409,2108,60.00418472290039,PPACOPPE_maior_60,> 60.0
2026-01-22 19:54:59.426,2108,60.00337600708008,PPACOPPE_maior_60,> 60.0
2026-01-22 19:54:59.443,2108,60.004817962646484,PPACOPPE_maior_60,> 60.0
2026-01-22 19:54:59.460,2108,60.0061149597168,PPACOPPE_maior_60,> 60.0
2026-01-22 19:54:59.476,2108,60.007511138916016,PPACOPPE_maior_60,> 60.0
2026-01-22 19:54:59.493,2108,60.00910186767578,PPACOPPE_maior_60,> 60.0
2026-01-22 19:54:59.509,2108,60.009342193603516,PPACOPPE_maior_60,> 60.0
2026-01-22 19:54:59.526,2108,60.007232666015625,PPACOPPE_maior_60,> 60.0
2026-01-22 19:54:59.543,2108,60.00383377075195,PPACOPPE_maior_60,> 60.0
2026-01-22 19:54:59.559,2108,60.00300216674805,PPACOPPE_maior_60,> 60.0
2026-01-22 19:54:59.575,2108,60.00748825073242,PPACOPPE_maior_60,> 60.0
2026-01-22 19:54:59.593,2108,60.010406494140625,PPACOPPE_maior_60,> 60.0
2026-01-22 19:54:59.775,2108,60.00758361816406,PPACOPPE_maior_60,> 60.0
2026-01-22 19:54:59.775,2108,60.00400924682617,PPACOPPE_maior_60,> 60.0
2026-01-22 19:54:59.775,2108,60.004112243652344,PPACOPPE_maior_60,> 60.0
2026-01-22 19:54:59.775,2108,60.00700759887695,PPACOPPE_maior_60,> 60.0
2026-01-22 19:54:59.775,2108,60.007080078125,PPACOPPE_maior_60,> 60.0
2026-01-22 19:54:59.775,2108,60.003849029541016,PPACOPPE_maior_60,> 60.0
2026-01-22 19:54:59.775,2108,60.00346755981445,PPACOPPE_maior_60,> 60.0
2026-01-22 19:54:59.775,2108,60.00628662109375,PPACOPPE_maior_60,> 60.0
2026-01-22 19:54:59.775,2108,60.00802230834961,PPACOPPE_maior_60,> 60.0
2026-01-22 19:54:59.776,2108,60.00860595703125,PPACOPPE_maior_60,> 60.0
2026-01-22 19:54:59.778,2108,60.008506774902344,PPACOPPE_maior_60,> 60.0
2026-01-22 19:54:59.793,2108,60.007144927978516,PPACOPPE_maior_60,> 60.0
2026-01-22 19:54:59.809,2108,60.006656646728516,PPACOPPE_maior_60,> 60.0
2026-01-22 19:54:59.825,2108,60.00798416137695,PPACOPPE_maior_60,> 60.0
2026-01-22 19:54:59.842,2108,60.007015228271484,PPACOPPE_maior_60,> 60.0
2026-01-22 19:54:59.860,2108,60.00459289550781,PPACOPPE_maior_60,> 60.0
2026-01-22 19:54:59.876,2108,60.00400924682617,PPACOPPE_maior_60,> 60.0
2026-01-22 19:54:59.893,2108,60.00503158569336,PPACOPPE_maior_60,> 60.0
2026-01-22 19:54:59.910,2108,60.007022857666016,PPACOPPE_maior_60,> 60.0
2026-01-22 19:54:59.925,2108,60.00629806518555,PPACOPPE_maior_60,> 60.0
2026-01-22 19:54:59.944,2108,60.0045166015625,PPACOPPE_maior_60,> 60.0
2026-01-22 19:54:59.960,2108,60.006378173828125,PPACOPPE_maior_60,> 60.0
2026-01-22 19:54:59.975,2108,60.00816345214844,PPACOPPE_maior_60,> 60.0
2026-01-22 19:54:59.992,2108,60.00581359863281,PPACOPPE_maior_60,> 60.0
2026-01-22 19:55:00.009,2108,60.00416564941406,PPACOPPE_maior_60,> 60.0
2026-01-22 19:55:00.026,2108,60.006446838378906,PPACOPPE_maior_60,> 60.0
2026-01-22 19:55:00.042,2108,60.007530212402344,PPACOPPE_maior_60,> 60.0
2026-01-22 19:55:00.059,2108,60.00648498535156,PPACOPPE_maior_60,> 60.0
2026-01-22 19:55:00.076,2108,60.00446319580078,PPACOPPE_maior_60,> 60.0
2026-01-22 19:55:00.093,2108,60.003902435302734,PPACOPPE_maior_60,> 60.0
2026-01-22 19:55:00.109,2108,60.00656509399414,PPACOPPE_maior_60,> 60.0
2026-01-22 19:55:00.126,2108,60.00752639770508,PPACOPPE_maior_60,> 60.0
2026-01-22 19:55:00.143,2108,60.00485610961914,PPACOPPE_maior_60,> 60.0
2026-01-22 19:55:00.160,2108,60.003456115722656,PPACOPPE_maior_60,> 60.0
2026-01-22 19:55:00.175,2108,60.005435943603516,PPACOPPE_maior_60,> 60.0
2026-01-22 19:55:00.193,2108,60.00635528564453,PPACOPPE_maior_60,> 60.0
2026-01-22 19:55:00.209,2108,60.00593948364258,PPACOPPE_maior_60,> 60.0
2026-01-22 19:55:00.225,2108,60.00522994995117,PPACOPPE_maior_60,> 60.0
2026-01-22 19:55:00.243,2108,60.0055046081543,PPACOPPE_maior_60,> 60.0
2026-01-22 19:55:00.259,2108,60.00826644897461,PPACOPPE_maior_60,> 60.0
2026-01-22 19:55:00.275,2108,60.008663177490234,PPACOPPE_maior_60,> 60.0
2026-01-22 19:55:00.293,2108,60.005592346191406,PPACOPPE_maior_60,> 60.0
2026-01-22 19:55:00.309,2108,60.00331497192383,PPACOPPE_maior_60,> 60.0
2026-01-22 19:55:00.326,2108,60.00442123413086,PPACOPPE_maior_60,> 60.0
2026-01-22 19:55:00.343,2108,60.00763702392578,PPACOPPE_maior_60,> 60.0
2026-01-22 19:55:00.360,2108,60.0088996887207,PPACOPPE_maior_60,> 60.0
2026-01-22 19:55:00.383,2108,60.00519943237305,PPACOPPE_maior_60,> 60.0
2026-01-22 19:55:00.394,2108,60.002410888671875,PPACOPPE_maior_60,> 60.0
2026-01-22 19:55:00.410,2108,60.00565719604492,PPACOPPE_maior_60,> 60.0
2026-01-22 19:55:00.426,2108,60.00864028930664,PPACOPPE_maior_60,> 60.0
2026-01-22 19:55:00.443,2108,60.005672454833984,PPACOPPE_maior_60,> 60.0
2026-01-22 19:55:00.459,2108,60.00048065185547,PPACOPPE_maior_60,> 60.0
2026-01-22 19:55:00.475,2108,60.00221252441406,PPACOPPE_maior_60,> 60.0
2026-01-22 19:55:00.493,2108,60.00944137573242,PPACOPPE_maior_60,> 60.0
2026-01-22 19:55:00.510,2108,60.01032638549805,PPACOPPE_maior_60,> 60.0
2026-01-22 19:55:00.525,2108,60.003265380859375,PPACOPPE_maior_60,> 60.0
2026-01-22 19:55:00.543,2108,60.00080871582031,PPACOPPE_maior_60,> 60.0
2026-01-22 19:55:00.559,2108,60.005313873291016,PPACOPPE_maior_60,> 60.0
2026-01-22 19:55:00.575,2108,60.00779342651367,PPACOPPE_maior_60,> 60.0
2026-01-22 19:55:00.593,2108,60.00678634643555,PPACOPPE_maior_60,> 60.0
2026-01-22 19:55:00.609,2108,60.0045051574707,PPACOPPE_maior_60,> 60.0
2026-01-22 19:55:00.625,2108,60.00400161743164,PPACOPPE_maior_60,> 60.0
2026-01-22 19:55:00.643,2108,60.006202697753906,PPACOPPE_maior_60,> 60.0
2026-01-22 19:55:00.659,2108,60.0069694519043,PPACOPPE_maior_60,> 60.0
2026-01-22 19:55:00.675,2108,60.004032135009766,PPACOPPE_maior_60,> 60.0
2026-01-22 19:55:00.693,2108,60.00310134887695,PPACOPPE_maior_60,> 60.0
2026-01-22 19:55:00.709,2108,60.00563430786133,PPACOPPE_maior_60,> 60.0
2026-01-22 19:55:00.725,2108,60.00618362426758,PPACOPPE_maior_60,> 60.0
2026-01-22 19:55:00.743,2108,60.00468444824219,PPACOPPE_maior_60,> 60.0
2026-01-22 19:55:00.759,2108,60.00284194946289,PPACOPPE_maior_60,> 60.0
2026-01-22 19:55:00.776,2108,60.00390625,PPACOPPE_maior_60,> 60.0
2026-01-22 19:55:00.795,2108,60.00766372680664,PPACOPPE_maior_60,> 60.0
2026-01-22 19:55:00.809,2108,60.007606506347656,PPACOPPE_maior_60,> 60.0
2026-01-22 19:55:00.825,2108,60.003570556640625,PPACOPPE_maior_60,> 60.0
2026-01-22 19:55:00.844,2108,60.00284957885742,PPACOPPE_maior_60,> 60.0
2026-01-22 19:55:00.859,2108,60.005977630615234,PPACOPPE_maior_60,> 60.0
2026-01-22 19:55:00.877,2108,60.00649642944336,PPACOPPE_maior_60,> 60.0
2026-01-22 19:55:00.893,2108,60.00521469116211,PPACOPPE_maior_60,> 60.0
2026-01-22 19:55:00.909,2108,60.00387954711914,PPACOPPE_maior_60,> 60.0
2026-01-22 19:55:00.926,2108,60.00407791137695,PPACOPPE_maior_60,> 60.0
2026-01-22 19:55:00.942,2108,60.006195068359375,PPACOPPE_maior_60,> 60.0
2026-01-22 19:55:00.959,2108,60.00503921508789,PPACOPPE_maior_60,> 60.0
2026-01-22 19:55:00.975,2108,60.001712799072266,PPACOPPE_maior_60,> 60.0
2026-01-22 19:55:00.993,2108,60.002811431884766,PPACOPPE_maior_60,> 60.0
2026-01-22 19:55:01.015,2108,60.00769805908203,PPACOPPE_maior_60,> 60.0
2026-01-22 19:55:01.025,2108,60.009666442871094,PPACOPPE_maior_60,> 60.0
2026-01-22 19:55:01.042,2108,60.0068244934082,PPACOPPE_maior_60,> 60.0
2026-01-22 19:55:01.096,2108,60.002662658691406,PPACOPPE_maior_60,> 60.0
2026-01-22 19:55:01.096,2108,60.00288391113281,PPACOPPE_maior_60,> 60.0
2026-01-22 19:55:01.096,2108,60.007179260253906,PPACOPPE_maior_60,> 60.0
2026-01-22 19:55:01.110,2108,60.008949279785156,PPACOPPE_maior_60,> 60.0
2026-01-22 19:55:01.126,2108,60.00534439086914,PPACOPPE_maior_60,> 60.0
2026-01-22 19:55:01.143,2108,60.0019645690918,PPACOPPE_maior_60,> 60.0
2026-01-22 19:55:01.159,2108,60.003849029541016,PPACOPPE_maior_60,> 60.0
2026-01-22 19:55:01.175,2108,60.00675964355469,PPACOPPE_maior_60,> 60.0
2026-01-22 19:55:01.192,2108,60.007198333740234,PPACOPPE_maior_60,> 60.0
2026-01-22 19:55:01.209,2108,60.00337219238281,PPACOPPE_maior_60,> 60.0
2026-01-22 19:55:01.225,2108,60.00159454345703,PPACOPPE_maior_60,> 60.0
2026-01-22 19:55:01.242,2108,60.00666809082031,PPACOPPE_maior_60,> 60.0
2026-01-22 19:55:01.260,2108,60.00879669189453,PPACOPPE_maior_60,> 60.0
2026-01-22 19:55:01.276,2108,60.00511169433594,PPACOPPE_maior_60,> 60.0
2026-01-22 19:55:01.293,2108,60.004112243652344,PPACOPPE_maior_60,> 60.0
2026-01-22 19:55:01.309,2108,60.006065368652344,PPACOPPE_maior_60,> 60.0
2026-01-22 19:55:01.327,2108,60.00593566894531,PPACOPPE_maior_60,> 60.0
2026-01-22 19:55:01.342,2108,60.00566864013672,PPACOPPE_maior_60,> 60.0
2026-01-22 19:55:01.360,2108,60.004920959472656,PPACOPPE_maior_60,> 60.0
2026-01-22 19:55:01.376,2108,60.005348205566406,PPACOPPE_maior_60,> 60.0
2026-01-22 19:55:01.392,2108,60.00718307495117,PPACOPPE_maior_60,> 60.0
2026-01-22 19:55:01.409,2108,60.00566482543945,PPACOPPE_maior_60,> 60.0
2026-01-22 19:55:01.426,2108,60.0031623840332,PPACOPPE_maior_60,> 60.0
2026-01-22 19:55:01.443,2108,60.002037048339844,PPACOPPE_maior_60,> 60.0
2026-01-22 19:55:01.460,2108,60.003177642822266,PPACOPPE_maior_60,> 60.0
2026-01-22 19:55:01.476,2108,60.00585174560547,PPACOPPE_maior_60,> 60.0
2026-01-22 19:55:01.492,2108,60.0069465637207,PPACOPPE_maior_60,> 60.0
2026-01-22 19:55:01.509,2108,60.005306243896484,PPACOPPE_maior_60,> 60.0
2026-01-22 19:55:01.528,2108,60.00499725341797,PPACOPPE_maior_60,> 60.0
2026-01-22 19:55:01.543,2108,60.00746154785156,PPACOPPE_maior_60,> 60.0
2026-01-22 19:55:01.559,2108,60.007476806640625,PPACOPPE_maior_60,> 60.0
2026-01-22 19:55:01.575,2108,60.0039176940918,PPACOPPE_maior_60,> 60.0
2026-01-22 19:55:01.593,2108,60.00183868408203,PPACOPPE_maior_60,> 60.0
2026-01-22 19:55:01.609,2108,60.00444030761719,PPACOPPE_maior_60,> 60.0
2026-01-22 19:55:01.626,2108,60.00792694091797,PPACOPPE_maior_60,> 60.0
2026-01-22 19:55:01.643,2108,60.00831985473633,PPACOPPE_maior_60,> 60.0
2026-01-22 19:55:01.660,2108,60.003902435302734,PPACOPPE_maior_60,> 60.0
2026-01-22 19:55:01.676,2108,60.00112533569336,PPACOPPE_maior_60,> 60.0
2026-01-22 19:55:01.694,2108,60.00570297241211,PPACOPPE_maior_60,> 60.0
2026-01-22 19:55:01.709,2108,60.00811767578125,PPACOPPE_maior_60,> 60.0
2026-01-22 19:55:01.726,2108,60.00352096557617,PPACOPPE_maior_60,> 60.0
2026-01-22 19:55:01.742,2108,60.00102615356445,PPACOPPE_maior_60,> 60.0
2026-01-22 19:55:01.759,2108,60.00480270385742,PPACOPPE_maior_60,> 60.0
2026-01-22 19:55:01.776,2108,60.00889205932617,PPACOPPE_maior_60,> 60.0
2026-01-22 19:55:01.793,2108,60.008487701416016,PPACOPPE_maior_60,> 60.0
2026-01-22 19:55:01.809,2108,60.003841400146484,PPACOPPE_maior_60,> 60.0
2026-01-22 19:55:01.825,2108,60.0020751953125,PPACOPPE_maior_60,> 60.0
2026-01-22 19:55:01.843,2108,60.005558013916016,PPACOPPE_maior_60,> 60.0
2026-01-22 19:55:01.863,2108,60.00931167602539,PPACOPPE_maior_60,> 60.0
2026-01-22 19:55:01.876,2108,60.009891510009766,PPACOPPE_maior_60,> 60.0
2026-01-22 19:55:01.894,2108,60.0049934387207,PPACOPPE_maior_60,> 60.0
2026-01-22 19:55:01.909,2108,60.00052261352539,PPACOPPE_maior_60,> 60.0
2026-01-22 19:55:01.926,2108,60.002342224121094,PPACOPPE_maior_60,> 60.0
2026-01-22 19:55:01.944,2108,60.00499725341797,PPACOPPE_maior_60,> 60.0
2026-01-22 19:55:01.959,2108,60.00389099121094,PPACOPPE_maior_60,> 60.0
2026-01-22 19:55:01.975,2108,60.00368881225586,PPACOPPE_maior_60,> 60.0
2026-01-22 19:55:01.992,2108,60.00673294067383,PPACOPPE_maior_60,> 60.0
2026-01-22 19:55:02.009,2108,60.00893783569336,PPACOPPE_maior_60,> 60.0
2026-01-22 19:55:02.026,2108,60.0069580078125,PPACOPPE_maior_60,> 60.0
2026-01-22 19:55:02.044,2108,60.00297164916992,PPACOPPE_maior_60,> 60.0
2026-01-22 19:55:02.060,2108,60.00254821777344,PPACOPPE_maior_60,> 60.0
2026-01-22 19:55:02.075,2108,60.00543212890625,PPACOPPE_maior_60,> 60.0
2026-01-22 19:55:02.094,2108,60.0068359375,PPACOPPE_maior_60,> 60.0
2026-01-22 19:55:02.109,2108,60.00468444824219,PPACOPPE_maior_60,> 60.0
2026-01-22 19:55:02.126,2108,60.004634857177734,PPACOPPE_maior_60,> 60.0
2026-01-22 19:55:02.143,2108,60.00691604614258,PPACOPPE_maior_60,> 60.0
2026-01-22 19:55:02.160,2108,60.00501251220703,PPACOPPE_maior_60,> 60.0
2026-01-22 19:55:02.175,2108,60.00295639038086,PPACOPPE_maior_60,> 60.0
2026-01-22 19:55:02.192,2108,60.00389099121094,PPACOPPE_maior_60,> 60.0
2026-01-22 19:55:02.209,2108,60.00658416748047,PPACOPPE_maior_60,> 60.0
2026-01-22 19:55:02.225,2108,60.00872802734375,PPACOPPE_maior_60,> 60.0
2026-01-22 19:55:02.243,2108,60.006370544433594,PPACOPPE_maior_60,> 60.0
2026-01-22 19:55:02.260,2108,60.000831604003906,PPACOPPE_maior_60,> 60.0
2026-01-22 19:55:02.276,2108,60.00066375732422,PPACOPPE_maior_60,> 60.0
2026-01-22 19:55:02.293,2108,60.00742721557617,PPACOPPE_maior_60,> 60.0
2026-01-22 19:55:02.310,2108,60.01079177856445,PPACOPPE_maior_60,> 60.0
2026-01-22 19:55:02.327,2108,60.00737762451172,PPACOPPE_maior_60,> 60.0
2026-01-22 19:55:02.342,2108,60.00164794921875,PPACOPPE_maior_60,> 60.0
2026-01-22 19:55:02.359,2108,60.000640869140625,PPACOPPE_maior_60,> 60.0
2026-01-22 19:55:02.375,2108,60.00487518310547,PPACOPPE_maior_60,> 60.0
2026-01-22 19:55:02.393,2108,60.00718307495117,PPACOPPE_maior_60,> 60.0
2026-01-22 19:55:02.410,2108,60.005428314208984,PPACOPPE_maior_60,> 60.0
2026-01-22 19:55:02.425,2108,60.00325012207031,PPACOPPE_maior_60,> 60.0
2026-01-22 19:55:02.443,2108,60.003170013427734,PPACOPPE_maior_60,> 60.0
2026-01-22 19:55:02.460,2108,60.00419235229492,PPACOPPE_maior_60,> 60.0
2026-01-22 19:55:02.475,2108,60.005489349365234,PPACOPPE_maior_60,> 60.0
2026-01-22 19:55:02.492,2108,60.005706787109375,PPACOPPE_maior_60,> 60.0
2026-01-22 19:55:02.510,2108,60.00637435913086,PPACOPPE_maior_60,> 60.0
2026-01-22 19:55:02.525,2108,60.00743103027344,PPACOPPE_maior_60,> 60.0
2026-01-22 19:55:02.543,2108,60.006099700927734,PPACOPPE_maior_60,> 60.0
2026-01-22 19:55:02.559,2108,60.003822326660156,PPACOPPE_maior_60,> 60.0
2026-01-22 19:55:02.576,2108,60.00332260131836,PPACOPPE_maior_60,> 60.0
2026-01-22 19:55:02.593,2108,60.00388717651367,PPACOPPE_maior_60,> 60.0
2026-01-22 19:55:02.610,2108,60.00385665893555,PPACOPPE_maior_60,> 60.0
2026-01-22 19:55:02.626,2108,60.00576400756836,PPACOPPE_maior_60,> 60.0
2026-01-22 19:55:02.643,2108,60.00627136230469,PPACOPPE_maior_60,> 60.0
2026-01-22 19:55:02.660,2108,60.0048713684082,PPACOPPE_maior_60,> 60.0
2026-01-22 19:55:02.676,2108,60.0062255859375,PPACOPPE_maior_60,> 60.0
2026-01-22 19:55:02.693,2108,60.00685501098633,PPACOPPE_maior_60,> 60.0
2026-01-22 19:55:02.710,2108,60.00414276123047,PPACOPPE_maior_60,> 60.0
2026-01-22 19:55:02.726,2108,60.00298309326172,PPACOPPE_maior_60,> 60.0
2026-01-22 19:55:02.742,2108,60.00572967529297,PPACOPPE_maior_60,> 60.0
2026-01-22 19:55:02.759,2108,60.007877349853516,PPACOPPE_maior_60,> 60.0
2026-01-22 19:55:02.775,2108,60.00728225708008,PPACOPPE_maior_60,> 60.0
2026-01-22 19:55:02.792,2108,60.00321960449219,PPACOPPE_maior_60,> 60.0
2026-01-22 19:55:02.810,2108,60.001651763916016,PPACOPPE_maior_60,> 60.0
2026-01-22 19:55:02.826,2108,60.00660705566406,PPACOPPE_maior_60,> 60.0
2026-01-22 19:55:02.843,2108,60.0087890625,PPACOPPE_maior_60,> 60.0
2026-01-22 19:55:02.859,2108,60.005699157714844,PPACOPPE_maior_60,> 60.0
2026-01-22 19:55:02.875,2108,60.00322723388672,PPACOPPE_maior_60,> 60.0
2026-01-22 19:55:02.892,2108,60.00446701049805,PPACOPPE_maior_60,> 60.0
2026-01-22 19:55:02.909,2108,60.00733947753906,PPACOPPE_maior_60,> 60.0
2026-01-22 19:55:02.926,2108,60.00727462768555,PPACOPPE_maior_60,> 60.0
2026-01-22 19:55:02.943,2108,60.003387451171875,PPACOPPE_maior_60,> 60.0
2026-01-22 19:55:02.959,2108,60.00225067138672,PPACOPPE_maior_60,> 60.0
2026-01-22 19:55:02.975,2108,60.00659942626953,PPACOPPE_maior_60,> 60.0
2026-01-22 19:55:02.992,2108,60.009254455566406,PPACOPPE_maior_60,> 60.0
2026-01-22 19:55:03.008,2108,60.00693130493164,PPACOPPE_maior_60,> 60.0
2026-01-22 19:55:03.025,2108,60.00355911254883,PPACOPPE_maior_60,> 60.0
2026-01-22 19:55:03.043,2108,60.00493240356445,PPACOPPE_maior_60,> 60.0
2026-01-22 19:55:03.059,2108,60.007999420166016,PPACOPPE_maior_60,> 60.0
2026-01-22 19:55:03.076,2108,60.00736999511719,PPACOPPE_maior_60,> 60.0
2026-01-22 19:55:03.096,2108,60.00526809692383,PPACOPPE_maior_60,> 60.0
2026-01-22 19:55:03.119,2108,60.00468063354492,PPACOPPE_maior_60,> 60.0
2026-01-22 19:55:03.127,2108,60.006492614746094,PPACOPPE_maior_60,> 60.0
2026-01-22 19:55:03.142,2108,60.00737762451172,PPACOPPE_maior_60,> 60.0
2026-01-22 19:55:03.160,2108,60.00425338745117,PPACOPPE_maior_60,> 60.0
2026-01-22 19:55:03.179,2108,60.00242614746094,PPACOPPE_maior_60,> 60.0
2026-01-22 19:55:03.193,2108,60.00682067871094,PPACOPPE_maior_60,> 60.0
2026-01-22 19:55:03.210,2108,60.01042938232422,PPACOPPE_maior_60,> 60.0
2026-01-22 19:55:03.227,2108,60.007476806640625,PPACOPPE_maior_60,> 60.0
2026-01-22 19:55:03.243,2108,60.002532958984375,PPACOPPE_maior_60,> 60.0
2026-01-22 19:55:03.259,2108,60.003639221191406,PPACOPPE_maior_60,> 60.0
2026-01-22 19:55:03.277,2108,60.0086784362793,PPACOPPE_maior_60,> 60.0
2026-01-22 19:55:03.292,2108,60.00951385498047,PPACOPPE_maior_60,> 60.0
2026-01-22 19:55:03.315,2108,60.00624465942383,PPACOPPE_maior_60,> 60.0
2026-01-22 19:55:03.326,2108,60.00174331665039,PPACOPPE_maior_60,> 60.0
2026-01-22 19:55:03.343,2108,60.00140380859375,PPACOPPE_maior_60,> 60.0
2026-01-22 19:55:03.360,2108,60.0073127746582,PPACOPPE_maior_60,> 60.0
2026-01-22 19:55:03.375,2108,60.01036834716797,PPACOPPE_maior_60,> 60.0
2026-01-22 19:55:03.393,2108,60.00627899169922,PPACOPPE_maior_60,> 60.0
2026-01-22 19:55:03.409,2108,60.003292083740234,PPACOPPE_maior_60,> 60.0
2026-01-22 19:55:03.426,2108,60.0048942565918,PPACOPPE_maior_60,> 60.0
2026-01-22 19:55:03.443,2108,60.007102966308594,PPACOPPE_maior_60,> 60.0
2026-01-22 19:55:03.459,2108,60.00674057006836,PPACOPPE_maior_60,> 60.0
2026-01-22 19:55:03.475,2108,60.00282669067383,PPACOPPE_maior_60,> 60.0
2026-01-22 19:55:03.493,2108,60.003082275390625,PPACOPPE_maior_60,> 60.0
2026-01-22 19:55:03.509,2108,60.00816345214844,PPACOPPE_maior_60,> 60.0
2026-01-22 19:55:03.526,2108,60.00871658325195,PPACOPPE_maior_60,> 60.0
2026-01-22 19:55:03.542,2108,60.0060920715332,PPACOPPE_maior_60,> 60.0
2026-01-22 19:55:03.560,2108,60.0046272277832,PPACOPPE_maior_60,> 60.0
2026-01-22 19:55:03.577,2108,60.00414276123047,PPACOPPE_maior_60,> 60.0
2026-01-22 19:55:03.595,2108,60.00521469116211,PPACOPPE_maior_60,> 60.0
2026-01-22 19:55:03.609,2108,60.00572204589844,PPACOPPE_maior_60,> 60.0
2026-01-22 19:55:03.625,2108,60.0051383972168,PPACOPPE_maior_60,> 60.0
2026-01-22 19:55:03.643,2108,60.0074462890625,PPACOPPE_maior_60,> 60.0
2026-01-22 19:55:03.660,2108,60.00810623168945,PPACOPPE_maior_60,> 60.0
2026-01-22 19:55:03.677,2108,60.00422286987305,PPACOPPE_maior_60,> 60.0
2026-01-22 19:55:03.692,2108,60.0023193359375,PPACOPPE_maior_60,> 60.0
2026-01-22 19:55:03.711,2108,60.00414276123047,PPACOPPE_maior_60,> 60.0
2026-01-22 19:55:03.727,2108,60.00675582885742,PPACOPPE_maior_60,> 60.0
2026-01-22 19:55:03.743,2108,60.007083892822266,PPACOPPE_maior_60,> 60.0
2026-01-22 19:55:03.761,2108,60.00496292114258,PPACOPPE_maior_60,> 60.0
2026-01-22 19:55:03.777,2108,60.00273895263672,PPACOPPE_maior_60,> 60.0
2026-01-22 19:55:03.793,2108,60.0038948059082,PPACOPPE_maior_60,> 60.0
2026-01-22 19:55:03.809,2108,60.00777816772461,PPACOPPE_maior_60,> 60.0
2026-01-22 19:55:03.825,2108,60.00786209106445,PPACOPPE_maior_60,> 60.0
2026-01-22 19:55:03.843,2108,60.00332260131836,PPACOPPE_maior_60,> 60.0
2026-01-22 19:55:03.859,2108,60.00102233886719,PPACOPPE_maior_60,> 60.0
2026-01-22 19:55:03.876,2108,60.00428009033203,PPACOPPE_maior_60,> 60.0
2026-01-22 19:55:03.893,2108,60.008121490478516,PPACOPPE_maior_60,> 60.0
2026-01-22 19:55:03.909,2108,60.006988525390625,PPACOPPE_maior_60,> 60.0
2026-01-22 19:55:03.926,2108,60.00191879272461,PPACOPPE_maior_60,> 60.0
2026-01-22 19:55:03.944,2108,60.00153350830078,PPACOPPE_maior_60,> 60.0
2026-01-22 19:55:03.961,2108,60.005619049072266,PPACOPPE_maior_60,> 60.0
2026-01-22 19:55:03.975,2108,60.007225036621094,PPACOPPE_maior_60,> 60.0
2026-01-22 19:55:03.993,2108,60.005889892578125,PPACOPPE_maior_60,> 60.0
2026-01-22 19:55:04.010,2108,60.00279235839844,PPACOPPE_maior_60,> 60.0
2026-01-22 19:55:04.025,2108,60.00193786621094,PPACOPPE_maior_60,> 60.0
2026-01-22 19:55:04.042,2108,60.00578689575195,PPACOPPE_maior_60,> 60.0
2026-01-22 19:55:04.060,2108,60.007293701171875,PPACOPPE_maior_60,> 60.0
2026-01-22 19:55:04.076,2108,60.00373458862305,PPACOPPE_maior_60,> 60.0
2026-01-22 19:55:04.092,2108,60.00354766845703,PPACOPPE_maior_60,> 60.0
2026-01-22 19:55:04.109,2108,60.00514221191406,PPACOPPE_maior_60,> 60.0
2026-01-22 19:55:04.125,2108,60.005096435546875,PPACOPPE_maior_60,> 60.0
2026-01-22 19:55:04.144,2108,60.0056037902832,PPACOPPE_maior_60,> 60.0
2026-01-22 19:55:04.159,2108,60.003631591796875,PPACOPPE_maior_60,> 60.0
2026-01-22 19:55:04.175,2108,60.00274658203125,PPACOPPE_maior_60,> 60.0
2026-01-22 19:55:04.192,2108,60.005069732666016,PPACOPPE_maior_60,> 60.0
2026-01-22 19:55:04.209,2108,60.0045051574707,PPACOPPE_maior_60,> 60.0
2026-01-22 19:55:04.225,2108,60.002201080322266,PPACOPPE_maior_60,> 60.0
2026-01-22 19:55:04.243,2108,60.00387954711914,PPACOPPE_maior_60,> 60.0
2026-01-22 19:55:04.259,2108,60.00650405883789,PPACOPPE_maior_60,> 60.0
2026-01-22 19:55:04.275,2108,60.00642776489258,PPACOPPE_maior_60,> 60.0
2026-01-22 19:55:04.293,2108,60.00548553466797,PPACOPPE_maior_60,> 60.0
2026-01-22 19:55:04.309,2108,60.00273513793945,PPACOPPE_maior_60,> 60.0
2026-01-22 19:55:04.326,2108,60.00100326538086,PPACOPPE_maior_60,> 60.0
2026-01-22 19:55:04.342,2108,60.004234313964844,PPACOPPE_maior_60,> 60.0
2026-01-22 19:55:04.366,2108,60.007347106933594,PPACOPPE_maior_60,> 60.0
2026-01-22 19:55:04.376,2108,60.00499725341797,PPACOPPE_maior_60,> 60.0
2026-01-22 19:55:04.393,2108,60.002662658691406,PPACOPPE_maior_60,> 60.0
2026-01-22 19:55:04.409,2108,60.00498580932617,PPACOPPE_maior_60,> 60.0
2026-01-22 19:55:04.426,2108,60.0056037902832,PPACOPPE_maior_60,> 60.0
2026-01-22 19:55:04.443,2108,60.00163269042969,PPACOPPE_maior_60,> 60.0
2026-01-22 19:55:04.459,2108,60.00023651123047,PPACOPPE_maior_60,> 60.0
2026-01-22 19:55:04.475,2108,60.005767822265625,PPACOPPE_maior_60,> 60.0
2026-01-22 19:55:04.492,2108,60.009334564208984,PPACOPPE_maior_60,> 60.0
2026-01-22 19:55:04.509,2108,60.00601577758789,PPACOPPE_maior_60,> 60.0
2026-01-22 19:55:04.526,2108,60.002445220947266,PPACOPPE_maior_60,> 60.0
2026-01-22 19:55:04.542,2108,60.003074645996094,PPACOPPE_maior_60,> 60.0
2026-01-22 19:55:04.559,2108,60.00508499145508,PPACOPPE_maior_60,> 60.0
2026-01-22 19:55:04.576,2108,60.00654220581055,PPACOPPE_maior_60,> 60.0
2026-01-22 19:55:04.594,2108,60.006622314453125,PPACOPPE_maior_60,> 60.0
2026-01-22 19:55:04.609,2108,60.0020751953125,PPACOPPE_maior_60,> 60.0
2026-01-22 19:55:04.626,2108,60.00047302246094,PPACOPPE_maior_60,> 60.0
2026-01-22 19:55:04.643,2108,60.00591278076172,PPACOPPE_maior_60,> 60.0
2026-01-22 19:55:04.659,2108,60.00887680053711,PPACOPPE_maior_60,> 60.0
2026-01-22 19:55:04.676,2108,60.005409240722656,PPACOPPE_maior_60,> 60.0
2026-01-22 19:55:04.693,2108,60.001670837402344,PPACOPPE_maior_60,> 60.0
2026-01-22 19:55:04.709,2108,60.00319290161133,PPACOPPE_maior_60,> 60.0
2026-01-22 19:55:04.726,2108,60.0069465637207,PPACOPPE_maior_60,> 60.0
2026-01-22 19:55:04.742,2108,60.00625991821289,PPACOPPE_maior_60,> 60.0
2026-01-22 19:55:04.759,2108,60.00148391723633,PPACOPPE_maior_60,> 60.0
2026-01-22 19:55:04.776,2108,60.001548767089844,PPACOPPE_maior_60,> 60.0
2026-01-22 19:55:04.793,2108,60.00602722167969,PPACOPPE_maior_60,> 60.0
2026-01-22 19:55:04.809,2108,60.0084228515625,PPACOPPE_maior_60,> 60.0
2026-01-22 19:55:04.826,2108,60.0061149597168,PPACOPPE_maior_60,> 60.0
2026-01-22 19:55:04.843,2108,60.001930236816406,PPACOPPE_maior_60,> 60.0
2026-01-22 19:55:04.860,2108,60.002464294433594,PPACOPPE_maior_60,> 60.0
2026-01-22 19:55:04.875,2108,60.00531768798828,PPACOPPE_maior_60,> 60.0
2026-01-22 19:55:04.893,2108,60.00564956665039,PPACOPPE_maior_60,> 60.0
2026-01-22 19:55:04.909,2108,60.00373840332031,PPACOPPE_maior_60,> 60.0
2026-01-22 19:55:04.925,2108,60.00405502319336,PPACOPPE_maior_60,> 60.0
2026-01-22 19:55:04.943,2108,60.00634002685547,PPACOPPE_maior_60,> 60.0
2026-01-22 19:55:04.959,2108,60.00495147705078,PPACOPPE_maior_60,> 60.0
2026-01-22 19:55:04.975,2108,60.00205612182617,PPACOPPE_maior_60,> 60.0
2026-01-22 19:55:04.992,2108,60.0030403137207,PPACOPPE_maior_60,> 60.0
2026-01-22 19:55:05.009,2108,60.006168365478516,PPACOPPE_maior_60,> 60.0
2026-01-22 19:55:05.028,2108,60.00783157348633,PPACOPPE_maior_60,> 60.0
2026-01-22 19:55:05.043,2108,60.007869720458984,PPACOPPE_maior_60,> 60.0
2026-01-22 19:55:05.059,2108,60.00468826293945,PPACOPPE_maior_60,> 60.0
2026-01-22 19:55:05.076,2108,60.00295639038086,PPACOPPE_maior_60,> 60.0
2026-01-22 19:55:05.093,2108,60.00452423095703,PPACOPPE_maior_60,> 60.0
2026-01-22 19:55:05.109,2108,60.0045280456543,PPACOPPE_maior_60,> 60.0
2026-01-22 19:55:05.126,2108,60.00431823730469,PPACOPPE_maior_60,> 60.0
2026-01-22 19:55:05.143,2108,60.004520416259766,PPACOPPE_maior_60,> 60.0
2026-01-22 19:55:05.160,2108,60.00395202636719,PPACOPPE_maior_60,> 60.0
2026-01-22 19:55:05.176,2108,60.00507354736328,PPACOPPE_maior_60,> 60.0
2026-01-22 19:55:05.193,2108,60.00587463378906,PPACOPPE_maior_60,> 60.0
2026-01-22 19:55:05.209,2108,60.0025749206543,PPACOPPE_maior_60,> 60.0
2026-01-22 19:55:05.226,2108,60.0030403137207,PPACOPPE_maior_60,> 60.0
2026-01-22 19:55:05.243,2108,60.00766372680664,PPACOPPE_maior_60,> 60.0
2026-01-22 19:55:05.259,2108,60.00726318359375,PPACOPPE_maior_60,> 60.0
2026-01-22 19:55:05.275,2108,60.00294494628906,PPACOPPE_maior_60,> 60.0
2026-01-22 19:55:05.292,2108,60.0008544921875,PPACOPPE_maior_60,> 60.0
2026-01-22 19:55:05.309,2108,60.0048828125,PPACOPPE_maior_60,> 60.0
2026-01-22 19:55:05.326,2108,60.008060455322266,PPACOPPE_maior_60,> 60.0
2026-01-22 19:55:05.343,2108,60.0040283203125,PPACOPPE_maior_60,> 60.0
2026-01-22 19:55:05.359,2108,60.00009536743164,PPACOPPE_maior_60,> 60.0
2026-01-22 19:55:05.376,2108,60.00240707397461,PPACOPPE_maior_60,> 60.0
2026-01-22 19:55:05.536,2108,60.00666809082031,PPACOPPE_maior_60,> 60.0
2026-01-22 19:55:05.536,2108,60.00719451904297,PPACOPPE_maior_60,> 60.0
2026-01-22 19:55:05.536,2108,60.00381088256836,PPACOPPE_maior_60,> 60.0
2026-01-22 19:55:05.536,2108,60.00067901611328,PPACOPPE_maior_60,> 60.0
2026-01-22 19:55:05.536,2108,60.00127029418945,PPACOPPE_maior_60,> 60.0
2026-01-22 19:55:05.536,2108,60.00498580932617,PPACOPPE_maior_60,> 60.0
2026-01-22 19:55:05.536,2108,60.00697708129883,PPACOPPE_maior_60,> 60.0
2026-01-22 19:55:05.536,2108,60.00409698486328,PPACOPPE_maior_60,> 60.0
2026-01-22 19:55:05.537,2108,60.00110626220703,PPACOPPE_maior_60,> 60.0
2026-01-22 19:55:05.543,2108,60.002662658691406,PPACOPPE_maior_60,> 60.0
2026-01-22 19:55:05.560,2108,60.0062141418457,PPACOPPE_maior_60,> 60.0
2026-01-22 19:55:05.575,2108,60.00630569458008,PPACOPPE_maior_60,> 60.0
2026-01-22 19:55:05.592,2108,60.00209045410156,PPACOPPE_maior_60,> 60.0
2026-01-22 19:55:05.609,2108,60.0003662109375,PPACOPPE_maior_60,> 60.0
2026-01-22 19:55:05.625,2108,60.003726959228516,PPACOPPE_maior_60,> 60.0
2026-01-22 19:55:05.643,2108,60.00511932373047,PPACOPPE_maior_60,> 60.0
2026-01-22 19:55:05.659,2108,60.002376556396484,PPACOPPE_maior_60,> 60.0
2026-01-22 19:55:05.676,2108,60.00180435180664,PPACOPPE_maior_60,> 60.0
2026-01-22 19:55:05.692,2108,60.0032958984375,PPACOPPE_maior_60,> 60.0
2026-01-22 19:55:05.709,2108,60.003448486328125,PPACOPPE_maior_60,> 60.0
2026-01-22 19:55:05.725,2108,60.00251007080078,PPACOPPE_maior_60,> 60.0
2026-01-22 19:55:05.743,2108,60.00124740600586,PPACOPPE_maior_60,> 60.0
2026-01-22 19:55:05.759,2108,60.0032844543457,PPACOPPE_maior_60,> 60.0
2026-01-22 19:55:05.776,2108,60.00511932373047,PPACOPPE_maior_60,> 60.0
2026-01-22 19:55:05.793,2108,60.00210952758789,PPACOPPE_maior_60,> 60.0
2026-01-22 19:55:05.809,2108,60.00067138671875,PPACOPPE_maior_60,> 60.0
2026-01-22 19:55:05.826,2108,60.003334045410156,PPACOPPE_maior_60,> 60.0
2026-01-22 19:55:05.843,2108,60.00479507446289,PPACOPPE_maior_60,> 60.0
2026-01-22 19:55:05.859,2108,60.0041389465332,PPACOPPE_maior_60,> 60.0
2026-01-22 19:55:05.875,2108,60.00215530395508,PPACOPPE_maior_60,> 60.0
2026-01-22 19:55:05.910,2108,60.00200653076172,PPACOPPE_maior_60,> 60.0
2026-01-22 19:55:05.925,2108,60.004493713378906,PPACOPPE_maior_60,> 60.0
2026-01-22 19:55:05.943,2108,60.00196075439453,PPACOPPE_maior_60,> 60.0
2026-01-22 19:55:05.993,2108,60.00445556640625,PPACOPPE_maior_60,> 60.0
2026-01-22 19:55:06.009,2108,60.00850296020508,PPACOPPE_maior_60,> 60.0
2026-01-22 19:55:06.026,2108,60.006324768066406,PPACOPPE_maior_60,> 60.0
2026-01-22 19:55:06.075,2108,60.00090026855469,PPACOPPE_maior_60,> 60.0
2026-01-22 19:55:06.093,2108,60.0056037902832,PPACOPPE_maior_60,> 60.0
2026-01-22 19:55:06.110,2108,60.00384521484375,PPACOPPE_maior_60,> 60.0
2026-01-22 19:55:06.126,2108,60.000308990478516,PPACOPPE_maior_60,> 60.0
2026-01-22 19:55:06.143,2108,60.000640869140625,PPACOPPE_maior_60,> 60.0
2026-01-22 19:55:06.159,2108,60.00224685668945,PPACOPPE_maior_60,> 60.0
2026-01-22 19:55:06.176,2108,60.00242233276367,PPACOPPE_maior_60,> 60.0
2026-01-22 19:55:06.193,2108,60.00014877319336,PPACOPPE_maior_60,> 60.0
2026-01-22 19:55:06.225,2108,60.003562927246094,PPACOPPE_maior_60,> 60.0
2026-01-22 19:55:06.243,2108,60.005279541015625,PPACOPPE_maior_60,> 60.0
2026-01-22 19:55:06.259,2108,60.002506256103516,PPACOPPE_maior_60,> 60.0
2026-01-22 19:55:06.309,2108,60.002288818359375,PPACOPPE_maior_60,> 60.0
2026-01-22 19:55:06.325,2108,60.00425338745117,PPACOPPE_maior_60,> 60.0
2026-01-22 19:55:06.342,2108,60.000492095947266,PPACOPPE_maior_60,> 60.0
2026-01-22 19:55:06.359,2108,60.000240325927734,PPACOPPE_maior_60,> 60.0
2026-01-22 19:55:06.375,2108,60.003292083740234,PPACOPPE_maior_60,> 60.0
2026-01-22 19:55:06.393,2108,60.00288391113281,PPACOPPE_maior_60,> 60.0
2026-01-22 19:55:06.409,2108,60.000423431396484,PPACOPPE_maior_60,> 60.0
2026-01-22 19:55:06.459,2108,60.00214767456055,PPACOPPE_maior_60,> 60.0
2026-01-22 19:55:06.476,2108,60.00209426879883,PPACOPPE_maior_60,> 60.0
2026-01-22 19:55:06.525,2108,60.00401306152344,PPACOPPE_maior_60,> 60.0
2026-01-22 19:55:06.543,2108,60.004337310791016,PPACOPPE_maior_60,> 60.0
2026-01-22 19:55:06.559,2108,60.00129318237305,PPACOPPE_maior_60,> 60.0
2026-01-22 19:55:06.609,2108,60.001441955566406,PPACOPPE_maior_60,> 60.0
2026-01-22 19:55:06.626,2108,60.00238037109375,PPACOPPE_maior_60,> 60.0
2026-01-22 19:55:06.642,2108,60.0007209777832,PPACOPPE_maior_60,> 60.0
2026-01-22 19:55:06.676,2108,60.001121520996094,PPACOPPE_maior_60,> 60.0
2026-01-22 19:55:06.693,2108,60.00184631347656,PPACOPPE_maior_60,> 60.0
2026-01-22 19:55:06.709,2108,60.00080108642578,PPACOPPE_maior_60,> 60.0
2026-01-22 19:55:06.759,2108,60.00188064575195,PPACOPPE_maior_60,> 60.0
2026-01-22 19:55:06.776,2108,60.00345993041992,PPACOPPE_maior_60,> 60.0
2026-01-22 19:55:06.793,2108,60.00080490112305,PPACOPPE_maior_60,> 60.0
2026-01-22 19:55:06.825,2108,60.0007209777832,PPACOPPE_maior_60,> 60.0
2026-01-22 19:55:06.842,2108,60.001529693603516,PPACOPPE_maior_60,> 60.0
2026-01-22 19:55:06.860,2108,60.00075912475586,PPACOPPE_maior_60,> 60.0
2026-01-22 19:55:06.893,2108,60.00094223022461,PPACOPPE_maior_60,> 60.0
2026-01-22 19:55:06.909,2108,60.00360107421875,PPACOPPE_maior_60,> 60.0
2026-01-22 19:55:06.925,2108,60.000179290771484,PPACOPPE_maior_60,> 60.0
2026-01-22 19:55:06.993,2108,60.003204345703125,PPACOPPE_maior_60,> 60.0
2026-01-22 19:55:07.009,2108,60.00431442260742,PPACOPPE_maior_60,> 60.0
2026-01-22 19:55:07.075,2108,60.0027961730957,PPACOPPE_maior_60,> 60.0
2026-01-22 19:55:07.093,2108,60.001373291015625,PPACOPPE_maior_60,> 60.0
2026-01-22 19:55:07.143,2108,60.00006103515625,PPACOPPE_maior_60,> 60.0
2026-01-22 19:55:07.225,2108,60.00022506713867,PPACOPPE_maior_60,> 60.0
2026-01-22 19:55:07.293,2108,60.00145721435547,PPACOPPE_maior_60,> 60.0
2026-01-22 19:55:07.359,2108,60.003257751464844,PPACOPPE_maior_60,> 60.0
2026-01-22 19:55:07.375,2108,60.00288391113281,PPACOPPE_maior_60,> 60.0
2026-01-22 19:55:07.442,2108,60.000492095947266,PPACOPPE_maior_60,> 60.0
2026-01-22 19:55:07.509,2108,60.00328826904297,PPACOPPE_maior_60,> 60.0
2026-01-22 19:55:07.526,2108,60.004058837890625,PPACOPPE_maior_60,> 60.0
2026-01-22 19:55:07.592,2108,60.00100326538086,PPACOPPE_maior_60,> 60.0
2026-01-22 19:55:07.609,2108,60.000343322753906,PPACOPPE_maior_60,> 60.0
2026-01-22 19:55:07.742,2108,60.000972747802734,PPACOPPE_maior_60,> 60.0
2026-01-22 19:55:07.825,2108,60.0000114440918,PPACOPPE_maior_60,> 60.0
2026-01-22 19:55:08.025,2108,60.00021743774414,PPACOPPE_maior_60,> 60.0
2026-02-04 17:53:40.010,2108,-4072.434186935425,LATENCY_LT_0,< 0 ms
2026-02-04 17:53:40.027,2108,-4072.587490081787,LATENCY_LT_0,< 0 ms
2026-02-04 17:53:40.043,2108,-4072.758197784424,LATENCY_LT_0,< 0 ms
2026-02-04 17:53:40.074,2108,-4058.3674907684326,LATENCY_LT_0,< 0 ms
2026-02-04 17:53:40.079,2108,-4070.033073425293,LATENCY_LT_0,< 0 ms
2026-02-04 17:53:40.093,2108,-4073.089838027954,LATENCY_LT_0,< 0 ms
2026-02-04 17:53:40.110,2108,-4072.7522373199463,LATENCY_LT_0,< 0 ms
2026-02-04 17:53:40.126,2108,-4073.418378829956,LATENCY_LT_0,< 0 ms
2026-02-04 17:53:40.143,2108,-4073.082447052002,LATENCY_LT_0,< 0 ms
2026-02-04 17:53:40.160,2108,-4072.744131088257,LATENCY_LT_0,< 0 ms
2026-02-04 17:53:40.177,2108,-4072.906017303467,LATENCY_LT_0,< 0 ms
2026-02-04 17:53:40.193,2108,-4073.4753608703613,LATENCY_LT_0,< 0 ms
2026-02-04 17:53:40.210,2108,-4073.1430053710938,LATENCY_LT_0,< 0 ms
2026-02-04 17:53:40.226,2108,-4073.8186836242676,LATENCY_LT_0,< 0 ms
2026-02-04 17:53:40.243,2108,-4072.9713439941406,LATENCY_LT_0,< 0 ms
2026-02-04 17:53:40.260,2108,-4073.0197429656982,LATENCY_LT_0,< 0 ms
2026-02-04 17:53:40.277,2108,-4072.970390319824,LATENCY_LT_0,< 0 ms
2026-02-04 17:53:40.293,2108,-4073.514461517334,LATENCY_LT_0,< 0 ms
2026-02-04 17:53:40.310,2108,-4073.181629180908,LATENCY_LT_0,< 0 ms
2026-02-04 17:53:40.327,2108,-4072.8397369384766,LATENCY_LT_0,< 0 ms
2026-02-04 17:53:40.343,2108,-4072.9711055755615,LATENCY_LT_0,< 0 ms
2026-02-04 17:53:40.359,2108,-4073.4317302703857,LATENCY_LT_0,< 0 ms
2026-02-04 17:53:40.376,2108,-4073.0977058410645,LATENCY_LT_0,< 0 ms
2026-02-04 17:53:40.394,2108,-4072.24440574646,LATENCY_LT_0,< 0 ms
2026-02-04 17:53:40.410,2108,-4072.9076862335205,LATENCY_LT_0,< 0 ms
2026-02-04 17:53:40.426,2108,-4073.5740661621094,LATENCY_LT_0,< 0 ms
2026-02-04 17:53:40.443,2108,-4073.253631591797,LATENCY_LT_0,< 0 ms
2026-02-04 17:53:40.460,2108,-4072.91579246521,LATENCY_LT_0,< 0 ms
2026-02-04 17:53:40.476,2108,-4073.577880859375,LATENCY_LT_0,< 0 ms
2026-02-04 17:53:40.493,2108,-4072.740077972412,LATENCY_LT_0,< 0 ms
2026-02-04 17:53:40.509,2108,-4073.7550258636475,LATENCY_LT_0,< 0 ms
2026-02-04 17:53:40.526,2108,-4073.420524597168,LATENCY_LT_0,< 0 ms
2026-02-04 17:53:40.543,2108,-4073.085069656372,LATENCY_LT_0,< 0 ms
2026-02-04 17:53:40.559,2108,-4073.74906539917,LATENCY_LT_0,< 0 ms
2026-02-04 17:53:40.576,2108,-4073.4164714813232,LATENCY_LT_0,< 0 ms
2026-02-04 17:53:40.593,2108,-4073.568105697632,LATENCY_LT_0,< 0 ms
2026-02-04 17:53:40.717,2108,-3965.3468132019043,LATENCY_LT_0,< 0 ms
2026-02-04 17:53:40.718,2108,-3981.027364730835,LATENCY_LT_0,< 0 ms
2026-02-04 17:53:40.718,2108,-3997.6913928985596,LATENCY_LT_0,< 0 ms
2026-02-04 17:53:40.718,2108,-4014.355421066284,LATENCY_LT_0,< 0 ms
2026-02-04 17:53:40.719,2108,-4030.019760131836,LATENCY_LT_0,< 0 ms
2026-02-04 17:53:40.719,2108,-4046.691656112671,LATENCY_LT_0,< 0 ms
2026-02-04 17:53:40.719,2108,-4063.3556842803955,LATENCY_LT_0,< 0 ms
2026-02-04 17:53:40.727,2108,-4072.016477584839,LATENCY_LT_0,< 0 ms
2026-02-04 17:53:40.742,2108,-4073.683977127075,LATENCY_LT_0,< 0 ms
2026-02-04 17:53:40.759,2108,-4073.3468532562256,LATENCY_LT_0,< 0 ms
2026-02-04 17:53:40.776,2108,-4073.014497756958,LATENCY_LT_0,< 0 ms
2026-02-04 17:53:40.793,2108,-4073.164939880371,LATENCY_LT_0,< 0 ms
2026-02-04 17:53:40.810,2108,-4072.734832763672,LATENCY_LT_0,< 0 ms
2026-02-04 17:53:40.826,2108,-4073.399543762207,LATENCY_LT_0,< 0 ms
2026-02-04 17:53:40.843,2108,-4073.07767868042,LATENCY_LT_0,< 0 ms
2026-02-04 17:53:40.860,2108,-4072.742700576782,LATENCY_LT_0,< 0 ms
2026-02-04 17:53:40.876,2108,-4073.4000205993652,LATENCY_LT_0,< 0 ms
2026-02-04 17:53:40.893,2108,-4073.561191558838,LATENCY_LT_0,< 0 ms
2026-02-04 17:53:40.910,2108,-4073.223352432251,LATENCY_LT_0,< 0 ms
2026-02-04 17:53:40.927,2108,-4072.8836059570312,LATENCY_LT_0,< 0 ms
2026-02-04 17:53:40.944,2108,-4072.4141597747803,LATENCY_LT_0,< 0 ms
2026-02-04 17:53:40.960,2108,-4073.077440261841,LATENCY_LT_0,< 0 ms
2026-02-04 17:53:40.977,2108,-4072.659730911255,LATENCY_LT_0,< 0 ms
2026-02-04 17:53:40.993,2108,-4072.946071624756,LATENCY_LT_0,< 0 ms
2026-02-04 17:53:41.015,2108,-4067.6090717315674,LATENCY_LT_0,< 0 ms
2026-02-04 17:53:41.029,2108,-4070.286512374878,LATENCY_LT_0,< 0 ms
2026-02-04 17:53:41.049,2108,-4066.8551921844482,LATENCY_LT_0,< 0 ms
2026-02-04 17:53:41.059,2108,-4073.5175609588623,LATENCY_LT_0,< 0 ms
2026-02-04 17:53:41.076,2108,-4073.181629180908,LATENCY_LT_0,< 0 ms
2026-02-04 17:53:41.093,2108,-4073.4450817108154,LATENCY_LT_0,< 0 ms
2026-02-04 17:53:41.109,2108,-4073.5301971435547,LATENCY_LT_0,< 0 ms
2026-02-04 17:53:41.126,2108,-4073.190212249756,LATENCY_LT_0,< 0 ms
2026-02-04 17:53:41.143,2108,-4073.152542114258,LATENCY_LT_0,< 0 ms
2026-02-04 17:53:41.160,2108,-4072.8087425231934,LATENCY_LT_0,< 0 ms
2026-02-04 17:53:41.178,2108,-4071.4755058288574,LATENCY_LT_0,< 0 ms
2026-02-04 17:53:41.193,2108,-4073.6262798309326,LATENCY_LT_0,< 0 ms
2026-02-04 17:53:41.210,2108,-4073.2901096343994,LATENCY_LT_0,< 0 ms
2026-02-04 17:53:41.227,2108,-4072.9546546936035,LATENCY_LT_0,< 0 ms
2026-02-04 17:53:41.243,2108,-4073.634386062622,LATENCY_LT_0,< 0 ms
2026-02-04 17:53:41.260,2108,-4073.298215866089,LATENCY_LT_0,< 0 ms
2026-02-04 17:53:41.277,2108,-4072.958469390869,LATENCY_LT_0,< 0 ms
2026-02-04 17:53:41.293,2108,-4073.1208324432373,LATENCY_LT_0,< 0 ms
2026-02-04 17:53:41.310,2108,-4072.7837085723877,LATENCY_LT_0,< 0 ms
2026-02-04 17:53:41.326,2108,-4073.441982269287,LATENCY_LT_0,< 0 ms
2026-02-04 17:53:41.343,2108,-4073.0080604553223,LATENCY_LT_0,< 0 ms
2026-02-04 17:53:41.360,2108,-4072.8530883789062,LATENCY_LT_0,< 0 ms
2026-02-04 17:53:41.376,2108,-4073.521137237549,LATENCY_LT_0,< 0 ms
2026-02-04 17:53:41.393,2108,-4072.8402137756348,LATENCY_LT_0,< 0 ms
2026-02-04 17:53:41.410,2108,-4072.505235671997,LATENCY_LT_0,< 0 ms
2026-02-04 17:53:41.426,2108,-4073.1775760650635,LATENCY_LT_0,< 0 ms
2026-02-04 17:53:41.448,2108,-4068.326234817505,LATENCY_LT_0,< 0 ms
2026-02-04 17:53:41.461,2108,-4071.3815689086914,LATENCY_LT_0,< 0 ms
2026-02-04 17:53:41.476,2108,-4073.038101196289,LATENCY_LT_0,< 0 ms
2026-02-04 17:53:41.493,2108,-4073.197841644287,LATENCY_LT_0,< 0 ms
2026-02-04 17:53:41.510,2108,-4073.235273361206,LATENCY_LT_0,< 0 ms
2026-02-04 17:53:41.527,2108,-4072.8912353515625,LATENCY_LT_0,< 0 ms
2026-02-04 17:53:41.543,2108,-4073.5554695129395,LATENCY_LT_0,< 0 ms
2026-02-04 17:53:41.561,2108,-4072.2193717956543,LATENCY_LT_0,< 0 ms
2026-02-04 17:53:41.577,2108,-4072.8888511657715,LATENCY_LT_0,< 0 ms
2026-02-04 17:53:41.593,2108,-4073.427200317383,LATENCY_LT_0,< 0 ms
2026-02-04 17:53:41.610,2108,-4073.0929374694824,LATENCY_LT_0,< 0 ms
2026-02-04 17:53:41.627,2108,-4072.75128364563,LATENCY_LT_0,< 0 ms
2026-02-04 17:53:41.643,2108,-4073.3182430267334,LATENCY_LT_0,< 0 ms
2026-02-04 17:53:41.659,2108,-4073.441743850708,LATENCY_LT_0,< 0 ms
2026-02-04 17:53:41.676,2108,-4073.1003284454346,LATENCY_LT_0,< 0 ms
2026-02-04 17:53:41.693,2108,-4073.261499404907,LATENCY_LT_0,< 0 ms
2026-02-04 17:53:41.710,2108,-4072.9260444641113,LATENCY_LT_0,< 0 ms
2026-02-04 17:53:41.727,2108,-4072.5841522216797,LATENCY_LT_0,< 0 ms
2026-02-04 17:53:41.743,2108,-4073.253393173218,LATENCY_LT_0,< 0 ms
2026-02-04 17:53:41.760,2108,-4072.9169845581055,LATENCY_LT_0,< 0 ms
2026-02-04 17:53:41.776,2108,-4073.582410812378,LATENCY_LT_0,< 0 ms
2026-02-04 17:53:41.793,2108,-4072.7314949035645,LATENCY_LT_0,< 0 ms
2026-02-04 17:53:41.809,2108,-4073.3909606933594,LATENCY_LT_0,< 0 ms
2026-02-04 17:53:41.826,2108,-4073.4822750091553,LATENCY_LT_0,< 0 ms
2026-02-04 17:53:41.844,2108,-4072.579860687256,LATENCY_LT_0,< 0 ms
2026-02-04 17:53:41.861,2108,-4072.239398956299,LATENCY_LT_0,< 0 ms
2026-02-04 17:53:41.877,2108,-4072.9033946990967,LATENCY_LT_0,< 0 ms
2026-02-04 17:53:41.893,2108,-4073.212146759033,LATENCY_LT_0,< 0 ms
2026-02-04 17:53:41.910,2108,-4072.875499725342,LATENCY_LT_0,< 0 ms
2026-02-04 17:53:41.926,2108,-4073.5397338867188,LATENCY_LT_0,< 0 ms
2026-02-04 17:53:41.943,2108,-4073.204517364502,LATENCY_LT_0,< 0 ms
2026-02-04 17:53:41.960,2108,-4072.866678237915,LATENCY_LT_0,< 0 ms
2026-02-04 17:53:41.976,2108,-4073.535680770874,LATENCY_LT_0,< 0 ms
2026-02-04 17:53:41.992,2108,-4073.690414428711,LATENCY_LT_0,< 0 ms
2026-02-04 17:53:42.009,2108,-4073.3540058135986,LATENCY_LT_0,< 0 ms
2026-02-04 17:53:42.026,2108,-4073.0178356170654,LATENCY_LT_0,< 0 ms
2026-02-04 17:53:42.042,2108,-4073.6966133117676,LATENCY_LT_0,< 0 ms
2026-02-04 17:53:42.059,2108,-4073.361396789551,LATENCY_LT_0,< 0 ms
2026-02-04 17:53:42.076,2108,-4073.021411895752,LATENCY_LT_0,< 0 ms
2026-02-04 17:53:42.093,2108,-4073.6658573150635,LATENCY_LT_0,< 0 ms
2026-02-04 17:53:42.110,2108,-4072.746753692627,LATENCY_LT_0,< 0 ms
2026-02-04 17:53:42.127,2108,-4072.604179382324,LATENCY_LT_0,< 0 ms
2026-02-04 17:53:42.144,2108,-4072.26824760437,LATENCY_LT_0,< 0 ms
2026-02-04 17:53:42.160,2108,-4072.754383087158,LATENCY_LT_0,< 0 ms
2026-02-04 17:53:42.177,2108,-4072.9920864105225,LATENCY_LT_0,< 0 ms
2026-02-04 17:53:42.193,2108,-4073.207378387451,LATENCY_LT_0,< 0 ms
2026-02-04 17:53:42.210,2108,-4072.871446609497,LATENCY_LT_0,< 0 ms
2026-02-04 17:53:42.226,2108,-4073.547601699829,LATENCY_LT_0,< 0 ms
2026-02-04 17:53:42.243,2108,-4073.4989643096924,LATENCY_LT_0,< 0 ms
2026-02-04 17:53:42.260,2108,-4073.1680393218994,LATENCY_LT_0,< 0 ms
2026-02-04 17:53:42.277,2108,-4072.8282928466797,LATENCY_LT_0,< 0 ms
2026-02-04 17:53:42.293,2108,-4073.4798908233643,LATENCY_LT_0,< 0 ms
2026-02-04 17:53:42.310,2108,-4073.23956489563,LATENCY_LT_0,< 0 ms
2026-02-04 17:53:42.356,2108,-4043.116331100464,LATENCY_LT_0,< 0 ms
2026-02-04 17:53:42.356,2108,-4059.7801208496094,LATENCY_LT_0,< 0 ms
2026-02-04 17:53:42.359,2108,-4073.444128036499,LATENCY_LT_0,< 0 ms
2026-02-04 17:53:42.376,2108,-4073.1120109558105,LATENCY_LT_0,< 0 ms
2026-02-04 17:53:42.394,2108,-4072.262763977051,LATENCY_LT_0,< 0 ms
2026-02-04 17:53:42.410,2108,-4072.9293823242188,LATENCY_LT_0,< 0 ms
2026-02-04 17:53:42.426,2108,-4073.5924243927,LATENCY_LT_0,< 0 ms
2026-02-04 17:53:42.443,2108,-4073.2736587524414,LATENCY_LT_0,< 0 ms
2026-02-04 17:53:42.460,2108,-4072.9358196258545,LATENCY_LT_0,< 0 ms
2026-02-04 17:53:42.476,2108,-4073.596954345703,LATENCY_LT_0,< 0 ms
2026-02-04 17:53:42.493,2108,-4073.2266902923584,LATENCY_LT_0,< 0 ms
2026-02-04 17:53:42.511,2108,-4071.871757507324,LATENCY_LT_0,< 0 ms
2026-02-04 17:53:42.526,2108,-4073.5392570495605,LATENCY_LT_0,< 0 ms
2026-02-04 17:53:42.543,2108,-4073.197603225708,LATENCY_LT_0,< 0 ms
2026-02-04 17:53:42.559,2108,-4073.350429534912,LATENCY_LT_0,< 0 ms
2026-02-04 17:53:42.577,2108,-4072.934150695801,LATENCY_LT_0,< 0 ms
2026-02-04 17:53:42.593,2108,-4073.000192642212,LATENCY_LT_0,< 0 ms
2026-02-04 17:53:42.609,2108,-4073.662042617798,LATENCY_LT_0,< 0 ms
2026-02-04 17:53:42.631,2108,-4068.345308303833,LATENCY_LT_0,< 0 ms
2026-02-04 17:53:42.646,2108,-4070.0082778930664,LATENCY_LT_0,< 0 ms
2026-02-04 17:53:42.660,2108,-4072.67427444458,LATENCY_LT_0,< 0 ms
2026-02-04 17:53:42.676,2108,-4073.3349323272705,LATENCY_LT_0,< 0 ms
2026-02-04 17:53:42.693,2108,-4073.4055042266846,LATENCY_LT_0,< 0 ms
2026-02-04 17:53:42.710,2108,-4072.972297668457,LATENCY_LT_0,< 0 ms
2026-02-04 17:53:42.727,2108,-4072.62921333313,LATENCY_LT_0,< 0 ms
2026-02-04 17:53:42.743,2108,-4072.6938247680664,LATENCY_LT_0,< 0 ms
2026-02-04 17:53:42.760,2108,-4073.1003284454346,LATENCY_LT_0,< 0 ms
2026-02-04 17:53:42.776,2108,-4073.7667083740234,LATENCY_LT_0,< 0 ms
2026-02-04 17:53:42.793,2108,-4072.92103767395,LATENCY_LT_0,< 0 ms
2026-02-04 17:53:42.810,2108,-4072.5796222686768,LATENCY_LT_0,< 0 ms
2026-02-04 17:53:42.826,2108,-4073.148012161255,LATENCY_LT_0,< 0 ms
2026-02-04 17:53:42.842,2108,-4073.7509727478027,LATENCY_LT_0,< 0 ms
2026-02-04 17:53:42.860,2108,-4072.845220565796,LATENCY_LT_0,< 0 ms
2026-02-04 17:53:42.876,2108,-4073.5034942626953,LATENCY_LT_0,< 0 ms
2026-02-04 17:53:42.893,2108,-4073.6660957336426,LATENCY_LT_0,< 0 ms
2026-02-04 17:53:42.910,2108,-4073.3296871185303,LATENCY_LT_0,< 0 ms
2026-02-04 17:53:42.927,2108,-4072.9925632476807,LATENCY_LT_0,< 0 ms
2026-02-04 17:53:42.943,2108,-4073.657274246216,LATENCY_LT_0,< 0 ms
2026-02-04 17:53:42.960,2108,-4073.322534561157,LATENCY_LT_0,< 0 ms
2026-02-04 17:53:42.977,2108,-4072.915554046631,LATENCY_LT_0,< 0 ms
2026-02-04 17:53:42.993,2108,-4073.500871658325,LATENCY_LT_0,< 0 ms
2026-02-04 17:53:43.010,2108,-4073.1637477874756,LATENCY_LT_0,< 0 ms
2026-02-04 17:53:43.027,2108,-4072.844982147217,LATENCY_LT_0,< 0 ms
2026-02-04 17:53:43.043,2108,-4073.507308959961,LATENCY_LT_0,< 0 ms
2026-02-04 17:53:43.060,2108,-4073.1725692749023,LATENCY_LT_0,< 0 ms
2026-02-04 17:53:43.077,2108,-4072.829484939575,LATENCY_LT_0,< 0 ms
2026-02-04 17:53:43.093,2108,-4072.8588104248047,LATENCY_LT_0,< 0 ms
2026-02-04 17:53:43.109,2108,-4073.523759841919,LATENCY_LT_0,< 0 ms
2026-02-04 17:53:43.126,2108,-4073.188066482544,LATENCY_LT_0,< 0 ms
2026-02-04 17:53:43.143,2108,-4072.8514194488525,LATENCY_LT_0,< 0 ms
2026-02-04 17:53:43.159,2108,-4073.517084121704,LATENCY_LT_0,< 0 ms
2026-02-04 17:53:43.176,2108,-4073.183059692383,LATENCY_LT_0,< 0 ms
2026-02-04 17:53:43.193,2108,-4073.333740234375,LATENCY_LT_0,< 0 ms
2026-02-04 17:53:43.210,2108,-4072.995662689209,LATENCY_LT_0,< 0 ms
2026-02-04 17:53:43.226,2108,-4073.559522628784,LATENCY_LT_0,< 0 ms
2026-02-04 17:53:43.243,2108,-4073.232650756836,LATENCY_LT_0,< 0 ms
2026-02-04 17:53:43.260,2108,-4072.8962421417236,LATENCY_LT_0,< 0 ms
2026-02-04 17:53:43.277,2108,-4072.556257247925,LATENCY_LT_0,< 0 ms
2026-02-04 17:53:43.292,2108,-4073.7178325653076,LATENCY_LT_0,< 0 ms
2026-02-04 17:53:43.309,2108,-4073.3823776245117,LATENCY_LT_0,< 0 ms
2026-02-04 17:53:43.326,2108,-4073.042154312134,LATENCY_LT_0,< 0 ms
2026-02-04 17:53:43.343,2108,-4073.0578899383545,LATENCY_LT_0,< 0 ms
2026-02-04 17:53:43.360,2108,-4073.1284618377686,LATENCY_LT_0,< 0 ms
2026-02-04 17:53:43.377,2108,-4072.7944374084473,LATENCY_LT_0,< 0 ms
2026-02-04 17:53:43.393,2108,-4072.948455810547,LATENCY_LT_0,< 0 ms
2026-02-04 17:53:43.410,2108,-4073.100805282593,LATENCY_LT_0,< 0 ms
2026-02-04 17:53:43.427,2108,-4072.967290878296,LATENCY_LT_0,< 0 ms
2026-02-04 17:53:43.443,2108,-4073.627233505249,LATENCY_LT_0,< 0 ms
2026-02-04 17:53:43.460,2108,-4072.772741317749,LATENCY_LT_0,< 0 ms
2026-02-04 17:53:43.476,2108,-4073.0934143066406,LATENCY_LT_0,< 0 ms
2026-02-04 17:53:43.492,2108,-4073.683977127075,LATENCY_LT_0,< 0 ms
2026-02-04 17:53:43.509,2108,-4073.350429534912,LATENCY_LT_0,< 0 ms
2026-02-04 17:53:43.526,2108,-4073.0130672454834,LATENCY_LT_0,< 0 ms
2026-02-04 17:53:43.542,2108,-4073.678731918335,LATENCY_LT_0,< 0 ms
2026-02-04 17:53:43.559,2108,-4073.34303855896,LATENCY_LT_0,< 0 ms
2026-02-04 17:53:43.576,2108,-4073.0104446411133,LATENCY_LT_0,< 0 ms
2026-02-04 17:53:43.593,2108,-4073.218822479248,LATENCY_LT_0,< 0 ms
2026-02-04 17:53:43.609,2108,-4073.878526687622,LATENCY_LT_0,< 0 ms
2026-02-04 17:53:43.626,2108,-4073.423385620117,LATENCY_LT_0,< 0 ms
2026-02-04 17:53:43.643,2108,-4073.0369091033936,LATENCY_LT_0,< 0 ms
2026-02-04 17:53:43.660,2108,-4073.145866394043,LATENCY_LT_0,< 0 ms
2026-02-04 17:53:43.677,2108,-4072.807788848877,LATENCY_LT_0,< 0 ms
2026-02-04 17:53:43.693,2108,-4073.242425918579,LATENCY_LT_0,< 0 ms
2026-02-04 17:53:43.710,2108,-4072.8540420532227,LATENCY_LT_0,< 0 ms
2026-02-04 17:53:43.727,2108,-4072.9384422302246,LATENCY_LT_0,< 0 ms
2026-02-04 17:53:43.743,2108,-4073.603868484497,LATENCY_LT_0,< 0 ms
2026-02-04 17:53:43.760,2108,-4073.2686519622803,LATENCY_LT_0,< 0 ms
2026-02-04 17:53:43.777,2108,-4072.93701171875,LATENCY_LT_0,< 0 ms
2026-02-04 17:53:43.793,2108,-4073.453664779663,LATENCY_LT_0,< 0 ms
2026-02-04 17:53:43.810,2108,-4073.1117725372314,LATENCY_LT_0,< 0 ms
2026-02-04 17:53:43.826,2108,-4073.2803344726562,LATENCY_LT_0,< 0 ms
2026-02-04 17:53:43.843,2108,-4072.781801223755,LATENCY_LT_0,< 0 ms
2026-02-04 17:53:43.859,2108,-4073.4474658966064,LATENCY_LT_0,< 0 ms
2026-02-04 17:53:43.876,2108,-4073.1098651885986,LATENCY_LT_0,< 0 ms
2026-02-04 17:53:43.894,2108,-4072.6587772369385,LATENCY_LT_0,< 0 ms
2026-02-04 17:53:43.910,2108,-4073.3234882354736,LATENCY_LT_0,< 0 ms
2026-02-04 17:53:43.927,2108,-4072.985887527466,LATENCY_LT_0,< 0 ms
2026-02-04 17:53:43.943,2108,-4073.138475418091,LATENCY_LT_0,< 0 ms
2026-02-04 17:53:43.960,2108,-4073.237895965576,LATENCY_LT_0,< 0 ms
2026-02-04 17:53:43.977,2108,-4072.911262512207,LATENCY_LT_0,< 0 ms
2026-02-04 17:53:43.993,2108,-4073.4548568725586,LATENCY_LT_0,< 0 ms
2026-02-04 17:53:44.010,2108,-4072.603940963745,LATENCY_LT_0,< 0 ms
2026-02-04 17:53:44.026,2108,-4073.261260986328,LATENCY_LT_0,< 0 ms
2026-02-04 17:53:44.043,2108,-4072.8437900543213,LATENCY_LT_0,< 0 ms
2026-02-04 17:53:44.059,2108,-4073.5015869140625,LATENCY_LT_0,< 0 ms
2026-02-04 17:53:44.076,2108,-4073.1077194213867,LATENCY_LT_0,< 0 ms
2026-02-04 17:53:44.093,2108,-4073.2040405273438,LATENCY_LT_0,< 0 ms
2026-02-04 17:53:44.110,2108,-4072.866439819336,LATENCY_LT_0,< 0 ms
2026-02-04 17:53:44.127,2108,-4072.5295543670654,LATENCY_LT_0,< 0 ms
2026-02-04 17:53:44.143,2108,-4073.195695877075,LATENCY_LT_0,< 0 ms
2026-02-04 17:53:44.160,2108,-4072.859287261963,LATENCY_LT_0,< 0 ms
2026-02-04 17:53:44.176,2108,-4073.5299587249756,LATENCY_LT_0,< 0 ms
2026-02-04 17:53:44.192,2108,-4073.679208755493,LATENCY_LT_0,< 0 ms
2026-02-04 17:53:44.209,2108,-4073.343515396118,LATENCY_LT_0,< 0 ms
2026-02-04 17:53:44.226,2108,-4073.023557662964,LATENCY_LT_0,< 0 ms
2026-02-04 17:53:44.242,2108,-4073.6844539642334,LATENCY_LT_0,< 0 ms
2026-02-04 17:53:44.259,2108,-4073.3492374420166,LATENCY_LT_0,< 0 ms
2026-02-04 17:53:44.276,2108,-4073.0113983154297,LATENCY_LT_0,< 0 ms
2026-02-04 17:53:44.293,2108,-4073.164463043213,LATENCY_LT_0,< 0 ms
2026-02-04 17:53:44.310,2108,-4072.8278160095215,LATENCY_LT_0,< 0 ms
2026-02-04 17:53:44.326,2108,-4073.488235473633,LATENCY_LT_0,< 0 ms
2026-02-04 17:53:44.342,2108,-4073.7297534942627,LATENCY_LT_0,< 0 ms
2026-02-04 17:53:44.360,2108,-4072.81494140625,LATENCY_LT_0,< 0 ms
2026-02-04 17:53:44.379,2108,-4070.927619934082,LATENCY_LT_0,< 0 ms
2026-02-04 17:53:44.393,2108,-4073.1728076934814,LATENCY_LT_0,< 0 ms
2026-02-04 17:53:44.410,2108,-4072.8392601013184,LATENCY_LT_0,< 0 ms
2026-02-04 17:53:44.426,2108,-4073.495864868164,LATENCY_LT_0,< 0 ms
2026-02-04 17:53:44.443,2108,-4073.667526245117,LATENCY_LT_0,< 0 ms
2026-02-04 17:53:44.460,2108,-4072.8204250335693,LATENCY_LT_0,< 0 ms
2026-02-04 17:53:44.476,2108,-4073.479175567627,LATENCY_LT_0,< 0 ms
2026-02-04 17:53:44.493,2108,-4073.5645294189453,LATENCY_LT_0,< 0 ms
2026-02-04 17:53:44.510,2108,-4073.2293128967285,LATENCY_LT_0,< 0 ms
2026-02-04 17:53:44.527,2108,-4072.885513305664,LATENCY_LT_0,< 0 ms
2026-02-04 17:53:44.543,2108,-4072.8626251220703,LATENCY_LT_0,< 0 ms
2026-02-04 17:53:44.559,2108,-4073.5294818878174,LATENCY_LT_0,< 0 ms
2026-02-04 17:53:44.576,2108,-4073.2014179229736,LATENCY_LT_0,< 0 ms
2026-02-04 17:53:44.594,2108,-4072.3490715026855,LATENCY_LT_0,< 0 ms
2026-02-04 17:53:44.610,2108,-4073.0133056640625,LATENCY_LT_0,< 0 ms
2026-02-04 17:53:44.626,2108,-4073.6920833587646,LATENCY_LT_0,< 0 ms
2026-02-04 17:53:44.643,2108,-4073.3578205108643,LATENCY_LT_0,< 0 ms
2026-02-04 17:53:44.660,2108,-4073.021650314331,LATENCY_LT_0,< 0 ms
2026-02-04 17:53:44.676,2108,-4073.681592941284,LATENCY_LT_0,< 0 ms
2026-02-04 17:53:44.693,2108,-4073.10152053833,LATENCY_LT_0,< 0 ms
2026-02-04 17:53:44.709,2108,-4073.762893676758,LATENCY_LT_0,< 0 ms
2026-02-04 17:53:44.726,2108,-4073.4305381774902,LATENCY_LT_0,< 0 ms
2026-02-04 17:53:44.743,2108,-4073.0910301208496,LATENCY_LT_0,< 0 ms
2026-02-04 17:53:44.759,2108,-4073.7578868865967,LATENCY_LT_0,< 0 ms
2026-02-04 17:53:44.776,2108,-4073.430299758911,LATENCY_LT_0,< 0 ms
2026-02-04 17:53:44.793,2108,-4072.9241371154785,LATENCY_LT_0,< 0 ms
2026-02-04 17:53:44.809,2108,-4073.528289794922,LATENCY_LT_0,< 0 ms
2026-02-04 17:53:44.826,2108,-4073.1918811798096,LATENCY_LT_0,< 0 ms
2026-02-04 17:53:44.843,2108,-4072.871685028076,LATENCY_LT_0,< 0 ms
2026-02-04 17:53:44.859,2108,-4073.5363960266113,LATENCY_LT_0,< 0 ms
2026-02-04 17:53:44.876,2108,-4073.1992721557617,LATENCY_LT_0,< 0 ms
2026-02-04 17:53:44.892,2108,-4073.8632678985596,LATENCY_LT_0,< 0 ms
2026-02-04 17:53:44.909,2108,-4073.4474658966064,LATENCY_LT_0,< 0 ms
2026-02-04 17:53:44.927,2108,-4072.597026824951,LATENCY_LT_0,< 0 ms
2026-02-04 17:53:44.942,2108,-4073.714256286621,LATENCY_LT_0,< 0 ms
2026-02-04 17:53:44.959,2108,-4073.3752250671387,LATENCY_LT_0,< 0 ms
2026-02-04 17:53:44.976,2108,-4073.0488300323486,LATENCY_LT_0,< 0 ms
2026-02-04 17:53:44.993,2108,-4073.2040405273438,LATENCY_LT_0,< 0 ms
2026-02-04 17:53:45.010,2108,-4072.862148284912,LATENCY_LT_0,< 0 ms
2026-02-04 17:53:45.027,2108,-4072.5438594818115,LATENCY_LT_0,< 0 ms
2026-02-04 17:53:45.044,2108,-4072.2033977508545,LATENCY_LT_0,< 0 ms
2026-02-04 17:53:45.060,2108,-4072.8657245635986,LATENCY_LT_0,< 0 ms
2026-02-04 17:53:45.076,2108,-4073.4546184539795,LATENCY_LT_0,< 0 ms
2026-02-04 17:53:45.093,2108,-4073.594570159912,LATENCY_LT_0,< 0 ms
2026-02-04 17:53:45.110,2108,-4073.1887817382812,LATENCY_LT_0,< 0 ms
2026-02-04 17:53:45.126,2108,-4073.293685913086,LATENCY_LT_0,< 0 ms
2026-02-04 17:53:45.143,2108,-4073.451519012451,LATENCY_LT_0,< 0 ms
2026-02-04 17:53:45.159,2108,-4073.5690593719482,LATENCY_LT_0,< 0 ms
2026-02-04 17:53:45.176,2108,-4073.241710662842,LATENCY_LT_0,< 0 ms
2026-02-04 17:53:45.193,2108,-4073.392152786255,LATENCY_LT_0,< 0 ms
2026-02-04 17:53:45.210,2108,-4073.3234882354736,LATENCY_LT_0,< 0 ms
2026-02-04 17:53:45.227,2108,-4072.9801654815674,LATENCY_LT_0,< 0 ms
2026-02-04 17:53:45.243,2108,-4073.6618041992188,LATENCY_LT_0,< 0 ms
2026-02-04 17:53:45.271,2108,-4062.3252391815186,LATENCY_LT_0,< 0 ms
2026-02-04 17:53:45.279,2108,-4070.9829330444336,LATENCY_LT_0,< 0 ms
2026-02-04 17:53:45.293,2108,-4073.1451511383057,LATENCY_LT_0,< 0 ms
2026-02-04 17:53:45.309,2108,-4073.802709579468,LATENCY_LT_0,< 0 ms
2026-02-04 17:53:45.326,2108,-4073.457956314087,LATENCY_LT_0,< 0 ms
2026-02-04 17:53:45.343,2108,-4073.411464691162,LATENCY_LT_0,< 0 ms
2026-02-04 17:53:45.359,2108,-4073.5716819763184,LATENCY_LT_0,< 0 ms
2026-02-04 17:53:45.376,2108,-4073.2457637786865,LATENCY_LT_0,< 0 ms
2026-02-04 17:53:45.393,2108,-4072.906017303467,LATENCY_LT_0,< 0 ms
2026-02-04 17:53:45.409,2108,-4073.5483169555664,LATENCY_LT_0,< 0 ms
2026-02-04 17:53:45.426,2108,-4073.2290744781494,LATENCY_LT_0,< 0 ms
2026-02-04 17:53:45.443,2108,-4072.889804840088,LATENCY_LT_0,< 0 ms
2026-02-04 17:53:45.460,2108,-4072.55220413208,LATENCY_LT_0,< 0 ms
2026-02-04 17:53:45.477,2108,-4072.6239681243896,LATENCY_LT_0,< 0 ms
2026-02-04 17:53:45.493,2108,-4072.7882385253906,LATENCY_LT_0,< 0 ms
2026-02-04 17:53:45.510,2108,-4072.4472999572754,LATENCY_LT_0,< 0 ms
2026-02-04 17:53:45.526,2108,-4073.110342025757,LATENCY_LT_0,< 0 ms
2026-02-04 17:53:45.543,2108,-4072.772264480591,LATENCY_LT_0,< 0 ms
2026-02-04 17:53:45.559,2108,-4073.4310150146484,LATENCY_LT_0,< 0 ms
2026-02-04 17:53:45.577,2108,-4072.809934616089,LATENCY_LT_0,< 0 ms
2026-02-04 17:53:45.593,2108,-4072.895288467407,LATENCY_LT_0,< 0 ms
2026-02-04 17:53:45.610,2108,-4073.09627532959,LATENCY_LT_0,< 0 ms
2026-02-04 17:53:45.627,2108,-4072.7615356445312,LATENCY_LT_0,< 0 ms
2026-02-04 17:53:45.643,2108,-4073.439836502075,LATENCY_LT_0,< 0 ms
2026-02-04 17:53:45.663,2108,-4070.096969604492,LATENCY_LT_0,< 0 ms
2026-02-04 17:53:45.676,2108,-4073.6634731292725,LATENCY_LT_0,< 0 ms
2026-02-04 17:53:45.692,2108,-4073.780059814453,LATENCY_LT_0,< 0 ms
2026-02-04 17:53:45.710,2108,-4072.942018508911,LATENCY_LT_0,< 0 ms
2026-02-04 17:53:45.727,2108,-4072.6051330566406,LATENCY_LT_0,< 0 ms
2026-02-04 17:53:45.743,2108,-4073.2696056365967,LATENCY_LT_0,< 0 ms
2026-02-04 17:53:45.760,2108,-4072.9334354400635,LATENCY_LT_0,< 0 ms
2026-02-04 17:53:45.776,2108,-4073.6050605773926,LATENCY_LT_0,< 0 ms
2026-02-04 17:53:45.792,2108,-4074.2666721343994,LATENCY_LT_0,< 0 ms
2026-02-04 17:53:45.809,2108,-4073.416233062744,LATENCY_LT_0,< 0 ms
2026-02-04 17:53:45.826,2108,-4073.096513748169,LATENCY_LT_0,< 0 ms
2026-02-04 17:53:45.843,2108,-4072.761297225952,LATENCY_LT_0,< 0 ms
2026-02-04 17:53:45.859,2108,-4073.4243392944336,LATENCY_LT_0,< 0 ms
2026-02-04 17:53:45.876,2108,-4073.0879306793213,LATENCY_LT_0,< 0 ms
2026-02-04 17:53:45.892,2108,-4073.756456375122,LATENCY_LT_0,< 0 ms
2026-02-04 17:53:45.910,2108,-4072.946548461914,LATENCY_LT_0,< 0 ms
2026-02-04 17:53:45.927,2108,-4072.6101398468018,LATENCY_LT_0,< 0 ms
2026-02-04 17:53:45.943,2108,-4073.274612426758,LATENCY_LT_0,< 0 ms
2026-02-04 17:53:45.960,2108,-4072.937488555908,LATENCY_LT_0,< 0 ms
2026-02-04 17:53:45.976,2108,-4073.605537414551,LATENCY_LT_0,< 0 ms
2026-02-04 17:53:45.993,2108,-4072.765827178955,LATENCY_LT_0,< 0 ms
2026-02-04 17:53:46.009,2108,-4073.4243392944336,LATENCY_LT_0,< 0 ms
2026-02-04 17:53:46.026,2108,-4073.0838775634766,LATENCY_LT_0,< 0 ms
2026-02-04 17:53:46.042,2108,-4073.7674236297607,LATENCY_LT_0,< 0 ms
2026-02-04 17:53:46.065,2108,-4067.420244216919,LATENCY_LT_0,< 0 ms
2026-02-04 17:53:46.078,2108,-4071.584701538086,LATENCY_LT_0,< 0 ms
2026-02-04 17:53:46.100,2108,-4066.340684890747,LATENCY_LT_0,< 0 ms
2026-02-04 17:53:46.110,2108,-4073.0080604553223,LATENCY_LT_0,< 0 ms
2026-02-04 17:53:46.126,2108,-4073.6618041992188,LATENCY_LT_0,< 0 ms
2026-02-04 17:53:46.143,2108,-4073.251247406006,LATENCY_LT_0,< 0 ms
2026-02-04 17:53:46.160,2108,-4072.91579246521,LATENCY_LT_0,< 0 ms
2026-02-04 17:53:46.176,2108,-4073.5878944396973,LATENCY_LT_0,< 0 ms
2026-02-04 17:53:46.193,2108,-4072.739839553833,LATENCY_LT_0,< 0 ms
2026-02-04 17:53:46.209,2108,-4073.3916759490967,LATENCY_LT_0,< 0 ms
2026-02-04 17:53:46.227,2108,-4073.0032920837402,LATENCY_LT_0,< 0 ms
2026-02-04 17:53:46.243,2108,-4073.096990585327,LATENCY_LT_0,< 0 ms
2026-02-04 17:53:46.260,2108,-4072.7598667144775,LATENCY_LT_0,< 0 ms
2026-02-04 17:53:46.276,2108,-4073.423385620117,LATENCY_LT_0,< 0 ms
2026-02-04 17:53:46.294,2108,-4072.5841522216797,LATENCY_LT_0,< 0 ms
2026-02-04 17:53:46.310,2108,-4073.2367038726807,LATENCY_LT_0,< 0 ms
2026-02-04 17:53:46.327,2108,-4072.8390216827393,LATENCY_LT_0,< 0 ms
2026-02-04 17:53:46.343,2108,-4072.9775428771973,LATENCY_LT_0,< 0 ms
2026-02-04 17:53:46.360,2108,-4073.023796081543,LATENCY_LT_0,< 0 ms
2026-02-04 17:53:46.377,2108,-4072.7014541625977,LATENCY_LT_0,< 0 ms
2026-02-04 17:53:46.394,2108,-4072.3609924316406,LATENCY_LT_0,< 0 ms
2026-02-04 17:53:46.409,2108,-4073.5156536102295,LATENCY_LT_0,< 0 ms
2026-02-04 17:53:46.426,2108,-4073.1759071350098,LATENCY_LT_0,< 0 ms
2026-02-04 17:53:46.443,2108,-4072.8564262390137,LATENCY_LT_0,< 0 ms
2026-02-04 17:53:46.459,2108,-4073.5208988189697,LATENCY_LT_0,< 0 ms
2026-02-04 17:53:46.476,2108,-4073.184013366699,LATENCY_LT_0,< 0 ms
2026-02-04 17:53:46.492,2108,-4073.8537311553955,LATENCY_LT_0,< 0 ms
2026-02-04 17:53:46.510,2108,-4073.0037689208984,LATENCY_LT_0,< 0 ms
2026-02-04 17:53:46.526,2108,-4073.6634731292725,LATENCY_LT_0,< 0 ms
2026-02-04 17:53:46.543,2108,-4073.5390186309814,LATENCY_LT_0,< 0 ms
2026-02-04 17:53:46.560,2108,-4073.0018615722656,LATENCY_LT_0,< 0 ms
2026-02-04 17:53:46.576,2108,-4073.2226371765137,LATENCY_LT_0,< 0 ms
2026-02-04 17:53:46.593,2108,-4072.7009773254395,LATENCY_LT_0,< 0 ms
2026-02-04 17:53:46.609,2108,-4073.651075363159,LATENCY_LT_0,< 0 ms
2026-02-04 17:53:46.626,2108,-4073.3325481414795,LATENCY_LT_0,< 0 ms
2026-02-04 17:53:46.643,2108,-4072.988271713257,LATENCY_LT_0,< 0 ms
2026-02-04 17:53:46.660,2108,-4073.0607509613037,LATENCY_LT_0,< 0 ms
2026-02-04 17:53:46.676,2108,-4073.720932006836,LATENCY_LT_0,< 0 ms
2026-02-04 17:53:46.693,2108,-4072.887182235718,LATENCY_LT_0,< 0 ms
2026-02-04 17:53:46.709,2108,-4073.4543800354004,LATENCY_LT_0,< 0 ms
2026-02-04 17:53:46.832,2108,-3967.2586917877197,LATENCY_LT_0,< 0 ms
2026-02-04 17:53:46.832,2108,-3983.9227199554443,LATENCY_LT_0,< 0 ms
2026-02-04 17:53:46.832,2108,-4000.586748123169,LATENCY_LT_0,< 0 ms
2026-02-04 17:53:46.832,2108,-4017.258644104004,LATENCY_LT_0,< 0 ms
2026-02-04 17:53:46.832,2108,-4033.9226722717285,LATENCY_LT_0,< 0 ms
2026-02-04 17:53:46.832,2108,-4050.586700439453,LATENCY_LT_0,< 0 ms
2026-02-04 17:53:46.832,2108,-4067.2507286071777,LATENCY_LT_0,< 0 ms
2026-02-04 17:53:46.843,2108,-4073.418378829956,LATENCY_LT_0,< 0 ms
2026-02-04 17:53:46.860,2108,-4073.0791091918945,LATENCY_LT_0,< 0 ms
2026-02-04 17:53:46.876,2108,-4073.746681213379,LATENCY_LT_0,< 0 ms
2026-02-04 17:53:46.893,2108,-4073.4121799468994,LATENCY_LT_0,< 0 ms
2026-02-04 17:53:46.909,2108,-4073.5578536987305,LATENCY_LT_0,< 0 ms
2026-02-04 17:53:46.927,2108,-4072.7126598358154,LATENCY_LT_0,< 0 ms
2026-02-04 17:53:46.943,2108,-4072.8108882904053,LATENCY_LT_0,< 0 ms
2026-02-04 17:53:46.960,2108,-4072.960615158081,LATENCY_LT_0,< 0 ms
2026-02-04 17:53:46.976,2108,-4073.636531829834,LATENCY_LT_0,< 0 ms
2026-02-04 17:53:46.993,2108,-4073.2948780059814,LATENCY_LT_0,< 0 ms
2026-02-04 17:53:47.010,2108,-4072.887897491455,LATENCY_LT_0,< 0 ms
2026-02-04 17:53:47.026,2108,-4073.5700130462646,LATENCY_LT_0,< 0 ms
2026-02-04 17:53:47.043,2108,-4073.230028152466,LATENCY_LT_0,< 0 ms
2026-02-04 17:53:47.060,2108,-4072.8981494903564,LATENCY_LT_0,< 0 ms
2026-02-04 17:53:47.076,2108,-4073.5552310943604,LATENCY_LT_0,< 0 ms
2026-02-04 17:53:47.093,2108,-4073.185920715332,LATENCY_LT_0,< 0 ms
2026-02-04 17:53:47.110,2108,-4073.1141567230225,LATENCY_LT_0,< 0 ms
2026-02-04 17:53:47.127,2108,-4072.779655456543,LATENCY_LT_0,< 0 ms
2026-02-04 17:53:47.143,2108,-4073.4405517578125,LATENCY_LT_0,< 0 ms
2026-02-04 17:53:47.160,2108,-4073.0791091918945,LATENCY_LT_0,< 0 ms
2026-02-04 17:53:47.176,2108,-4073.7452507019043,LATENCY_LT_0,< 0 ms
2026-02-04 17:53:47.193,2108,-4073.40669631958,LATENCY_LT_0,< 0 ms
2026-02-04 17:53:47.210,2108,-4073.051691055298,LATENCY_LT_0,< 0 ms
2026-02-04 17:53:47.226,2108,-4073.204755783081,LATENCY_LT_0,< 0 ms
2026-02-04 17:53:47.243,2108,-4072.885036468506,LATENCY_LT_0,< 0 ms
2026-02-04 17:53:47.261,2108,-4071.5487003326416,LATENCY_LT_0,< 0 ms
2026-02-04 17:53:47.276,2108,-4073.2102394104004,LATENCY_LT_0,< 0 ms
2026-02-04 17:53:47.293,2108,-4073.3683109283447,LATENCY_LT_0,< 0 ms
2026-02-04 17:53:47.311,2108,-4072.004795074463,LATENCY_LT_0,< 0 ms
2026-02-04 17:53:47.326,2108,-4073.6587047576904,LATENCY_LT_0,< 0 ms
2026-02-04 17:53:47.342,2108,-4074.1426944732666,LATENCY_LT_0,< 0 ms
2026-02-04 17:53:47.360,2108,-4072.7596282958984,LATENCY_LT_0,< 0 ms
2026-02-04 17:53:47.377,2108,-4072.4263191223145,LATENCY_LT_0,< 0 ms
2026-02-04 17:53:47.393,2108,-4073.08292388916,LATENCY_LT_0,< 0 ms
2026-02-04 17:53:47.410,2108,-4073.2338428497314,LATENCY_LT_0,< 0 ms
2026-02-04 17:53:47.427,2108,-4072.913646697998,LATENCY_LT_0,< 0 ms
2026-02-04 17:53:47.443,2108,-4073.579788208008,LATENCY_LT_0,< 0 ms
2026-02-04 17:53:47.460,2108,-4073.244571685791,LATENCY_LT_0,< 0 ms
2026-02-04 17:53:47.477,2108,-4072.908401489258,LATENCY_LT_0,< 0 ms
2026-02-04 17:53:47.493,2108,-4073.575973510742,LATENCY_LT_0,< 0 ms
2026-02-04 17:53:47.510,2108,-4073.166608810425,LATENCY_LT_0,< 0 ms
2026-02-04 17:53:47.526,2108,-4073.8227367401123,LATENCY_LT_0,< 0 ms
2026-02-04 17:53:47.543,2108,-4073.2662677764893,LATENCY_LT_0,< 0 ms
2026-02-04 17:53:47.562,2108,-4070.4164505004883,LATENCY_LT_0,< 0 ms
2026-02-04 17:53:47.577,2108,-4072.5765228271484,LATENCY_LT_0,< 0 ms
2026-02-04 17:53:47.593,2108,-4072.718858718872,LATENCY_LT_0,< 0 ms
2026-02-04 17:53:47.611,2108,-4072.291851043701,LATENCY_LT_0,< 0 ms
2026-02-04 17:53:47.627,2108,-4072.955369949341,LATENCY_LT_0,< 0 ms
2026-02-04 17:53:47.643,2108,-4073.637008666992,LATENCY_LT_0,< 0 ms
2026-02-04 17:53:47.660,2108,-4073.30060005188,LATENCY_LT_0,< 0 ms
2026-02-04 17:53:47.677,2108,-4072.9641914367676,LATENCY_LT_0,< 0 ms
2026-02-04 17:53:47.695,2108,-4071.6309547424316,LATENCY_LT_0,< 0 ms
2026-02-04 17:53:47.710,2108,-4073.2598304748535,LATENCY_LT_0,< 0 ms
2026-02-04 17:53:47.727,2108,-4072.925090789795,LATENCY_LT_0,< 0 ms
2026-02-04 17:53:47.743,2108,-4073.5888481140137,LATENCY_LT_0,< 0 ms
2026-02-04 17:53:47.760,2108,-4073.2510089874268,LATENCY_LT_0,< 0 ms
2026-02-04 17:53:47.776,2108,-4073.4128952026367,LATENCY_LT_0,< 0 ms
2026-02-04 17:53:47.795,2108,-4071.565866470337,LATENCY_LT_0,< 0 ms
2026-02-04 17:53:47.810,2108,-4072.852373123169,LATENCY_LT_0,< 0 ms
2026-02-04 17:53:47.827,2108,-4072.5314617156982,LATENCY_LT_0,< 0 ms
2026-02-04 17:53:47.842,2108,-4073.6796855926514,LATENCY_LT_0,< 0 ms
2026-02-04 17:53:47.860,2108,-4072.829246520996,LATENCY_LT_0,< 0 ms
2026-02-04 17:53:47.876,2108,-4073.4949111938477,LATENCY_LT_0,< 0 ms
2026-02-04 17:53:47.893,2108,-4073.160409927368,LATENCY_LT_0,< 0 ms
2026-02-04 17:53:47.910,2108,-4073.3118057250977,LATENCY_LT_0,< 0 ms
2026-02-04 17:53:47.927,2108,-4072.9751586914062,LATENCY_LT_0,< 0 ms
2026-02-04 17:53:47.943,2108,-4073.6403465270996,LATENCY_LT_0,< 0 ms
2026-02-04 17:53:47.960,2108,-4073.3041763305664,LATENCY_LT_0,< 0 ms
2026-02-04 17:53:47.977,2108,-4072.9753971099854,LATENCY_LT_0,< 0 ms
2026-02-04 17:53:47.993,2108,-4073.636054992676,LATENCY_LT_0,< 0 ms
2026-02-04 17:53:48.010,2108,-4072.7856159210205,LATENCY_LT_0,< 0 ms
2026-02-04 17:53:48.026,2108,-4073.4498500823975,LATENCY_LT_0,< 0 ms
2026-02-04 17:53:48.043,2108,-4073.127269744873,LATENCY_LT_0,< 0 ms
2026-02-04 17:53:48.060,2108,-4072.79372215271,LATENCY_LT_0,< 0 ms
2026-02-04 17:53:48.076,2108,-4073.452949523926,LATENCY_LT_0,< 0 ms
2026-02-04 17:53:48.093,2108,-4073.6145973205566,LATENCY_LT_0,< 0 ms
2026-02-04 17:53:48.109,2108,-4073.7171173095703,LATENCY_LT_0,< 0 ms
2026-02-04 17:53:48.126,2108,-4073.3773708343506,LATENCY_LT_0,< 0 ms
2026-02-04 17:53:48.143,2108,-4073.0206966400146,LATENCY_LT_0,< 0 ms
2026-02-04 17:53:48.160,2108,-4073.167562484741,LATENCY_LT_0,< 0 ms
2026-02-04 17:53:48.177,2108,-4072.8819370269775,LATENCY_LT_0,< 0 ms
2026-02-04 17:53:48.193,2108,-4073.5392570495605,LATENCY_LT_0,< 0 ms
2026-02-04 17:53:48.210,2108,-4073.1523036956787,LATENCY_LT_0,< 0 ms
2026-02-04 17:53:48.227,2108,-4072.8330612182617,LATENCY_LT_0,< 0 ms
2026-02-04 17:53:48.243,2108,-4073.4875202178955,LATENCY_LT_0,< 0 ms
2026-02-04 17:53:48.260,2108,-4072.611093521118,LATENCY_LT_0,< 0 ms
2026-02-04 17:53:48.276,2108,-4073.253631591797,LATENCY_LT_0,< 0 ms
2026-02-04 17:53:48.293,2108,-4072.9012489318848,LATENCY_LT_0,< 0 ms
2026-02-04 17:53:48.310,2108,-4072.8745460510254,LATENCY_LT_0,< 0 ms
2026-02-04 17:53:48.326,2108,-4073.5323429107666,LATENCY_LT_0,< 0 ms
2026-02-04 17:53:48.342,2108,-4073.8353729248047,LATENCY_LT_0,< 0 ms
2026-02-04 17:53:48.359,2108,-4073.960542678833,LATENCY_LT_0,< 0 ms
2026-02-04 17:53:48.376,2108,-4073.120594024658,LATENCY_LT_0,< 0 ms
2026-02-04 17:53:48.393,2108,-4072.7803707122803,LATENCY_LT_0,< 0 ms
2026-02-04 17:53:48.410,2108,-4072.934150695801,LATENCY_LT_0,< 0 ms
2026-02-04 17:53:48.427,2108,-4072.594404220581,LATENCY_LT_0,< 0 ms
2026-02-04 17:53:48.443,2108,-4073.2786655426025,LATENCY_LT_0,< 0 ms
2026-02-04 17:53:48.460,2108,-4072.9405879974365,LATENCY_LT_0,< 0 ms
2026-02-04 17:53:48.476,2108,-4073.606491088867,LATENCY_LT_0,< 0 ms
2026-02-04 17:53:48.493,2108,-4073.272228240967,LATENCY_LT_0,< 0 ms
2026-02-04 17:53:48.509,2108,-4073.5855102539062,LATENCY_LT_0,< 0 ms
2026-02-04 17:53:48.526,2108,-4073.5654830932617,LATENCY_LT_0,< 0 ms
2026-02-04 17:53:48.543,2108,-4073.2014179229736,LATENCY_LT_0,< 0 ms
2026-02-04 17:53:48.559,2108,-4073.349952697754,LATENCY_LT_0,< 0 ms
2026-02-04 17:53:48.576,2108,-4073.0230808258057,LATENCY_LT_0,< 0 ms
2026-02-04 17:53:48.592,2108,-4073.6827850341797,LATENCY_LT_0,< 0 ms
2026-02-04 17:53:48.610,2108,-4072.8321075439453,LATENCY_LT_0,< 0 ms
2026-02-04 17:53:48.626,2108,-4073.514699935913,LATENCY_LT_0,< 0 ms
2026-02-04 17:53:48.652,2108,-4064.1777515411377,LATENCY_LT_0,< 0 ms
2026-02-04 17:53:48.660,2108,-4072.838068008423,LATENCY_LT_0,< 0 ms
2026-02-04 17:53:48.677,2108,-4072.9923248291016,LATENCY_LT_0,< 0 ms
2026-02-04 17:53:48.693,2108,-4073.659658432007,LATENCY_LT_0,< 0 ms
2026-02-04 17:53:48.710,2108,-4072.8063583374023,LATENCY_LT_0,< 0 ms
2026-02-04 17:53:48.727,2108,-4072.9615688323975,LATENCY_LT_0,< 0 ms
2026-02-04 17:53:48.745,2108,-4071.082353591919,LATENCY_LT_0,< 0 ms
2026-02-04 17:53:48.760,2108,-4072.7481842041016,LATENCY_LT_0,< 0 ms
2026-02-04 17:53:48.776,2108,-4073.0700492858887,LATENCY_LT_0,< 0 ms
2026-02-04 17:53:48.794,2108,-4072.6566314697266,LATENCY_LT_0,< 0 ms
2026-02-04 17:53:48.810,2108,-4072.753429412842,LATENCY_LT_0,< 0 ms
2026-02-04 17:53:48.826,2108,-4073.416233062744,LATENCY_LT_0,< 0 ms
2026-02-04 17:53:48.843,2108,-4073.094367980957,LATENCY_LT_0,< 0 ms
2026-02-04 17:53:48.860,2108,-4073.0717182159424,LATENCY_LT_0,< 0 ms
2026-02-04 17:53:48.876,2108,-4073.733329772949,LATENCY_LT_0,< 0 ms
2026-02-04 17:53:48.893,2108,-4073.4028816223145,LATENCY_LT_0,< 0 ms
2026-02-04 17:53:48.910,2108,-4073.3301639556885,LATENCY_LT_0,< 0 ms
2026-02-04 17:53:48.926,2108,-4073.4832286834717,LATENCY_LT_0,< 0 ms
2026-02-04 17:53:48.943,2108,-4073.636054992676,LATENCY_LT_0,< 0 ms
2026-02-04 17:53:48.960,2108,-4073.3001232147217,LATENCY_LT_0,< 0 ms
2026-02-04 17:53:48.977,2108,-4072.9711055755615,LATENCY_LT_0,< 0 ms
2026-02-04 17:53:48.994,2108,-4072.631359100342,LATENCY_LT_0,< 0 ms
2026-02-04 17:53:49.010,2108,-4073.000431060791,LATENCY_LT_0,< 0 ms
2026-02-04 17:53:49.026,2108,-4073.6782550811768,LATENCY_LT_0,< 0 ms
2026-02-04 17:53:49.043,2108,-4073.3420848846436,LATENCY_LT_0,< 0 ms
2026-02-04 17:53:49.060,2108,-4073.0011463165283,LATENCY_LT_0,< 0 ms
2026-02-04 17:53:49.076,2108,-4073.150157928467,LATENCY_LT_0,< 0 ms
2026-02-04 17:53:49.092,2108,-4073.7924575805664,LATENCY_LT_0,< 0 ms
2026-02-04 17:53:49.109,2108,-4073.399782180786,LATENCY_LT_0,< 0 ms
2026-02-04 17:53:49.126,2108,-4073.058843612671,LATENCY_LT_0,< 0 ms
2026-02-04 17:53:49.143,2108,-4073.0128288269043,LATENCY_LT_0,< 0 ms
2026-02-04 17:53:49.159,2108,-4073.674440383911,LATENCY_LT_0,< 0 ms
2026-02-04 17:53:49.176,2108,-4073.3494758605957,LATENCY_LT_0,< 0 ms
2026-02-04 17:53:49.193,2108,-4073.0082988739014,LATENCY_LT_0,< 0 ms
2026-02-04 17:53:49.210,2108,-4072.6397037506104,LATENCY_LT_0,< 0 ms
2026-02-04 17:53:49.227,2108,-4072.7927684783936,LATENCY_LT_0,< 0 ms
2026-02-04 17:53:49.243,2108,-4073.476552963257,LATENCY_LT_0,< 0 ms
2026-02-04 17:53:49.260,2108,-4073.138475418091,LATENCY_LT_0,< 0 ms
2026-02-04 17:53:49.277,2108,-4072.800636291504,LATENCY_LT_0,< 0 ms
2026-02-04 17:53:49.293,2108,-4073.472261428833,LATENCY_LT_0,< 0 ms
2026-02-04 17:53:49.310,2108,-4073.0743408203125,LATENCY_LT_0,< 0 ms
2026-02-04 17:53:49.326,2108,-4073.732852935791,LATENCY_LT_0,< 0 ms
2026-02-04 17:53:49.342,2108,-4073.7380981445312,LATENCY_LT_0,< 0 ms
2026-02-04 17:53:49.359,2108,-4073.3542442321777,LATENCY_LT_0,< 0 ms
2026-02-04 17:53:49.376,2108,-4073.025703430176,LATENCY_LT_0,< 0 ms
2026-02-04 17:53:49.393,2108,-4072.683811187744,LATENCY_LT_0,< 0 ms
2026-02-04 17:53:49.410,2108,-4072.8390216827393,LATENCY_LT_0,< 0 ms
2026-02-04 17:53:49.426,2108,-4073.519706726074,LATENCY_LT_0,< 0 ms
2026-02-04 17:53:49.443,2108,-4073.1799602508545,LATENCY_LT_0,< 0 ms
2026-02-04 17:53:49.460,2108,-4072.838306427002,LATENCY_LT_0,< 0 ms
2026-02-04 17:53:49.477,2108,-4072.9923248291016,LATENCY_LT_0,< 0 ms
2026-02-04 17:53:49.494,2108,-4072.1471309661865,LATENCY_LT_0,< 0 ms
2026-02-04 17:53:49.510,2108,-4073.216438293457,LATENCY_LT_0,< 0 ms
2026-02-04 17:53:49.526,2108,-4073.373556137085,LATENCY_LT_0,< 0 ms
2026-02-04 17:53:49.543,2108,-4073.0366706848145,LATENCY_LT_0,< 0 ms
2026-02-04 17:53:49.559,2108,-4073.6947059631348,LATENCY_LT_0,< 0 ms
2026-02-04 17:53:49.584,2108,-4065.3605461120605,LATENCY_LT_0,< 0 ms
2026-02-04 17:53:49.593,2108,-4073.024272918701,LATENCY_LT_0,< 0 ms
2026-02-04 17:53:49.609,2108,-4073.660373687744,LATENCY_LT_0,< 0 ms
2026-02-04 17:53:49.626,2108,-4073.3277797698975,LATENCY_LT_0,< 0 ms
2026-02-04 17:53:49.643,2108,-4073.007822036743,LATENCY_LT_0,< 0 ms
2026-02-04 17:53:49.660,2108,-4072.6726055145264,LATENCY_LT_0,< 0 ms
2026-02-04 17:53:49.677,2108,-4072.336435317993,LATENCY_LT_0,< 0 ms
2026-02-04 17:53:49.693,2108,-4073.0013847351074,LATENCY_LT_0,< 0 ms
2026-02-04 17:53:49.710,2108,-4073.0955600738525,LATENCY_LT_0,< 0 ms
2026-02-04 17:53:49.726,2108,-4073.754072189331,LATENCY_LT_0,< 0 ms
2026-02-04 17:53:49.743,2108,-4073.4267234802246,LATENCY_LT_0,< 0 ms
2026-02-04 17:53:49.760,2108,-4073.0912685394287,LATENCY_LT_0,< 0 ms
2026-02-04 17:53:49.776,2108,-4073.753595352173,LATENCY_LT_0,< 0 ms
2026-02-04 17:53:49.793,2108,-4073.239803314209,LATENCY_LT_0,< 0 ms
2026-02-04 17:53:49.810,2108,-4072.880744934082,LATENCY_LT_0,< 0 ms
2026-02-04 17:53:49.826,2108,-4073.0443000793457,LATENCY_LT_0,< 0 ms
2026-02-04 17:53:49.843,2108,-4073.539972305298,LATENCY_LT_0,< 0 ms
2026-02-04 17:53:49.860,2108,-4072.6938247680664,LATENCY_LT_0,< 0 ms
2026-02-04 17:53:49.876,2108,-4073.3587741851807,LATENCY_LT_0,< 0 ms
2026-02-04 17:53:49.893,2108,-4073.029041290283,LATENCY_LT_0,< 0 ms
2026-02-04 17:53:49.910,2108,-4073.1780529022217,LATENCY_LT_0,< 0 ms
2026-02-04 17:53:49.927,2108,-4072.8378295898438,LATENCY_LT_0,< 0 ms
2026-02-04 17:53:49.943,2108,-4073.4739303588867,LATENCY_LT_0,< 0 ms
2026-02-04 17:53:49.959,2108,-4073.6172199249268,LATENCY_LT_0,< 0 ms
2026-02-04 17:53:49.976,2108,-4073.145866394043,LATENCY_LT_0,< 0 ms
2026-02-04 17:53:49.993,2108,-4073.2996463775635,LATENCY_LT_0,< 0 ms
2026-02-04 17:53:50.010,2108,-4073.3089447021484,LATENCY_LT_0,< 0 ms
2026-02-04 17:53:50.026,2108,-4073.3721256256104,LATENCY_LT_0,< 0 ms
2026-02-04 17:53:50.043,2108,-4073.4872817993164,LATENCY_LT_0,< 0 ms
2026-02-04 17:53:50.060,2108,-4073.152780532837,LATENCY_LT_0,< 0 ms
2026-02-04 17:53:50.077,2108,-4072.8750228881836,LATENCY_LT_0,< 0 ms
2026-02-04 17:53:50.093,2108,-4072.793960571289,LATENCY_LT_0,< 0 ms
2026-02-04 17:53:50.110,2108,-4072.8423595428467,LATENCY_LT_0,< 0 ms
2026-02-04 17:53:50.126,2108,-4073.5068321228027,LATENCY_LT_0,< 0 ms
2026-02-04 17:53:50.143,2108,-4073.1983184814453,LATENCY_LT_0,< 0 ms
2026-02-04 17:53:50.160,2108,-4072.8561878204346,LATENCY_LT_0,< 0 ms
2026-02-04 17:53:50.176,2108,-4073.52876663208,LATENCY_LT_0,< 0 ms
2026-02-04 17:53:50.193,2108,-4073.1871128082275,LATENCY_LT_0,< 0 ms
2026-02-04 17:53:50.210,2108,-4072.819232940674,LATENCY_LT_0,< 0 ms
2026-02-04 17:53:50.226,2108,-4073.410987854004,LATENCY_LT_0,< 0 ms
2026-02-04 17:53:50.243,2108,-4073.075532913208,LATENCY_LT_0,< 0 ms
2026-02-04 17:53:50.259,2108,-4073.7390518188477,LATENCY_LT_0,< 0 ms
2026-02-04 17:53:50.276,2108,-4073.4024047851562,LATENCY_LT_0,< 0 ms
2026-02-04 17:53:50.293,2108,-4073.0669498443604,LATENCY_LT_0,< 0 ms
2026-02-04 17:53:50.309,2108,-4073.7040042877197,LATENCY_LT_0,< 0 ms
2026-02-04 17:53:50.326,2108,-4073.3604431152344,LATENCY_LT_0,< 0 ms
2026-02-04 17:53:50.343,2108,-4073.4376907348633,LATENCY_LT_0,< 0 ms
2026-02-04 17:53:50.359,2108,-4073.478937149048,LATENCY_LT_0,< 0 ms
2026-02-04 17:53:50.376,2108,-4073.1539726257324,LATENCY_LT_0,< 0 ms
2026-02-04 17:53:50.393,2108,-4072.813034057617,LATENCY_LT_0,< 0 ms
2026-02-04 17:53:50.409,2108,-4073.3423233032227,LATENCY_LT_0,< 0 ms
2026-02-04 17:53:50.426,2108,-4073.0063915252686,LATENCY_LT_0,< 0 ms
2026-02-04 17:53:50.443,2108,-4072.686195373535,LATENCY_LT_0,< 0 ms
2026-02-04 17:53:50.459,2108,-4073.349952697754,LATENCY_LT_0,< 0 ms
2026-02-04 17:53:50.478,2108,-4071.0129737854004,LATENCY_LT_0,< 0 ms
2026-02-04 17:53:50.493,2108,-4072.6804733276367,LATENCY_LT_0,< 0 ms
2026-02-04 17:53:50.510,2108,-4073.025703430176,LATENCY_LT_0,< 0 ms
2026-02-04 17:53:50.527,2108,-4072.6897716522217,LATENCY_LT_0,< 0 ms
2026-02-04 17:53:50.543,2108,-4073.3540058135986,LATENCY_LT_0,< 0 ms
2026-02-04 17:53:50.560,2108,-4073.0183124542236,LATENCY_LT_0,< 0 ms
2026-02-04 17:53:50.577,2108,-4072.69024848938,LATENCY_LT_0,< 0 ms
2026-02-04 17:53:50.594,2108,-4072.129011154175,LATENCY_LT_0,< 0 ms
2026-02-04 17:53:50.610,2108,-4072.7615356445312,LATENCY_LT_0,< 0 ms
2026-02-04 17:53:50.627,2108,-4072.9668140411377,LATENCY_LT_0,< 0 ms
2026-02-04 17:53:50.643,2108,-4073.626756668091,LATENCY_LT_0,< 0 ms
2026-02-04 17:53:50.659,2108,-4073.620319366455,LATENCY_LT_0,< 0 ms
2026-02-04 17:53:50.676,2108,-4073.124647140503,LATENCY_LT_0,< 0 ms
2026-02-04 17:53:50.693,2108,-4072.869300842285,LATENCY_LT_0,< 0 ms
2026-02-04 17:53:50.710,2108,-4072.9622840881348,LATENCY_LT_0,< 0 ms
2026-02-04 17:53:50.726,2108,-4073.396682739258,LATENCY_LT_0,< 0 ms
2026-02-04 17:53:50.743,2108,-4073.4715461730957,LATENCY_LT_0,< 0 ms
2026-02-04 17:53:50.760,2108,-4073.136806488037,LATENCY_LT_0,< 0 ms
2026-02-04 17:53:50.777,2108,-4072.803258895874,LATENCY_LT_0,< 0 ms
2026-02-04 17:53:50.793,2108,-4072.951555252075,LATENCY_LT_0,< 0 ms
2026-02-04 17:53:50.809,2108,-4073.5230445861816,LATENCY_LT_0,< 0 ms
2026-02-04 17:53:50.826,2108,-4073.18115234375,LATENCY_LT_0,< 0 ms
2026-02-04 17:53:50.843,2108,-4072.866916656494,LATENCY_LT_0,< 0 ms
2026-02-04 17:53:50.859,2108,-4073.5061168670654,LATENCY_LT_0,< 0 ms
2026-02-04 17:53:50.876,2108,-4073.3325481414795,LATENCY_LT_0,< 0 ms
2026-02-04 17:53:50.895,2108,-4071.078062057495,LATENCY_LT_0,< 0 ms
2026-02-04 17:53:50.910,2108,-4073.2293128967285,LATENCY_LT_0,< 0 ms
2026-02-04 17:53:50.927,2108,-4072.8914737701416,LATENCY_LT_0,< 0 ms
2026-02-04 17:53:50.943,2108,-4073.554039001465,LATENCY_LT_0,< 0 ms
2026-02-04 17:53:50.961,2108,-4072.2131729125977,LATENCY_LT_0,< 0 ms
2026-02-04 17:53:50.981,2108,-4068.681001663208,LATENCY_LT_0,< 0 ms
2026-02-04 17:53:51.003,2108,-4063.6417865753174,LATENCY_LT_0,< 0 ms
2026-02-04 17:53:51.010,2108,-4072.591543197632,LATENCY_LT_0,< 0 ms
2026-02-04 17:53:51.027,2108,-4072.2687244415283,LATENCY_LT_0,< 0 ms
2026-02-04 17:53:51.044,2108,-4072.0629692077637,LATENCY_LT_0,< 0 ms
2026-02-04 17:53:51.059,2108,-4073.5690593719482,LATENCY_LT_0,< 0 ms
2026-02-04 17:53:51.077,2108,-4072.7171897888184,LATENCY_LT_0,< 0 ms
2026-02-04 17:53:51.093,2108,-4073.3344554901123,LATENCY_LT_0,< 0 ms
2026-02-04 17:53:51.116,2108,-4066.970109939575,LATENCY_LT_0,< 0 ms
2026-02-04 17:53:51.128,2108,-4071.122646331787,LATENCY_LT_0,< 0 ms
2026-02-04 17:53:51.149,2108,-4067.213296890259,LATENCY_LT_0,< 0 ms
2026-02-04 17:53:51.159,2108,-4073.357343673706,LATENCY_LT_0,< 0 ms
2026-02-04 17:53:51.176,2108,-4073.4903812408447,LATENCY_LT_0,< 0 ms
2026-02-04 17:53:51.193,2108,-4073.148727416992,LATENCY_LT_0,< 0 ms
2026-02-04 17:53:51.209,2108,-4073.5199451446533,LATENCY_LT_0,< 0 ms
2026-02-04 17:53:51.226,2108,-4073.186159133911,LATENCY_LT_0,< 0 ms
2026-02-04 17:53:51.243,2108,-4072.8657245635986,LATENCY_LT_0,< 0 ms
2026-02-04 17:53:51.260,2108,-4072.5293159484863,LATENCY_LT_0,< 0 ms
2026-02-04 17:53:51.276,2108,-4073.1852054595947,LATENCY_LT_0,< 0 ms
2026-02-04 17:53:51.293,2108,-4072.9446411132812,LATENCY_LT_0,< 0 ms
2026-02-04 17:53:51.309,2108,-4073.4450817108154,LATENCY_LT_0,< 0 ms
2026-02-04 17:53:51.326,2108,-4073.488473892212,LATENCY_LT_0,< 0 ms
2026-02-04 17:53:51.343,2108,-4073.028326034546,LATENCY_LT_0,< 0 ms
2026-02-04 17:53:51.360,2108,-4073.1146335601807,LATENCY_LT_0,< 0 ms
2026-02-04 17:53:51.376,2108,-4073.7860202789307,LATENCY_LT_0,< 0 ms
2026-02-04 17:53:51.393,2108,-4073.446035385132,LATENCY_LT_0,< 0 ms
2026-02-04 17:53:51.409,2108,-4073.5981464385986,LATENCY_LT_0,< 0 ms
2026-02-04 17:53:51.426,2108,-4073.2791423797607,LATENCY_LT_0,< 0 ms
2026-02-04 17:53:51.443,2108,-4072.9429721832275,LATENCY_LT_0,< 0 ms
2026-02-04 17:53:51.460,2108,-4073.089122772217,LATENCY_LT_0,< 0 ms
2026-02-04 17:53:51.476,2108,-4073.1735229492188,LATENCY_LT_0,< 0 ms
2026-02-04 17:53:51.493,2108,-4072.840452194214,LATENCY_LT_0,< 0 ms
2026-02-04 17:53:51.511,2108,-4072.2968578338623,LATENCY_LT_0,< 0 ms
2026-02-04 17:53:51.527,2108,-4072.9591846466064,LATENCY_LT_0,< 0 ms
2026-02-04 17:53:51.543,2108,-4073.6265182495117,LATENCY_LT_0,< 0 ms
2026-02-04 17:53:51.560,2108,-4073.2908248901367,LATENCY_LT_0,< 0 ms
2026-02-04 17:53:51.577,2108,-4072.9622840881348,LATENCY_LT_0,< 0 ms
2026-02-04 17:53:51.593,2108,-4073.622703552246,LATENCY_LT_0,< 0 ms
2026-02-04 17:53:51.610,2108,-4072.9498863220215,LATENCY_LT_0,< 0 ms
2026-02-04 17:53:51.626,2108,-4073.6148357391357,LATENCY_LT_0,< 0 ms
2026-02-04 17:53:51.643,2108,-4073.2927322387695,LATENCY_LT_0,< 0 ms
2026-02-04 17:53:51.660,2108,-4072.9570388793945,LATENCY_LT_0,< 0 ms
2026-02-04 17:53:51.676,2108,-4073.6186504364014,LATENCY_LT_0,< 0 ms
2026-02-04 17:53:51.692,2108,-4073.7783908843994,LATENCY_LT_0,< 0 ms
2026-02-04 17:53:51.709,2108,-4073.3537673950195,LATENCY_LT_0,< 0 ms
2026-02-04 17:53:51.726,2108,-4073.014497756958,LATENCY_LT_0,< 0 ms
2026-02-04 17:53:51.742,2108,-4073.681592941284,LATENCY_LT_0,< 0 ms
2026-02-04 17:53:51.759,2108,-4073.3447074890137,LATENCY_LT_0,< 0 ms
2026-02-04 17:53:51.776,2108,-4073.0161666870117,LATENCY_LT_0,< 0 ms
2026-02-04 17:53:51.792,2108,-4073.6746788024902,LATENCY_LT_0,< 0 ms
2026-02-04 17:53:51.810,2108,-4072.8273391723633,LATENCY_LT_0,< 0 ms
2026-02-04 17:53:51.826,2108,-4073.509454727173,LATENCY_LT_0,< 0 ms
2026-02-04 17:53:51.843,2108,-4073.1678009033203,LATENCY_LT_0,< 0 ms
2026-02-04 17:53:51.860,2108,-4073.3211040496826,LATENCY_LT_0,< 0 ms
2026-02-04 17:53:51.876,2108,-4073.429822921753,LATENCY_LT_0,< 0 ms
2026-02-04 17:53:51.893,2108,-4073.5831260681152,LATENCY_LT_0,< 0 ms
2026-02-04 17:53:51.910,2108,-4073.1656551361084,LATENCY_LT_0,< 0 ms
2026-02-04 17:53:51.927,2108,-4072.8302001953125,LATENCY_LT_0,< 0 ms
2026-02-04 17:53:51.944,2108,-4072.493076324463,LATENCY_LT_0,< 0 ms
2026-02-04 17:53:51.961,2108,-4072.1590518951416,LATENCY_LT_0,< 0 ms
2026-02-04 17:53:51.977,2108,-4072.831630706787,LATENCY_LT_0,< 0 ms
2026-02-04 17:53:51.993,2108,-4073.488473892212,LATENCY_LT_0,< 0 ms
2026-02-04 17:53:52.009,2108,-4073.638439178467,LATENCY_LT_0,< 0 ms
2026-02-04 17:53:52.026,2108,-4073.3065605163574,LATENCY_LT_0,< 0 ms
2026-02-04 17:53:52.043,2108,-4072.9856491088867,LATENCY_LT_0,< 0 ms
2026-02-04 17:53:52.059,2108,-4073.6494064331055,LATENCY_LT_0,< 0 ms
2026-02-04 17:53:52.076,2108,-4073.307752609253,LATENCY_LT_0,< 0 ms
2026-02-04 17:53:52.093,2108,-4072.916269302368,LATENCY_LT_0,< 0 ms
2026-02-04 17:53:52.109,2108,-4073.5490322113037,LATENCY_LT_0,< 0 ms
2026-02-04 17:53:52.126,2108,-4073.2064247131348,LATENCY_LT_0,< 0 ms
2026-02-04 17:53:52.143,2108,-4073.3540058135986,LATENCY_LT_0,< 0 ms
2026-02-04 17:53:52.159,2108,-4073.4612941741943,LATENCY_LT_0,< 0 ms
2026-02-04 17:53:52.176,2108,-4073.0650424957275,LATENCY_LT_0,< 0 ms
2026-02-04 17:53:52.192,2108,-4073.7249851226807,LATENCY_LT_0,< 0 ms
2026-02-04 17:53:52.210,2108,-4072.8728771209717,LATENCY_LT_0,< 0 ms
2026-02-04 17:53:52.226,2108,-4073.5509395599365,LATENCY_LT_0,< 0 ms
2026-02-04 17:53:52.243,2108,-4073.2181072235107,LATENCY_LT_0,< 0 ms
2026-02-04 17:53:52.260,2108,-4072.87859916687,LATENCY_LT_0,< 0 ms
2026-02-04 17:53:52.276,2108,-4073.136329650879,LATENCY_LT_0,< 0 ms
2026-02-04 17:53:52.293,2108,-4073.253393173218,LATENCY_LT_0,< 0 ms
2026-02-04 17:53:52.309,2108,-4073.4055042266846,LATENCY_LT_0,< 0 ms
2026-02-04 17:53:52.326,2108,-4073.064088821411,LATENCY_LT_0,< 0 ms
2026-02-04 17:53:52.343,2108,-4073.6069679260254,LATENCY_LT_0,< 0 ms
2026-02-04 17:53:52.359,2108,-4073.8039016723633,LATENCY_LT_0,< 0 ms
2026-02-04 17:53:52.376,2108,-4073.472738265991,LATENCY_LT_0,< 0 ms
2026-02-04 17:53:52.396,2108,-4070.1348781585693,LATENCY_LT_0,< 0 ms
2026-02-04 17:53:52.411,2108,-4072.2856521606445,LATENCY_LT_0,< 0 ms
2026-02-04 17:53:52.427,2108,-4072.0419883728027,LATENCY_LT_0,< 0 ms
2026-02-04 17:53:52.443,2108,-4072.7200508117676,LATENCY_LT_0,< 0 ms
2026-02-04 17:53:52.459,2108,-4073.3847618103027,LATENCY_LT_0,< 0 ms
2026-02-04 17:53:52.476,2108,-4073.0490684509277,LATENCY_LT_0,< 0 ms
2026-02-04 17:53:52.492,2108,-4073.719024658203,LATENCY_LT_0,< 0 ms
2026-02-04 17:53:52.509,2108,-4073.3518600463867,LATENCY_LT_0,< 0 ms
2026-02-04 17:53:52.526,2108,-4073.411226272583,LATENCY_LT_0,< 0 ms
2026-02-04 17:53:52.543,2108,-4073.075294494629,LATENCY_LT_0,< 0 ms
2026-02-04 17:53:52.559,2108,-4073.739767074585,LATENCY_LT_0,< 0 ms
2026-02-04 17:53:52.576,2108,-4073.411226272583,LATENCY_LT_0,< 0 ms
2026-02-04 17:53:52.593,2108,-4073.0714797973633,LATENCY_LT_0,< 0 ms
2026-02-04 17:53:52.610,2108,-4072.6563930511475,LATENCY_LT_0,< 0 ms
2026-02-04 17:53:52.626,2108,-4073.3375549316406,LATENCY_LT_0,< 0 ms
2026-02-04 17:53:52.700,2108,-4015.970230102539,LATENCY_LT_0,< 0 ms
2026-02-04 17:53:52.713,2108,-4019.634246826172,LATENCY_LT_0,< 0 ms
2026-02-04 17:53:52.714,2108,-4035.296678543091,LATENCY_LT_0,< 0 ms
2026-02-04 17:53:52.714,2108,-4051.968574523926,LATENCY_LT_0,< 0 ms
2026-02-04 17:53:52.715,2108,-4067.633628845215,LATENCY_LT_0,< 0 ms
2026-02-04 17:53:52.727,2108,-4072.298765182495,LATENCY_LT_0,< 0 ms
2026-02-04 17:53:52.743,2108,-4072.96085357666,LATENCY_LT_0,< 0 ms
2026-02-04 17:53:52.759,2108,-4073.62699508667,LATENCY_LT_0,< 0 ms
2026-02-04 17:53:52.776,2108,-4073.298931121826,LATENCY_LT_0,< 0 ms
2026-02-04 17:53:52.793,2108,-4072.9572772979736,LATENCY_LT_0,< 0 ms
2026-02-04 17:53:52.810,2108,-4073.1959342956543,LATENCY_LT_0,< 0 ms
2026-02-04 17:53:52.826,2108,-4073.8589763641357,LATENCY_LT_0,< 0 ms
2026-02-04 17:53:52.843,2108,-4073.542356491089,LATENCY_LT_0,< 0 ms
2026-02-04 17:53:52.860,2108,-4073.2011795043945,LATENCY_LT_0,< 0 ms
2026-02-04 17:53:52.877,2108,-4072.8707313537598,LATENCY_LT_0,< 0 ms
2026-02-04 17:53:52.893,2108,-4073.5373497009277,LATENCY_LT_0,< 0 ms
2026-02-04 17:53:52.910,2108,-4072.690486907959,LATENCY_LT_0,< 0 ms
2026-02-04 17:53:52.926,2108,-4073.3492374420166,LATENCY_LT_0,< 0 ms
2026-02-04 17:53:52.942,2108,-4073.777675628662,LATENCY_LT_0,< 0 ms
2026-02-04 17:53:52.959,2108,-4073.4431743621826,LATENCY_LT_0,< 0 ms
2026-02-04 17:53:52.976,2108,-4073.1160640716553,LATENCY_LT_0,< 0 ms
2026-02-04 17:53:52.993,2108,-4072.77512550354,LATENCY_LT_0,< 0 ms
2026-02-04 17:53:53.010,2108,-4073.239326477051,LATENCY_LT_0,< 0 ms
2026-02-04 17:53:53.027,2108,-4072.9196071624756,LATENCY_LT_0,< 0 ms
2026-02-04 17:53:53.043,2108,-4073.582410812378,LATENCY_LT_0,< 0 ms
2026-02-04 17:53:53.060,2108,-4073.241949081421,LATENCY_LT_0,< 0 ms
2026-02-04 17:53:53.076,2108,-4073.817491531372,LATENCY_LT_0,< 0 ms
2026-02-04 17:53:53.093,2108,-4073.4171867370605,LATENCY_LT_0,< 0 ms
2026-02-04 17:53:53.109,2108,-4073.551654815674,LATENCY_LT_0,< 0 ms
2026-02-04 17:53:53.126,2108,-4073.6021995544434,LATENCY_LT_0,< 0 ms
2026-02-04 17:53:53.143,2108,-4073.2669830322266,LATENCY_LT_0,< 0 ms
2026-02-04 17:53:53.231,2108,-4001.614809036255,LATENCY_LT_0,< 0 ms
2026-02-04 17:53:53.256,2108,-3993.2820796966553,LATENCY_LT_0,< 0 ms
2026-02-04 17:53:53.256,2108,-4009.94610786438,LATENCY_LT_0,< 0 ms
2026-02-04 17:53:53.257,2108,-4025.6094932556152,LATENCY_LT_0,< 0 ms
2026-02-04 17:53:53.257,2108,-4042.27352142334,LATENCY_LT_0,< 0 ms
2026-02-04 17:53:53.261,2108,-4054.9533367156982,LATENCY_LT_0,< 0 ms
2026-02-04 17:53:53.263,2108,-4069.617748260498,LATENCY_LT_0,< 0 ms
2026-02-04 17:53:53.277,2108,-4072.9312896728516,LATENCY_LT_0,< 0 ms
2026-02-04 17:53:53.293,2108,-4073.086738586426,LATENCY_LT_0,< 0 ms
2026-02-04 17:53:53.310,2108,-4073.23956489563,LATENCY_LT_0,< 0 ms
2026-02-04 17:53:53.326,2108,-4073.4074115753174,LATENCY_LT_0,< 0 ms
2026-02-04 17:53:53.343,2108,-4073.44913482666,LATENCY_LT_0,< 0 ms
2026-02-04 17:53:53.359,2108,-4073.536157608032,LATENCY_LT_0,< 0 ms
2026-02-04 17:53:53.376,2108,-4073.2085704803467,LATENCY_LT_0,< 0 ms
2026-02-04 17:53:53.393,2108,-4072.8676319122314,LATENCY_LT_0,< 0 ms
2026-02-04 17:53:53.410,2108,-4073.0180740356445,LATENCY_LT_0,< 0 ms
2026-02-04 17:53:53.426,2108,-4073.6989974975586,LATENCY_LT_0,< 0 ms
2026-02-04 17:53:53.443,2108,-4073.3611583709717,LATENCY_LT_0,< 0 ms
2026-02-04 17:53:53.460,2108,-4073.026418685913,LATENCY_LT_0,< 0 ms
2026-02-04 17:53:53.476,2108,-4073.688745498657,LATENCY_LT_0,< 0 ms
2026-02-04 17:53:53.493,2108,-4073.3556747436523,LATENCY_LT_0,< 0 ms
2026-02-04 17:53:53.509,2108,-4073.615789413452,LATENCY_LT_0,< 0 ms
2026-02-04 17:53:53.527,2108,-4072.279214859009,LATENCY_LT_0,< 0 ms
2026-02-04 17:53:53.543,2108,-4072.9424953460693,LATENCY_LT_0,< 0 ms
2026-02-04 17:53:53.559,2108,-4073.5363960266113,LATENCY_LT_0,< 0 ms
2026-02-04 17:53:53.576,2108,-4073.1499195098877,LATENCY_LT_0,< 0 ms
2026-02-04 17:53:53.593,2108,-4072.8068351745605,LATENCY_LT_0,< 0 ms
2026-02-04 17:53:53.610,2108,-4072.9546546936035,LATENCY_LT_0,< 0 ms
2026-02-04 17:53:53.626,2108,-4073.6212730407715,LATENCY_LT_0,< 0 ms
2026-02-04 17:53:53.643,2108,-4072.7803707122803,LATENCY_LT_0,< 0 ms
2026-02-04 17:53:53.660,2108,-4072.8962421417236,LATENCY_LT_0,< 0 ms
2026-02-04 17:53:53.676,2108,-4073.3659267425537,LATENCY_LT_0,< 0 ms
2026-02-04 17:53:53.693,2108,-4073.4596252441406,LATENCY_LT_0,< 0 ms
2026-02-04 17:53:53.710,2108,-4073.028564453125,LATENCY_LT_0,< 0 ms
2026-02-04 17:53:53.726,2108,-4073.68540763855,LATENCY_LT_0,< 0 ms
2026-02-04 17:53:53.743,2108,-4073.275327682495,LATENCY_LT_0,< 0 ms
2026-02-04 17:53:53.760,2108,-4072.942018508911,LATENCY_LT_0,< 0 ms
2026-02-04 17:53:53.777,2108,-4072.613000869751,LATENCY_LT_0,< 0 ms
2026-02-04 17:53:53.793,2108,-4073.2717514038086,LATENCY_LT_0,< 0 ms
2026-02-04 17:53:53.810,2108,-4072.8633403778076,LATENCY_LT_0,< 0 ms
2026-02-04 17:53:53.826,2108,-4073.5433101654053,LATENCY_LT_0,< 0 ms
2026-02-04 17:53:53.843,2108,-4073.1167793273926,LATENCY_LT_0,< 0 ms
2026-02-04 17:53:53.859,2108,-4073.7781524658203,LATENCY_LT_0,< 0 ms
2026-02-04 17:53:53.876,2108,-4073.4293460845947,LATENCY_LT_0,< 0 ms
2026-02-04 17:53:53.893,2108,-4073.049306869507,LATENCY_LT_0,< 0 ms
2026-02-04 17:53:53.909,2108,-4073.63224029541,LATENCY_LT_0,< 0 ms
2026-02-04 17:53:53.926,2108,-4073.295831680298,LATENCY_LT_0,< 0 ms
2026-02-04 17:53:53.943,2108,-4072.962760925293,LATENCY_LT_0,< 0 ms
2026-02-04 17:53:53.959,2108,-4073.6281871795654,LATENCY_LT_0,< 0 ms
2026-02-04 17:53:53.977,2108,-4072.298288345337,LATENCY_LT_0,< 0 ms
2026-02-04 17:53:53.994,2108,-4071.9571113586426,LATENCY_LT_0,< 0 ms
2026-02-04 17:53:54.010,2108,-4072.4525451660156,LATENCY_LT_0,< 0 ms
2026-02-04 17:53:54.026,2108,-4073.1143951416016,LATENCY_LT_0,< 0 ms
2026-02-04 17:53:54.043,2108,-4072.795629501343,LATENCY_LT_0,< 0 ms
2026-02-04 17:53:54.059,2108,-4073.458671569824,LATENCY_LT_0,< 0 ms
2026-02-04 17:53:54.076,2108,-4073.1208324432373,LATENCY_LT_0,< 0 ms
2026-02-04 17:53:54.093,2108,-4073.2805728912354,LATENCY_LT_0,< 0 ms
2026-02-04 17:53:54.110,2108,-4072.915554046631,LATENCY_LT_0,< 0 ms
2026-02-04 17:53:54.126,2108,-4073.57120513916,LATENCY_LT_0,< 0 ms
2026-02-04 17:53:54.143,2108,-4072.725772857666,LATENCY_LT_0,< 0 ms
2026-02-04 17:53:54.160,2108,-4072.831630706787,LATENCY_LT_0,< 0 ms
2026-02-04 17:53:54.176,2108,-4073.5037326812744,LATENCY_LT_0,< 0 ms
2026-02-04 17:53:54.193,2108,-4073.1611251831055,LATENCY_LT_0,< 0 ms
2026-02-04 17:53:54.210,2108,-4073.314905166626,LATENCY_LT_0,< 0 ms
2026-02-04 17:53:54.227,2108,-4072.990894317627,LATENCY_LT_0,< 0 ms
2026-02-04 17:53:54.243,2108,-4073.655366897583,LATENCY_LT_0,< 0 ms
2026-02-04 17:53:54.260,2108,-4073.322057723999,LATENCY_LT_0,< 0 ms
2026-02-04 17:53:54.277,2108,-4072.986364364624,LATENCY_LT_0,< 0 ms
2026-02-04 17:53:54.293,2108,-4073.6498832702637,LATENCY_LT_0,< 0 ms
2026-02-04 17:53:54.310,2108,-4073.1122493743896,LATENCY_LT_0,< 0 ms
2026-02-04 17:53:54.327,2108,-4072.7710723876953,LATENCY_LT_0,< 0 ms
2026-02-04 17:53:54.343,2108,-4072.9339122772217,LATENCY_LT_0,< 0 ms
2026-02-04 17:53:54.360,2108,-4072.9904174804688,LATENCY_LT_0,< 0 ms
2026-02-04 17:53:54.376,2108,-4073.6613273620605,LATENCY_LT_0,< 0 ms
2026-02-04 17:53:54.393,2108,-4072.8116035461426,LATENCY_LT_0,< 0 ms
2026-02-04 17:53:54.412,2108,-4070.3799724578857,LATENCY_LT_0,< 0 ms
2026-02-04 17:53:54.427,2108,-4072.0431804656982,LATENCY_LT_0,< 0 ms
2026-02-04 17:53:54.443,2108,-4072.7198123931885,LATENCY_LT_0,< 0 ms
2026-02-04 17:53:54.460,2108,-4073.3256340026855,LATENCY_LT_0,< 0 ms
2026-02-04 17:53:54.477,2108,-4072.9897022247314,LATENCY_LT_0,< 0 ms
2026-02-04 17:53:54.495,2108,-4071.6552734375,LATENCY_LT_0,< 0 ms
2026-02-04 17:53:54.509,2108,-4073.6260414123535,LATENCY_LT_0,< 0 ms
2026-02-04 17:53:54.526,2108,-4073.225736618042,LATENCY_LT_0,< 0 ms
2026-02-04 17:53:54.543,2108,-4072.8886127471924,LATENCY_LT_0,< 0 ms
2026-02-04 17:53:54.559,2108,-4073.5530853271484,LATENCY_LT_0,< 0 ms
2026-02-04 17:53:54.576,2108,-4073.2247829437256,LATENCY_LT_0,< 0 ms
2026-02-04 17:53:54.593,2108,-4072.8859901428223,LATENCY_LT_0,< 0 ms
2026-02-04 17:53:54.610,2108,-4073.0345249176025,LATENCY_LT_0,< 0 ms
2026-02-04 17:53:54.626,2108,-4073.7152099609375,LATENCY_LT_0,< 0 ms
2026-02-04 17:53:54.643,2108,-4073.3797550201416,LATENCY_LT_0,< 0 ms
2026-02-04 17:53:54.660,2108,-4073.042869567871,LATENCY_LT_0,< 0 ms
2026-02-04 17:53:54.677,2108,-4072.7076530456543,LATENCY_LT_0,< 0 ms
2026-02-04 17:53:54.693,2108,-4073.3752250671387,LATENCY_LT_0,< 0 ms
2026-02-04 17:53:54.710,2108,-4072.9141235351562,LATENCY_LT_0,< 0 ms
2026-02-04 17:53:54.726,2108,-4073.580026626587,LATENCY_LT_0,< 0 ms
2026-02-04 17:53:54.743,2108,-4073.244094848633,LATENCY_LT_0,< 0 ms
2026-02-04 17:53:54.760,2108,-4072.9057788848877,LATENCY_LT_0,< 0 ms
2026-02-04 17:53:54.776,2108,-4073.5788345336914,LATENCY_LT_0,< 0 ms
2026-02-04 17:53:54.793,2108,-4073.237895965576,LATENCY_LT_0,< 0 ms
2026-02-04 17:53:54.809,2108,-4073.3869075775146,LATENCY_LT_0,< 0 ms
2026-02-04 17:53:54.826,2108,-4073.0526447296143,LATENCY_LT_0,< 0 ms
2026-02-04 17:53:54.842,2108,-4073.733329772949,LATENCY_LT_0,< 0 ms
2026-02-04 17:53:54.859,2108,-4073.3964443206787,LATENCY_LT_0,< 0 ms
2026-02-04 17:53:54.876,2108,-4073.054075241089,LATENCY_LT_0,< 0 ms
2026-02-04 17:53:54.893,2108,-4073.4853744506836,LATENCY_LT_0,< 0 ms
2026-02-04 17:53:54.910,2108,-4073.070287704468,LATENCY_LT_0,< 0 ms
2026-02-04 17:53:54.927,2108,-4072.736978530884,LATENCY_LT_0,< 0 ms
2026-02-04 17:53:54.943,2108,-4073.3988285064697,LATENCY_LT_0,< 0 ms
2026-02-04 17:53:54.959,2108,-4073.550224304199,LATENCY_LT_0,< 0 ms
2026-02-04 17:53:54.976,2108,-4073.6026763916016,LATENCY_LT_0,< 0 ms
2026-02-04 17:53:54.993,2108,-4073.263168334961,LATENCY_LT_0,< 0 ms
2026-02-04 17:53:55.010,2108,-4073.2052326202393,LATENCY_LT_0,< 0 ms
2026-02-04 17:53:55.027,2108,-4072.887182235718,LATENCY_LT_0,< 0 ms
2026-02-04 17:53:55.043,2108,-4073.547124862671,LATENCY_LT_0,< 0 ms
2026-02-04 17:53:55.060,2108,-4072.6852416992188,LATENCY_LT_0,< 0 ms
2026-02-04 17:53:55.076,2108,-4073.805093765259,LATENCY_LT_0,< 0 ms
2026-02-04 17:53:55.093,2108,-4072.963237762451,LATENCY_LT_0,< 0 ms
2026-02-04 17:53:55.110,2108,-4072.8394985198975,LATENCY_LT_0,< 0 ms
2026-02-04 17:53:55.126,2108,-4073.5044479370117,LATENCY_LT_0,< 0 ms
2026-02-04 17:53:55.143,2108,-4073.166847229004,LATENCY_LT_0,< 0 ms
2026-02-04 17:53:55.160,2108,-4072.831630706787,LATENCY_LT_0,< 0 ms
2026-02-04 17:53:55.176,2108,-4073.5020637512207,LATENCY_LT_0,< 0 ms
2026-02-04 17:53:55.193,2108,-4073.164939880371,LATENCY_LT_0,< 0 ms
2026-02-04 17:53:55.209,2108,-4073.7686157226562,LATENCY_LT_0,< 0 ms
2026-02-04 17:53:55.226,2108,-4073.2603073120117,LATENCY_LT_0,< 0 ms
2026-02-04 17:53:55.243,2108,-4073.4260082244873,LATENCY_LT_0,< 0 ms
2026-02-04 17:53:55.260,2108,-4073.0926990509033,LATENCY_LT_0,< 0 ms
2026-02-04 17:53:55.276,2108,-4073.7557411193848,LATENCY_LT_0,< 0 ms
2026-02-04 17:53:55.293,2108,-4073.4214782714844,LATENCY_LT_0,< 0 ms
2026-02-04 17:53:55.309,2108,-4073.575735092163,LATENCY_LT_0,< 0 ms
2026-02-04 17:53:55.326,2108,-4073.2336044311523,LATENCY_LT_0,< 0 ms
2026-02-04 17:53:55.343,2108,-4072.8836059570312,LATENCY_LT_0,< 0 ms
2026-02-04 17:53:55.359,2108,-4073.3964443206787,LATENCY_LT_0,< 0 ms
2026-02-04 17:53:55.377,2108,-4072.0608234405518,LATENCY_LT_0,< 0 ms
2026-02-04 17:53:55.393,2108,-4073.2038021087646,LATENCY_LT_0,< 0 ms
2026-02-04 17:53:55.410,2108,-4073.030471801758,LATENCY_LT_0,< 0 ms
2026-02-04 17:53:55.426,2108,-4073.369026184082,LATENCY_LT_0,< 0 ms
2026-02-04 17:53:55.443,2108,-4073.5011100769043,LATENCY_LT_0,< 0 ms
2026-02-04 17:53:55.460,2108,-4073.16255569458,LATENCY_LT_0,< 0 ms
2026-02-04 17:53:55.477,2108,-4072.8189945220947,LATENCY_LT_0,< 0 ms
2026-02-04 17:53:55.493,2108,-4073.1680393218994,LATENCY_LT_0,< 0 ms
2026-02-04 17:53:55.510,2108,-4073.1983184814453,LATENCY_LT_0,< 0 ms
2026-02-04 17:53:55.527,2108,-4072.859764099121,LATENCY_LT_0,< 0 ms
2026-02-04 17:53:55.543,2108,-4073.0154514312744,LATENCY_LT_0,< 0 ms
2026-02-04 17:53:55.560,2108,-4072.678804397583,LATENCY_LT_0,< 0 ms
2026-02-04 17:53:55.576,2108,-4073.3470916748047,LATENCY_LT_0,< 0 ms
2026-02-04 17:53:55.593,2108,-4072.934150695801,LATENCY_LT_0,< 0 ms
2026-02-04 17:53:55.609,2108,-4073.791980743408,LATENCY_LT_0,< 0 ms
2026-02-04 17:53:55.626,2108,-4073.4550952911377,LATENCY_LT_0,< 0 ms
2026-02-04 17:53:55.643,2108,-4073.124647140503,LATENCY_LT_0,< 0 ms
2026-02-04 17:53:55.662,2108,-4070.451259613037,LATENCY_LT_0,< 0 ms
2026-02-04 17:53:55.676,2108,-4073.6052989959717,LATENCY_LT_0,< 0 ms
2026-02-04 17:53:55.693,2108,-4073.353052139282,LATENCY_LT_0,< 0 ms
2026-02-04 17:53:55.709,2108,-4073.6677646636963,LATENCY_LT_0,< 0 ms
2026-02-04 17:53:55.727,2108,-4072.8209018707275,LATENCY_LT_0,< 0 ms
2026-02-04 17:53:55.743,2108,-4073.486804962158,LATENCY_LT_0,< 0 ms
2026-02-04 17:53:55.760,2108,-4073.1472969055176,LATENCY_LT_0,< 0 ms
2026-02-04 17:53:55.777,2108,-4072.822332382202,LATENCY_LT_0,< 0 ms
2026-02-04 17:53:55.798,2108,-4068.4802532196045,LATENCY_LT_0,< 0 ms
2026-02-04 17:53:55.809,2108,-4073.629140853882,LATENCY_LT_0,< 0 ms
2026-02-04 17:53:55.826,2108,-4073.312759399414,LATENCY_LT_0,< 0 ms
2026-02-04 17:53:55.843,2108,-4072.9706287384033,LATENCY_LT_0,< 0 ms
2026-02-04 17:53:55.859,2108,-4073.486566543579,LATENCY_LT_0,< 0 ms
2026-02-04 17:53:55.876,2108,-4073.1515884399414,LATENCY_LT_0,< 0 ms
2026-02-04 17:53:55.893,2108,-4073.3044147491455,LATENCY_LT_0,< 0 ms
2026-02-04 17:53:55.909,2108,-4073.453187942505,LATENCY_LT_0,< 0 ms
2026-02-04 17:53:55.926,2108,-4073.1112957000732,LATENCY_LT_0,< 0 ms
2026-02-04 17:53:55.943,2108,-4073.26078414917,LATENCY_LT_0,< 0 ms
2026-02-04 17:53:55.959,2108,-4073.415756225586,LATENCY_LT_0,< 0 ms
2026-02-04 17:53:55.976,2108,-4073.033332824707,LATENCY_LT_0,< 0 ms
2026-02-04 17:53:55.993,2108,-4073.17852973938,LATENCY_LT_0,< 0 ms
2026-02-04 17:53:56.009,2108,-4073.3373165130615,LATENCY_LT_0,< 0 ms
2026-02-04 17:53:56.026,2108,-4073.000192642212,LATENCY_LT_0,< 0 ms
2026-02-04 17:53:56.042,2108,-4073.6799240112305,LATENCY_LT_0,< 0 ms
2026-02-04 17:53:56.059,2108,-4073.345184326172,LATENCY_LT_0,< 0 ms
2026-02-04 17:53:56.076,2108,-4073.0056762695312,LATENCY_LT_0,< 0 ms
2026-02-04 17:53:56.093,2108,-4073.1656551361084,LATENCY_LT_0,< 0 ms
2026-02-04 17:53:56.110,2108,-4073.289632797241,LATENCY_LT_0,< 0 ms
2026-02-04 17:53:56.127,2108,-4072.9546546936035,LATENCY_LT_0,< 0 ms
2026-02-04 17:53:56.143,2108,-4073.6215114593506,LATENCY_LT_0,< 0 ms
2026-02-04 17:53:56.166,2108,-4067.2852993011475,LATENCY_LT_0,< 0 ms
2026-02-04 17:53:56.179,2108,-4070.9569454193115,LATENCY_LT_0,< 0 ms
2026-02-04 17:53:56.200,2108,-4066.615581512451,LATENCY_LT_0,< 0 ms
2026-02-04 17:53:56.210,2108,-4073.2362270355225,LATENCY_LT_0,< 0 ms
2026-02-04 17:53:56.227,2108,-4072.911500930786,LATENCY_LT_0,< 0 ms
2026-02-04 17:53:56.243,2108,-4073.5812187194824,LATENCY_LT_0,< 0 ms
2026-02-04 17:53:56.260,2108,-4073.2433795928955,LATENCY_LT_0,< 0 ms
2026-02-04 17:53:56.277,2108,-4072.908639907837,LATENCY_LT_0,< 0 ms
2026-02-04 17:53:56.293,2108,-4073.5764503479004,LATENCY_LT_0,< 0 ms
2026-02-04 17:53:56.309,2108,-4073.627233505249,LATENCY_LT_0,< 0 ms
2026-02-04 17:53:56.325,2108,-4074.293613433838,LATENCY_LT_0,< 0 ms
2026-02-04 17:53:56.342,2108,-4073.936939239502,LATENCY_LT_0,< 0 ms
2026-02-04 17:53:56.359,2108,-4073.557138442993,LATENCY_LT_0,< 0 ms
2026-02-04 17:53:56.377,2108,-4072.721004486084,LATENCY_LT_0,< 0 ms
2026-02-04 17:53:56.393,2108,-4072.87335395813,LATENCY_LT_0,< 0 ms
2026-02-04 17:53:56.409,2108,-4073.5433101654053,LATENCY_LT_0,< 0 ms
2026-02-04 17:53:56.428,2108,-4071.699857711792,LATENCY_LT_0,< 0 ms
2026-02-04 17:53:56.450,2108,-4066.119432449341,LATENCY_LT_0,< 0 ms
2026-02-04 17:53:56.461,2108,-4071.7849731445312,LATENCY_LT_0,< 0 ms
2026-02-04 17:53:56.477,2108,-4072.9339122772217,LATENCY_LT_0,< 0 ms
2026-02-04 17:53:56.493,2108,-4073.599100112915,LATENCY_LT_0,< 0 ms
2026-02-04 17:53:56.509,2108,-4073.751211166382,LATENCY_LT_0,< 0 ms
2026-02-04 17:53:56.526,2108,-4073.4102725982666,LATENCY_LT_0,< 0 ms
2026-02-04 17:53:56.542,2108,-4073.9259719848633,LATENCY_LT_0,< 0 ms
2026-02-04 17:53:56.562,2108,-4071.0766315460205,LATENCY_LT_0,< 0 ms
2026-02-04 17:53:56.576,2108,-4073.7409591674805,LATENCY_LT_0,< 0 ms
2026-02-04 17:53:56.593,2108,-4072.8940963745117,LATENCY_LT_0,< 0 ms
2026-02-04 17:53:56.610,2108,-4073.0233192443848,LATENCY_LT_0,< 0 ms
2026-02-04 17:53:56.627,2108,-4072.7038383483887,LATENCY_LT_0,< 0 ms
2026-02-04 17:53:56.644,2108,-4072.3679065704346,LATENCY_LT_0,< 0 ms
2026-02-04 17:53:56.660,2108,-4073.0316638946533,LATENCY_LT_0,< 0 ms
2026-02-04 17:53:56.677,2108,-4072.176456451416,LATENCY_LT_0,< 0 ms
2026-02-04 17:53:56.693,2108,-4072.848320007324,LATENCY_LT_0,< 0 ms
2026-02-04 17:53:56.709,2108,-4073.486566543579,LATENCY_LT_0,< 0 ms
2026-02-04 17:53:56.726,2108,-4073.152542114258,LATENCY_LT_0,< 0 ms
2026-02-04 17:53:56.742,2108,-4073.812961578369,LATENCY_LT_0,< 0 ms
2026-02-04 17:53:56.760,2108,-4072.963237762451,LATENCY_LT_0,< 0 ms
2026-02-04 17:53:56.776,2108,-4073.119878768921,LATENCY_LT_0,< 0 ms
2026-02-04 17:53:56.793,2108,-4073.2686519622803,LATENCY_LT_0,< 0 ms
2026-02-04 17:53:56.812,2108,-4070.927381515503,LATENCY_LT_0,< 0 ms
2026-02-04 17:53:56.826,2108,-4073.5909938812256,LATENCY_LT_0,< 0 ms
2026-02-04 17:53:56.847,2108,-4069.2691802978516,LATENCY_LT_0,< 0 ms
2026-02-04 17:53:56.860,2108,-4072.935104370117,LATENCY_LT_0,< 0 ms
2026-02-04 17:53:56.876,2108,-4073.5998153686523,LATENCY_LT_0,< 0 ms
2026-02-04 17:53:56.893,2108,-4073.2624530792236,LATENCY_LT_0,< 0 ms
2026-02-04 17:53:56.915,2108,-4067.903518676758,LATENCY_LT_0,< 0 ms
2026-02-04 17:53:56.926,2108,-4073.0624198913574,LATENCY_LT_0,< 0 ms
2026-02-04 17:53:56.948,2108,-4067.7106380462646,LATENCY_LT_0,< 0 ms
2026-02-04 17:53:56.960,2108,-4072.861671447754,LATENCY_LT_0,< 0 ms
2026-02-04 17:53:56.988,2108,-4061.0086917877197,LATENCY_LT_0,< 0 ms
2026-02-04 17:53:56.993,2108,-4073.1630325317383,LATENCY_LT_0,< 0 ms
2026-02-04 17:53:57.011,2108,-4072.316884994507,LATENCY_LT_0,< 0 ms
2026-02-04 17:53:57.041,2108,-4058.190107345581,LATENCY_LT_0,< 0 ms
2026-02-04 17:53:57.043,2108,-4072.852373123169,LATENCY_LT_0,< 0 ms
2026-02-04 17:53:57.072,2108,-4060.5080127716064,LATENCY_LT_0,< 0 ms
2026-02-04 17:53:57.090,2108,-4059.659957885742,LATENCY_LT_0,< 0 ms
2026-02-04 17:53:57.093,2108,-4073.331117630005,LATENCY_LT_0,< 0 ms
2026-02-04 17:53:57.119,2108,-4063.4381771087646,LATENCY_LT_0,< 0 ms
2026-02-04 17:53:57.135,2108,-4064.1026496887207,LATENCY_LT_0,< 0 ms
2026-02-04 17:53:57.151,2108,-4064.7635459899902,LATENCY_LT_0,< 0 ms
2026-02-04 17:53:57.166,2108,-4066.43009185791,LATENCY_LT_0,< 0 ms
2026-02-04 17:53:57.176,2108,-4073.103427886963,LATENCY_LT_0,< 0 ms
2026-02-04 17:53:57.192,2108,-4073.760747909546,LATENCY_LT_0,< 0 ms
2026-02-04 17:53:57.212,2108,-4070.909261703491,LATENCY_LT_0,< 0 ms
2026-02-04 17:53:57.228,2108,-4071.573257446289,LATENCY_LT_0,< 0 ms
2026-02-04 17:53:57.243,2108,-4073.2545852661133,LATENCY_LT_0,< 0 ms
2026-02-04 17:53:57.260,2108,-4072.915554046631,LATENCY_LT_0,< 0 ms
2026-02-04 17:53:57.286,2108,-4063.5805130004883,LATENCY_LT_0,< 0 ms
2026-02-04 17:53:57.302,2108,-4064.24880027771,LATENCY_LT_0,< 0 ms
2026-02-04 17:53:57.309,2108,-4073.4004974365234,LATENCY_LT_0,< 0 ms
2026-02-04 17:53:57.326,2108,-4073.0602741241455,LATENCY_LT_0,< 0 ms
2026-02-04 17:53:57.343,2108,-4073.213815689087,LATENCY_LT_0,< 0 ms
2026-02-04 17:53:57.359,2108,-4073.712110519409,LATENCY_LT_0,< 0 ms
2026-02-04 17:53:57.376,2108,-4073.025703430176,LATENCY_LT_0,< 0 ms
2026-02-04 17:53:57.392,2108,-4073.683023452759,LATENCY_LT_0,< 0 ms
2026-02-04 17:53:57.410,2108,-4073.2572078704834,LATENCY_LT_0,< 0 ms
2026-02-04 17:53:57.426,2108,-4073.50492477417,LATENCY_LT_0,< 0 ms
2026-02-04 17:53:57.443,2108,-4073.659658432007,LATENCY_LT_0,< 0 ms
2026-02-04 17:53:57.460,2108,-4073.32706451416,LATENCY_LT_0,< 0 ms
2026-02-04 17:53:57.477,2108,-4072.9918479919434,LATENCY_LT_0,< 0 ms
2026-02-04 17:53:57.493,2108,-4073.6589431762695,LATENCY_LT_0,< 0 ms
2026-02-04 17:53:57.509,2108,-4073.807954788208,LATENCY_LT_0,< 0 ms
2026-02-04 17:53:57.526,2108,-4073.4686851501465,LATENCY_LT_0,< 0 ms
2026-02-04 17:53:57.543,2108,-4073.096990585327,LATENCY_LT_0,< 0 ms
2026-02-04 17:53:57.560,2108,-4073.245048522949,LATENCY_LT_0,< 0 ms
2026-02-04 17:53:57.577,2108,-4072.91579246521,LATENCY_LT_0,< 0 ms
2026-02-04 17:53:57.594,2108,-4072.5724697113037,LATENCY_LT_0,< 0 ms
2026-02-04 17:53:57.610,2108,-4073.1446743011475,LATENCY_LT_0,< 0 ms
2026-02-04 17:53:57.638,2108,-4061.553716659546,LATENCY_LT_0,< 0 ms
2026-02-04 17:53:57.643,2108,-4072.9291439056396,LATENCY_LT_0,< 0 ms
2026-02-04 17:53:57.659,2108,-4073.7431049346924,LATENCY_LT_0,< 0 ms
2026-02-04 17:53:57.677,2108,-4072.892189025879,LATENCY_LT_0,< 0 ms
2026-02-04 17:53:57.693,2108,-4073.042631149292,LATENCY_LT_0,< 0 ms
2026-02-04 17:53:57.710,2108,-4073.086738586426,LATENCY_LT_0,< 0 ms
2026-02-04 17:53:57.727,2108,-4072.749376296997,LATENCY_LT_0,< 0 ms
2026-02-04 17:53:57.745,2108,-4070.9004402160645,LATENCY_LT_0,< 0 ms
2026-02-04 17:53:57.760,2108,-4072.5529193878174,LATENCY_LT_0,< 0 ms
2026-02-04 17:53:57.776,2108,-4073.2297897338867,LATENCY_LT_0,< 0 ms
2026-02-04 17:53:57.793,2108,-4072.8862285614014,LATENCY_LT_0,< 0 ms
2026-02-04 17:53:57.810,2108,-4073.035717010498,LATENCY_LT_0,< 0 ms
2026-02-04 17:53:57.827,2108,-4072.7150440216064,LATENCY_LT_0,< 0 ms
2026-02-04 17:53:57.843,2108,-4073.380708694458,LATENCY_LT_0,< 0 ms
2026-02-04 17:53:57.860,2108,-4073.039770126343,LATENCY_LT_0,< 0 ms
2026-02-04 17:53:57.876,2108,-4073.1897354125977,LATENCY_LT_0,< 0 ms
2026-02-04 17:53:57.893,2108,-4073.3180046081543,LATENCY_LT_0,< 0 ms
2026-02-04 17:53:57.910,2108,-4072.9331970214844,LATENCY_LT_0,< 0 ms
2026-02-04 17:53:57.926,2108,-4073.594808578491,LATENCY_LT_0,< 0 ms
2026-02-04 17:53:57.943,2108,-4073.261499404907,LATENCY_LT_0,< 0 ms
2026-02-04 17:53:57.960,2108,-4072.923421859741,LATENCY_LT_0,< 0 ms
2026-02-04 17:53:57.976,2108,-4073.5931396484375,LATENCY_LT_0,< 0 ms
2026-02-04 17:53:57.994,2108,-4072.256326675415,LATENCY_LT_0,< 0 ms
2026-02-04 17:53:58.010,2108,-4072.8979110717773,LATENCY_LT_0,< 0 ms
2026-02-04 17:53:58.026,2108,-4073.5154151916504,LATENCY_LT_0,< 0 ms
2026-02-04 17:53:58.045,2108,-4071.1870193481445,LATENCY_LT_0,< 0 ms
2026-02-04 17:53:58.064,2108,-4068.3391094207764,LATENCY_LT_0,< 0 ms
2026-02-04 17:53:58.076,2108,-4073.4949111938477,LATENCY_LT_0,< 0 ms
2026-02-04 17:53:58.093,2108,-4073.1260776519775,LATENCY_LT_0,< 0 ms
2026-02-04 17:53:58.110,2108,-4073.2812881469727,LATENCY_LT_0,< 0 ms
2026-02-04 17:53:58.127,2108,-4072.9448795318604,LATENCY_LT_0,< 0 ms
2026-02-04 17:53:58.143,2108,-4073.6119747161865,LATENCY_LT_0,< 0 ms
2026-02-04 17:53:58.162,2108,-4071.275472640991,LATENCY_LT_0,< 0 ms
2026-02-04 17:53:58.177,2108,-4072.93963432312,LATENCY_LT_0,< 0 ms
2026-02-04 17:53:58.193,2108,-4073.0836391448975,LATENCY_LT_0,< 0 ms
2026-02-04 17:53:58.209,2108,-4073.378324508667,LATENCY_LT_0,< 0 ms
2026-02-04 17:53:58.227,2108,-4073.002815246582,LATENCY_LT_0,< 0 ms
2026-02-04 17:53:58.243,2108,-4073.6658573150635,LATENCY_LT_0,< 0 ms
2026-02-04 17:53:58.260,2108,-4073.3301639556885,LATENCY_LT_0,< 0 ms
2026-02-04 17:53:58.277,2108,-4072.9923248291016,LATENCY_LT_0,< 0 ms
2026-02-04 17:53:58.293,2108,-4073.6608505249023,LATENCY_LT_0,< 0 ms
2026-02-04 17:53:58.309,2108,-4073.64821434021,LATENCY_LT_0,< 0 ms
2026-02-04 17:53:58.326,2108,-4073.307514190674,LATENCY_LT_0,< 0 ms
2026-02-04 17:53:58.343,2108,-4072.7970600128174,LATENCY_LT_0,< 0 ms
2026-02-04 17:53:58.360,2108,-4073.3160972595215,LATENCY_LT_0,< 0 ms
2026-02-04 17:53:58.376,2108,-4073.155403137207,LATENCY_LT_0,< 0 ms
2026-02-04 17:53:58.394,2108,-4072.3066329956055,LATENCY_LT_0,< 0 ms
2026-02-04 17:53:58.409,2108,-4073.460102081299,LATENCY_LT_0,< 0 ms
2026-02-04 17:53:58.426,2108,-4073.124647140503,LATENCY_LT_0,< 0 ms
2026-02-04 17:53:58.442,2108,-4073.803663253784,LATENCY_LT_0,< 0 ms
2026-02-04 17:53:58.460,2108,-4072.4668502807617,LATENCY_LT_0,< 0 ms
2026-02-04 17:53:58.476,2108,-4073.126792907715,LATENCY_LT_0,< 0 ms
2026-02-04 17:53:58.493,2108,-4073.1890201568604,LATENCY_LT_0,< 0 ms
2026-02-04 17:53:58.511,2108,-4071.9032287597656,LATENCY_LT_0,< 0 ms
2026-02-04 17:53:58.526,2108,-4073.5676288604736,LATENCY_LT_0,< 0 ms
2026-02-04 17:53:58.548,2108,-4068.228006362915,LATENCY_LT_0,< 0 ms
2026-02-04 17:53:58.560,2108,-4072.895050048828,LATENCY_LT_0,< 0 ms
2026-02-04 17:53:58.576,2108,-4073.568105697632,LATENCY_LT_0,< 0 ms
2026-02-04 17:53:58.593,2108,-4073.227643966675,LATENCY_LT_0,< 0 ms
2026-02-04 17:53:58.609,2108,-4073.375463485718,LATENCY_LT_0,< 0 ms
2026-02-04 17:53:58.626,2108,-4073.0538368225098,LATENCY_LT_0,< 0 ms
2026-02-04 17:53:58.748,2108,-3968.0659770965576,LATENCY_LT_0,< 0 ms
2026-02-04 17:53:58.751,2108,-3981.67085647583,LATENCY_LT_0,< 0 ms
2026-02-04 17:53:58.751,2108,-3998.3348846435547,LATENCY_LT_0,< 0 ms
2026-02-04 17:53:58.751,2108,-4015.0067806243896,LATENCY_LT_0,< 0 ms
2026-02-04 17:53:58.752,2108,-4031.165838241577,LATENCY_LT_0,< 0 ms
2026-02-04 17:53:58.752,2108,-4047.8298664093018,LATENCY_LT_0,< 0 ms
2026-02-04 17:53:58.752,2108,-4064.4938945770264,LATENCY_LT_0,< 0 ms
2026-02-04 17:53:58.762,2108,-4071.1514949798584,LATENCY_LT_0,< 0 ms
2026-02-04 17:53:58.777,2108,-4072.8187561035156,LATENCY_LT_0,< 0 ms
2026-02-04 17:53:58.794,2108,-4072.4587440490723,LATENCY_LT_0,< 0 ms
2026-02-04 17:53:58.810,2108,-4073.0087757110596,LATENCY_LT_0,< 0 ms
2026-02-04 17:53:58.827,2108,-4072.6675987243652,LATENCY_LT_0,< 0 ms
2026-02-04 17:53:58.843,2108,-4073.350429534912,LATENCY_LT_0,< 0 ms
2026-02-04 17:53:58.860,2108,-4072.969436645508,LATENCY_LT_0,< 0 ms
2026-02-04 17:53:58.876,2108,-4073.6308097839355,LATENCY_LT_0,< 0 ms
2026-02-04 17:53:58.892,2108,-4073.7905502319336,LATENCY_LT_0,< 0 ms
2026-02-04 17:53:58.910,2108,-4072.908878326416,LATENCY_LT_0,< 0 ms
2026-02-04 17:53:58.926,2108,-4073.570966720581,LATENCY_LT_0,< 0 ms
2026-02-04 17:53:58.943,2108,-4073.209285736084,LATENCY_LT_0,< 0 ms
2026-02-04 17:53:58.959,2108,-4073.87375831604,LATENCY_LT_0,< 0 ms
2026-02-04 17:53:58.976,2108,-4073.0361938476562,LATENCY_LT_0,< 0 ms
2026-02-04 17:53:58.992,2108,-4073.6944675445557,LATENCY_LT_0,< 0 ms
2026-02-04 17:53:59.009,2108,-4073.8470554351807,LATENCY_LT_0,< 0 ms
2026-02-04 17:53:59.026,2108,-4073.528289794922,LATENCY_LT_0,< 0 ms
2026-02-04 17:53:59.043,2108,-4073.1914043426514,LATENCY_LT_0,< 0 ms
2026-02-04 17:53:59.060,2108,-4072.8540420532227,LATENCY_LT_0,< 0 ms
2026-02-04 17:53:59.076,2108,-4073.5158920288086,LATENCY_LT_0,< 0 ms
2026-02-04 17:53:59.093,2108,-4073.6351013183594,LATENCY_LT_0,< 0 ms
2026-02-04 17:53:59.110,2108,-4073.265552520752,LATENCY_LT_0,< 0 ms
2026-02-04 17:53:59.127,2108,-4072.9286670684814,LATENCY_LT_0,< 0 ms
2026-02-04 17:53:59.143,2108,-4073.597192764282,LATENCY_LT_0,< 0 ms
2026-02-04 17:53:59.160,2108,-4073.2581615448,LATENCY_LT_0,< 0 ms
2026-02-04 17:53:59.177,2108,-4072.9312896728516,LATENCY_LT_0,< 0 ms
2026-02-04 17:53:59.193,2108,-4073.5926628112793,LATENCY_LT_0,< 0 ms
2026-02-04 17:53:59.209,2108,-4073.7428665161133,LATENCY_LT_0,< 0 ms
2026-02-04 17:53:59.227,2108,-4072.404384613037,LATENCY_LT_0,< 0 ms
2026-02-04 17:53:59.243,2108,-4073.0862617492676,LATENCY_LT_0,< 0 ms
2026-02-04 17:53:59.260,2108,-4072.7481842041016,LATENCY_LT_0,< 0 ms
2026-02-04 17:53:59.276,2108,-4073.410987854004,LATENCY_LT_0,< 0 ms
2026-02-04 17:53:59.293,2108,-4073.0812549591064,LATENCY_LT_0,< 0 ms
2026-02-04 17:53:59.309,2108,-4073.6560821533203,LATENCY_LT_0,< 0 ms
2026-02-04 17:53:59.327,2108,-4072.6819038391113,LATENCY_LT_0,< 0 ms
2026-02-04 17:53:59.343,2108,-4072.8375911712646,LATENCY_LT_0,< 0 ms
2026-02-04 17:53:59.359,2108,-4073.835611343384,LATENCY_LT_0,< 0 ms
2026-02-04 17:53:59.376,2108,-4073.5068321228027,LATENCY_LT_0,< 0 ms
2026-02-04 17:53:59.393,2108,-4073.169231414795,LATENCY_LT_0,< 0 ms
2026-02-04 17:53:59.410,2108,-4072.725296020508,LATENCY_LT_0,< 0 ms
2026-02-04 17:53:59.426,2108,-4073.406219482422,LATENCY_LT_0,< 0 ms
2026-02-04 17:53:59.443,2108,-4073.0631351470947,LATENCY_LT_0,< 0 ms
2026-02-04 17:53:59.460,2108,-4073.218822479248,LATENCY_LT_0,< 0 ms
2026-02-04 17:53:59.476,2108,-4073.3747482299805,LATENCY_LT_0,< 0 ms
2026-02-04 17:53:59.493,2108,-4073.0416774749756,LATENCY_LT_0,< 0 ms
2026-02-04 17:53:59.510,2108,-4073.190689086914,LATENCY_LT_0,< 0 ms
2026-02-04 17:53:59.527,2108,-4072.8511810302734,LATENCY_LT_0,< 0 ms
2026-02-04 17:53:59.543,2108,-4073.521137237549,LATENCY_LT_0,< 0 ms
2026-02-04 17:53:59.560,2108,-4073.17852973938,LATENCY_LT_0,< 0 ms
2026-02-04 17:53:59.577,2108,-4072.328567504883,LATENCY_LT_0,< 0 ms
2026-02-04 17:53:59.594,2108,-4072.484254837036,LATENCY_LT_0,< 0 ms
2026-02-04 17:53:59.609,2108,-4073.637008666992,LATENCY_LT_0,< 0 ms
2026-02-04 17:53:59.626,2108,-4073.300838470459,LATENCY_LT_0,< 0 ms
2026-02-04 17:53:59.643,2108,-4072.9804039001465,LATENCY_LT_0,< 0 ms
2026-02-04 17:53:59.660,2108,-4072.6394653320312,LATENCY_LT_0,< 0 ms
2026-02-04 17:53:59.676,2108,-4073.002815246582,LATENCY_LT_0,< 0 ms
2026-02-04 17:53:59.693,2108,-4073.1582641601562,LATENCY_LT_0,< 0 ms
2026-02-04 17:53:59.710,2108,-4073.3113288879395,LATENCY_LT_0,< 0 ms
2026-02-04 17:53:59.727,2108,-4072.9737281799316,LATENCY_LT_0,< 0 ms
2026-02-04 17:53:59.743,2108,-4073.633909225464,LATENCY_LT_0,< 0 ms
2026-02-04 17:53:59.760,2108,-4072.786808013916,LATENCY_LT_0,< 0 ms
2026-02-04 17:53:59.776,2108,-4073.7876892089844,LATENCY_LT_0,< 0 ms
2026-02-04 17:53:59.794,2108,-4072.448492050171,LATENCY_LT_0,< 0 ms
2026-02-04 17:53:59.810,2108,-4072.779417037964,LATENCY_LT_0,< 0 ms
2026-02-04 17:53:59.828,2108,-4071.842908859253,LATENCY_LT_0,< 0 ms
2026-02-04 17:53:59.851,2108,-4065.4938220977783,LATENCY_LT_0,< 0 ms
2026-02-04 17:53:59.860,2108,-4073.275089263916,LATENCY_LT_0,< 0 ms
2026-02-04 17:53:59.876,2108,-4073.042392730713,LATENCY_LT_0,< 0 ms
2026-02-04 17:53:59.892,2108,-4073.7078189849854,LATENCY_LT_0,< 0 ms
2026-02-04 17:53:59.910,2108,-4072.855234146118,LATENCY_LT_0,< 0 ms
2026-02-04 17:53:59.927,2108,-4072.9317665100098,LATENCY_LT_0,< 0 ms
2026-02-04 17:53:59.943,2108,-4073.0772018432617,LATENCY_LT_0,< 0 ms
2026-02-04 17:53:59.959,2108,-4073.638439178467,LATENCY_LT_0,< 0 ms
2026-02-04 17:53:59.977,2108,-4072.2429752349854,LATENCY_LT_0,< 0 ms
2026-02-04 17:53:59.993,2108,-4072.9012489318848,LATENCY_LT_0,< 0 ms
2026-02-04 17:54:00.012,2108,-4070.899724960327,LATENCY_LT_0,< 0 ms
2026-02-04 17:54:00.026,2108,-4073.5628604888916,LATENCY_LT_0,< 0 ms
2026-02-04 17:54:00.043,2108,-4073.2429027557373,LATENCY_LT_0,< 0 ms
2026-02-04 17:54:00.060,2108,-4072.9076862335205,LATENCY_LT_0,< 0 ms
2026-02-04 17:54:00.076,2108,-4073.566436767578,LATENCY_LT_0,< 0 ms
2026-02-04 17:54:00.092,2108,-4073.709726333618,LATENCY_LT_0,< 0 ms
2026-02-04 17:54:00.109,2108,-4073.77552986145,LATENCY_LT_0,< 0 ms
2026-02-04 17:54:00.127,2108,-4072.833776473999,LATENCY_LT_0,< 0 ms
2026-02-04 17:54:00.143,2108,-4073.490858078003,LATENCY_LT_0,< 0 ms
2026-02-04 17:54:00.160,2108,-4073.1518268585205,LATENCY_LT_0,< 0 ms
2026-02-04 17:54:00.177,2108,-4072.827100753784,LATENCY_LT_0,< 0 ms
2026-02-04 17:54:00.193,2108,-4073.484182357788,LATENCY_LT_0,< 0 ms
2026-02-04 17:54:00.209,2108,-4073.6496448516846,LATENCY_LT_0,< 0 ms
2026-02-04 17:54:00.228,2108,-4071.3284015655518,LATENCY_LT_0,< 0 ms
2026-02-04 17:54:00.243,2108,-4072.993278503418,LATENCY_LT_0,< 0 ms
2026-02-04 17:54:00.259,2108,-4073.650598526001,LATENCY_LT_0,< 0 ms
2026-02-04 17:54:00.277,2108,-4072.800874710083,LATENCY_LT_0,< 0 ms
2026-02-04 17:54:00.292,2108,-4073.91095161438,LATENCY_LT_0,< 0 ms
2026-02-04 17:54:00.309,2108,-4073.3494758605957,LATENCY_LT_0,< 0 ms
2026-02-04 17:54:00.326,2108,-4073.0082988739014,LATENCY_LT_0,< 0 ms
2026-02-04 17:54:00.342,2108,-4073.8182067871094,LATENCY_LT_0,< 0 ms
2026-02-04 17:54:00.360,2108,-4073.2948780059814,LATENCY_LT_0,< 0 ms
2026-02-04 17:54:00.377,2108,-4072.965145111084,LATENCY_LT_0,< 0 ms
2026-02-04 17:54:00.393,2108,-4073.624610900879,LATENCY_LT_0,< 0 ms
2026-02-04 17:54:00.410,2108,-4072.6916790008545,LATENCY_LT_0,< 0 ms
2026-02-04 17:54:00.426,2108,-4073.190927505493,LATENCY_LT_0,< 0 ms
2026-02-04 17:54:00.443,2108,-4073.319673538208,LATENCY_LT_0,< 0 ms
2026-02-04 17:54:00.460,2108,-4072.9832649230957,LATENCY_LT_0,< 0 ms
2026-02-04 17:54:00.476,2108,-4073.6467838287354,LATENCY_LT_0,< 0 ms
2026-02-04 17:54:00.493,2108,-4073.317527770996,LATENCY_LT_0,< 0 ms
2026-02-04 17:54:00.509,2108,-4073.467969894409,LATENCY_LT_0,< 0 ms
2026-02-04 17:54:00.526,2108,-4073.1325149536133,LATENCY_LT_0,< 0 ms
2026-02-04 17:54:00.543,2108,-4072.7922916412354,LATENCY_LT_0,< 0 ms
2026-02-04 17:54:00.559,2108,-4073.460340499878,LATENCY_LT_0,< 0 ms
2026-02-04 17:54:00.576,2108,-4073.129415512085,LATENCY_LT_0,< 0 ms
2026-02-04 17:54:00.593,2108,-4072.7884769439697,LATENCY_LT_0,< 0 ms
2026-02-04 17:54:00.611,2108,-4071.3391304016113,LATENCY_LT_0,< 0 ms
2026-02-04 17:54:00.626,2108,-4073.0226039886475,LATENCY_LT_0,< 0 ms
2026-02-04 17:54:00.642,2108,-4073.68540763855,LATENCY_LT_0,< 0 ms
2026-02-04 17:54:00.659,2108,-4073.352813720703,LATENCY_LT_0,< 0 ms
2026-02-04 17:54:00.676,2108,-4073.017120361328,LATENCY_LT_0,< 0 ms
2026-02-04 17:54:00.692,2108,-4073.6892223358154,LATENCY_LT_0,< 0 ms
2026-02-04 17:54:00.710,2108,-4072.831869125366,LATENCY_LT_0,< 0 ms
2026-02-04 17:54:00.726,2108,-4073.4963417053223,LATENCY_LT_0,< 0 ms
2026-02-04 17:54:00.743,2108,-4073.1563568115234,LATENCY_LT_0,< 0 ms
2026-02-04 17:54:00.760,2108,-4072.8201866149902,LATENCY_LT_0,< 0 ms
2026-02-04 17:54:00.776,2108,-4073.3909606933594,LATENCY_LT_0,< 0 ms
2026-02-04 17:54:00.793,2108,-4073.0459690093994,LATENCY_LT_0,< 0 ms
2026-02-04 17:54:00.810,2108,-4072.909116744995,LATENCY_LT_0,< 0 ms
2026-02-04 17:54:00.826,2108,-4073.0042457580566,LATENCY_LT_0,< 0 ms
2026-02-04 17:54:00.842,2108,-4073.685646057129,LATENCY_LT_0,< 0 ms
2026-02-04 17:54:00.859,2108,-4073.3494758605957,LATENCY_LT_0,< 0 ms
2026-02-04 17:54:00.876,2108,-4073.011636734009,LATENCY_LT_0,< 0 ms
2026-02-04 17:54:00.892,2108,-4073.68540763855,LATENCY_LT_0,< 0 ms
2026-02-04 17:54:00.910,2108,-4072.8273391723633,LATENCY_LT_0,< 0 ms
2026-02-04 17:54:00.926,2108,-4073.4190940856934,LATENCY_LT_0,< 0 ms
2026-02-04 17:54:00.943,2108,-4073.0767250061035,LATENCY_LT_0,< 0 ms
2026-02-04 17:54:00.960,2108,-4072.7341175079346,LATENCY_LT_0,< 0 ms
2026-02-04 17:54:00.977,2108,-4072.4120140075684,LATENCY_LT_0,< 0 ms
2026-02-04 17:54:00.993,2108,-4073.07505607605,LATENCY_LT_0,< 0 ms
2026-02-04 17:54:01.009,2108,-4073.657751083374,LATENCY_LT_0,< 0 ms
2026-02-04 17:54:01.026,2108,-4073.336601257324,LATENCY_LT_0,< 0 ms
2026-02-04 17:54:01.048,2108,-4068.0010318756104,LATENCY_LT_0,< 0 ms
2026-02-04 17:54:01.059,2108,-4073.665142059326,LATENCY_LT_0,< 0 ms
2026-02-04 17:54:01.076,2108,-4073.32444190979,LATENCY_LT_0,< 0 ms
2026-02-04 17:54:01.093,2108,-4072.9668140411377,LATENCY_LT_0,< 0 ms
2026-02-04 17:54:01.109,2108,-4073.371410369873,LATENCY_LT_0,< 0 ms
2026-02-04 17:54:01.126,2108,-4073.4260082244873,LATENCY_LT_0,< 0 ms
2026-02-04 17:54:01.143,2108,-4073.089599609375,LATENCY_LT_0,< 0 ms
2026-02-04 17:54:01.159,2108,-4073.75431060791,LATENCY_LT_0,< 0 ms
2026-02-04 17:54:01.176,2108,-4073.425769805908,LATENCY_LT_0,< 0 ms
2026-02-04 17:54:01.193,2108,-4073.089838027954,LATENCY_LT_0,< 0 ms
2026-02-04 17:54:01.216,2108,-4067.2340393066406,LATENCY_LT_0,< 0 ms
2026-02-04 17:54:01.229,2108,-4070.899248123169,LATENCY_LT_0,< 0 ms
2026-02-04 17:54:01.249,2108,-4067.577362060547,LATENCY_LT_0,< 0 ms
2026-02-04 17:54:01.260,2108,-4073.2412338256836,LATENCY_LT_0,< 0 ms
2026-02-04 17:54:01.277,2108,-4072.906494140625,LATENCY_LT_0,< 0 ms
2026-02-04 17:54:01.293,2108,-4073.5788345336914,LATENCY_LT_0,< 0 ms
2026-02-04 17:54:01.309,2108,-4074.2335319519043,LATENCY_LT_0,< 0 ms
2026-02-04 17:54:01.326,2108,-4073.46248626709,LATENCY_LT_0,< 0 ms
2026-02-04 17:54:01.343,2108,-4073.613405227661,LATENCY_LT_0,< 0 ms
2026-02-04 17:54:01.360,2108,-4073.1585025787354,LATENCY_LT_0,< 0 ms
2026-02-04 17:54:01.377,2108,-4072.8299617767334,LATENCY_LT_0,< 0 ms
2026-02-04 17:54:01.393,2108,-4073.488235473633,LATENCY_LT_0,< 0 ms
2026-02-04 17:54:01.410,2108,-4073.1277465820312,LATENCY_LT_0,< 0 ms
2026-02-04 17:54:01.427,2108,-4072.2591876983643,LATENCY_LT_0,< 0 ms
2026-02-04 17:54:01.443,2108,-4072.9222297668457,LATENCY_LT_0,< 0 ms
2026-02-04 17:54:01.460,2108,-4072.5808143615723,LATENCY_LT_0,< 0 ms
2026-02-04 17:54:01.476,2108,-4073.2498168945312,LATENCY_LT_0,< 0 ms
2026-02-04 17:54:01.493,2108,-4072.920799255371,LATENCY_LT_0,< 0 ms
2026-02-04 17:54:01.510,2108,-4073.0671882629395,LATENCY_LT_0,< 0 ms
2026-02-04 17:54:01.526,2108,-4073.725461959839,LATENCY_LT_0,< 0 ms
2026-02-04 17:54:01.543,2108,-4073.2970237731934,LATENCY_LT_0,< 0 ms
2026-02-04 17:54:01.560,2108,-4073.0087757110596,LATENCY_LT_0,< 0 ms
2026-02-04 17:54:01.576,2108,-4073.678970336914,LATENCY_LT_0,< 0 ms
2026-02-04 17:54:01.593,2108,-4073.3437538146973,LATENCY_LT_0,< 0 ms
2026-02-04 17:54:01.610,2108,-4072.9453563690186,LATENCY_LT_0,< 0 ms
2026-02-04 17:54:01.626,2108,-4073.5175609588623,LATENCY_LT_0,< 0 ms
2026-02-04 17:54:01.643,2108,-4073.0044841766357,LATENCY_LT_0,< 0 ms
2026-02-04 17:54:01.660,2108,-4073.0957984924316,LATENCY_LT_0,< 0 ms
2026-02-04 17:54:01.677,2108,-4072.7591514587402,LATENCY_LT_0,< 0 ms
2026-02-04 17:54:01.693,2108,-4073.4238624572754,LATENCY_LT_0,< 0 ms
2026-02-04 17:54:01.709,2108,-4073.535919189453,LATENCY_LT_0,< 0 ms
2026-02-04 17:54:01.726,2108,-4073.1940269470215,LATENCY_LT_0,< 0 ms
2026-02-04 17:54:01.743,2108,-4072.854995727539,LATENCY_LT_0,< 0 ms
2026-02-04 17:54:01.760,2108,-4073.0061531066895,LATENCY_LT_0,< 0 ms
2026-02-04 17:54:01.776,2108,-4073.1165409088135,LATENCY_LT_0,< 0 ms
2026-02-04 17:54:01.793,2108,-4072.7782249450684,LATENCY_LT_0,< 0 ms
2026-02-04 17:54:01.810,2108,-4072.927236557007,LATENCY_LT_0,< 0 ms
2026-02-04 17:54:01.826,2108,-4073.6076831817627,LATENCY_LT_0,< 0 ms
2026-02-04 17:54:01.843,2108,-4073.2710361480713,LATENCY_LT_0,< 0 ms
2026-02-04 17:54:01.860,2108,-4072.9310512542725,LATENCY_LT_0,< 0 ms
2026-02-04 17:54:01.876,2108,-4073.5998153686523,LATENCY_LT_0,< 0 ms
2026-02-04 17:54:01.893,2108,-4073.2643604278564,LATENCY_LT_0,< 0 ms
2026-02-04 17:54:01.909,2108,-4073.6489295959473,LATENCY_LT_0,< 0 ms
2026-02-04 17:54:01.926,2108,-4073.302984237671,LATENCY_LT_0,< 0 ms
2026-02-04 17:54:01.943,2108,-4072.85737991333,LATENCY_LT_0,< 0 ms
2026-02-04 17:54:01.959,2108,-4073.4212398529053,LATENCY_LT_0,< 0 ms
2026-02-04 17:54:01.976,2108,-4073.089599609375,LATENCY_LT_0,< 0 ms
2026-02-04 17:54:01.993,2108,-4072.75390625,LATENCY_LT_0,< 0 ms
2026-02-04 17:54:02.010,2108,-4072.9057788848877,LATENCY_LT_0,< 0 ms
2026-02-04 17:54:02.026,2108,-4073.5621452331543,LATENCY_LT_0,< 0 ms
2026-02-04 17:54:02.044,2108,-4072.2360610961914,LATENCY_LT_0,< 0 ms
2026-02-04 17:54:02.060,2108,-4072.3376274108887,LATENCY_LT_0,< 0 ms
2026-02-04 17:54:02.076,2108,-4073.070287704468,LATENCY_LT_0,< 0 ms
2026-02-04 17:54:02.093,2108,-4073.30060005188,LATENCY_LT_0,< 0 ms
2026-02-04 17:54:02.109,2108,-4073.352336883545,LATENCY_LT_0,< 0 ms
2026-02-04 17:54:02.127,2108,-4072.360038757324,LATENCY_LT_0,< 0 ms
2026-02-04 17:54:02.143,2108,-4073.2054710388184,LATENCY_LT_0,< 0 ms
2026-02-04 17:54:02.159,2108,-4073.333978652954,LATENCY_LT_0,< 0 ms
2026-02-04 17:54:02.176,2108,-4073.0013847351074,LATENCY_LT_0,< 0 ms
2026-02-04 17:54:02.194,2108,-4072.2858905792236,LATENCY_LT_0,< 0 ms
2026-02-04 17:54:02.210,2108,-4073.2433795928955,LATENCY_LT_0,< 0 ms
2026-02-04 17:54:02.227,2108,-4072.904348373413,LATENCY_LT_0,< 0 ms
2026-02-04 17:54:02.243,2108,-4073.5576152801514,LATENCY_LT_0,< 0 ms
2026-02-04 17:54:02.260,2108,-4073.131322860718,LATENCY_LT_0,< 0 ms
2026-02-04 17:54:02.276,2108,-4073.784112930298,LATENCY_LT_0,< 0 ms
2026-02-04 17:54:02.293,2108,-4073.4598636627197,LATENCY_LT_0,< 0 ms
2026-02-04 17:54:02.310,2108,-4073.1184482574463,LATENCY_LT_0,< 0 ms
2026-02-04 17:54:02.326,2108,-4073.65345954895,LATENCY_LT_0,< 0 ms
2026-02-04 17:54:02.344,2108,-4072.5648403167725,LATENCY_LT_0,< 0 ms
2026-02-04 17:54:02.360,2108,-4072.444200515747,LATENCY_LT_0,< 0 ms
2026-02-04 17:54:02.377,2108,-4072.5629329681396,LATENCY_LT_0,< 0 ms
2026-02-04 17:54:02.393,2108,-4073.2264518737793,LATENCY_LT_0,< 0 ms
2026-02-04 17:54:02.410,2108,-4072.885036468506,LATENCY_LT_0,< 0 ms
2026-02-04 17:54:02.426,2108,-4073.4498500823975,LATENCY_LT_0,< 0 ms
2026-02-04 17:54:02.442,2108,-4073.806047439575,LATENCY_LT_0,< 0 ms
2026-02-04 17:54:02.460,2108,-4072.7274417877197,LATENCY_LT_0,< 0 ms
2026-02-04 17:54:02.476,2108,-4073.390007019043,LATENCY_LT_0,< 0 ms
2026-02-04 17:54:02.493,2108,-4073.0643272399902,LATENCY_LT_0,< 0 ms
2026-02-04 17:54:02.510,2108,-4072.7202892303467,LATENCY_LT_0,< 0 ms
2026-02-04 17:54:02.528,2108,-4071.361780166626,LATENCY_LT_0,< 0 ms
2026-02-04 17:54:02.544,2108,-4072.026014328003,LATENCY_LT_0,< 0 ms
2026-02-04 17:54:02.561,2108,-4071.6893672943115,LATENCY_LT_0,< 0 ms
2026-02-04 17:54:02.579,2108,-4070.361852645874,LATENCY_LT_0,< 0 ms
2026-02-04 17:54:02.595,2108,-4071.024179458618,LATENCY_LT_0,< 0 ms
2026-02-04 17:54:02.609,2108,-4073.6818313598633,LATENCY_LT_0,< 0 ms
2026-02-04 17:54:02.626,2108,-4073.2791423797607,LATENCY_LT_0,< 0 ms
2026-02-04 17:54:02.643,2108,-4072.936534881592,LATENCY_LT_0,< 0 ms
2026-02-04 17:54:02.659,2108,-4073.7838745117188,LATENCY_LT_0,< 0 ms
2026-02-04 17:54:02.676,2108,-4073.472499847412,LATENCY_LT_0,< 0 ms
2026-02-04 17:54:02.693,2108,-4073.145866394043,LATENCY_LT_0,< 0 ms
2026-02-04 17:54:02.710,2108,-4072.9854106903076,LATENCY_LT_0,< 0 ms
2026-02-04 17:54:02.727,2108,-4072.9897022247314,LATENCY_LT_0,< 0 ms
2026-02-04 17:54:02.743,2108,-4072.9358196258545,LATENCY_LT_0,< 0 ms
2026-02-04 17:54:02.760,2108,-4072.8373527526855,LATENCY_LT_0,< 0 ms
2026-02-04 17:54:02.777,2108,-4072.895050048828,LATENCY_LT_0,< 0 ms
2026-02-04 17:54:02.793,2108,-4073.045015335083,LATENCY_LT_0,< 0 ms
2026-02-04 17:54:02.810,2108,-4073.1704235076904,LATENCY_LT_0,< 0 ms
2026-02-04 17:54:02.826,2108,-4073.786735534668,LATENCY_LT_0,< 0 ms
2026-02-04 17:54:02.843,2108,-4073.4660625457764,LATENCY_LT_0,< 0 ms
2026-02-04 17:54:02.860,2108,-4073.129415512085,LATENCY_LT_0,< 0 ms
2026-02-04 17:54:02.877,2108,-4072.793483734131,LATENCY_LT_0,< 0 ms
2026-02-04 17:54:02.893,2108,-4073.4667778015137,LATENCY_LT_0,< 0 ms
2026-02-04 17:54:02.910,2108,-4073.1253623962402,LATENCY_LT_0,< 0 ms
2026-02-04 17:54:02.927,2108,-4072.4546909332275,LATENCY_LT_0,< 0 ms
2026-02-04 17:54:02.943,2108,-4073.122024536133,LATENCY_LT_0,< 0 ms
2026-02-04 17:54:02.959,2108,-4073.7862586975098,LATENCY_LT_0,< 0 ms
2026-02-04 17:54:02.976,2108,-4073.4570026397705,LATENCY_LT_0,< 0 ms
2026-02-04 17:54:02.993,2108,-4073.119878768921,LATENCY_LT_0,< 0 ms
2026-02-04 17:54:03.011,2108,-4072.263240814209,LATENCY_LT_0,< 0 ms
2026-02-04 17:54:03.027,2108,-4072.936773300171,LATENCY_LT_0,< 0 ms
2026-02-04 17:54:03.043,2108,-4073.6002922058105,LATENCY_LT_0,< 0 ms
2026-02-04 17:54:03.060,2108,-4073.26340675354,LATENCY_LT_0,< 0 ms
2026-02-04 17:54:03.077,2108,-4072.9241371154785,LATENCY_LT_0,< 0 ms
2026-02-04 17:54:03.093,2108,-4073.0016231536865,LATENCY_LT_0,< 0 ms
2026-02-04 17:54:03.110,2108,-4073.096513748169,LATENCY_LT_0,< 0 ms
2026-02-04 17:54:03.126,2108,-4073.6966133117676,LATENCY_LT_0,< 0 ms
2026-02-04 17:54:03.143,2108,-4072.8492736816406,LATENCY_LT_0,< 0 ms
2026-02-04 17:54:03.159,2108,-4073.444366455078,LATENCY_LT_0,< 0 ms
2026-02-04 17:54:03.177,2108,-4072.5226402282715,LATENCY_LT_0,< 0 ms
2026-02-04 17:54:03.193,2108,-4073.185920715332,LATENCY_LT_0,< 0 ms
2026-02-04 17:54:03.210,2108,-4072.8440284729004,LATENCY_LT_0,< 0 ms
2026-02-04 17:54:03.226,2108,-4073.4245777130127,LATENCY_LT_0,< 0 ms
2026-02-04 17:54:03.243,2108,-4073.106288909912,LATENCY_LT_0,< 0 ms
2026-02-04 17:54:03.259,2108,-4073.7686157226562,LATENCY_LT_0,< 0 ms
2026-02-04 17:54:03.277,2108,-4072.4282264709473,LATENCY_LT_0,< 0 ms
2026-02-04 17:54:03.294,2108,-4072.3421573638916,LATENCY_LT_0,< 0 ms
2026-02-04 17:54:03.311,2108,-4072.000741958618,LATENCY_LT_0,< 0 ms
2026-02-04 17:54:03.327,2108,-4072.4406242370605,LATENCY_LT_0,< 0 ms
2026-02-04 17:54:03.343,2108,-4072.9689598083496,LATENCY_LT_0,< 0 ms
2026-02-04 17:54:03.360,2108,-4072.8373527526855,LATENCY_LT_0,< 0 ms
2026-02-04 17:54:03.377,2108,-4072.9236602783203,LATENCY_LT_0,< 0 ms
2026-02-04 17:54:03.393,2108,-4073.0366706848145,LATENCY_LT_0,< 0 ms
2026-02-04 17:54:03.409,2108,-4073.695421218872,LATENCY_LT_0,< 0 ms
2026-02-04 17:54:03.426,2108,-4073.3373165130615,LATENCY_LT_0,< 0 ms
2026-02-04 17:54:03.443,2108,-4072.9997158050537,LATENCY_LT_0,< 0 ms
2026-02-04 17:54:03.460,2108,-4072.664260864258,LATENCY_LT_0,< 0 ms
2026-02-04 17:54:03.476,2108,-4073.3273029327393,LATENCY_LT_0,< 0 ms
2026-02-04 17:54:03.493,2108,-4073.000192642212,LATENCY_LT_0,< 0 ms
2026-02-04 17:54:03.509,2108,-4073.657512664795,LATENCY_LT_0,< 0 ms
2026-02-04 17:54:03.527,2108,-4072.8020668029785,LATENCY_LT_0,< 0 ms
2026-02-04 17:54:03.543,2108,-4072.955846786499,LATENCY_LT_0,< 0 ms
2026-02-04 17:54:03.560,2108,-4073.066234588623,LATENCY_LT_0,< 0 ms
2026-02-04 17:54:03.576,2108,-4073.7335681915283,LATENCY_LT_0,< 0 ms
2026-02-04 17:54:03.593,2108,-4072.7932453155518,LATENCY_LT_0,< 0 ms
2026-02-04 17:54:03.609,2108,-4073.453903198242,LATENCY_LT_0,< 0 ms
2026-02-04 17:54:03.626,2108,-4073.0693340301514,LATENCY_LT_0,< 0 ms
2026-02-04 17:54:03.642,2108,-4073.7454891204834,LATENCY_LT_0,< 0 ms
2026-02-04 17:54:03.659,2108,-4073.4143257141113,LATENCY_LT_0,< 0 ms
2026-02-04 17:54:03.676,2108,-4073.0772018432617,LATENCY_LT_0,< 0 ms
2026-02-04 17:54:03.693,2108,-4072.7486610412598,LATENCY_LT_0,< 0 ms
2026-02-04 17:54:03.709,2108,-4073.4078884124756,LATENCY_LT_0,< 0 ms
2026-02-04 17:54:03.727,2108,-4072.9522705078125,LATENCY_LT_0,< 0 ms
2026-02-04 17:54:03.744,2108,-4072.6115703582764,LATENCY_LT_0,< 0 ms
2026-02-04 17:54:03.761,2108,-4071.6967582702637,LATENCY_LT_0,< 0 ms
2026-02-04 17:54:03.776,2108,-4073.3609199523926,LATENCY_LT_0,< 0 ms
2026-02-04 17:54:03.793,2108,-4073.025941848755,LATENCY_LT_0,< 0 ms
2026-02-04 17:54:03.809,2108,-4073.683977127075,LATENCY_LT_0,< 0 ms
2026-02-04 17:54:03.827,2108,-4072.848320007324,LATENCY_LT_0,< 0 ms
2026-02-04 17:54:03.843,2108,-4073.0037689208984,LATENCY_LT_0,< 0 ms
2026-02-04 17:54:03.860,2108,-4073.1215476989746,LATENCY_LT_0,< 0 ms
2026-02-04 17:54:03.876,2108,-4073.7857818603516,LATENCY_LT_0,< 0 ms
2026-02-04 17:54:03.893,2108,-4073.455572128296,LATENCY_LT_0,< 0 ms
2026-02-04 17:54:03.910,2108,-4073.1148719787598,LATENCY_LT_0,< 0 ms
2026-02-04 17:54:03.927,2108,-4072.979211807251,LATENCY_LT_0,< 0 ms
2026-02-04 17:54:03.943,2108,-4073.0860233306885,LATENCY_LT_0,< 0 ms
2026-02-04 17:54:03.959,2108,-4073.7504959106445,LATENCY_LT_0,< 0 ms
2026-02-04 17:54:03.976,2108,-4073.4200477600098,LATENCY_LT_0,< 0 ms
2026-02-04 17:54:03.993,2108,-4073.0855464935303,LATENCY_LT_0,< 0 ms
2026-02-04 17:54:04.010,2108,-4072.744131088257,LATENCY_LT_0,< 0 ms
2026-02-04 17:54:04.027,2108,-4072.888135910034,LATENCY_LT_0,< 0 ms
2026-02-04 17:54:04.045,2108,-4071.239948272705,LATENCY_LT_0,< 0 ms
2026-02-04 17:54:04.060,2108,-4072.903633117676,LATENCY_LT_0,< 0 ms
2026-02-04 17:54:04.078,2108,-4071.5620517730713,LATENCY_LT_0,< 0 ms
2026-02-04 17:54:04.093,2108,-4072.7202892303467,LATENCY_LT_0,< 0 ms
2026-02-04 17:54:04.110,2108,-4073.1000900268555,LATENCY_LT_0,< 0 ms
2026-02-04 17:54:04.128,2108,-4071.737051010132,LATENCY_LT_0,< 0 ms
2026-02-04 17:54:04.144,2108,-4072.4005699157715,LATENCY_LT_0,< 0 ms
2026-02-04 17:54:04.160,2108,-4073.0667114257812,LATENCY_LT_0,< 0 ms
2026-02-04 17:54:04.179,2108,-4070.7359313964844,LATENCY_LT_0,< 0 ms
2026-02-04 17:54:04.196,2108,-4070.4002380371094,LATENCY_LT_0,< 0 ms
2026-02-04 17:54:04.211,2108,-4072.054862976074,LATENCY_LT_0,< 0 ms
2026-02-04 17:54:04.227,2108,-4072.221517562866,LATENCY_LT_0,< 0 ms
2026-02-04 17:54:04.244,2108,-4071.885585784912,LATENCY_LT_0,< 0 ms
2026-02-04 17:54:04.260,2108,-4072.5486278533936,LATENCY_LT_0,< 0 ms
2026-02-04 17:54:04.276,2108,-4073.2123851776123,LATENCY_LT_0,< 0 ms
2026-02-04 17:54:04.293,2108,-4072.885513305664,LATENCY_LT_0,< 0 ms
2026-02-04 17:54:04.310,2108,-4072.490453720093,LATENCY_LT_0,< 0 ms
2026-02-04 17:54:04.327,2108,-4072.5016593933105,LATENCY_LT_0,< 0 ms
2026-02-04 17:54:04.343,2108,-4072.953462600708,LATENCY_LT_0,< 0 ms
2026-02-04 17:54:04.360,2108,-4073.0955600738525,LATENCY_LT_0,< 0 ms
2026-02-04 17:54:04.377,2108,-4072.7665424346924,LATENCY_LT_0,< 0 ms
2026-02-04 17:54:04.395,2108,-4071.423053741455,LATENCY_LT_0,< 0 ms
2026-02-04 17:54:04.409,2108,-4073.575735092163,LATENCY_LT_0,< 0 ms
2026-02-04 17:54:04.426,2108,-4073.150396347046,LATENCY_LT_0,< 0 ms
2026-02-04 17:54:04.445,2108,-4070.8186626434326,LATENCY_LT_0,< 0 ms
2026-02-04 17:54:04.461,2108,-4072.183132171631,LATENCY_LT_0,< 0 ms
2026-02-04 17:54:04.478,2108,-4071.2172985076904,LATENCY_LT_0,< 0 ms
2026-02-04 17:54:04.493,2108,-4072.889804840088,LATENCY_LT_0,< 0 ms
2026-02-04 17:54:04.509,2108,-4073.5483169555664,LATENCY_LT_0,< 0 ms
2026-02-04 17:54:04.527,2108,-4072.6938247680664,LATENCY_LT_0,< 0 ms
2026-02-04 17:54:04.543,2108,-4073.359966278076,LATENCY_LT_0,< 0 ms
2026-02-04 17:54:04.570,2108,-4063.021659851074,LATENCY_LT_0,< 0 ms
2026-02-04 17:54:04.576,2108,-4073.695182800293,LATENCY_LT_0,< 0 ms
2026-02-04 17:54:04.593,2108,-4073.3580589294434,LATENCY_LT_0,< 0 ms
2026-02-04 17:54:04.612,2108,-4071.0160732269287,LATENCY_LT_0,< 0 ms
2026-02-04 17:54:04.626,2108,-4073.184013366699,LATENCY_LT_0,< 0 ms
2026-02-04 17:54:04.648,2108,-4067.845344543457,LATENCY_LT_0,< 0 ms
2026-02-04 17:54:04.661,2108,-4071.5112686157227,LATENCY_LT_0,< 0 ms
2026-02-04 17:54:04.678,2108,-4071.1734294891357,LATENCY_LT_0,< 0 ms
2026-02-04 17:54:04.693,2108,-4072.847843170166,LATENCY_LT_0,< 0 ms
2026-02-04 17:54:04.710,2108,-4072.505474090576,LATENCY_LT_0,< 0 ms
2026-02-04 17:54:04.727,2108,-4072.657823562622,LATENCY_LT_0,< 0 ms
2026-02-04 17:54:04.743,2108,-4073.3211040496826,LATENCY_LT_0,< 0 ms
2026-02-04 17:54:04.760,2108,-4072.9870796203613,LATENCY_LT_0,< 0 ms
2026-02-04 17:54:04.777,2108,-4072.658061981201,LATENCY_LT_0,< 0 ms
2026-02-04 17:54:04.793,2108,-4073.3184814453125,LATENCY_LT_0,< 0 ms
2026-02-04 17:54:04.809,2108,-4073.471784591675,LATENCY_LT_0,< 0 ms
2026-02-04 17:54:04.826,2108,-4073.107957839966,LATENCY_LT_0,< 0 ms
2026-02-04 17:54:04.843,2108,-4073.268175125122,LATENCY_LT_0,< 0 ms
2026-02-04 17:54:04.860,2108,-4072.845458984375,LATENCY_LT_0,< 0 ms
2026-02-04 17:54:05.007,2108,-3942.3346519470215,LATENCY_LT_0,< 0 ms
2026-02-04 17:54:05.016,2108,-3950.428247451782,LATENCY_LT_0,< 0 ms
2026-02-04 17:54:05.032,2108,-3950.4148960113525,LATENCY_LT_0,< 0 ms
2026-02-04 17:54:05.033,2108,-3966.0727977752686,LATENCY_LT_0,< 0 ms
2026-02-04 17:54:05.033,2108,-3982.736825942993,LATENCY_LT_0,< 0 ms
2026-02-04 17:54:05.042,2108,-3991.286039352417,LATENCY_LT_0,< 0 ms
2026-02-04 17:54:05.043,2108,-4006.9570541381836,LATENCY_LT_0,< 0 ms
2026-02-04 17:54:05.043,2108,-4023.621082305908,LATENCY_LT_0,< 0 ms
2026-02-04 17:54:05.044,2108,-4039.287567138672,LATENCY_LT_0,< 0 ms
2026-02-04 17:54:05.046,2108,-4053.967237472534,LATENCY_LT_0,< 0 ms
2026-02-04 17:54:05.048,2108,-4068.629503250122,LATENCY_LT_0,< 0 ms
2026-02-04 17:54:05.060,2108,-4072.878837585449,LATENCY_LT_0,< 0 ms
2026-02-04 17:54:05.076,2108,-4073.2126235961914,LATENCY_LT_0,< 0 ms
2026-02-04 17:54:05.093,2108,-4073.5461711883545,LATENCY_LT_0,< 0 ms
2026-02-04 17:54:05.110,2108,-4073.0886459350586,LATENCY_LT_0,< 0 ms
2026-02-04 17:54:05.126,2108,-4073.303699493408,LATENCY_LT_0,< 0 ms
2026-02-04 17:54:05.143,2108,-4072.9682445526123,LATENCY_LT_0,< 0 ms
2026-02-04 17:54:05.160,2108,-4072.6304054260254,LATENCY_LT_0,< 0 ms
2026-02-04 17:54:05.180,2108,-4069.2973136901855,LATENCY_LT_0,< 0 ms
2026-02-04 17:54:05.193,2108,-4073.4474658966064,LATENCY_LT_0,< 0 ms
2026-02-04 17:54:05.209,2108,-4073.601007461548,LATENCY_LT_0,< 0 ms
2026-02-04 17:54:05.227,2108,-4072.8981494903564,LATENCY_LT_0,< 0 ms
2026-02-04 17:54:05.242,2108,-4073.6992359161377,LATENCY_LT_0,< 0 ms
2026-02-04 17:54:05.259,2108,-4073.3673572540283,LATENCY_LT_0,< 0 ms
2026-02-04 17:54:05.276,2108,-4073.0316638946533,LATENCY_LT_0,< 0 ms
2026-02-04 17:54:05.293,2108,-4072.695732116699,LATENCY_LT_0,< 0 ms
2026-02-04 17:54:05.310,2108,-4072.848320007324,LATENCY_LT_0,< 0 ms
2026-02-04 17:54:05.328,2108,-4071.9401836395264,LATENCY_LT_0,< 0 ms
2026-02-04 17:54:05.343,2108,-4073.5557079315186,LATENCY_LT_0,< 0 ms
2026-02-04 17:54:05.359,2108,-4073.547840118408,LATENCY_LT_0,< 0 ms
2026-02-04 17:54:05.376,2108,-4073.704719543457,LATENCY_LT_0,< 0 ms
2026-02-04 17:54:05.393,2108,-4073.3683109283447,LATENCY_LT_0,< 0 ms
2026-02-04 17:54:05.410,2108,-4073.030948638916,LATENCY_LT_0,< 0 ms
2026-02-04 17:54:05.426,2108,-4073.5769271850586,LATENCY_LT_0,< 0 ms
2026-02-04 17:54:05.443,2108,-4073.2357501983643,LATENCY_LT_0,< 0 ms
2026-02-04 17:54:05.459,2108,-4073.4994411468506,LATENCY_LT_0,< 0 ms
2026-02-04 17:54:05.476,2108,-4073.6474990844727,LATENCY_LT_0,< 0 ms
2026-02-04 17:54:05.493,2108,-4072.8089809417725,LATENCY_LT_0,< 0 ms
2026-02-04 17:54:05.509,2108,-4073.4457969665527,LATENCY_LT_0,< 0 ms
2026-02-04 17:54:05.527,2108,-4072.5972652435303,LATENCY_LT_0,< 0 ms
2026-02-04 17:54:05.543,2108,-4073.263168334961,LATENCY_LT_0,< 0 ms
2026-02-04 17:54:05.560,2108,-4072.925806045532,LATENCY_LT_0,< 0 ms
2026-02-04 17:54:05.576,2108,-4073.598623275757,LATENCY_LT_0,< 0 ms
2026-02-04 17:54:05.593,2108,-4073.2624530792236,LATENCY_LT_0,< 0 ms
2026-02-04 17:54:05.610,2108,-4072.918653488159,LATENCY_LT_0,< 0 ms
2026-02-04 17:54:05.626,2108,-4073.554754257202,LATENCY_LT_0,< 0 ms
2026-02-04 17:54:05.643,2108,-4073.2340812683105,LATENCY_LT_0,< 0 ms
2026-02-04 17:54:05.663,2108,-4069.9007511138916,LATENCY_LT_0,< 0 ms
2026-02-04 17:54:05.676,2108,-4073.563575744629,LATENCY_LT_0,< 0 ms
2026-02-04 17:54:05.693,2108,-4073.2290744781494,LATENCY_LT_0,< 0 ms
2026-02-04 17:54:05.709,2108,-4073.507308959961,LATENCY_LT_0,< 0 ms
2026-02-04 17:54:05.741,2108,-4058.095932006836,LATENCY_LT_0,< 0 ms
2026-02-04 17:54:05.743,2108,-4072.761058807373,LATENCY_LT_0,< 0 ms
2026-02-04 17:54:05.761,2108,-4071.425437927246,LATENCY_LT_0,< 0 ms
2026-02-04 17:54:05.776,2108,-4073.087453842163,LATENCY_LT_0,< 0 ms
2026-02-04 17:54:05.795,2108,-4071.63667678833,LATENCY_LT_0,< 0 ms
2026-02-04 17:54:05.810,2108,-4072.7899074554443,LATENCY_LT_0,< 0 ms
2026-02-04 17:54:05.827,2108,-4072.9568004608154,LATENCY_LT_0,< 0 ms
2026-02-04 17:54:05.844,2108,-4072.6189613342285,LATENCY_LT_0,< 0 ms
2026-02-04 17:54:05.860,2108,-4073.284149169922,LATENCY_LT_0,< 0 ms
2026-02-04 17:54:05.877,2108,-4072.9498863220215,LATENCY_LT_0,< 0 ms
2026-02-04 17:54:05.893,2108,-4073.6193656921387,LATENCY_LT_0,< 0 ms
2026-02-04 17:54:05.910,2108,-4073.2767581939697,LATENCY_LT_0,< 0 ms
2026-02-04 17:54:05.926,2108,-4073.4310150146484,LATENCY_LT_0,< 0 ms
2026-02-04 17:54:05.943,2108,-4073.0950832366943,LATENCY_LT_0,< 0 ms
2026-02-04 17:54:05.960,2108,-4072.7591514587402,LATENCY_LT_0,< 0 ms
2026-02-04 17:54:05.976,2108,-4073.430299758911,LATENCY_LT_0,< 0 ms
2026-02-04 17:54:05.993,2108,-4073.087453842163,LATENCY_LT_0,< 0 ms
2026-02-04 17:54:06.012,2108,-4071.22802734375,LATENCY_LT_0,< 0 ms
2026-02-04 17:54:06.027,2108,-4072.866439819336,LATENCY_LT_0,< 0 ms
2026-02-04 17:54:06.045,2108,-4071.545362472534,LATENCY_LT_0,< 0 ms
2026-02-04 17:54:06.063,2108,-4070.209503173828,LATENCY_LT_0,< 0 ms
2026-02-04 17:54:06.079,2108,-4070.8677768707275,LATENCY_LT_0,< 0 ms
2026-02-04 17:54:06.093,2108,-4073.0230808258057,LATENCY_LT_0,< 0 ms
2026-02-04 17:54:06.126,2108,-4073.3184814453125,LATENCY_LT_0,< 0 ms
2026-02-04 17:54:06.143,2108,-4072.981834411621,LATENCY_LT_0,< 0 ms
2026-02-04 17:54:06.159,2108,-4073.6446380615234,LATENCY_LT_0,< 0 ms
2026-02-04 17:54:06.180,2108,-4069.317579269409,LATENCY_LT_0,< 0 ms
2026-02-04 17:54:06.195,2108,-4070.9736347198486,LATENCY_LT_0,< 0 ms
2026-02-04 17:54:06.210,2108,-4072.598934173584,LATENCY_LT_0,< 0 ms
2026-02-04 17:54:06.226,2108,-4073.699712753296,LATENCY_LT_0,< 0 ms
2026-02-04 17:54:06.243,2108,-4073.367118835449,LATENCY_LT_0,< 0 ms
2026-02-04 17:54:06.268,2108,-4065.0293827056885,LATENCY_LT_0,< 0 ms
2026-02-04 17:54:06.281,2108,-4068.6943531036377,LATENCY_LT_0,< 0 ms
2026-02-04 17:54:06.299,2108,-4067.363977432251,LATENCY_LT_0,< 0 ms
2026-02-04 17:54:06.310,2108,-4073.0252265930176,LATENCY_LT_0,< 0 ms
2026-02-04 17:54:06.326,2108,-4073.169469833374,LATENCY_LT_0,< 0 ms
2026-02-04 17:54:06.343,2108,-4073.2595920562744,LATENCY_LT_0,< 0 ms
2026-02-04 17:54:06.360,2108,-4073.3134746551514,LATENCY_LT_0,< 0 ms
2026-02-04 17:54:06.376,2108,-4073.474645614624,LATENCY_LT_0,< 0 ms
2026-02-04 17:54:06.393,2108,-4073.1399059295654,LATENCY_LT_0,< 0 ms
2026-02-04 17:54:06.409,2108,-4073.7969875335693,LATENCY_LT_0,< 0 ms
2026-02-04 17:54:06.427,2108,-4072.9520320892334,LATENCY_LT_0,< 0 ms
2026-02-04 17:54:06.443,2108,-4073.63224029541,LATENCY_LT_0,< 0 ms
2026-02-04 17:54:06.460,2108,-4073.2955932617188,LATENCY_LT_0,< 0 ms
2026-02-04 17:54:06.477,2108,-4072.9596614837646,LATENCY_LT_0,< 0 ms
2026-02-04 17:54:06.493,2108,-4073.627233505249,LATENCY_LT_0,< 0 ms
2026-02-04 17:54:06.510,2108,-4073.1875896453857,LATENCY_LT_0,< 0 ms
2026-02-04 17:54:06.527,2108,-4072.3183155059814,LATENCY_LT_0,< 0 ms
2026-02-04 17:54:06.543,2108,-4072.8135108947754,LATENCY_LT_0,< 0 ms
2026-02-04 17:54:06.561,2108,-4071.700096130371,LATENCY_LT_0,< 0 ms
2026-02-04 17:54:06.576,2108,-4073.6420154571533,LATENCY_LT_0,< 0 ms
2026-02-04 17:54:06.593,2108,-4072.741985321045,LATENCY_LT_0,< 0 ms
2026-02-04 17:54:06.609,2108,-4073.8959312438965,LATENCY_LT_0,< 0 ms
2026-02-04 17:54:06.627,2108,-4072.8259086608887,LATENCY_LT_0,< 0 ms
2026-02-04 17:54:06.643,2108,-4072.9165077209473,LATENCY_LT_0,< 0 ms
2026-02-04 17:54:06.660,2108,-4072.749376296997,LATENCY_LT_0,< 0 ms
2026-02-04 17:54:06.677,2108,-4072.4942684173584,LATENCY_LT_0,< 0 ms
2026-02-04 17:54:06.693,2108,-4073.159694671631,LATENCY_LT_0,< 0 ms
2026-02-04 17:54:06.710,2108,-4073.2316970825195,LATENCY_LT_0,< 0 ms
2026-02-04 17:54:06.727,2108,-4072.3230838775635,LATENCY_LT_0,< 0 ms
2026-02-04 17:54:06.742,2108,-4073.716402053833,LATENCY_LT_0,< 0 ms
2026-02-04 17:54:06.759,2108,-4073.8046169281006,LATENCY_LT_0,< 0 ms
2026-02-04 17:54:06.777,2108,-4072.9429721832275,LATENCY_LT_0,< 0 ms
2026-02-04 17:54:06.793,2108,-4073.6067295074463,LATENCY_LT_0,< 0 ms
2026-02-04 17:54:06.810,2108,-4072.9238986968994,LATENCY_LT_0,< 0 ms
2026-02-04 17:54:06.826,2108,-4073.5998153686523,LATENCY_LT_0,< 0 ms
2026-02-04 17:54:06.842,2108,-4073.763608932495,LATENCY_LT_0,< 0 ms
2026-02-04 17:54:06.860,2108,-4072.42751121521,LATENCY_LT_0,< 0 ms
2026-02-04 17:54:06.876,2108,-4073.0903148651123,LATENCY_LT_0,< 0 ms
2026-02-04 17:54:06.892,2108,-4073.7619400024414,LATENCY_LT_0,< 0 ms
2026-02-04 17:54:06.910,2108,-4072.920083999634,LATENCY_LT_0,< 0 ms
2026-02-04 17:54:06.927,2108,-4072.7219581604004,LATENCY_LT_0,< 0 ms
2026-02-04 17:54:06.943,2108,-4073.024272918701,LATENCY_LT_0,< 0 ms
2026-02-04 17:54:06.959,2108,-4073.6889839172363,LATENCY_LT_0,< 0 ms
2026-02-04 17:54:06.976,2108,-4073.361396789551,LATENCY_LT_0,< 0 ms
2026-02-04 17:54:06.993,2108,-4073.02188873291,LATENCY_LT_0,< 0 ms
2026-02-04 17:54:07.009,2108,-4073.683738708496,LATENCY_LT_0,< 0 ms
2026-02-04 17:54:07.026,2108,-4073.322057723999,LATENCY_LT_0,< 0 ms
2026-02-04 17:54:07.043,2108,-4072.9870796203613,LATENCY_LT_0,< 0 ms
2026-02-04 17:54:07.059,2108,-4073.65083694458,LATENCY_LT_0,< 0 ms
2026-02-04 17:54:07.076,2108,-4073.309898376465,LATENCY_LT_0,< 0 ms
2026-02-04 17:54:07.093,2108,-4072.9122161865234,LATENCY_LT_0,< 0 ms
2026-02-04 17:54:07.109,2108,-4073.540687561035,LATENCY_LT_0,< 0 ms
2026-02-04 17:54:07.126,2108,-4073.174238204956,LATENCY_LT_0,< 0 ms
2026-02-04 17:54:07.142,2108,-4073.840379714966,LATENCY_LT_0,< 0 ms
2026-02-04 17:54:07.159,2108,-4073.4972953796387,LATENCY_LT_0,< 0 ms
2026-02-04 17:54:07.176,2108,-4073.1756687164307,LATENCY_LT_0,< 0 ms
2026-02-04 17:54:07.193,2108,-4072.838068008423,LATENCY_LT_0,< 0 ms
2026-02-04 17:54:07.209,2108,-4073.4970569610596,LATENCY_LT_0,< 0 ms
2026-02-04 17:54:07.226,2108,-4073.133707046509,LATENCY_LT_0,< 0 ms
2026-02-04 17:54:07.242,2108,-4073.8117694854736,LATENCY_LT_0,< 0 ms
2026-02-04 17:54:07.259,2108,-4073.475122451782,LATENCY_LT_0,< 0 ms
2026-02-04 17:54:07.276,2108,-4073.626756668091,LATENCY_LT_0,< 0 ms
2026-02-04 17:54:07.293,2108,-4073.30060005188,LATENCY_LT_0,< 0 ms
2026-02-04 17:54:07.311,2108,-4071.444272994995,LATENCY_LT_0,< 0 ms
2026-02-04 17:54:07.326,2108,-4073.014259338379,LATENCY_LT_0,< 0 ms
2026-02-04 17:54:07.343,2108,-4073.162794113159,LATENCY_LT_0,< 0 ms
2026-02-04 17:54:07.359,2108,-4073.64821434021,LATENCY_LT_0,< 0 ms
2026-02-04 17:54:07.376,2108,-4073.3211040496826,LATENCY_LT_0,< 0 ms
2026-02-04 17:54:07.394,2108,-4071.98429107666,LATENCY_LT_0,< 0 ms
2026-02-04 17:54:07.410,2108,-4072.6425647735596,LATENCY_LT_0,< 0 ms
2026-02-04 17:54:07.426,2108,-4073.803186416626,LATENCY_LT_0,< 0 ms
2026-02-04 17:54:07.443,2108,-4072.953939437866,LATENCY_LT_0,< 0 ms
2026-02-04 17:54:07.459,2108,-4073.6169815063477,LATENCY_LT_0,< 0 ms
2026-02-04 17:54:07.476,2108,-4073.2829570770264,LATENCY_LT_0,< 0 ms
2026-02-04 17:54:07.493,2108,-4072.9546546936035,LATENCY_LT_0,< 0 ms
2026-02-04 17:54:07.510,2108,-4072.6118087768555,LATENCY_LT_0,< 0 ms
2026-02-04 17:54:07.527,2108,-4072.758674621582,LATENCY_LT_0,< 0 ms
2026-02-04 17:54:07.545,2108,-4071.4240074157715,LATENCY_LT_0,< 0 ms
2026-02-04 17:54:07.565,2108,-4068.0840015411377,LATENCY_LT_0,< 0 ms
2026-02-04 17:54:07.578,2108,-4071.7597007751465,LATENCY_LT_0,< 0 ms
2026-02-04 17:54:07.594,2108,-4072.422504425049,LATENCY_LT_0,< 0 ms
2026-02-04 17:54:07.610,2108,-4073.078155517578,LATENCY_LT_0,< 0 ms
2026-02-04 17:54:07.626,2108,-4073.4543800354004,LATENCY_LT_0,< 0 ms
2026-02-04 17:54:07.647,2108,-4069.1254138946533,LATENCY_LT_0,< 0 ms
2026-02-04 17:54:07.660,2108,-4073.275327682495,LATENCY_LT_0,< 0 ms
2026-02-04 17:54:07.676,2108,-4073.4283924102783,LATENCY_LT_0,< 0 ms
2026-02-04 17:54:07.693,2108,-4073.092460632324,LATENCY_LT_0,< 0 ms
2026-02-04 17:54:07.710,2108,-4072.9057788848877,LATENCY_LT_0,< 0 ms
2026-02-04 17:54:07.731,2108,-4068.990707397461,LATENCY_LT_0,< 0 ms
2026-02-04 17:54:07.743,2108,-4073.655366897583,LATENCY_LT_0,< 0 ms
2026-02-04 17:54:07.761,2108,-4072.319269180298,LATENCY_LT_0,< 0 ms
2026-02-04 17:54:07.777,2108,-4072.990655899048,LATENCY_LT_0,< 0 ms
2026-02-04 17:54:07.794,2108,-4072.654962539673,LATENCY_LT_0,< 0 ms
2026-02-04 17:54:07.811,2108,-4072.3135471343994,LATENCY_LT_0,< 0 ms
2026-02-04 17:54:07.826,2108,-4073.4810829162598,LATENCY_LT_0,< 0 ms
2026-02-04 17:54:07.843,2108,-4073.146343231201,LATENCY_LT_0,< 0 ms
2026-02-04 17:54:07.860,2108,-4072.802782058716,LATENCY_LT_0,< 0 ms
2026-02-04 17:54:07.876,2108,-4073.0741024017334,LATENCY_LT_0,< 0 ms
2026-02-04 17:54:07.893,2108,-4073.235511779785,LATENCY_LT_0,< 0 ms
2026-02-04 17:54:07.910,2108,-4072.8893280029297,LATENCY_LT_0,< 0 ms
2026-02-04 17:54:07.926,2108,-4073.500633239746,LATENCY_LT_0,< 0 ms
2026-02-04 17:54:07.943,2108,-4073.650121688843,LATENCY_LT_0,< 0 ms
2026-02-04 17:54:07.960,2108,-4072.7996826171875,LATENCY_LT_0,< 0 ms
2026-02-04 17:54:07.976,2108,-4073.472261428833,LATENCY_LT_0,< 0 ms
2026-02-04 17:54:07.994,2108,-4072.1359252929688,LATENCY_LT_0,< 0 ms
2026-02-04 17:54:08.009,2108,-4073.7907886505127,LATENCY_LT_0,< 0 ms
2026-02-04 17:54:08.026,2108,-4073.3368396759033,LATENCY_LT_0,< 0 ms
2026-02-04 17:54:08.043,2108,-4073.01664352417,LATENCY_LT_0,< 0 ms
2026-02-04 17:54:08.060,2108,-4072.6730823516846,LATENCY_LT_0,< 0 ms
2026-02-04 17:54:08.076,2108,-4073.6844539642334,LATENCY_LT_0,< 0 ms
2026-02-04 17:54:08.093,2108,-4072.817325592041,LATENCY_LT_0,< 0 ms
2026-02-04 17:54:08.110,2108,-4072.4542140960693,LATENCY_LT_0,< 0 ms
2026-02-04 17:54:08.127,2108,-4072.6077556610107,LATENCY_LT_0,< 0 ms
2026-02-04 17:54:08.143,2108,-4073.270559310913,LATENCY_LT_0,< 0 ms
2026-02-04 17:54:08.160,2108,-4072.9291439056396,LATENCY_LT_0,< 0 ms
2026-02-04 17:54:08.176,2108,-4073.573589324951,LATENCY_LT_0,< 0 ms
2026-02-04 17:54:08.193,2108,-4073.2052326202393,LATENCY_LT_0,< 0 ms
2026-02-04 17:54:08.210,2108,-4072.8652477264404,LATENCY_LT_0,< 0 ms
2026-02-04 17:54:08.227,2108,-4072.908639907837,LATENCY_LT_0,< 0 ms
2026-02-04 17:54:08.242,2108,-4073.786973953247,LATENCY_LT_0,< 0 ms
2026-02-04 17:54:08.259,2108,-4073.4527111053467,LATENCY_LT_0,< 0 ms
2026-02-04 17:54:08.276,2108,-4073.1148719787598,LATENCY_LT_0,< 0 ms
2026-02-04 17:54:08.293,2108,-4073.286771774292,LATENCY_LT_0,< 0 ms
2026-02-04 17:54:08.310,2108,-4073.3137130737305,LATENCY_LT_0,< 0 ms
2026-02-04 17:54:08.326,2108,-4073.4591484069824,LATENCY_LT_0,< 0 ms
2026-02-04 17:54:08.342,2108,-4073.7016201019287,LATENCY_LT_0,< 0 ms
2026-02-04 17:54:08.360,2108,-4073.286533355713,LATENCY_LT_0,< 0 ms
2026-02-04 17:54:08.376,2108,-4073.4806060791016,LATENCY_LT_0,< 0 ms
2026-02-04 17:54:08.393,2108,-4073.2011795043945,LATENCY_LT_0,< 0 ms
2026-02-04 17:54:08.409,2108,-4073.427200317383,LATENCY_LT_0,< 0 ms
2026-02-04 17:54:08.426,2108,-4073.626756668091,LATENCY_LT_0,< 0 ms
2026-02-04 17:54:08.443,2108,-4073.479413986206,LATENCY_LT_0,< 0 ms
2026-02-04 17:54:08.460,2108,-4072.437047958374,LATENCY_LT_0,< 0 ms
2026-02-04 17:54:08.476,2108,-4073.1101036071777,LATENCY_LT_0,< 0 ms
2026-02-04 17:54:08.492,2108,-4074.000358581543,LATENCY_LT_0,< 0 ms
2026-02-04 17:54:08.509,2108,-4073.3802318573,LATENCY_LT_0,< 0 ms
2026-02-04 17:54:08.526,2108,-4073.408365249634,LATENCY_LT_0,< 0 ms
2026-02-04 17:54:08.543,2108,-4072.9756355285645,LATENCY_LT_0,< 0 ms
2026-02-04 17:54:08.560,2108,-4073.1594562530518,LATENCY_LT_0,< 0 ms
2026-02-04 17:54:08.576,2108,-4073.655366897583,LATENCY_LT_0,< 0 ms
2026-02-04 17:54:08.594,2108,-4071.80118560791,LATENCY_LT_0,< 0 ms
2026-02-04 17:54:08.611,2108,-4072.2641944885254,LATENCY_LT_0,< 0 ms
2026-02-04 17:54:08.626,2108,-4073.554515838623,LATENCY_LT_0,< 0 ms
2026-02-04 17:54:08.643,2108,-4072.95560836792,LATENCY_LT_0,< 0 ms
2026-02-04 17:54:08.660,2108,-4072.737693786621,LATENCY_LT_0,< 0 ms
2026-02-04 17:54:08.676,2108,-4073.3983516693115,LATENCY_LT_0,< 0 ms
2026-02-04 17:54:08.693,2108,-4073.5557079315186,LATENCY_LT_0,< 0 ms
2026-02-04 17:54:08.709,2108,-4073.7085342407227,LATENCY_LT_0,< 0 ms
2026-02-04 17:54:08.727,2108,-4072.859048843384,LATENCY_LT_0,< 0 ms
2026-02-04 17:54:08.743,2108,-4073.521375656128,LATENCY_LT_0,< 0 ms
2026-02-04 17:54:08.760,2108,-4073.0721950531006,LATENCY_LT_0,< 0 ms
2026-02-04 17:54:08.776,2108,-4073.157548904419,LATENCY_LT_0,< 0 ms
2026-02-04 17:54:08.794,2108,-4072.523832321167,LATENCY_LT_0,< 0 ms
2026-02-04 17:54:08.810,2108,-4073.1048583984375,LATENCY_LT_0,< 0 ms
2026-02-04 17:54:08.827,2108,-4072.7450847625732,LATENCY_LT_0,< 0 ms
2026-02-04 17:54:08.843,2108,-4072.9103088378906,LATENCY_LT_0,< 0 ms
2026-02-04 17:54:08.859,2108,-4073.5762119293213,LATENCY_LT_0,< 0 ms
2026-02-04 17:54:08.877,2108,-4072.2341537475586,LATENCY_LT_0,< 0 ms
2026-02-04 17:54:08.894,2108,-4071.8860626220703,LATENCY_LT_0,< 0 ms
2026-02-04 17:54:08.910,2108,-4073.033332824707,LATENCY_LT_0,< 0 ms
2026-02-04 17:54:08.926,2108,-4073.1844902038574,LATENCY_LT_0,< 0 ms
2026-02-04 17:54:08.943,2108,-4072.849988937378,LATENCY_LT_0,< 0 ms
2026-02-04 17:54:08.959,2108,-4073.5130310058594,LATENCY_LT_0,< 0 ms
2026-02-04 17:54:08.976,2108,-4073.1875896453857,LATENCY_LT_0,< 0 ms
2026-02-04 17:54:08.993,2108,-4072.8492736816406,LATENCY_LT_0,< 0 ms
2026-02-04 17:54:09.009,2108,-4073.51016998291,LATENCY_LT_0,< 0 ms
2026-02-04 17:54:09.026,2108,-4073.6775398254395,LATENCY_LT_0,< 0 ms
2026-02-04 17:54:09.043,2108,-4073.335647583008,LATENCY_LT_0,< 0 ms
2026-02-04 17:54:09.060,2108,-4072.9730129241943,LATENCY_LT_0,< 0 ms
2026-02-04 17:54:09.076,2108,-4073.6312866210938,LATENCY_LT_0,< 0 ms
2026-02-04 17:54:09.093,2108,-4073.251485824585,LATENCY_LT_0,< 0 ms
2026-02-04 17:54:09.109,2108,-4073.399066925049,LATENCY_LT_0,< 0 ms
2026-02-04 17:54:09.126,2108,-4073.551654815674,LATENCY_LT_0,< 0 ms
2026-02-04 17:54:09.143,2108,-4073.2131004333496,LATENCY_LT_0,< 0 ms
2026-02-04 17:54:09.160,2108,-4072.880268096924,LATENCY_LT_0,< 0 ms
2026-02-04 17:54:09.176,2108,-4073.552370071411,LATENCY_LT_0,< 0 ms
2026-02-04 17:54:09.193,2108,-4073.216438293457,LATENCY_LT_0,< 0 ms
2026-02-04 17:54:09.210,2108,-4072.8683471679688,LATENCY_LT_0,< 0 ms
2026-02-04 17:54:09.226,2108,-4073.4636783599854,LATENCY_LT_0,< 0 ms
2026-02-04 17:54:09.243,2108,-4073.1425285339355,LATENCY_LT_0,< 0 ms
2026-02-04 17:54:09.260,2108,-4073.108673095703,LATENCY_LT_0,< 0 ms
2026-02-04 17:54:09.276,2108,-4073.26078414917,LATENCY_LT_0,< 0 ms
2026-02-04 17:54:09.293,2108,-4073.418140411377,LATENCY_LT_0,< 0 ms
2026-02-04 17:54:09.309,2108,-4073.5747814178467,LATENCY_LT_0,< 0 ms
2026-02-04 17:54:09.327,2108,-4072.1540451049805,LATENCY_LT_0,< 0 ms
2026-02-04 17:54:09.343,2108,-4072.765111923218,LATENCY_LT_0,< 0 ms
2026-02-04 17:54:09.359,2108,-4073.3492374420166,LATENCY_LT_0,< 0 ms
2026-02-04 17:54:09.376,2108,-4073.503255844116,LATENCY_LT_0,< 0 ms
2026-02-04 17:54:09.393,2108,-4073.5859870910645,LATENCY_LT_0,< 0 ms
2026-02-04 17:54:09.410,2108,-4072.6795196533203,LATENCY_LT_0,< 0 ms
2026-02-04 17:54:09.426,2108,-4073.2359886169434,LATENCY_LT_0,< 0 ms
2026-02-04 17:54:09.443,2108,-4072.899341583252,LATENCY_LT_0,< 0 ms
2026-02-04 17:54:09.459,2108,-4073.5650062561035,LATENCY_LT_0,< 0 ms
2026-02-04 17:54:09.476,2108,-4073.2192993164062,LATENCY_LT_0,< 0 ms
2026-02-04 17:54:09.493,2108,-4073.3819007873535,LATENCY_LT_0,< 0 ms
2026-02-04 17:54:09.509,2108,-4073.5340118408203,LATENCY_LT_0,< 0 ms
2026-02-04 17:54:09.526,2108,-4073.814630508423,LATENCY_LT_0,< 0 ms
2026-02-04 17:54:09.543,2108,-4073.341131210327,LATENCY_LT_0,< 0 ms
2026-02-04 17:54:09.559,2108,-4073.496103286743,LATENCY_LT_0,< 0 ms
2026-02-04 17:54:09.577,2108,-4072.1681118011475,LATENCY_LT_0,< 0 ms
2026-02-04 17:54:09.592,2108,-4073.826551437378,LATENCY_LT_0,< 0 ms
2026-02-04 17:54:09.609,2108,-4073.48895072937,LATENCY_LT_0,< 0 ms
2026-02-04 17:54:09.626,2108,-4073.641300201416,LATENCY_LT_0,< 0 ms
2026-02-04 17:54:09.645,2108,-4071.319341659546,LATENCY_LT_0,< 0 ms
2026-02-04 17:54:09.660,2108,-4072.984218597412,LATENCY_LT_0,< 0 ms
2026-02-04 17:54:09.676,2108,-4073.648691177368,LATENCY_LT_0,< 0 ms
2026-02-04 17:54:09.695,2108,-4071.3183879852295,LATENCY_LT_0,< 0 ms
2026-02-04 17:54:09.710,2108,-4072.9753971099854,LATENCY_LT_0,< 0 ms
2026-02-04 17:54:09.726,2108,-4073.1217861175537,LATENCY_LT_0,< 0 ms
2026-02-04 17:54:09.748,2108,-4067.753791809082,LATENCY_LT_0,< 0 ms
2026-02-04 17:54:09.765,2108,-4067.3911571502686,LATENCY_LT_0,< 0 ms
2026-02-04 17:54:09.776,2108,-4073.0271339416504,LATENCY_LT_0,< 0 ms
2026-02-04 17:54:09.796,2108,-4070.003032684326,LATENCY_LT_0,< 0 ms
2026-02-04 17:54:09.810,2108,-4072.6616382598877,LATENCY_LT_0,< 0 ms
2026-02-04 17:54:09.829,2108,-4070.8329677581787,LATENCY_LT_0,< 0 ms
2026-02-04 17:54:09.843,2108,-4073.4939575195312,LATENCY_LT_0,< 0 ms
2026-02-04 17:54:09.860,2108,-4073.1558799743652,LATENCY_LT_0,< 0 ms
2026-02-04 17:54:09.877,2108,-4072.8237628936768,LATENCY_LT_0,< 0 ms
2026-02-04 17:54:09.903,2108,-4063.4913444519043,LATENCY_LT_0,< 0 ms
2026-02-04 17:54:09.918,2108,-4065.131902694702,LATENCY_LT_0,< 0 ms
2026-02-04 17:54:09.927,2108,-4072.7899074554443,LATENCY_LT_0,< 0 ms
2026-02-04 17:54:09.948,2108,-4068.1750774383545,LATENCY_LT_0,< 0 ms
2026-02-04 17:54:09.964,2108,-4068.8371658325195,LATENCY_LT_0,< 0 ms
2026-02-04 17:54:09.976,2108,-4073.512077331543,LATENCY_LT_0,< 0 ms
2026-02-04 17:54:09.993,2108,-4073.1709003448486,LATENCY_LT_0,< 0 ms
2026-02-04 17:54:10.023,2108,-4059.8433017730713,LATENCY_LT_0,< 0 ms
2026-02-04 17:54:10.034,2108,-4065.5057430267334,LATENCY_LT_0,< 0 ms
2026-02-04 17:54:10.053,2108,-4063.1871223449707,LATENCY_LT_0,< 0 ms
2026-02-04 17:54:10.060,2108,-4072.848320007324,LATENCY_LT_0,< 0 ms
2026-02-04 17:54:10.084,2108,-4065.5078887939453,LATENCY_LT_0,< 0 ms
2026-02-04 17:54:10.103,2108,-4063.103437423706,LATENCY_LT_0,< 0 ms
2026-02-04 17:54:10.115,2108,-4067.7666664123535,LATENCY_LT_0,< 0 ms
2026-02-04 17:54:10.137,2108,-4062.8583431243896,LATENCY_LT_0,< 0 ms
2026-02-04 17:54:10.143,2108,-4073.5228061676025,LATENCY_LT_0,< 0 ms
2026-02-04 17:54:10.160,2108,-4073.185443878174,LATENCY_LT_0,< 0 ms
2026-02-04 17:54:10.177,2108,-4072.857141494751,LATENCY_LT_0,< 0 ms
2026-02-04 17:54:10.193,2108,-4073.5228061676025,LATENCY_LT_0,< 0 ms
2026-02-04 17:54:10.210,2108,-4073.1804370880127,LATENCY_LT_0,< 0 ms
2026-02-04 17:54:10.226,2108,-4073.6446380615234,LATENCY_LT_0,< 0 ms
2026-02-04 17:54:10.244,2108,-4072.3071098327637,LATENCY_LT_0,< 0 ms
2026-02-04 17:54:10.260,2108,-4072.972536087036,LATENCY_LT_0,< 0 ms
2026-02-04 17:54:10.276,2108,-4073.636531829834,LATENCY_LT_0,< 0 ms
2026-02-04 17:54:10.293,2108,-4073.3084678649902,LATENCY_LT_0,< 0 ms
2026-02-04 17:54:10.310,2108,-4072.9668140411377,LATENCY_LT_0,< 0 ms
2026-02-04 17:54:10.326,2108,-4073.242425918579,LATENCY_LT_0,< 0 ms
2026-02-04 17:54:10.343,2108,-4073.392629623413,LATENCY_LT_0,< 0 ms
2026-02-04 17:54:10.359,2108,-4073.364496231079,LATENCY_LT_0,< 0 ms
2026-02-04 17:54:10.376,2108,-4073.030948638916,LATENCY_LT_0,< 0 ms
2026-02-04 17:54:10.402,2108,-4063.6887550354004,LATENCY_LT_0,< 0 ms
2026-02-04 17:54:10.411,2108,-4072.2014904022217,LATENCY_LT_0,< 0 ms
2026-02-04 17:54:10.426,2108,-4073.2133388519287,LATENCY_LT_0,< 0 ms
2026-02-04 17:54:10.443,2108,-4073.3444690704346,LATENCY_LT_0,< 0 ms
2026-02-04 17:54:10.460,2108,-4073.0087757110596,LATENCY_LT_0,< 0 ms
2026-02-04 17:54:10.476,2108,-4073.674201965332,LATENCY_LT_0,< 0 ms
2026-02-04 17:54:10.493,2108,-4073.3463764190674,LATENCY_LT_0,< 0 ms
2026-02-04 17:54:10.510,2108,-4073.0044841766357,LATENCY_LT_0,< 0 ms
2026-02-04 17:54:10.526,2108,-4073.0512142181396,LATENCY_LT_0,< 0 ms
2026-02-04 17:54:10.543,2108,-4073.1725692749023,LATENCY_LT_0,< 0 ms
2026-02-04 17:54:10.560,2108,-4072.8394985198975,LATENCY_LT_0,< 0 ms
2026-02-04 17:54:10.577,2108,-4072.509765625,LATENCY_LT_0,< 0 ms
2026-02-04 17:54:10.593,2108,-4073.1747150421143,LATENCY_LT_0,< 0 ms
2026-02-04 17:54:10.610,2108,-4072.8282928466797,LATENCY_LT_0,< 0 ms
2026-02-04 17:54:10.627,2108,-4072.998523712158,LATENCY_LT_0,< 0 ms
2026-02-04 17:54:10.645,2108,-4071.6617107391357,LATENCY_LT_0,< 0 ms
2026-02-04 17:54:10.662,2108,-4071.3250637054443,LATENCY_LT_0,< 0 ms
2026-02-04 17:54:10.677,2108,-4072.9892253875732,LATENCY_LT_0,< 0 ms
2026-02-04 17:54:10.694,2108,-4072.6616382598877,LATENCY_LT_0,< 0 ms
2026-02-04 17:54:10.711,2108,-4072.3187923431396,LATENCY_LT_0,< 0 ms
2026-02-04 17:54:10.727,2108,-4072.477102279663,LATENCY_LT_0,< 0 ms
2026-02-04 17:54:10.743,2108,-4073.139429092407,LATENCY_LT_0,< 0 ms
2026-02-04 17:54:10.760,2108,-4073.2903480529785,LATENCY_LT_0,< 0 ms
2026-02-04 17:54:10.776,2108,-4073.3871459960938,LATENCY_LT_0,< 0 ms
2026-02-04 17:54:10.793,2108,-4073.051691055298,LATENCY_LT_0,< 0 ms
2026-02-04 17:54:10.810,2108,-4072.709798812866,LATENCY_LT_0,< 0 ms
2026-02-04 17:54:10.827,2108,-4072.856664657593,LATENCY_LT_0,< 0 ms
2026-02-04 17:54:10.843,2108,-4073.537826538086,LATENCY_LT_0,< 0 ms
2026-02-04 17:54:10.862,2108,-4071.195602416992,LATENCY_LT_0,< 0 ms
2026-02-04 17:54:10.876,2108,-4073.34303855896,LATENCY_LT_0,< 0 ms
2026-02-04 17:54:10.893,2108,-4073.4424591064453,LATENCY_LT_0,< 0 ms
2026-02-04 17:54:10.910,2108,-4073.0972290039062,LATENCY_LT_0,< 0 ms
2026-02-04 17:54:10.926,2108,-4073.6427307128906,LATENCY_LT_0,< 0 ms
2026-02-04 17:54:10.944,2108,-4072.615385055542,LATENCY_LT_0,< 0 ms
2026-02-04 17:54:10.960,2108,-4073.2738971710205,LATENCY_LT_0,< 0 ms
2026-02-04 17:54:10.977,2108,-4072.9458332061768,LATENCY_LT_0,< 0 ms
2026-02-04 17:54:10.993,2108,-4072.697401046753,LATENCY_LT_0,< 0 ms
2026-02-04 17:54:11.127,2108,-3955.4028511047363,LATENCY_LT_0,< 0 ms
2026-02-04 17:54:11.127,2108,-3972.0828533172607,LATENCY_LT_0,< 0 ms
2026-02-04 17:54:11.127,2108,-3988.7468814849854,LATENCY_LT_0,< 0 ms
2026-02-04 17:54:11.127,2108,-4005.41090965271,LATENCY_LT_0,< 0 ms
2026-02-04 17:54:11.127,2108,-4022.0749378204346,LATENCY_LT_0,< 0 ms
2026-02-04 17:54:11.127,2108,-4038.7468338012695,LATENCY_LT_0,< 0 ms
2026-02-04 17:54:11.127,2108,-4055.410861968994,LATENCY_LT_0,< 0 ms
2026-02-04 17:54:11.128,2108,-4071.0737705230713,LATENCY_LT_0,< 0 ms
2026-02-04 17:54:11.143,2108,-4073.2128620147705,LATENCY_LT_0,< 0 ms
2026-02-04 17:54:11.160,2108,-4073.2154846191406,LATENCY_LT_0,< 0 ms
2026-02-04 17:54:11.177,2108,-4072.8046894073486,LATENCY_LT_0,< 0 ms
2026-02-04 17:54:11.194,2108,-4072.4692344665527,LATENCY_LT_0,< 0 ms
2026-02-04 17:54:11.210,2108,-4073.122262954712,LATENCY_LT_0,< 0 ms
2026-02-04 17:54:11.229,2108,-4070.7550048828125,LATENCY_LT_0,< 0 ms
2026-02-04 17:54:11.243,2108,-4073.4379291534424,LATENCY_LT_0,< 0 ms
2026-02-04 17:54:11.260,2108,-4073.0912685394287,LATENCY_LT_0,< 0 ms
2026-02-04 17:54:11.277,2108,-4072.9219913482666,LATENCY_LT_0,< 0 ms
2026-02-04 17:54:11.295,2108,-4071.589946746826,LATENCY_LT_0,< 0 ms
2026-02-04 17:54:11.316,2108,-4067.2504901885986,LATENCY_LT_0,< 0 ms
2026-02-04 17:54:11.329,2108,-4070.8422660827637,LATENCY_LT_0,< 0 ms
2026-02-04 17:54:11.349,2108,-4066.866874694824,LATENCY_LT_0,< 0 ms
2026-02-04 17:54:11.360,2108,-4072.942018508911,LATENCY_LT_0,< 0 ms
2026-02-04 17:54:11.376,2108,-4073.6145973205566,LATENCY_LT_0,< 0 ms
2026-02-04 17:54:11.393,2108,-4073.2779502868652,LATENCY_LT_0,< 0 ms
2026-02-04 17:54:11.415,2108,-4067.9328441619873,LATENCY_LT_0,< 0 ms
2026-02-04 17:54:11.426,2108,-4073.1735229492188,LATENCY_LT_0,< 0 ms
2026-02-04 17:54:11.443,2108,-4072.7579593658447,LATENCY_LT_0,< 0 ms
2026-02-04 17:54:11.460,2108,-4072.880744934082,LATENCY_LT_0,< 0 ms
2026-02-04 17:54:11.476,2108,-4073.0364322662354,LATENCY_LT_0,< 0 ms
2026-02-04 17:54:11.493,2108,-4073.150873184204,LATENCY_LT_0,< 0 ms
2026-02-04 17:54:11.509,2108,-4073.809862136841,LATENCY_LT_0,< 0 ms
2026-02-04 17:54:11.527,2108,-4072.9596614837646,LATENCY_LT_0,< 0 ms
2026-02-04 17:54:11.543,2108,-4073.6238956451416,LATENCY_LT_0,< 0 ms
2026-02-04 17:54:11.560,2108,-4073.2877254486084,LATENCY_LT_0,< 0 ms
2026-02-04 17:54:11.577,2108,-4072.9591846466064,LATENCY_LT_0,< 0 ms
2026-02-04 17:54:11.593,2108,-4073.622941970825,LATENCY_LT_0,< 0 ms
2026-02-04 17:54:11.610,2108,-4073.2810497283936,LATENCY_LT_0,< 0 ms
2026-02-04 17:54:11.626,2108,-4073.434591293335,LATENCY_LT_0,< 0 ms
2026-02-04 17:54:11.643,2108,-4073.1141567230225,LATENCY_LT_0,< 0 ms
2026-02-04 17:54:11.660,2108,-4072.7787017822266,LATENCY_LT_0,< 0 ms
2026-02-04 17:54:11.676,2108,-4073.441505432129,LATENCY_LT_0,< 0 ms
2026-02-04 17:54:11.693,2108,-4073.1163024902344,LATENCY_LT_0,< 0 ms
2026-02-04 17:54:11.710,2108,-4072.773218154907,LATENCY_LT_0,< 0 ms
2026-02-04 17:54:11.727,2108,-4072.925090789795,LATENCY_LT_0,< 0 ms
2026-02-04 17:54:11.744,2108,-4072.58939743042,LATENCY_LT_0,< 0 ms
2026-02-04 17:54:11.761,2108,-4072.2529888153076,LATENCY_LT_0,< 0 ms
2026-02-04 17:54:11.777,2108,-4072.9289054870605,LATENCY_LT_0,< 0 ms
2026-02-04 17:54:11.793,2108,-4073.5936164855957,LATENCY_LT_0,< 0 ms
2026-02-04 17:54:11.816,2108,-4067.2435760498047,LATENCY_LT_0,< 0 ms
2026-02-04 17:54:11.826,2108,-4073.4105110168457,LATENCY_LT_0,< 0 ms
2026-02-04 17:54:11.843,2108,-4073.0764865875244,LATENCY_LT_0,< 0 ms
2026-02-04 17:54:11.859,2108,-4073.73046875,LATENCY_LT_0,< 0 ms
2026-02-04 17:54:11.877,2108,-4072.880506515503,LATENCY_LT_0,< 0 ms
2026-02-04 17:54:11.893,2108,-4072.9668140411377,LATENCY_LT_0,< 0 ms
2026-02-04 17:54:11.909,2108,-4073.627710342407,LATENCY_LT_0,< 0 ms
2026-02-04 17:54:11.927,2108,-4072.777271270752,LATENCY_LT_0,< 0 ms
2026-02-04 17:54:11.943,2108,-4073.4403133392334,LATENCY_LT_0,< 0 ms
2026-02-04 17:54:11.960,2108,-4073.1041431427,LATENCY_LT_0,< 0 ms
2026-02-04 17:54:11.977,2108,-4072.777509689331,LATENCY_LT_0,< 0 ms
2026-02-04 17:54:11.993,2108,-4073.4424591064453,LATENCY_LT_0,< 0 ms
2026-02-04 17:54:12.010,2108,-4073.100805282593,LATENCY_LT_0,< 0 ms
2026-02-04 17:54:12.026,2108,-4073.249340057373,LATENCY_LT_0,< 0 ms
2026-02-04 17:54:12.043,2108,-4072.923183441162,LATENCY_LT_0,< 0 ms
2026-02-04 17:54:12.059,2108,-4073.4050273895264,LATENCY_LT_0,< 0 ms
2026-02-04 17:54:12.076,2108,-4073.50492477417,LATENCY_LT_0,< 0 ms
2026-02-04 17:54:12.092,2108,-4073.7404823303223,LATENCY_LT_0,< 0 ms
2026-02-04 17:54:12.110,2108,-4072.8390216827393,LATENCY_LT_0,< 0 ms
2026-02-04 17:54:12.127,2108,-4072.9851722717285,LATENCY_LT_0,< 0 ms
2026-02-04 17:54:12.142,2108,-4073.7144947052,LATENCY_LT_0,< 0 ms
2026-02-04 17:54:12.159,2108,-4073.378086090088,LATENCY_LT_0,< 0 ms
2026-02-04 17:54:12.176,2108,-4073.0438232421875,LATENCY_LT_0,< 0 ms
2026-02-04 17:54:12.194,2108,-4072.577476501465,LATENCY_LT_0,< 0 ms
2026-02-04 17:54:12.210,2108,-4072.7341175079346,LATENCY_LT_0,< 0 ms
2026-02-04 17:54:12.226,2108,-4073.302745819092,LATENCY_LT_0,< 0 ms
2026-02-04 17:54:12.243,2108,-4072.967767715454,LATENCY_LT_0,< 0 ms
2026-02-04 17:54:12.259,2108,-4073.6231803894043,LATENCY_LT_0,< 0 ms
2026-02-04 17:54:12.275,2108,-4074.291706085205,LATENCY_LT_0,< 0 ms
2026-02-04 17:54:12.293,2108,-4072.8771686553955,LATENCY_LT_0,< 0 ms
2026-02-04 17:54:12.309,2108,-4073.536157608032,LATENCY_LT_0,< 0 ms
2026-02-04 17:54:12.327,2108,-4072.587728500366,LATENCY_LT_0,< 0 ms
2026-02-04 17:54:12.343,2108,-4073.1663703918457,LATENCY_LT_0,< 0 ms
2026-02-04 17:54:12.360,2108,-4072.7450847625732,LATENCY_LT_0,< 0 ms
2026-02-04 17:54:12.376,2108,-4073.4171867370605,LATENCY_LT_0,< 0 ms
2026-02-04 17:54:12.393,2108,-4073.0795860290527,LATENCY_LT_0,< 0 ms
2026-02-04 17:54:12.410,2108,-4072.7384090423584,LATENCY_LT_0,< 0 ms
2026-02-04 17:54:12.428,2108,-4071.8891620635986,LATENCY_LT_0,< 0 ms
2026-02-04 17:54:12.443,2108,-4073.568820953369,LATENCY_LT_0,< 0 ms
2026-02-04 17:54:12.460,2108,-4073.230981826782,LATENCY_LT_0,< 0 ms
2026-02-04 17:54:12.480,2108,-4069.8957443237305,LATENCY_LT_0,< 0 ms
2026-02-04 17:54:12.496,2108,-4070.568084716797,LATENCY_LT_0,< 0 ms
2026-02-04 17:54:12.510,2108,-4073.227643966675,LATENCY_LT_0,< 0 ms
2026-02-04 17:54:12.528,2108,-4071.3722705841064,LATENCY_LT_0,< 0 ms
2026-02-04 17:54:12.544,2108,-4071.8541145324707,LATENCY_LT_0,< 0 ms
2026-02-04 17:54:12.559,2108,-4073.517322540283,LATENCY_LT_0,< 0 ms
2026-02-04 17:54:12.584,2108,-4065.1915073394775,LATENCY_LT_0,< 0 ms
2026-02-04 17:54:12.593,2108,-4072.855234146118,LATENCY_LT_0,< 0 ms
2026-02-04 17:54:12.609,2108,-4073.5130310058594,LATENCY_LT_0,< 0 ms
2026-02-04 17:54:12.633,2108,-4066.084384918213,LATENCY_LT_0,< 0 ms
2026-02-04 17:54:12.650,2108,-4065.7477378845215,LATENCY_LT_0,< 0 ms
2026-02-04 17:54:12.666,2108,-4066.403865814209,LATENCY_LT_0,< 0 ms
2026-02-04 17:54:12.683,2108,-4066.953659057617,LATENCY_LT_0,< 0 ms
2026-02-04 17:54:12.699,2108,-4067.6181316375732,LATENCY_LT_0,< 0 ms
2026-02-04 17:54:12.717,2108,-4066.2739276885986,LATENCY_LT_0,< 0 ms
2026-02-04 17:54:12.727,2108,-4072.7968215942383,LATENCY_LT_0,< 0 ms
2026-02-04 17:54:12.743,2108,-4073.3108520507812,LATENCY_LT_0,< 0 ms
2026-02-04 17:54:12.760,2108,-4073.075771331787,LATENCY_LT_0,< 0 ms
2026-02-04 17:54:12.776,2108,-4073.6477375030518,LATENCY_LT_0,< 0 ms
2026-02-04 17:54:12.793,2108,-4073.312997817993,LATENCY_LT_0,< 0 ms
2026-02-04 17:54:12.810,2108,-4072.9708671569824,LATENCY_LT_0,< 0 ms
2026-02-04 17:54:12.827,2108,-4072.446584701538,LATENCY_LT_0,< 0 ms
2026-02-04 17:54:12.842,2108,-4073.8954544067383,LATENCY_LT_0,< 0 ms
2026-02-04 17:54:12.860,2108,-4073.0106830596924,LATENCY_LT_0,< 0 ms
2026-02-04 17:54:12.876,2108,-4073.6711025238037,LATENCY_LT_0,< 0 ms
2026-02-04 17:54:12.893,2108,-4073.3468532562256,LATENCY_LT_0,< 0 ms
2026-02-04 17:54:12.910,2108,-4073.0061531066895,LATENCY_LT_0,< 0 ms
2026-02-04 17:54:12.926,2108,-4073.61102104187,LATENCY_LT_0,< 0 ms
2026-02-04 17:54:12.942,2108,-4073.676586151123,LATENCY_LT_0,< 0 ms
2026-02-04 17:54:12.959,2108,-4073.3437538146973,LATENCY_LT_0,< 0 ms
2026-02-04 17:54:12.976,2108,-4073.0161666870117,LATENCY_LT_0,< 0 ms
2026-02-04 17:54:12.992,2108,-4073.6794471740723,LATENCY_LT_0,< 0 ms
2026-02-04 17:54:13.009,2108,-4073.336362838745,LATENCY_LT_0,< 0 ms
2026-02-04 17:54:13.026,2108,-4073.507070541382,LATENCY_LT_0,< 0 ms
2026-02-04 17:54:13.043,2108,-4073.166608810425,LATENCY_LT_0,< 0 ms
2026-02-04 17:54:13.059,2108,-4073.712110519409,LATENCY_LT_0,< 0 ms
2026-02-04 17:54:13.076,2108,-4073.8062858581543,LATENCY_LT_0,< 0 ms
2026-02-04 17:54:13.093,2108,-4072.964906692505,LATENCY_LT_0,< 0 ms
2026-02-04 17:54:13.110,2108,-4073.058843612671,LATENCY_LT_0,< 0 ms
2026-02-04 17:54:13.126,2108,-4073.2083320617676,LATENCY_LT_0,< 0 ms
2026-02-04 17:54:13.143,2108,-4072.873115539551,LATENCY_LT_0,< 0 ms
2026-02-04 17:54:13.160,2108,-4073.0221271514893,LATENCY_LT_0,< 0 ms
2026-02-04 17:54:13.177,2108,-4072.6513862609863,LATENCY_LT_0,< 0 ms
2026-02-04 17:54:13.193,2108,-4072.7930068969727,LATENCY_LT_0,< 0 ms
2026-02-04 17:54:13.212,2108,-4070.676326751709,LATENCY_LT_0,< 0 ms
2026-02-04 17:54:13.227,2108,-4072.319269180298,LATENCY_LT_0,< 0 ms
2026-02-04 17:54:13.243,2108,-4073.489189147949,LATENCY_LT_0,< 0 ms
2026-02-04 17:54:13.259,2108,-4073.6031532287598,LATENCY_LT_0,< 0 ms
2026-02-04 17:54:13.276,2108,-4073.5695362091064,LATENCY_LT_0,< 0 ms
2026-02-04 17:54:13.293,2108,-4073.164701461792,LATENCY_LT_0,< 0 ms
2026-02-04 17:54:13.309,2108,-4073.6637115478516,LATENCY_LT_0,< 0 ms
2026-02-04 17:54:13.327,2108,-4072.2787380218506,LATENCY_LT_0,< 0 ms
2026-02-04 17:54:13.343,2108,-4073.4236240386963,LATENCY_LT_0,< 0 ms
2026-02-04 17:54:13.359,2108,-4073.4071731567383,LATENCY_LT_0,< 0 ms
2026-02-04 17:54:13.376,2108,-4073.0860233306885,LATENCY_LT_0,< 0 ms
2026-02-04 17:54:13.393,2108,-4072.749614715576,LATENCY_LT_0,< 0 ms
2026-02-04 17:54:13.417,2108,-4065.403938293457,LATENCY_LT_0,< 0 ms
2026-02-04 17:54:13.427,2108,-4072.7241039276123,LATENCY_LT_0,< 0 ms
2026-02-04 17:54:13.443,2108,-4073.298931121826,LATENCY_LT_0,< 0 ms
2026-02-04 17:54:13.460,2108,-4072.880506515503,LATENCY_LT_0,< 0 ms
2026-02-04 17:54:13.477,2108,-4072.981357574463,LATENCY_LT_0,< 0 ms
2026-02-04 17:54:13.493,2108,-4073.655605316162,LATENCY_LT_0,< 0 ms
2026-02-04 17:54:13.510,2108,-4073.3118057250977,LATENCY_LT_0,< 0 ms
2026-02-04 17:54:13.526,2108,-4073.375940322876,LATENCY_LT_0,< 0 ms
2026-02-04 17:54:13.543,2108,-4073.0392932891846,LATENCY_LT_0,< 0 ms
2026-02-04 17:54:13.560,2108,-4072.705030441284,LATENCY_LT_0,< 0 ms
2026-02-04 17:54:13.577,2108,-4072.3752975463867,LATENCY_LT_0,< 0 ms
2026-02-04 17:54:13.593,2108,-4073.0388164520264,LATENCY_LT_0,< 0 ms
2026-02-04 17:54:13.609,2108,-4073.697805404663,LATENCY_LT_0,< 0 ms
2026-02-04 17:54:13.626,2108,-4073.8489627838135,LATENCY_LT_0,< 0 ms
2026-02-04 17:54:13.647,2108,-4069.5295333862305,LATENCY_LT_0,< 0 ms
2026-02-04 17:54:13.660,2108,-4073.2736587524414,LATENCY_LT_0,< 0 ms
2026-02-04 17:54:13.676,2108,-4073.4200477600098,LATENCY_LT_0,< 0 ms
2026-02-04 17:54:13.729,2108,-4037.4915599823,LATENCY_LT_0,< 0 ms
2026-02-04 17:54:13.729,2108,-4054.1555881500244,LATENCY_LT_0,< 0 ms
2026-02-04 17:54:13.730,2108,-4069.819450378418,LATENCY_LT_0,< 0 ms
2026-02-04 17:54:13.743,2108,-4073.4853744506836,LATENCY_LT_0,< 0 ms
2026-02-04 17:54:13.760,2108,-4073.14395904541,LATENCY_LT_0,< 0 ms
2026-02-04 17:54:13.776,2108,-4073.7597942352295,LATENCY_LT_0,< 0 ms
2026-02-04 17:54:13.793,2108,-4072.8633403778076,LATENCY_LT_0,< 0 ms
2026-02-04 17:54:13.809,2108,-4073.5223293304443,LATENCY_LT_0,< 0 ms
2026-02-04 17:54:13.826,2108,-4073.6920833587646,LATENCY_LT_0,< 0 ms
2026-02-04 17:54:13.843,2108,-4073.357105255127,LATENCY_LT_0,< 0 ms
2026-02-04 17:54:13.860,2108,-4073.01926612854,LATENCY_LT_0,< 0 ms
2026-02-04 17:54:13.876,2108,-4073.680877685547,LATENCY_LT_0,< 0 ms
2026-02-04 17:54:13.893,2108,-4073.356866836548,LATENCY_LT_0,< 0 ms
2026-02-04 17:54:13.910,2108,-4073.0137825012207,LATENCY_LT_0,< 0 ms
2026-02-04 17:54:13.926,2108,-4073.15993309021,LATENCY_LT_0,< 0 ms
2026-02-04 17:54:13.943,2108,-4072.9615688323975,LATENCY_LT_0,< 0 ms
2026-02-04 17:54:13.959,2108,-4073.62699508667,LATENCY_LT_0,< 0 ms
2026-02-04 17:54:13.976,2108,-4073.2922554016113,LATENCY_LT_0,< 0 ms
2026-02-04 17:54:13.993,2108,-4072.8917121887207,LATENCY_LT_0,< 0 ms
2026-02-04 17:54:14.012,2108,-4070.5456733703613,LATENCY_LT_0,< 0 ms
2026-02-04 17:54:14.027,2108,-4072.7031230926514,LATENCY_LT_0,< 0 ms
2026-02-04 17:54:14.044,2108,-4072.3788738250732,LATENCY_LT_0,< 0 ms
2026-02-04 17:54:14.060,2108,-4073.0459690093994,LATENCY_LT_0,< 0 ms
2026-02-04 17:54:14.076,2108,-4073.7061500549316,LATENCY_LT_0,< 0 ms
2026-02-04 17:54:14.093,2108,-4073.322057723999,LATENCY_LT_0,< 0 ms
2026-02-04 17:54:14.110,2108,-4072.974443435669,LATENCY_LT_0,< 0 ms
2026-02-04 17:54:14.126,2108,-4073.2357501983643,LATENCY_LT_0,< 0 ms
2026-02-04 17:54:14.142,2108,-4073.899745941162,LATENCY_LT_0,< 0 ms
2026-02-04 17:54:14.159,2108,-4073.564291000366,LATENCY_LT_0,< 0 ms
2026-02-04 17:54:14.176,2108,-4073.2338428497314,LATENCY_LT_0,< 0 ms
2026-02-04 17:54:14.193,2108,-4072.8986263275146,LATENCY_LT_0,< 0 ms
2026-02-04 17:54:14.209,2108,-4073.5576152801514,LATENCY_LT_0,< 0 ms
2026-02-04 17:54:14.226,2108,-4073.718309402466,LATENCY_LT_0,< 0 ms
2026-02-04 17:54:14.243,2108,-4073.3814239501953,LATENCY_LT_0,< 0 ms
2026-02-04 17:54:14.260,2108,-4073.04310798645,LATENCY_LT_0,< 0 ms
2026-02-04 17:54:14.276,2108,-4073.707103729248,LATENCY_LT_0,< 0 ms
2026-02-04 17:54:14.293,2108,-4073.380470275879,LATENCY_LT_0,< 0 ms
2026-02-04 17:54:14.310,2108,-4073.0390548706055,LATENCY_LT_0,< 0 ms
2026-02-04 17:54:14.326,2108,-4073.4550952911377,LATENCY_LT_0,< 0 ms
2026-02-04 17:54:14.343,2108,-4072.681665420532,LATENCY_LT_0,< 0 ms
2026-02-04 17:54:14.360,2108,-4072.7176666259766,LATENCY_LT_0,< 0 ms
2026-02-04 17:54:14.376,2108,-4073.8515853881836,LATENCY_LT_0,< 0 ms
2026-02-04 17:54:14.393,2108,-4073.5132694244385,LATENCY_LT_0,< 0 ms
2026-02-04 17:54:14.410,2108,-4073.171615600586,LATENCY_LT_0,< 0 ms
2026-02-04 17:54:14.427,2108,-4072.490692138672,LATENCY_LT_0,< 0 ms
2026-02-04 17:54:14.445,2108,-4071.615695953369,LATENCY_LT_0,< 0 ms
2026-02-04 17:54:14.461,2108,-4072.20458984375,LATENCY_LT_0,< 0 ms
2026-02-04 17:54:14.477,2108,-4072.8611946105957,LATENCY_LT_0,< 0 ms
2026-02-04 17:54:14.494,2108,-4072.5324153900146,LATENCY_LT_0,< 0 ms
2026-02-04 17:54:14.511,2108,-4072.1912384033203,LATENCY_LT_0,< 0 ms
2026-02-04 17:54:14.527,2108,-4072.8235244750977,LATENCY_LT_0,< 0 ms
2026-02-04 17:54:14.543,2108,-4073.488473892212,LATENCY_LT_0,< 0 ms
2026-02-04 17:54:14.560,2108,-4073.1523036956787,LATENCY_LT_0,< 0 ms
2026-02-04 17:54:14.576,2108,-4073.824644088745,LATENCY_LT_0,< 0 ms
2026-02-04 17:54:14.593,2108,-4073.4832286834717,LATENCY_LT_0,< 0 ms
2026-02-04 17:54:14.610,2108,-4073.14395904541,LATENCY_LT_0,< 0 ms
2026-02-04 17:54:14.626,2108,-4073.256254196167,LATENCY_LT_0,< 0 ms
2026-02-04 17:54:14.643,2108,-4073.354482650757,LATENCY_LT_0,< 0 ms
2026-02-04 17:54:14.660,2108,-4073.017358779907,LATENCY_LT_0,< 0 ms
2026-02-04 17:54:14.676,2108,-4073.671579360962,LATENCY_LT_0,< 0 ms
2026-02-04 17:54:14.692,2108,-4073.7297534942627,LATENCY_LT_0,< 0 ms
2026-02-04 17:54:14.710,2108,-4073.3323097229004,LATENCY_LT_0,< 0 ms
2026-02-04 17:54:14.726,2108,-4073.474884033203,LATENCY_LT_0,< 0 ms
2026-02-04 17:54:14.743,2108,-4073.1401443481445,LATENCY_LT_0,< 0 ms
2026-02-04 17:54:14.759,2108,-4073.8015174865723,LATENCY_LT_0,< 0 ms
2026-02-04 17:54:14.776,2108,-4073.476552963257,LATENCY_LT_0,< 0 ms
2026-02-04 17:54:14.793,2108,-4073.1348991394043,LATENCY_LT_0,< 0 ms
2026-02-04 17:54:14.810,2108,-4073.2831954956055,LATENCY_LT_0,< 0 ms
2026-02-04 17:54:14.826,2108,-4073.435068130493,LATENCY_LT_0,< 0 ms
2026-02-04 17:54:14.843,2108,-4073.115348815918,LATENCY_LT_0,< 0 ms
2026-02-04 17:54:14.860,2108,-4072.7739334106445,LATENCY_LT_0,< 0 ms
2026-02-04 17:54:14.877,2108,-4072.927474975586,LATENCY_LT_0,< 0 ms
2026-02-04 17:54:14.893,2108,-4073.6002922058105,LATENCY_LT_0,< 0 ms
2026-02-04 17:54:14.910,2108,-4073.256492614746,LATENCY_LT_0,< 0 ms
2026-02-04 17:54:14.926,2108,-4073.408603668213,LATENCY_LT_0,< 0 ms
2026-02-04 17:54:14.943,2108,-4073.0695724487305,LATENCY_LT_0,< 0 ms
2026-02-04 17:54:14.959,2108,-4073.4379291534424,LATENCY_LT_0,< 0 ms
2026-02-04 17:54:14.976,2108,-4073.105812072754,LATENCY_LT_0,< 0 ms
2026-02-04 17:54:14.993,2108,-4073.6348628997803,LATENCY_LT_0,< 0 ms
2026-02-04 17:54:15.010,2108,-4073.2901096343994,LATENCY_LT_0,< 0 ms
2026-02-04 17:54:15.026,2108,-4073.4622478485107,LATENCY_LT_0,< 0 ms
2026-02-04 17:54:15.043,2108,-4073.1265544891357,LATENCY_LT_0,< 0 ms
2026-02-04 17:54:15.059,2108,-4073.7833976745605,LATENCY_LT_0,< 0 ms
2026-02-04 17:54:15.077,2108,-4072.924852371216,LATENCY_LT_0,< 0 ms
2026-02-04 17:54:15.093,2108,-4072.998046875,LATENCY_LT_0,< 0 ms
2026-02-04 17:54:15.110,2108,-4073.1024742126465,LATENCY_LT_0,< 0 ms
2026-02-04 17:54:15.126,2108,-4073.256015777588,LATENCY_LT_0,< 0 ms
2026-02-04 17:54:15.143,2108,-4072.9196071624756,LATENCY_LT_0,< 0 ms
2026-02-04 17:54:15.159,2108,-4073.5859870910645,LATENCY_LT_0,< 0 ms
2026-02-04 17:54:15.180,2108,-4069.256544113159,LATENCY_LT_0,< 0 ms
2026-02-04 17:54:15.193,2108,-4072.920083999634,LATENCY_LT_0,< 0 ms
2026-02-04 17:54:15.209,2108,-4073.5745429992676,LATENCY_LT_0,< 0 ms
2026-02-04 17:54:15.227,2108,-4072.9246139526367,LATENCY_LT_0,< 0 ms
2026-02-04 17:54:15.244,2108,-4072.604179382324,LATENCY_LT_0,< 0 ms
2026-02-04 17:54:15.260,2108,-4073.2595920562744,LATENCY_LT_0,< 0 ms
2026-02-04 17:54:15.276,2108,-4073.404550552368,LATENCY_LT_0,< 0 ms
2026-02-04 17:54:15.293,2108,-4073.5151767730713,LATENCY_LT_0,< 0 ms
2026-02-04 17:54:15.310,2108,-4073.1430053710938,LATENCY_LT_0,< 0 ms
2026-02-04 17:54:15.327,2108,-4072.7314949035645,LATENCY_LT_0,< 0 ms
2026-02-04 17:54:15.343,2108,-4072.875738143921,LATENCY_LT_0,< 0 ms
2026-02-04 17:54:15.362,2108,-4070.781946182251,LATENCY_LT_0,< 0 ms
2026-02-04 17:54:15.377,2108,-4072.455883026123,LATENCY_LT_0,< 0 ms
2026-02-04 17:54:15.401,2108,-4065.1156902313232,LATENCY_LT_0,< 0 ms
2026-02-04 17:54:15.414,2108,-4068.681001663208,LATENCY_LT_0,< 0 ms
2026-02-04 17:54:15.436,2108,-4063.8630390167236,LATENCY_LT_0,< 0 ms
2026-02-04 17:54:15.443,2108,-4073.014259338379,LATENCY_LT_0,< 0 ms
2026-02-04 17:54:15.463,2108,-4069.505453109741,LATENCY_LT_0,< 0 ms
2026-02-04 17:54:15.476,2108,-4073.1658935546875,LATENCY_LT_0,< 0 ms
2026-02-04 17:54:15.496,2108,-4070.017099380493,LATENCY_LT_0,< 0 ms
2026-02-04 17:54:15.510,2108,-4073.1654167175293,LATENCY_LT_0,< 0 ms
2026-02-04 17:54:15.526,2108,-4073.310375213623,LATENCY_LT_0,< 0 ms
2026-02-04 17:54:15.544,2108,-4072.4546909332275,LATENCY_LT_0,< 0 ms
2026-02-04 17:54:15.560,2108,-4073.1184482574463,LATENCY_LT_0,< 0 ms
2026-02-04 17:54:15.585,2108,-4064.793586730957,LATENCY_LT_0,< 0 ms
2026-02-04 17:54:15.593,2108,-4073.453664779663,LATENCY_LT_0,< 0 ms
2026-02-04 17:54:15.616,2108,-4067.113161087036,LATENCY_LT_0,< 0 ms
2026-02-04 17:54:15.626,2108,-4073.2669830322266,LATENCY_LT_0,< 0 ms
2026-02-04 17:54:15.646,2108,-4069.946765899658,LATENCY_LT_0,< 0 ms
2026-02-04 17:54:15.669,2108,-4063.608407974243,LATENCY_LT_0,< 0 ms
2026-02-04 17:54:15.676,2108,-4073.270320892334,LATENCY_LT_0,< 0 ms
2026-02-04 17:54:15.693,2108,-4072.9434490203857,LATENCY_LT_0,< 0 ms
2026-02-04 17:54:15.710,2108,-4072.601556777954,LATENCY_LT_0,< 0 ms
2026-02-04 17:54:15.726,2108,-4073.122262954712,LATENCY_LT_0,< 0 ms
2026-02-04 17:54:15.743,2108,-4072.786808013916,LATENCY_LT_0,< 0 ms
2026-02-04 17:54:15.759,2108,-4073.4505653381348,LATENCY_LT_0,< 0 ms
2026-02-04 17:54:15.776,2108,-4073.11749458313,LATENCY_LT_0,< 0 ms
2026-02-04 17:54:15.793,2108,-4073.6637115478516,LATENCY_LT_0,< 0 ms
2026-02-04 17:54:15.810,2108,-4072.7322101593018,LATENCY_LT_0,< 0 ms
2026-02-04 17:54:15.827,2108,-4072.899341583252,LATENCY_LT_0,< 0 ms
2026-02-04 17:54:15.843,2108,-4073.0061531066895,LATENCY_LT_0,< 0 ms
2026-02-04 17:54:15.859,2108,-4073.6734867095947,LATENCY_LT_0,< 0 ms
2026-02-04 17:54:15.876,2108,-4073.336124420166,LATENCY_LT_0,< 0 ms
2026-02-04 17:54:15.893,2108,-4073.0068683624268,LATENCY_LT_0,< 0 ms
2026-02-04 17:54:15.909,2108,-4073.6660957336426,LATENCY_LT_0,< 0 ms
2026-02-04 17:54:15.927,2108,-4072.8156566619873,LATENCY_LT_0,< 0 ms
2026-02-04 17:54:15.943,2108,-4073.479175567627,LATENCY_LT_0,< 0 ms
2026-02-04 17:54:15.960,2108,-4073.1444358825684,LATENCY_LT_0,< 0 ms
2026-02-04 17:54:15.976,2108,-4073.8155841827393,LATENCY_LT_0,< 0 ms
2026-02-04 17:54:15.993,2108,-4073.479175567627,LATENCY_LT_0,< 0 ms
2026-02-04 17:54:16.010,2108,-4073.1377601623535,LATENCY_LT_0,< 0 ms
2026-02-04 17:54:16.027,2108,-4072.7431774139404,LATENCY_LT_0,< 0 ms
2026-02-04 17:54:16.043,2108,-4073.4221935272217,LATENCY_LT_0,< 0 ms
2026-02-04 17:54:16.060,2108,-4073.087692260742,LATENCY_LT_0,< 0 ms
2026-02-04 17:54:16.077,2108,-4072.7450847625732,LATENCY_LT_0,< 0 ms
2026-02-04 17:54:16.092,2108,-4073.6899375915527,LATENCY_LT_0,< 0 ms
2026-02-04 17:54:16.109,2108,-4073.3437538146973,LATENCY_LT_0,< 0 ms
2026-02-04 17:54:16.126,2108,-4073.496103286743,LATENCY_LT_0,< 0 ms
2026-02-04 17:54:16.143,2108,-4073.1520652770996,LATENCY_LT_0,< 0 ms
2026-02-04 17:54:16.159,2108,-4073.366403579712,LATENCY_LT_0,< 0 ms
2026-02-04 17:54:16.178,2108,-4071.455955505371,LATENCY_LT_0,< 0 ms
2026-02-04 17:54:16.193,2108,-4073.122024536133,LATENCY_LT_0,< 0 ms
2026-02-04 17:54:16.210,2108,-4072.7787017822266,LATENCY_LT_0,< 0 ms
2026-02-04 17:54:16.226,2108,-4073.1301307678223,LATENCY_LT_0,< 0 ms
2026-02-04 17:54:16.244,2108,-4071.8836784362793,LATENCY_LT_0,< 0 ms
2026-02-04 17:54:16.260,2108,-4072.5505352020264,LATENCY_LT_0,< 0 ms
2026-02-04 17:54:16.276,2108,-4073.2104778289795,LATENCY_LT_0,< 0 ms
2026-02-04 17:54:16.292,2108,-4073.8868713378906,LATENCY_LT_0,< 0 ms
2026-02-04 17:54:16.309,2108,-4073.545455932617,LATENCY_LT_0,< 0 ms
2026-02-04 17:54:16.326,2108,-4073.0643272399902,LATENCY_LT_0,< 0 ms
2026-02-04 17:54:16.343,2108,-4073.2200145721436,LATENCY_LT_0,< 0 ms
2026-02-04 17:54:16.366,2108,-4066.5078163146973,LATENCY_LT_0,< 0 ms
2026-02-04 17:54:16.379,2108,-4070.669651031494,LATENCY_LT_0,< 0 ms
2026-02-04 17:54:16.399,2108,-4066.753387451172,LATENCY_LT_0,< 0 ms
2026-02-04 17:54:16.409,2108,-4073.418378829956,LATENCY_LT_0,< 0 ms
2026-02-04 17:54:16.427,2108,-4072.8883743286133,LATENCY_LT_0,< 0 ms
2026-02-04 17:54:16.443,2108,-4073.568820953369,LATENCY_LT_0,< 0 ms
2026-02-04 17:54:16.460,2108,-4073.2338428497314,LATENCY_LT_0,< 0 ms
2026-02-04 17:54:16.477,2108,-4072.896957397461,LATENCY_LT_0,< 0 ms
2026-02-04 17:54:16.494,2108,-4072.56817817688,LATENCY_LT_0,< 0 ms
2026-02-04 17:54:16.510,2108,-4073.225498199463,LATENCY_LT_0,< 0 ms
2026-02-04 17:54:16.527,2108,-4072.643995285034,LATENCY_LT_0,< 0 ms
2026-02-04 17:54:16.543,2108,-4073.310375213623,LATENCY_LT_0,< 0 ms
2026-02-04 17:54:16.560,2108,-4072.971820831299,LATENCY_LT_0,< 0 ms
2026-02-04 17:54:16.576,2108,-4073.6448764801025,LATENCY_LT_0,< 0 ms
2026-02-04 17:54:16.593,2108,-4073.3022689819336,LATENCY_LT_0,< 0 ms
2026-02-04 17:54:16.610,2108,-4072.9639530181885,LATENCY_LT_0,< 0 ms
2026-02-04 17:54:16.626,2108,-4073.5526084899902,LATENCY_LT_0,< 0 ms
2026-02-04 17:54:16.643,2108,-4073.2107162475586,LATENCY_LT_0,< 0 ms
2026-02-04 17:54:16.660,2108,-4072.805166244507,LATENCY_LT_0,< 0 ms
2026-02-04 17:54:16.676,2108,-4073.3985900878906,LATENCY_LT_0,< 0 ms
2026-02-04 17:54:16.693,2108,-4073.0698108673096,LATENCY_LT_0,< 0 ms
2026-02-04 17:54:16.710,2108,-4072.7293491363525,LATENCY_LT_0,< 0 ms
2026-02-04 17:54:16.727,2108,-4072.2405910491943,LATENCY_LT_0,< 0 ms
2026-02-04 17:54:16.743,2108,-4072.904586791992,LATENCY_LT_0,< 0 ms
2026-02-04 17:54:16.759,2108,-4073.568105697632,LATENCY_LT_0,< 0 ms
2026-02-04 17:54:16.776,2108,-4073.2359886169434,LATENCY_LT_0,< 0 ms
2026-02-04 17:54:16.792,2108,-4073.901653289795,LATENCY_LT_0,< 0 ms
2026-02-04 17:54:16.809,2108,-4073.561668395996,LATENCY_LT_0,< 0 ms
2026-02-04 17:54:16.826,2108,-4073.0462074279785,LATENCY_LT_0,< 0 ms
2026-02-04 17:54:16.842,2108,-4073.7273693084717,LATENCY_LT_0,< 0 ms
2026-02-04 17:54:16.859,2108,-4073.391914367676,LATENCY_LT_0,< 0 ms
2026-02-04 17:54:16.876,2108,-4073.056936264038,LATENCY_LT_0,< 0 ms
2026-02-04 17:54:16.892,2108,-4073.725938796997,LATENCY_LT_0,< 0 ms
2026-02-04 17:54:16.909,2108,-4073.3842849731445,LATENCY_LT_0,< 0 ms
2026-02-04 17:54:16.926,2108,-4073.5437870025635,LATENCY_LT_0,< 0 ms
2026-02-04 17:54:16.942,2108,-4073.6918449401855,LATENCY_LT_0,< 0 ms
2026-02-04 17:54:16.960,2108,-4072.763204574585,LATENCY_LT_0,< 0 ms
2026-02-04 17:54:16.976,2108,-4073.4288692474365,LATENCY_LT_0,< 0 ms
2026-02-04 17:54:16.993,2108,-4073.5092163085938,LATENCY_LT_0,< 0 ms
2026-02-04 17:54:17.009,2108,-4073.617458343506,LATENCY_LT_0,< 0 ms
2026-02-04 17:54:17.027,2108,-4072.786808013916,LATENCY_LT_0,< 0 ms
2026-02-04 17:54:17.043,2108,-4073.451280593872,LATENCY_LT_0,< 0 ms
2026-02-04 17:54:17.060,2108,-4073.1148719787598,LATENCY_LT_0,< 0 ms
2026-02-04 17:54:17.076,2108,-4073.775291442871,LATENCY_LT_0,< 0 ms
2026-02-04 17:54:17.093,2108,-4073.294162750244,LATENCY_LT_0,< 0 ms
2026-02-04 17:54:17.109,2108,-4073.392152786255,LATENCY_LT_0,< 0 ms
2026-02-04 17:54:17.126,2108,-4073.0974674224854,LATENCY_LT_0,< 0 ms
2026-02-04 17:54:17.143,2108,-4073.139190673828,LATENCY_LT_0,< 0 ms
2026-02-04 17:54:17.160,2108,-4073.244094848633,LATENCY_LT_0,< 0 ms
2026-02-04 17:54:17.275,2108,-3974.7045040130615,LATENCY_LT_0,< 0 ms
2026-02-04 17:54:17.275,2108,-3991.368532180786,LATENCY_LT_0,< 0 ms
2026-02-04 17:54:17.275,2108,-4008.0325603485107,LATENCY_LT_0,< 0 ms
2026-02-04 17:54:17.275,2108,-4024.6965885162354,LATENCY_LT_0,< 0 ms
2026-02-04 17:54:17.275,2108,-4041.3765907287598,LATENCY_LT_0,< 0 ms
2026-02-04 17:54:17.275,2108,-4058.0406188964844,LATENCY_LT_0,< 0 ms
2026-02-04 17:54:17.280,2108,-4069.700241088867,LATENCY_LT_0,< 0 ms
2026-02-04 17:54:17.293,2108,-4073.3695030212402,LATENCY_LT_0,< 0 ms
2026-02-04 17:54:17.310,2108,-4073.1630325317383,LATENCY_LT_0,< 0 ms
2026-02-04 17:54:17.326,2108,-4073.3139514923096,LATENCY_LT_0,< 0 ms
2026-02-04 17:54:17.343,2108,-4073.4713077545166,LATENCY_LT_0,< 0 ms
2026-02-04 17:54:17.360,2108,-4072.981357574463,LATENCY_LT_0,< 0 ms
2026-02-04 17:54:17.376,2108,-4073.0600357055664,LATENCY_LT_0,< 0 ms
2026-02-04 17:54:17.393,2108,-4073.1794834136963,LATENCY_LT_0,< 0 ms
2026-02-04 17:54:17.409,2108,-4073.8425254821777,LATENCY_LT_0,< 0 ms
2026-02-04 17:54:17.427,2108,-4073.0068683624268,LATENCY_LT_0,< 0 ms
2026-02-04 17:54:17.443,2108,-4073.6680030822754,LATENCY_LT_0,< 0 ms
2026-02-04 17:54:17.460,2108,-4073.333501815796,LATENCY_LT_0,< 0 ms
2026-02-04 17:54:17.477,2108,-4072.997808456421,LATENCY_LT_0,< 0 ms
2026-02-04 17:54:17.493,2108,-4073.664903640747,LATENCY_LT_0,< 0 ms
2026-02-04 17:54:17.509,2108,-4073.7152099609375,LATENCY_LT_0,< 0 ms
2026-02-04 17:54:17.527,2108,-4072.8626251220703,LATENCY_LT_0,< 0 ms
2026-02-04 17:54:17.543,2108,-4073.5256671905518,LATENCY_LT_0,< 0 ms
2026-02-04 17:54:17.560,2108,-4073.1871128082275,LATENCY_LT_0,< 0 ms
2026-02-04 17:54:17.576,2108,-4073.861837387085,LATENCY_LT_0,< 0 ms
2026-02-04 17:54:17.595,2108,-4071.5253353118896,LATENCY_LT_0,< 0 ms
2026-02-04 17:54:17.611,2108,-4072.1817016601562,LATENCY_LT_0,< 0 ms
2026-02-04 17:54:17.627,2108,-4072.490930557251,LATENCY_LT_0,< 0 ms
2026-02-04 17:54:17.643,2108,-4073.1606483459473,LATENCY_LT_0,< 0 ms
2026-02-04 17:54:17.662,2108,-4070.9683895111084,LATENCY_LT_0,< 0 ms
2026-02-04 17:54:17.676,2108,-4073.631525039673,LATENCY_LT_0,< 0 ms
2026-02-04 17:54:17.692,2108,-4073.713541030884,LATENCY_LT_0,< 0 ms
2026-02-04 17:54:17.710,2108,-4072.864770889282,LATENCY_LT_0,< 0 ms
2026-02-04 17:54:17.726,2108,-4073.50492477417,LATENCY_LT_0,< 0 ms
2026-02-04 17:54:17.743,2108,-4073.162078857422,LATENCY_LT_0,< 0 ms
2026-02-04 17:54:17.760,2108,-4073.317527770996,LATENCY_LT_0,< 0 ms
2026-02-04 17:54:17.777,2108,-4072.9873180389404,LATENCY_LT_0,< 0 ms
2026-02-04 17:54:17.793,2108,-4073.6515522003174,LATENCY_LT_0,< 0 ms
2026-02-04 17:54:17.810,2108,-4073.315382003784,LATENCY_LT_0,< 0 ms
2026-02-04 17:54:17.826,2108,-4073.4777450561523,LATENCY_LT_0,< 0 ms
2026-02-04 17:54:17.843,2108,-4073.1425285339355,LATENCY_LT_0,< 0 ms
2026-02-04 17:54:17.859,2108,-4073.8039016723633,LATENCY_LT_0,< 0 ms
2026-02-04 17:54:17.876,2108,-4073.4713077545166,LATENCY_LT_0,< 0 ms
2026-02-04 17:54:17.893,2108,-4073.1430053710938,LATENCY_LT_0,< 0 ms
2026-02-04 17:54:17.909,2108,-4073.798656463623,LATENCY_LT_0,< 0 ms
2026-02-04 17:54:17.927,2108,-4072.9024410247803,LATENCY_LT_0,< 0 ms
2026-02-04 17:54:17.943,2108,-4073.0082988739014,LATENCY_LT_0,< 0 ms
2026-02-04 17:54:17.959,2108,-4073.673725128174,LATENCY_LT_0,< 0 ms
2026-02-04 17:54:17.976,2108,-4073.3420848846436,LATENCY_LT_0,< 0 ms
2026-02-04 17:54:17.993,2108,-4073.007345199585,LATENCY_LT_0,< 0 ms
2026-02-04 17:54:18.009,2108,-4073.6732482910156,LATENCY_LT_0,< 0 ms
2026-02-04 17:54:18.027,2108,-4072.817087173462,LATENCY_LT_0,< 0 ms
2026-02-04 17:54:18.043,2108,-4073.498487472534,LATENCY_LT_0,< 0 ms
2026-02-04 17:54:18.060,2108,-4073.162317276001,LATENCY_LT_0,< 0 ms
2026-02-04 17:54:18.076,2108,-4073.8208293914795,LATENCY_LT_0,< 0 ms
2026-02-04 17:54:18.093,2108,-4073.399782180786,LATENCY_LT_0,< 0 ms
2026-02-04 17:54:18.110,2108,-4073.0624198913574,LATENCY_LT_0,< 0 ms
2026-02-04 17:54:18.126,2108,-4073.202133178711,LATENCY_LT_0,< 0 ms
2026-02-04 17:54:18.143,2108,-4073.347806930542,LATENCY_LT_0,< 0 ms
2026-02-04 17:54:18.159,2108,-4073.4505653381348,LATENCY_LT_0,< 0 ms
2026-02-04 17:54:18.176,2108,-4073.1253623962402,LATENCY_LT_0,< 0 ms
2026-02-04 17:54:18.192,2108,-4073.786973953247,LATENCY_LT_0,< 0 ms
2026-02-04 17:54:18.209,2108,-4073.448657989502,LATENCY_LT_0,< 0 ms
2026-02-04 17:54:18.227,2108,-4072.948694229126,LATENCY_LT_0,< 0 ms
2026-02-04 17:54:18.243,2108,-4073.6124515533447,LATENCY_LT_0,< 0 ms
2026-02-04 17:54:18.260,2108,-4073.277711868286,LATENCY_LT_0,< 0 ms
2026-02-04 17:54:18.277,2108,-4072.939395904541,LATENCY_LT_0,< 0 ms
2026-02-04 17:54:18.293,2108,-4073.6124515533447,LATENCY_LT_0,< 0 ms
2026-02-04 17:54:18.310,2108,-4073.2719898223877,LATENCY_LT_0,< 0 ms
2026-02-04 17:54:18.327,2108,-4072.9188919067383,LATENCY_LT_0,< 0 ms
2026-02-04 17:54:18.343,2108,-4073.0326175689697,LATENCY_LT_0,< 0 ms
2026-02-04 17:54:18.360,2108,-4072.9103088378906,LATENCY_LT_0,< 0 ms
2026-02-04 17:54:18.376,2108,-4073.024272918701,LATENCY_LT_0,< 0 ms
2026-02-04 17:54:18.393,2108,-4073.176860809326,LATENCY_LT_0,< 0 ms
2026-02-04 17:54:18.410,2108,-4073.258399963379,LATENCY_LT_0,< 0 ms
2026-02-04 17:54:18.427,2108,-4072.8960037231445,LATENCY_LT_0,< 0 ms
2026-02-04 17:54:18.443,2108,-4073.0342864990234,LATENCY_LT_0,< 0 ms
2026-02-04 17:54:18.459,2108,-4073.699474334717,LATENCY_LT_0,< 0 ms
2026-02-04 17:54:18.476,2108,-4073.3625888824463,LATENCY_LT_0,< 0 ms
2026-02-04 17:54:18.493,2108,-4073.0350017547607,LATENCY_LT_0,< 0 ms
2026-02-04 17:54:18.509,2108,-4073.6966133117676,LATENCY_LT_0,< 0 ms
2026-02-04 17:54:18.527,2108,-4072.8421211242676,LATENCY_LT_0,< 0 ms
2026-02-04 17:54:18.543,2108,-4073.5082626342773,LATENCY_LT_0,< 0 ms
2026-02-04 17:54:18.561,2108,-4072.169542312622,LATENCY_LT_0,< 0 ms
2026-02-04 17:54:18.576,2108,-4073.845148086548,LATENCY_LT_0,< 0 ms
2026-02-04 17:54:18.593,2108,-4073.5080242156982,LATENCY_LT_0,< 0 ms
2026-02-04 17:54:18.610,2108,-4073.171615600586,LATENCY_LT_0,< 0 ms
2026-02-04 17:54:18.627,2108,-4072.8061199188232,LATENCY_LT_0,< 0 ms
2026-02-04 17:54:18.648,2108,-4068.3953762054443,LATENCY_LT_0,< 0 ms
2026-02-04 17:54:18.660,2108,-4073.0576515197754,LATENCY_LT_0,< 0 ms
2026-02-04 17:54:18.677,2108,-4072.7193355560303,LATENCY_LT_0,< 0 ms
2026-02-04 17:54:18.693,2108,-4072.8793144226074,LATENCY_LT_0,< 0 ms
2026-02-04 17:54:18.709,2108,-4073.4705924987793,LATENCY_LT_0,< 0 ms
2026-02-04 17:54:18.726,2108,-4073.570728302002,LATENCY_LT_0,< 0 ms
2026-02-04 17:54:18.743,2108,-4073.1430053710938,LATENCY_LT_0,< 0 ms
2026-02-04 17:54:18.760,2108,-4072.8063583374023,LATENCY_LT_0,< 0 ms
2026-02-04 17:54:18.776,2108,-4073.4686851501465,LATENCY_LT_0,< 0 ms
2026-02-04 17:54:18.793,2108,-4073.1418132781982,LATENCY_LT_0,< 0 ms
2026-02-04 17:54:18.809,2108,-4073.7664699554443,LATENCY_LT_0,< 0 ms
2026-02-04 17:54:18.826,2108,-4073.375463485718,LATENCY_LT_0,< 0 ms
2026-02-04 17:54:18.843,2108,-4073.049306869507,LATENCY_LT_0,< 0 ms
2026-02-04 17:54:18.859,2108,-4073.709011077881,LATENCY_LT_0,< 0 ms
2026-02-04 17:54:18.876,2108,-4073.378562927246,LATENCY_LT_0,< 0 ms
2026-02-04 17:54:18.893,2108,-4073.0414390563965,LATENCY_LT_0,< 0 ms
2026-02-04 17:54:18.910,2108,-4073.194742202759,LATENCY_LT_0,< 0 ms
2026-02-04 17:54:18.926,2108,-4073.348045349121,LATENCY_LT_0,< 0 ms
2026-02-04 17:54:18.943,2108,-4073.3790397644043,LATENCY_LT_0,< 0 ms
2026-02-04 17:54:18.960,2108,-4073.0504989624023,LATENCY_LT_0,< 0 ms
2026-02-04 17:54:18.977,2108,-4072.721004486084,LATENCY_LT_0,< 0 ms
2026-02-04 17:54:18.994,2108,-4072.3865032196045,LATENCY_LT_0,< 0 ms
2026-02-04 17:54:19.010,2108,-4073.049545288086,LATENCY_LT_0,< 0 ms
2026-02-04 17:54:19.026,2108,-4073.220729827881,LATENCY_LT_0,< 0 ms
2026-02-04 17:54:19.043,2108,-4072.87859916687,LATENCY_LT_0,< 0 ms
2026-02-04 17:54:19.059,2108,-4073.535919189453,LATENCY_LT_0,< 0 ms
2026-02-04 17:54:19.076,2108,-4073.6894607543945,LATENCY_LT_0,< 0 ms
2026-02-04 17:54:19.093,2108,-4073.307752609253,LATENCY_LT_0,< 0 ms
2026-02-04 17:54:19.109,2108,-4073.4126567840576,LATENCY_LT_0,< 0 ms
2026-02-04 17:54:19.126,2108,-4073.0724334716797,LATENCY_LT_0,< 0 ms
2026-02-04 17:54:19.143,2108,-4073.3931064605713,LATENCY_LT_0,< 0 ms
2026-02-04 17:54:19.160,2108,-4073.058843612671,LATENCY_LT_0,< 0 ms
2026-02-04 17:54:19.176,2108,-4073.730707168579,LATENCY_LT_0,< 0 ms
2026-02-04 17:54:19.193,2108,-4073.38809967041,LATENCY_LT_0,< 0 ms
2026-02-04 17:54:19.209,2108,-4073.633909225464,LATENCY_LT_0,< 0 ms
2026-02-04 17:54:19.226,2108,-4073.232650756836,LATENCY_LT_0,< 0 ms
2026-02-04 17:54:19.242,2108,-4073.899030685425,LATENCY_LT_0,< 0 ms
2026-02-04 17:54:19.260,2108,-4072.972536087036,LATENCY_LT_0,< 0 ms
2026-02-04 17:54:19.276,2108,-4073.075294494629,LATENCY_LT_0,< 0 ms
2026-02-04 17:54:19.292,2108,-4073.7481117248535,LATENCY_LT_0,< 0 ms
2026-02-04 17:54:19.309,2108,-4073.4121799468994,LATENCY_LT_0,< 0 ms
2026-02-04 17:54:19.326,2108,-4073.068857192993,LATENCY_LT_0,< 0 ms
2026-02-04 17:54:19.342,2108,-4074.3777751922607,LATENCY_LT_0,< 0 ms
2026-02-04 17:54:19.360,2108,-4072.9916095733643,LATENCY_LT_0,< 0 ms
2026-02-04 17:54:19.376,2108,-4073.657989501953,LATENCY_LT_0,< 0 ms
2026-02-04 17:54:19.393,2108,-4073.2154846191406,LATENCY_LT_0,< 0 ms
2026-02-04 17:54:19.410,2108,-4072.8821754455566,LATENCY_LT_0,< 0 ms
2026-02-04 17:54:19.426,2108,-4073.051929473877,LATENCY_LT_0,< 0 ms
2026-02-04 17:54:19.443,2108,-4072.7100372314453,LATENCY_LT_0,< 0 ms
2026-02-04 17:54:19.459,2108,-4073.3706951141357,LATENCY_LT_0,< 0 ms
2026-02-04 17:54:19.476,2108,-4073.0371475219727,LATENCY_LT_0,< 0 ms
2026-02-04 17:54:19.492,2108,-4073.711395263672,LATENCY_LT_0,< 0 ms
2026-02-04 17:54:19.509,2108,-4073.3752250671387,LATENCY_LT_0,< 0 ms
2026-02-04 17:54:19.526,2108,-4073.028564453125,LATENCY_LT_0,< 0 ms
2026-02-04 17:54:19.544,2108,-4072.575330734253,LATENCY_LT_0,< 0 ms
2026-02-04 17:54:19.560,2108,-4073.239326477051,LATENCY_LT_0,< 0 ms
2026-02-04 17:54:19.576,2108,-4073.9123821258545,LATENCY_LT_0,< 0 ms
2026-02-04 17:54:19.593,2108,-4073.575973510742,LATENCY_LT_0,< 0 ms
2026-02-04 17:54:19.610,2108,-4073.237895965576,LATENCY_LT_0,< 0 ms
2026-02-04 17:54:19.627,2108,-4072.8964805603027,LATENCY_LT_0,< 0 ms
2026-02-04 17:54:19.643,2108,-4073.5111236572266,LATENCY_LT_0,< 0 ms
2026-02-04 17:54:19.660,2108,-4073.1759071350098,LATENCY_LT_0,< 0 ms
2026-02-04 17:54:19.677,2108,-4072.840690612793,LATENCY_LT_0,< 0 ms
2026-02-04 17:54:19.693,2108,-4073.5130310058594,LATENCY_LT_0,< 0 ms
2026-02-04 17:54:19.710,2108,-4073.176860809326,LATENCY_LT_0,< 0 ms
2026-02-04 17:54:19.727,2108,-4072.831869125366,LATENCY_LT_0,< 0 ms
2026-02-04 17:54:19.743,2108,-4073.221445083618,LATENCY_LT_0,< 0 ms
2026-02-04 17:54:19.760,2108,-4072.880983352661,LATENCY_LT_0,< 0 ms
2026-02-04 17:54:19.776,2108,-4073.5573768615723,LATENCY_LT_0,< 0 ms
2026-02-04 17:54:19.793,2108,-4072.704792022705,LATENCY_LT_0,< 0 ms
2026-02-04 17:54:19.809,2108,-4073.81534576416,LATENCY_LT_0,< 0 ms
2026-02-04 17:54:19.833,2108,-4066.3509368896484,LATENCY_LT_0,< 0 ms
2026-02-04 17:54:19.843,2108,-4072.896718978882,LATENCY_LT_0,< 0 ms
2026-02-04 17:54:19.860,2108,-4072.9994773864746,LATENCY_LT_0,< 0 ms
2026-02-04 17:54:19.877,2108,-4072.96085357666,LATENCY_LT_0,< 0 ms
2026-02-04 17:54:19.893,2108,-4073.0655193328857,LATENCY_LT_0,< 0 ms
2026-02-04 17:54:19.910,2108,-4073.208808898926,LATENCY_LT_0,< 0 ms
2026-02-04 17:54:19.930,2108,-4069.7848796844482,LATENCY_LT_0,< 0 ms
2026-02-04 17:54:19.943,2108,-4073.4195709228516,LATENCY_LT_0,< 0 ms
2026-02-04 17:54:19.960,2108,-4072.3955631256104,LATENCY_LT_0,< 0 ms
2026-02-04 17:54:19.976,2108,-4073.014497756958,LATENCY_LT_0,< 0 ms
2026-02-04 17:54:19.993,2108,-4073.1663703918457,LATENCY_LT_0,< 0 ms
2026-02-04 17:54:20.009,2108,-4073.77552986145,LATENCY_LT_0,< 0 ms
2026-02-04 17:54:20.027,2108,-4072.925806045532,LATENCY_LT_0,< 0 ms
2026-02-04 17:54:20.043,2108,-4073.4939575195312,LATENCY_LT_0,< 0 ms
2026-02-04 17:54:20.059,2108,-4073.5819339752197,LATENCY_LT_0,< 0 ms
2026-02-04 17:54:20.076,2108,-4073.2414722442627,LATENCY_LT_0,< 0 ms
2026-02-04 17:54:20.092,2108,-4073.6782550811768,LATENCY_LT_0,< 0 ms
2026-02-04 17:54:20.109,2108,-4073.7733840942383,LATENCY_LT_0,< 0 ms
2026-02-04 17:54:20.127,2108,-4072.9310512542725,LATENCY_LT_0,< 0 ms
2026-02-04 17:54:20.143,2108,-4073.5857486724854,LATENCY_LT_0,< 0 ms
2026-02-04 17:54:20.160,2108,-4073.253870010376,LATENCY_LT_0,< 0 ms
2026-02-04 17:54:20.177,2108,-4072.9246139526367,LATENCY_LT_0,< 0 ms
2026-02-04 17:54:20.193,2108,-4073.589563369751,LATENCY_LT_0,< 0 ms
2026-02-04 17:54:20.210,2108,-4073.2526779174805,LATENCY_LT_0,< 0 ms
2026-02-04 17:54:20.226,2108,-4073.9264488220215,LATENCY_LT_0,< 0 ms
2026-02-04 17:54:20.242,2108,-4073.850393295288,LATENCY_LT_0,< 0 ms
2026-02-04 17:54:20.260,2108,-4072.9575157165527,LATENCY_LT_0,< 0 ms
2026-02-04 17:54:20.276,2108,-4073.621988296509,LATENCY_LT_0,< 0 ms
2026-02-04 17:54:20.293,2108,-4073.294162750244,LATENCY_LT_0,< 0 ms
2026-02-04 17:54:20.310,2108,-4072.956085205078,LATENCY_LT_0,< 0 ms
2026-02-04 17:54:20.327,2108,-4072.6163387298584,LATENCY_LT_0,< 0 ms
2026-02-04 17:54:20.343,2108,-4072.7553367614746,LATENCY_LT_0,< 0 ms
2026-02-04 17:54:20.359,2108,-4073.4946727752686,LATENCY_LT_0,< 0 ms
2026-02-04 17:54:20.376,2108,-4073.625326156616,LATENCY_LT_0,< 0 ms
2026-02-04 17:54:20.393,2108,-4073.2898712158203,LATENCY_LT_0,< 0 ms
2026-02-04 17:54:20.410,2108,-4072.9546546936035,LATENCY_LT_0,< 0 ms
2026-02-04 17:54:20.426,2108,-4073.6122131347656,LATENCY_LT_0,< 0 ms
2026-02-04 17:54:20.443,2108,-4073.132276535034,LATENCY_LT_0,< 0 ms
2026-02-04 17:54:20.460,2108,-4073.251962661743,LATENCY_LT_0,< 0 ms
2026-02-04 17:54:20.477,2108,-4072.6945400238037,LATENCY_LT_0,< 0 ms
2026-02-04 17:54:20.493,2108,-4073.3683109283447,LATENCY_LT_0,< 0 ms
2026-02-04 17:54:20.510,2108,-4073.031425476074,LATENCY_LT_0,< 0 ms
2026-02-04 17:54:20.526,2108,-4073.685646057129,LATENCY_LT_0,< 0 ms
2026-02-04 17:54:20.543,2108,-4073.0130672454834,LATENCY_LT_0,< 0 ms
2026-02-04 17:54:20.559,2108,-4073.679208755493,LATENCY_LT_0,< 0 ms
2026-02-04 17:54:20.576,2108,-4073.3513832092285,LATENCY_LT_0,< 0 ms
2026-02-04 17:54:20.593,2108,-4073.0154514312744,LATENCY_LT_0,< 0 ms
2026-02-04 17:54:20.609,2108,-4073.6775398254395,LATENCY_LT_0,< 0 ms
2026-02-04 17:54:20.627,2108,-4072.848081588745,LATENCY_LT_0,< 0 ms
2026-02-04 17:54:20.643,2108,-4073.50492477417,LATENCY_LT_0,< 0 ms
2026-02-04 17:54:20.660,2108,-4073.169469833374,LATENCY_LT_0,< 0 ms
2026-02-04 17:54:20.677,2108,-4072.8321075439453,LATENCY_LT_0,< 0 ms
2026-02-04 17:54:20.693,2108,-4073.497533798218,LATENCY_LT_0,< 0 ms
2026-02-04 17:54:20.710,2108,-4073.0655193328857,LATENCY_LT_0,< 0 ms
2026-02-04 17:54:20.728,2108,-4071.6352462768555,LATENCY_LT_0,< 0 ms
2026-02-04 17:54:20.743,2108,-4073.300838470459,LATENCY_LT_0,< 0 ms
2026-02-04 17:54:20.760,2108,-4072.962760925293,LATENCY_LT_0,< 0 ms
2026-02-04 17:54:20.777,2108,-4072.6354122161865,LATENCY_LT_0,< 0 ms
2026-02-04 17:54:20.794,2108,-4072.2992420196533,LATENCY_LT_0,< 0 ms
2026-02-04 17:54:20.810,2108,-4072.960376739502,LATENCY_LT_0,< 0 ms
2026-02-04 17:54:20.827,2108,-4072.6191997528076,LATENCY_LT_0,< 0 ms
2026-02-04 17:54:20.843,2108,-4073.1515884399414,LATENCY_LT_0,< 0 ms
2026-02-04 17:54:20.860,2108,-4072.8161334991455,LATENCY_LT_0,< 0 ms
2026-02-04 17:54:20.878,2108,-4071.4802742004395,LATENCY_LT_0,< 0 ms
2026-02-04 17:54:20.893,2108,-4073.1520652770996,LATENCY_LT_0,< 0 ms
2026-02-04 17:54:20.918,2108,-4064.8083686828613,LATENCY_LT_0,< 0 ms
2026-02-04 17:54:20.926,2108,-4073.470115661621,LATENCY_LT_0,< 0 ms
2026-02-04 17:54:20.951,2108,-4065.623998641968,LATENCY_LT_0,< 0 ms
2026-02-04 17:54:20.969,2108,-4064.2871856689453,LATENCY_LT_0,< 0 ms
2026-02-04 17:54:20.977,2108,-4072.9620456695557,LATENCY_LT_0,< 0 ms
2026-02-04 17:54:20.999,2108,-4067.6255226135254,LATENCY_LT_0,< 0 ms
2026-02-04 17:54:21.016,2108,-4067.2836303710938,LATENCY_LT_0,< 0 ms
2026-02-04 17:54:21.026,2108,-4073.9643573760986,LATENCY_LT_0,< 0 ms
2026-02-04 17:54:21.045,2108,-4071.115732192993,LATENCY_LT_0,< 0 ms
2026-02-04 17:54:21.061,2108,-4071.780204772949,LATENCY_LT_0,< 0 ms
2026-02-04 17:54:21.076,2108,-4073.4381675720215,LATENCY_LT_0,< 0 ms
2026-02-04 17:54:21.093,2108,-4073.444366455078,LATENCY_LT_0,< 0 ms
2026-02-04 17:54:21.110,2108,-4073.1070041656494,LATENCY_LT_0,< 0 ms
2026-02-04 17:54:21.137,2108,-4062.2518062591553,LATENCY_LT_0,< 0 ms
2026-02-04 17:54:21.147,2108,-4069.406032562256,LATENCY_LT_0,< 0 ms
2026-02-04 17:54:21.168,2108,-4064.5101070404053,LATENCY_LT_0,< 0 ms
2026-02-04 17:54:21.176,2108,-4073.180913925171,LATENCY_LT_0,< 0 ms
2026-02-04 17:54:21.193,2108,-4072.845220565796,LATENCY_LT_0,< 0 ms
2026-02-04 17:54:21.209,2108,-4073.512077331543,LATENCY_LT_0,< 0 ms
2026-02-04 17:54:21.226,2108,-4073.1711387634277,LATENCY_LT_0,< 0 ms
2026-02-04 17:54:21.242,2108,-4073.68540763855,LATENCY_LT_0,< 0 ms
2026-02-04 17:54:21.259,2108,-4073.342800140381,LATENCY_LT_0,< 0 ms
2026-02-04 17:54:21.276,2108,-4073.012590408325,LATENCY_LT_0,< 0 ms
2026-02-04 17:54:21.292,2108,-4073.6846923828125,LATENCY_LT_0,< 0 ms
2026-02-04 17:54:21.309,2108,-4073.3482837677,LATENCY_LT_0,< 0 ms
2026-02-04 17:54:21.326,2108,-4073.0080604553223,LATENCY_LT_0,< 0 ms
2026-02-04 17:54:21.343,2108,-4073.648691177368,LATENCY_LT_0,< 0 ms
2026-02-04 17:54:21.359,2108,-4073.6100673675537,LATENCY_LT_0,< 0 ms
2026-02-04 17:54:21.377,2108,-4072.718858718872,LATENCY_LT_0,< 0 ms
2026-02-04 17:54:21.392,2108,-4073.869466781616,LATENCY_LT_0,< 0 ms
2026-02-04 17:54:21.417,2108,-4065.9666061401367,LATENCY_LT_0,< 0 ms
2026-02-04 17:54:21.429,2108,-4070.1351165771484,LATENCY_LT_0,< 0 ms
2026-02-04 17:54:21.450,2108,-4065.7947063446045,LATENCY_LT_0,< 0 ms
2026-02-04 17:54:21.460,2108,-4072.458505630493,LATENCY_LT_0,< 0 ms
2026-02-04 17:54:21.476,2108,-4073.054790496826,LATENCY_LT_0,< 0 ms
2026-02-04 17:54:21.496,2108,-4069.721221923828,LATENCY_LT_0,< 0 ms
2026-02-04 17:54:21.510,2108,-4073.28462600708,LATENCY_LT_0,< 0 ms
2026-02-04 17:54:21.528,2108,-4071.9449520111084,LATENCY_LT_0,< 0 ms
2026-02-04 17:54:21.547,2108,-4069.0343379974365,LATENCY_LT_0,< 0 ms
2026-02-04 17:54:21.560,2108,-4073.146104812622,LATENCY_LT_0,< 0 ms
2026-02-04 17:54:21.576,2108,-4073.819160461426,LATENCY_LT_0,< 0 ms
2026-02-04 17:54:21.593,2108,-4073.4806060791016,LATENCY_LT_0,< 0 ms
2026-02-04 17:54:21.610,2108,-4073.1465816497803,LATENCY_LT_0,< 0 ms
2026-02-04 17:54:21.626,2108,-4073.805809020996,LATENCY_LT_0,< 0 ms
2026-02-04 17:54:21.643,2108,-4073.307752609253,LATENCY_LT_0,< 0 ms
2026-02-04 17:54:21.660,2108,-4072.972297668457,LATENCY_LT_0,< 0 ms
2026-02-04 17:54:21.676,2108,-4073.1265544891357,LATENCY_LT_0,< 0 ms
2026-02-04 17:54:21.693,2108,-4073.2316970825195,LATENCY_LT_0,< 0 ms
2026-02-04 17:54:21.709,2108,-4073.9006996154785,LATENCY_LT_0,< 0 ms
2026-02-04 17:54:21.726,2108,-4073.558807373047,LATENCY_LT_0,< 0 ms
2026-02-04 17:54:21.743,2108,-4073.03524017334,LATENCY_LT_0,< 0 ms
2026-02-04 17:54:21.759,2108,-4073.6985206604004,LATENCY_LT_0,< 0 ms
2026-02-04 17:54:21.776,2108,-4073.3673572540283,LATENCY_LT_0,< 0 ms
2026-02-04 17:54:21.794,2108,-4072.3471641540527,LATENCY_LT_0,< 0 ms
2026-02-04 17:54:21.810,2108,-4073.012351989746,LATENCY_LT_0,< 0 ms
2026-02-04 17:54:21.826,2108,-4073.6846923828125,LATENCY_LT_0,< 0 ms
2026-02-04 17:54:21.843,2108,-4072.836399078369,LATENCY_LT_0,< 0 ms
2026-02-04 17:54:21.859,2108,-4073.500394821167,LATENCY_LT_0,< 0 ms
2026-02-04 17:54:21.876,2108,-4073.1565952301025,LATENCY_LT_0,< 0 ms
2026-02-04 17:54:21.893,2108,-4072.7500915527344,LATENCY_LT_0,< 0 ms
2026-02-04 17:54:21.909,2108,-4073.342800140381,LATENCY_LT_0,< 0 ms
2026-02-04 17:54:21.926,2108,-4073.0013847351074,LATENCY_LT_0,< 0 ms
2026-02-04 17:54:21.943,2108,-4073.155641555786,LATENCY_LT_0,< 0 ms
2026-02-04 17:54:21.959,2108,-4073.8167762756348,LATENCY_LT_0,< 0 ms
2026-02-04 17:54:21.976,2108,-4073.491096496582,LATENCY_LT_0,< 0 ms
2026-02-04 17:54:21.993,2108,-4073.155164718628,LATENCY_LT_0,< 0 ms
2026-02-04 17:54:22.009,2108,-4073.8182067871094,LATENCY_LT_0,< 0 ms
2026-02-04 17:54:22.028,2108,-4071.4776515960693,LATENCY_LT_0,< 0 ms
2026-02-04 17:54:22.045,2108,-4071.3934898376465,LATENCY_LT_0,< 0 ms
2026-02-04 17:54:22.060,2108,-4073.108911514282,LATENCY_LT_0,< 0 ms
2026-02-04 17:54:22.076,2108,-4073.319673538208,LATENCY_LT_0,< 0 ms
2026-02-04 17:54:22.094,2108,-4072.401762008667,LATENCY_LT_0,< 0 ms
2026-02-04 17:54:22.109,2108,-4073.5268592834473,LATENCY_LT_0,< 0 ms
2026-02-04 17:54:22.126,2108,-4073.181629180908,LATENCY_LT_0,< 0 ms
2026-02-04 17:54:22.143,2108,-4073.2972621917725,LATENCY_LT_0,< 0 ms
2026-02-04 17:54:22.160,2108,-4072.9594230651855,LATENCY_LT_0,< 0 ms
2026-02-04 17:54:22.176,2108,-4073.6255645751953,LATENCY_LT_0,< 0 ms
2026-02-04 17:54:22.192,2108,-4073.698043823242,LATENCY_LT_0,< 0 ms
2026-02-04 17:54:22.209,2108,-4073.587656021118,LATENCY_LT_0,< 0 ms
2026-02-04 17:54:22.226,2108,-4073.3468532562256,LATENCY_LT_0,< 0 ms
2026-02-04 17:54:22.243,2108,-4072.904586791992,LATENCY_LT_0,< 0 ms
2026-02-04 17:54:22.259,2108,-4073.5702514648438,LATENCY_LT_0,< 0 ms
2026-02-04 17:54:22.276,2108,-4073.234796524048,LATENCY_LT_0,< 0 ms
2026-02-04 17:54:22.292,2108,-4073.906421661377,LATENCY_LT_0,< 0 ms
2026-02-04 17:54:22.309,2108,-4073.5702514648438,LATENCY_LT_0,< 0 ms
2026-02-04 17:54:22.326,2108,-4073.2290744781494,LATENCY_LT_0,< 0 ms
2026-02-04 17:54:22.343,2108,-4073.5795497894287,LATENCY_LT_0,< 0 ms
2026-02-04 17:54:22.360,2108,-4073.0857849121094,LATENCY_LT_0,< 0 ms
2026-02-04 17:54:22.376,2108,-4073.193073272705,LATENCY_LT_0,< 0 ms
2026-02-04 17:54:22.393,2108,-4072.8559494018555,LATENCY_LT_0,< 0 ms
2026-02-04 17:54:22.409,2108,-4073.5204219818115,LATENCY_LT_0,< 0 ms
2026-02-04 17:54:22.426,2108,-4073.1799602508545,LATENCY_LT_0,< 0 ms
2026-02-04 17:54:22.447,2108,-4068.8936710357666,LATENCY_LT_0,< 0 ms
2026-02-04 17:54:22.460,2108,-4072.927236557007,LATENCY_LT_0,< 0 ms
2026-02-04 17:54:22.478,2108,-4071.589946746826,LATENCY_LT_0,< 0 ms
2026-02-04 17:54:22.492,2108,-4073.7485885620117,LATENCY_LT_0,< 0 ms
2026-02-04 17:54:22.509,2108,-4073.4143257141113,LATENCY_LT_0,< 0 ms
2026-02-04 17:54:22.526,2108,-4073.073625564575,LATENCY_LT_0,< 0 ms
2026-02-04 17:54:22.543,2108,-4073.6114978790283,LATENCY_LT_0,< 0 ms
2026-02-04 17:54:22.560,2108,-4073.2762813568115,LATENCY_LT_0,< 0 ms
2026-02-04 17:54:22.577,2108,-4072.9451179504395,LATENCY_LT_0,< 0 ms
2026-02-04 17:54:22.593,2108,-4073.603630065918,LATENCY_LT_0,< 0 ms
2026-02-04 17:54:22.610,2108,-4073.158025741577,LATENCY_LT_0,< 0 ms
2026-02-04 17:54:22.627,2108,-4072.8330612182617,LATENCY_LT_0,< 0 ms
2026-02-04 17:54:22.643,2108,-4073.1914043426514,LATENCY_LT_0,< 0 ms
2026-02-04 17:54:22.659,2108,-4073.8532543182373,LATENCY_LT_0,< 0 ms
2026-02-04 17:54:22.676,2108,-4073.519229888916,LATENCY_LT_0,< 0 ms
2026-02-04 17:54:22.693,2108,-4073.1916427612305,LATENCY_LT_0,< 0 ms
2026-02-04 17:54:22.710,2108,-4072.8535652160645,LATENCY_LT_0,< 0 ms
2026-02-04 17:54:22.726,2108,-4073.5104084014893,LATENCY_LT_0,< 0 ms
2026-02-04 17:54:22.742,2108,-4073.974370956421,LATENCY_LT_0,< 0 ms
2026-02-04 17:54:22.759,2108,-4073.633909225464,LATENCY_LT_0,< 0 ms
2026-02-04 17:54:22.776,2108,-4073.6007690429688,LATENCY_LT_0,< 0 ms
2026-02-04 17:54:22.792,2108,-4073.7431049346924,LATENCY_LT_0,< 0 ms
2026-02-04 17:54:22.809,2108,-4073.896646499634,LATENCY_LT_0,< 0 ms
2026-02-04 17:54:22.826,2108,-4073.5528469085693,LATENCY_LT_0,< 0 ms
2026-02-04 17:54:22.843,2108,-4073.152542114258,LATENCY_LT_0,< 0 ms
2026-02-04 17:54:22.860,2108,-4072.814464569092,LATENCY_LT_0,< 0 ms
2026-02-04 17:54:22.876,2108,-4073.4798908233643,LATENCY_LT_0,< 0 ms
2026-02-04 17:54:22.893,2108,-4073.148250579834,LATENCY_LT_0,< 0 ms
2026-02-04 17:54:22.910,2108,-4072.7617740631104,LATENCY_LT_0,< 0 ms
2026-02-04 17:54:22.927,2108,-4072.877883911133,LATENCY_LT_0,< 0 ms
2026-02-04 17:54:22.943,2108,-4073.5185146331787,LATENCY_LT_0,< 0 ms
2026-02-04 17:54:22.960,2108,-4073.1289386749268,LATENCY_LT_0,< 0 ms
2026-02-04 17:54:22.977,2108,-4072.8001594543457,LATENCY_LT_0,< 0 ms
2026-02-04 17:54:22.993,2108,-4073.4639167785645,LATENCY_LT_0,< 0 ms
2026-02-04 17:54:23.010,2108,-4073.1215476989746,LATENCY_LT_0,< 0 ms
2026-02-04 17:54:23.026,2108,-4073.70924949646,LATENCY_LT_0,< 0 ms
2026-02-04 17:54:23.043,2108,-4072.862386703491,LATENCY_LT_0,< 0 ms
2026-02-04 17:54:23.060,2108,-4072.5247859954834,LATENCY_LT_0,< 0 ms
2026-02-04 17:54:23.076,2108,-4073.185443878174,LATENCY_LT_0,< 0 ms
2026-02-04 17:54:23.093,2108,-4073.34303855896,LATENCY_LT_0,< 0 ms
2026-02-04 17:54:23.110,2108,-4073.0063915252686,LATENCY_LT_0,< 0 ms
2026-02-04 17:54:23.126,2108,-4073.667287826538,LATENCY_LT_0,< 0 ms
2026-02-04 17:54:23.142,2108,-4073.822498321533,LATENCY_LT_0,< 0 ms
2026-02-04 17:54:23.159,2108,-4073.4827518463135,LATENCY_LT_0,< 0 ms
2026-02-04 17:54:23.176,2108,-4073.151111602783,LATENCY_LT_0,< 0 ms
2026-02-04 17:54:23.192,2108,-4073.71187210083,LATENCY_LT_0,< 0 ms
2026-02-04 17:54:23.210,2108,-4072.8273391723633,LATENCY_LT_0,< 0 ms
2026-02-04 17:54:23.226,2108,-4073.484420776367,LATENCY_LT_0,< 0 ms
2026-02-04 17:54:23.243,2108,-4073.6565589904785,LATENCY_LT_0,< 0 ms
2026-02-04 17:54:23.260,2108,-4073.319911956787,LATENCY_LT_0,< 0 ms
2026-02-04 17:54:23.277,2108,-4072.9832649230957,LATENCY_LT_0,< 0 ms
2026-02-04 17:54:23.294,2108,-4072.6547241210938,LATENCY_LT_0,< 0 ms
2026-02-04 17:54:23.310,2108,-4073.3203887939453,LATENCY_LT_0,< 0 ms
2026-02-04 17:54:23.328,2108,-4071.9802379608154,LATENCY_LT_0,< 0 ms
2026-02-04 17:54:23.343,2108,-4073.4081268310547,LATENCY_LT_0,< 0 ms
2026-02-04 17:54:23.360,2108,-4073.0340480804443,LATENCY_LT_0,< 0 ms
2026-02-04 17:54:23.376,2108,-4073.0106830596924,LATENCY_LT_0,< 0 ms
2026-02-04 17:54:23.392,2108,-4073.6751556396484,LATENCY_LT_0,< 0 ms
2026-02-04 17:54:23.409,2108,-4073.3392238616943,LATENCY_LT_0,< 0 ms
2026-02-04 17:54:23.426,2108,-4073.0154514312744,LATENCY_LT_0,< 0 ms
2026-02-04 17:54:23.558,2108,-3957.844018936157,LATENCY_LT_0,< 0 ms
2026-02-04 17:54:23.583,2108,-3949.5058059692383,LATENCY_LT_0,< 0 ms
2026-02-04 17:54:23.583,2108,-3966.169834136963,LATENCY_LT_0,< 0 ms
2026-02-04 17:54:23.583,2108,-3982.841968536377,LATENCY_LT_0,< 0 ms
2026-02-04 17:54:23.583,2108,-3999.5059967041016,LATENCY_LT_0,< 0 ms
2026-02-04 17:54:23.586,2108,-4013.1733417510986,LATENCY_LT_0,< 0 ms
2026-02-04 17:54:23.586,2108,-4029.8373699188232,LATENCY_LT_0,< 0 ms
2026-02-04 17:54:23.588,2108,-4044.501304626465,LATENCY_LT_0,< 0 ms
2026-02-04 17:54:23.591,2108,-4058.171510696411,LATENCY_LT_0,< 0 ms
2026-02-04 17:54:23.595,2108,-4070.835590362549,LATENCY_LT_0,< 0 ms
2026-02-04 17:54:23.609,2108,-4073.5011100769043,LATENCY_LT_0,< 0 ms
2026-02-04 17:54:23.626,2108,-4073.1589794158936,LATENCY_LT_0,< 0 ms
2026-02-04 17:54:23.643,2108,-4073.3237266540527,LATENCY_LT_0,< 0 ms
2026-02-04 17:54:23.660,2108,-4072.986602783203,LATENCY_LT_0,< 0 ms
2026-02-04 17:54:23.676,2108,-4073.651075363159,LATENCY_LT_0,< 0 ms
2026-02-04 17:54:23.693,2108,-4073.320150375366,LATENCY_LT_0,< 0 ms
2026-02-04 17:54:23.710,2108,-4072.986841201782,LATENCY_LT_0,< 0 ms
2026-02-04 17:54:23.726,2108,-4073.646068572998,LATENCY_LT_0,< 0 ms
2026-02-04 17:54:23.742,2108,-4073.8024711608887,LATENCY_LT_0,< 0 ms
2026-02-04 17:54:23.759,2108,-4073.462963104248,LATENCY_LT_0,< 0 ms
2026-02-04 17:54:23.776,2108,-4073.1325149536133,LATENCY_LT_0,< 0 ms
2026-02-04 17:54:23.793,2108,-4073.2204914093018,LATENCY_LT_0,< 0 ms
2026-02-04 17:54:23.810,2108,-4073.3232498168945,LATENCY_LT_0,< 0 ms
2026-02-04 17:54:23.827,2108,-4072.997570037842,LATENCY_LT_0,< 0 ms
2026-02-04 17:54:23.843,2108,-4073.566436767578,LATENCY_LT_0,< 0 ms
2026-02-04 17:54:23.861,2108,-4072.2296237945557,LATENCY_LT_0,< 0 ms
2026-02-04 17:54:23.876,2108,-4073.896646499634,LATENCY_LT_0,< 0 ms
2026-02-04 17:54:23.893,2108,-4073.568344116211,LATENCY_LT_0,< 0 ms
2026-02-04 17:54:23.910,2108,-4073.232412338257,LATENCY_LT_0,< 0 ms
2026-02-04 17:54:23.926,2108,-4073.89235496521,LATENCY_LT_0,< 0 ms
2026-02-04 17:54:23.943,2108,-4073.5297203063965,LATENCY_LT_0,< 0 ms
2026-02-04 17:54:23.960,2108,-4073.1964111328125,LATENCY_LT_0,< 0 ms
2026-02-04 17:54:23.977,2108,-4072.866916656494,LATENCY_LT_0,< 0 ms
2026-02-04 17:54:23.993,2108,-4073.5318660736084,LATENCY_LT_0,< 0 ms
2026-02-04 17:54:24.011,2108,-4072.18074798584,LATENCY_LT_0,< 0 ms
2026-02-04 17:54:24.027,2108,-4072.7436542510986,LATENCY_LT_0,< 0 ms
2026-02-04 17:54:24.043,2108,-4072.899580001831,LATENCY_LT_0,< 0 ms
2026-02-04 17:54:24.059,2108,-4073.495626449585,LATENCY_LT_0,< 0 ms
2026-02-04 17:54:24.076,2108,-4073.151111602783,LATENCY_LT_0,< 0 ms
2026-02-04 17:54:24.092,2108,-4073.7459659576416,LATENCY_LT_0,< 0 ms
2026-02-04 17:54:24.109,2108,-4073.4119415283203,LATENCY_LT_0,< 0 ms
2026-02-04 17:54:24.126,2108,-4073.0721950531006,LATENCY_LT_0,< 0 ms
2026-02-04 17:54:24.143,2108,-4073.2243061065674,LATENCY_LT_0,< 0 ms
2026-02-04 17:54:24.160,2108,-4072.890281677246,LATENCY_LT_0,< 0 ms
2026-02-04 17:54:24.176,2108,-4073.5621452331543,LATENCY_LT_0,< 0 ms
2026-02-04 17:54:24.193,2108,-4073.218822479248,LATENCY_LT_0,< 0 ms
2026-02-04 17:54:24.209,2108,-4073.6680030822754,LATENCY_LT_0,< 0 ms
2026-02-04 17:54:24.227,2108,-4072.7925300598145,LATENCY_LT_0,< 0 ms
2026-02-04 17:54:24.242,2108,-4073.9452838897705,LATENCY_LT_0,< 0 ms
2026-02-04 17:54:24.260,2108,-4072.7357864379883,LATENCY_LT_0,< 0 ms
2026-02-04 17:54:24.277,2108,-4072.376251220703,LATENCY_LT_0,< 0 ms
2026-02-04 17:54:24.293,2108,-4073.517322540283,LATENCY_LT_0,< 0 ms
2026-02-04 17:54:24.312,2108,-4071.181297302246,LATENCY_LT_0,< 0 ms
2026-02-04 17:54:24.327,2108,-4072.8390216827393,LATENCY_LT_0,< 0 ms
2026-02-04 17:54:24.343,2108,-4072.8635787963867,LATENCY_LT_0,< 0 ms
2026-02-04 17:54:24.359,2108,-4073.801040649414,LATENCY_LT_0,< 0 ms
2026-02-04 17:54:24.376,2108,-4073.1070041656494,LATENCY_LT_0,< 0 ms
2026-02-04 17:54:24.392,2108,-4073.7016201019287,LATENCY_LT_0,< 0 ms
2026-02-04 17:54:24.409,2108,-4073.364734649658,LATENCY_LT_0,< 0 ms
2026-02-04 17:54:24.426,2108,-4073.023557662964,LATENCY_LT_0,< 0 ms
2026-02-04 17:54:24.444,2108,-4072.5677013397217,LATENCY_LT_0,< 0 ms
2026-02-04 17:54:24.461,2108,-4072.2334384918213,LATENCY_LT_0,< 0 ms
2026-02-04 17:54:24.477,2108,-4072.8909969329834,LATENCY_LT_0,< 0 ms
2026-02-04 17:54:24.493,2108,-4073.5225677490234,LATENCY_LT_0,< 0 ms
2026-02-04 17:54:24.510,2108,-4073.1606483459473,LATENCY_LT_0,< 0 ms
2026-02-04 17:54:24.527,2108,-4072.8530883789062,LATENCY_LT_0,< 0 ms
2026-02-04 17:54:24.543,2108,-4073.007822036743,LATENCY_LT_0,< 0 ms
2026-02-04 17:54:24.559,2108,-4073.672294616699,LATENCY_LT_0,< 0 ms
2026-02-04 17:54:24.582,2108,-4067.3348903656006,LATENCY_LT_0,< 0 ms
2026-02-04 17:54:24.593,2108,-4073.493242263794,LATENCY_LT_0,< 0 ms
2026-02-04 17:54:24.609,2108,-4073.638677597046,LATENCY_LT_0,< 0 ms
2026-02-04 17:54:24.626,2108,-4073.3118057250977,LATENCY_LT_0,< 0 ms
2026-02-04 17:54:24.643,2108,-4073.4658241271973,LATENCY_LT_0,< 0 ms
2026-02-04 17:54:24.660,2108,-4073.129892349243,LATENCY_LT_0,< 0 ms
2026-02-04 17:54:24.677,2108,-4072.7925300598145,LATENCY_LT_0,< 0 ms
2026-02-04 17:54:24.693,2108,-4073.4658241271973,LATENCY_LT_0,< 0 ms
2026-02-04 17:54:24.710,2108,-4073.1241703033447,LATENCY_LT_0,< 0 ms
2026-02-04 17:54:24.726,2108,-4073.7128257751465,LATENCY_LT_0,< 0 ms
2026-02-04 17:54:24.743,2108,-4073.347330093384,LATENCY_LT_0,< 0 ms
2026-02-04 17:54:24.760,2108,-4073.009490966797,LATENCY_LT_0,< 0 ms
2026-02-04 17:54:24.776,2108,-4073.6825466156006,LATENCY_LT_0,< 0 ms
2026-02-04 17:54:24.793,2108,-4073.3463764190674,LATENCY_LT_0,< 0 ms
2026-02-04 17:54:24.810,2108,-4073.010206222534,LATENCY_LT_0,< 0 ms
2026-02-04 17:54:24.826,2108,-4073.669195175171,LATENCY_LT_0,< 0 ms
2026-02-04 17:54:24.843,2108,-4073.3163356781006,LATENCY_LT_0,< 0 ms
2026-02-04 17:54:24.860,2108,-4072.976589202881,LATENCY_LT_0,< 0 ms
2026-02-04 17:54:24.876,2108,-4073.5247135162354,LATENCY_LT_0,< 0 ms
2026-02-04 17:54:24.892,2108,-4073.6846923828125,LATENCY_LT_0,< 0 ms
2026-02-04 17:54:24.909,2108,-4073.350667953491,LATENCY_LT_0,< 0 ms
2026-02-04 17:54:24.926,2108,-4073.0080604553223,LATENCY_LT_0,< 0 ms
2026-02-04 17:54:24.943,2108,-4073.159694671631,LATENCY_LT_0,< 0 ms
2026-02-04 17:54:24.959,2108,-4073.8208293914795,LATENCY_LT_0,< 0 ms
2026-02-04 17:54:24.976,2108,-4073.4949111938477,LATENCY_LT_0,< 0 ms
2026-02-04 17:54:24.993,2108,-4073.159694671631,LATENCY_LT_0,< 0 ms
2026-02-04 17:54:25.009,2108,-4073.820114135742,LATENCY_LT_0,< 0 ms
2026-02-04 17:54:25.026,2108,-4073.4965801239014,LATENCY_LT_0,< 0 ms
2026-02-04 17:54:25.043,2108,-4073.1356143951416,LATENCY_LT_0,< 0 ms
2026-02-04 17:54:25.060,2108,-4073.289632797241,LATENCY_LT_0,< 0 ms
2026-02-04 17:54:25.076,2108,-4073.385715484619,LATENCY_LT_0,< 0 ms
2026-02-04 17:54:25.093,2108,-4073.0128288269043,LATENCY_LT_0,< 0 ms
2026-02-04 17:54:25.110,2108,-4073.164701461792,LATENCY_LT_0,< 0 ms
2026-02-04 17:54:25.126,2108,-4073.3132362365723,LATENCY_LT_0,< 0 ms
2026-02-04 17:54:25.143,2108,-4073.549509048462,LATENCY_LT_0,< 0 ms
2026-02-04 17:54:25.159,2108,-4073.6958980560303,LATENCY_LT_0,< 0 ms
2026-02-04 17:54:25.176,2108,-4073.8556385040283,LATENCY_LT_0,< 0 ms
2026-02-04 17:54:25.193,2108,-4073.007106781006,LATENCY_LT_0,< 0 ms
2026-02-04 17:54:25.209,2108,-4073.6730098724365,LATENCY_LT_0,< 0 ms
2026-02-04 17:54:25.226,2108,-4073.3301639556885,LATENCY_LT_0,< 0 ms
2026-02-04 17:54:25.243,2108,-4072.917938232422,LATENCY_LT_0,< 0 ms
2026-02-04 17:54:25.260,2108,-4072.580337524414,LATENCY_LT_0,< 0 ms
2026-02-04 17:54:25.276,2108,-4073.244333267212,LATENCY_LT_0,< 0 ms
2026-02-04 17:54:25.293,2108,-4072.9172229766846,LATENCY_LT_0,< 0 ms
2026-02-04 17:54:25.309,2108,-4073.582410812378,LATENCY_LT_0,< 0 ms
2026-02-04 17:54:25.327,2108,-4072.237491607666,LATENCY_LT_0,< 0 ms
2026-02-04 17:54:25.343,2108,-4073.392152786255,LATENCY_LT_0,< 0 ms
2026-02-04 17:54:25.360,2108,-4072.638511657715,LATENCY_LT_0,< 0 ms
2026-02-04 17:54:25.377,2108,-4072.800874710083,LATENCY_LT_0,< 0 ms
2026-02-04 17:54:25.393,2108,-4072.953701019287,LATENCY_LT_0,< 0 ms
2026-02-04 17:54:25.410,2108,-4073.1041431427,LATENCY_LT_0,< 0 ms
2026-02-04 17:54:25.428,2108,-4071.260690689087,LATENCY_LT_0,< 0 ms
2026-02-04 17:54:25.443,2108,-4073.221206665039,LATENCY_LT_0,< 0 ms
2026-02-04 17:54:25.460,2108,-4072.885513305664,LATENCY_LT_0,< 0 ms
2026-02-04 17:54:25.476,2108,-4073.546886444092,LATENCY_LT_0,< 0 ms
2026-02-04 17:54:25.493,2108,-4073.223114013672,LATENCY_LT_0,< 0 ms
2026-02-04 17:54:25.509,2108,-4073.883056640625,LATENCY_LT_0,< 0 ms
2026-02-04 17:54:25.526,2108,-4073.544502258301,LATENCY_LT_0,< 0 ms
2026-02-04 17:54:25.542,2108,-4073.695421218872,LATENCY_LT_0,< 0 ms
2026-02-04 17:54:25.559,2108,-4073.3535289764404,LATENCY_LT_0,< 0 ms
2026-02-04 17:54:25.577,2108,-4072.906732559204,LATENCY_LT_0,< 0 ms
2026-02-04 17:54:25.593,2108,-4073.0574131011963,LATENCY_LT_0,< 0 ms
2026-02-04 17:54:25.609,2108,-4073.713779449463,LATENCY_LT_0,< 0 ms
2026-02-04 17:54:25.627,2108,-4072.9334354400635,LATENCY_LT_0,< 0 ms
2026-02-04 17:54:25.643,2108,-4073.0693340301514,LATENCY_LT_0,< 0 ms
2026-02-04 17:54:25.663,2108,-4069.7338581085205,LATENCY_LT_0,< 0 ms
2026-02-04 17:54:25.676,2108,-4073.3978748321533,LATENCY_LT_0,< 0 ms
2026-02-04 17:54:25.693,2108,-4073.0698108673096,LATENCY_LT_0,< 0 ms
2026-02-04 17:54:25.709,2108,-4073.7287998199463,LATENCY_LT_0,< 0 ms
2026-02-04 17:54:25.726,2108,-4073.277235031128,LATENCY_LT_0,< 0 ms
2026-02-04 17:54:25.743,2108,-4073.429584503174,LATENCY_LT_0,< 0 ms
2026-02-04 17:54:25.759,2108,-4073.5816955566406,LATENCY_LT_0,< 0 ms
2026-02-04 17:54:25.776,2108,-4073.253393173218,LATENCY_LT_0,< 0 ms
2026-02-04 17:54:25.793,2108,-4072.9169845581055,LATENCY_LT_0,< 0 ms
2026-02-04 17:54:25.809,2108,-4073.573112487793,LATENCY_LT_0,< 0 ms
2026-02-04 17:54:25.826,2108,-4073.7483501434326,LATENCY_LT_0,< 0 ms
2026-02-04 17:54:25.842,2108,-4073.8275051116943,LATENCY_LT_0,< 0 ms
2026-02-04 17:54:25.859,2108,-4073.4946727752686,LATENCY_LT_0,< 0 ms
2026-02-04 17:54:25.876,2108,-4073.1585025787354,LATENCY_LT_0,< 0 ms
2026-02-04 17:54:25.892,2108,-4073.827028274536,LATENCY_LT_0,< 0 ms
2026-02-04 17:54:25.909,2108,-4073.4920501708984,LATENCY_LT_0,< 0 ms
2026-02-04 17:54:25.926,2108,-4073.148012161255,LATENCY_LT_0,< 0 ms
2026-02-04 17:54:25.942,2108,-4073.789119720459,LATENCY_LT_0,< 0 ms
2026-02-04 17:54:25.959,2108,-4073.4519958496094,LATENCY_LT_0,< 0 ms
2026-02-04 17:54:25.976,2108,-4073.608160018921,LATENCY_LT_0,< 0 ms
2026-02-04 17:54:25.993,2108,-4073.2743740081787,LATENCY_LT_0,< 0 ms
2026-02-04 17:54:26.010,2108,-4072.93963432312,LATENCY_LT_0,< 0 ms
2026-02-04 17:54:26.026,2108,-4073.5981464385986,LATENCY_LT_0,< 0 ms
2026-02-04 17:54:26.042,2108,-4073.7695693969727,LATENCY_LT_0,< 0 ms
2026-02-04 17:54:26.059,2108,-4073.432683944702,LATENCY_LT_0,< 0 ms
2026-02-04 17:54:26.076,2108,-4073.092460632324,LATENCY_LT_0,< 0 ms
2026-02-04 17:54:26.093,2108,-4073.251724243164,LATENCY_LT_0,< 0 ms
2026-02-04 17:54:26.109,2108,-4073.4007358551025,LATENCY_LT_0,< 0 ms
2026-02-04 17:54:26.126,2108,-4073.059558868408,LATENCY_LT_0,< 0 ms
2026-02-04 17:54:26.143,2108,-4073.2131004333496,LATENCY_LT_0,< 0 ms
2026-02-04 17:54:26.160,2108,-4072.8704929351807,LATENCY_LT_0,< 0 ms
2026-02-04 17:54:26.177,2108,-4072.5061893463135,LATENCY_LT_0,< 0 ms
2026-02-04 17:54:26.193,2108,-4073.1399059295654,LATENCY_LT_0,< 0 ms
2026-02-04 17:54:26.210,2108,-4072.807788848877,LATENCY_LT_0,< 0 ms
2026-02-04 17:54:26.227,2108,-4072.477102279663,LATENCY_LT_0,< 0 ms
2026-02-04 17:54:26.245,2108,-4071.622133255005,LATENCY_LT_0,< 0 ms
2026-02-04 17:54:26.263,2108,-4069.770097732544,LATENCY_LT_0,< 0 ms
2026-02-04 17:54:26.276,2108,-4073.915481567383,LATENCY_LT_0,< 0 ms
2026-02-04 17:54:26.293,2108,-4073.5907554626465,LATENCY_LT_0,< 0 ms
2026-02-04 17:54:26.310,2108,-4073.246479034424,LATENCY_LT_0,< 0 ms
2026-02-04 17:54:26.327,2108,-4072.291612625122,LATENCY_LT_0,< 0 ms
2026-02-04 17:54:26.343,2108,-4072.8490352630615,LATENCY_LT_0,< 0 ms
2026-02-04 17:54:26.360,2108,-4072.826623916626,LATENCY_LT_0,< 0 ms
2026-02-04 17:54:26.377,2108,-4072.856664657593,LATENCY_LT_0,< 0 ms
2026-02-04 17:54:26.395,2108,-4071.521282196045,LATENCY_LT_0,< 0 ms
2026-02-04 17:54:26.410,2108,-4073.185443878174,LATENCY_LT_0,< 0 ms
2026-02-04 17:54:26.427,2108,-4072.843074798584,LATENCY_LT_0,< 0 ms
2026-02-04 17:54:26.443,2108,-4073.012113571167,LATENCY_LT_0,< 0 ms
2026-02-04 17:54:26.471,2108,-4061.352491378784,LATENCY_LT_0,< 0 ms
2026-02-04 17:54:26.484,2108,-4065.0460720062256,LATENCY_LT_0,< 0 ms
2026-02-04 17:54:26.503,2108,-4063.628673553467,LATENCY_LT_0,< 0 ms
2026-02-04 17:54:26.510,2108,-4072.8044509887695,LATENCY_LT_0,< 0 ms
2026-02-04 17:54:26.526,2108,-4073.456287384033,LATENCY_LT_0,< 0 ms
2026-02-04 17:54:26.547,2108,-4068.989038467407,LATENCY_LT_0,< 0 ms
2026-02-04 17:54:26.559,2108,-4073.627710342407,LATENCY_LT_0,< 0 ms
2026-02-04 17:54:26.578,2108,-4071.2342262268066,LATENCY_LT_0,< 0 ms
2026-02-04 17:54:26.592,2108,-4073.89497756958,LATENCY_LT_0,< 0 ms
2026-02-04 17:54:26.610,2108,-4073.0440616607666,LATENCY_LT_0,< 0 ms
2026-02-04 17:54:26.639,2108,-4060.206890106201,LATENCY_LT_0,< 0 ms
2026-02-04 17:54:26.653,2108,-4062.8719329833984,LATENCY_LT_0,< 0 ms
2026-02-04 17:54:26.668,2108,-4064.5370483398438,LATENCY_LT_0,< 0 ms
2026-02-04 17:54:26.686,2108,-4063.2002353668213,LATENCY_LT_0,< 0 ms
2026-02-04 17:54:26.694,2108,-4071.8722343444824,LATENCY_LT_0,< 0 ms
2026-02-04 17:54:26.709,2108,-4073.533535003662,LATENCY_LT_0,< 0 ms
2026-02-04 17:54:26.726,2108,-4073.1730461120605,LATENCY_LT_0,< 0 ms
2026-02-04 17:54:26.744,2108,-4072.214365005493,LATENCY_LT_0,< 0 ms
2026-02-04 17:54:26.760,2108,-4072.366714477539,LATENCY_LT_0,< 0 ms
2026-02-04 17:54:26.776,2108,-4073.5278129577637,LATENCY_LT_0,< 0 ms
2026-02-04 17:54:26.793,2108,-4073.193073272705,LATENCY_LT_0,< 0 ms
2026-02-04 17:54:26.809,2108,-4073.8511085510254,LATENCY_LT_0,< 0 ms
2026-02-04 17:54:26.826,2108,-4073.517322540283,LATENCY_LT_0,< 0 ms
2026-02-04 17:54:26.842,2108,-4073.6775398254395,LATENCY_LT_0,< 0 ms
2026-02-04 17:54:26.860,2108,-4073.314666748047,LATENCY_LT_0,< 0 ms
2026-02-04 17:54:26.876,2108,-4073.4684467315674,LATENCY_LT_0,< 0 ms
2026-02-04 17:54:26.893,2108,-4073.134660720825,LATENCY_LT_0,< 0 ms
2026-02-04 17:54:26.909,2108,-4073.777198791504,LATENCY_LT_0,< 0 ms
2026-02-04 17:54:26.926,2108,-4073.4314918518066,LATENCY_LT_0,< 0 ms
2026-02-04 17:54:26.943,2108,-4073.5812187194824,LATENCY_LT_0,< 0 ms
2026-02-04 17:54:26.960,2108,-4073.2462406158447,LATENCY_LT_0,< 0 ms
2026-02-04 17:54:26.976,2108,-4073.9169120788574,LATENCY_LT_0,< 0 ms
2026-02-04 17:54:26.993,2108,-4073.578357696533,LATENCY_LT_0,< 0 ms
2026-02-04 17:54:27.010,2108,-4073.246717453003,LATENCY_LT_0,< 0 ms
2026-02-04 17:54:27.027,2108,-4072.915554046631,LATENCY_LT_0,< 0 ms
2026-02-04 17:54:27.046,2108,-4070.523738861084,LATENCY_LT_0,< 0 ms
2026-02-04 17:54:27.060,2108,-4073.1875896453857,LATENCY_LT_0,< 0 ms
2026-02-04 17:54:27.076,2108,-4073.8449096679688,LATENCY_LT_0,< 0 ms
2026-02-04 17:54:27.093,2108,-4073.005199432373,LATENCY_LT_0,< 0 ms
2026-02-04 17:54:27.110,2108,-4073.157787322998,LATENCY_LT_0,< 0 ms
2026-02-04 17:54:27.126,2108,-4073.817491531372,LATENCY_LT_0,< 0 ms
2026-02-04 17:54:27.143,2108,-4073.378801345825,LATENCY_LT_0,< 0 ms
2026-02-04 17:54:27.160,2108,-4073.033094406128,LATENCY_LT_0,< 0 ms
2026-02-04 17:54:27.176,2108,-4073.1959342956543,LATENCY_LT_0,< 0 ms
2026-02-04 17:54:27.193,2108,-4073.3468532562256,LATENCY_LT_0,< 0 ms
2026-02-04 17:54:27.210,2108,-4073.014259338379,LATENCY_LT_0,< 0 ms
2026-02-04 17:54:27.227,2108,-4072.6706981658936,LATENCY_LT_0,< 0 ms
2026-02-04 17:54:27.243,2108,-4073.2908248901367,LATENCY_LT_0,< 0 ms
2026-02-04 17:54:27.260,2108,-4072.953462600708,LATENCY_LT_0,< 0 ms
2026-02-04 17:54:27.276,2108,-4073.103666305542,LATENCY_LT_0,< 0 ms
2026-02-04 17:54:27.293,2108,-4073.2688903808594,LATENCY_LT_0,< 0 ms
2026-02-04 17:54:27.309,2108,-4073.927402496338,LATENCY_LT_0,< 0 ms
2026-02-04 17:54:27.327,2108,-4072.965621948242,LATENCY_LT_0,< 0 ms
2026-02-04 17:54:27.348,2108,-4068.488836288452,LATENCY_LT_0,< 0 ms
2026-02-04 17:54:27.365,2108,-4068.1047439575195,LATENCY_LT_0,< 0 ms
2026-02-04 17:54:27.379,2108,-4070.263624191284,LATENCY_LT_0,< 0 ms
2026-02-04 17:54:27.393,2108,-4072.927951812744,LATENCY_LT_0,< 0 ms
2026-02-04 17:54:27.409,2108,-4073.5883712768555,LATENCY_LT_0,< 0 ms
2026-02-04 17:54:27.437,2108,-4062.0625019073486,LATENCY_LT_0,< 0 ms
2026-02-04 17:54:27.443,2108,-4072.7243423461914,LATENCY_LT_0,< 0 ms
2026-02-04 17:54:27.459,2108,-4073.389768600464,LATENCY_LT_0,< 0 ms
2026-02-04 17:54:27.484,2108,-4065.051794052124,LATENCY_LT_0,< 0 ms
2026-02-04 17:54:27.500,2108,-4065.7248497009277,LATENCY_LT_0,< 0 ms
2026-02-04 17:54:27.509,2108,-4073.390007019043,LATENCY_LT_0,< 0 ms
2026-02-04 17:54:27.530,2108,-4069.047212600708,LATENCY_LT_0,< 0 ms
2026-02-04 17:54:27.543,2108,-4073.19974899292,LATENCY_LT_0,< 0 ms
2026-02-04 17:54:27.562,2108,-4070.863723754883,LATENCY_LT_0,< 0 ms
2026-02-04 17:54:27.577,2108,-4072.535514831543,LATENCY_LT_0,< 0 ms
2026-02-04 17:54:27.593,2108,-4073.1983184814453,LATENCY_LT_0,< 0 ms
2026-02-04 17:54:27.613,2108,-4069.8630809783936,LATENCY_LT_0,< 0 ms
2026-02-04 17:54:27.637,2108,-4062.004566192627,LATENCY_LT_0,< 0 ms
2026-02-04 17:54:27.643,2108,-4072.6826190948486,LATENCY_LT_0,< 0 ms
2026-02-04 17:54:27.668,2108,-4064.347982406616,LATENCY_LT_0,< 0 ms
2026-02-04 17:54:27.678,2108,-4071.009635925293,LATENCY_LT_0,< 0 ms
2026-02-04 17:54:27.698,2108,-4067.6751136779785,LATENCY_LT_0,< 0 ms
2026-02-04 17:54:27.711,2108,-4071.8204975128174,LATENCY_LT_0,< 0 ms
2026-02-04 17:54:27.743,2108,-4056.4441680908203,LATENCY_LT_0,< 0 ms
2026-02-04 17:54:27.745,2108,-4071.107864379883,LATENCY_LT_0,< 0 ms
2026-02-04 17:54:27.760,2108,-4072.772264480591,LATENCY_LT_0,< 0 ms
2026-02-04 17:54:27.777,2108,-4072.4432468414307,LATENCY_LT_0,< 0 ms
2026-02-04 17:54:27.794,2108,-4072.108030319214,LATENCY_LT_0,< 0 ms
2026-02-04 17:54:27.809,2108,-4073.772668838501,LATENCY_LT_0,< 0 ms
2026-02-04 17:54:27.834,2108,-4065.9286975860596,LATENCY_LT_0,< 0 ms
2026-02-04 17:54:27.843,2108,-4073.5857486724854,LATENCY_LT_0,< 0 ms
2026-02-04 17:54:27.863,2108,-4070.249319076538,LATENCY_LT_0,< 0 ms
2026-02-04 17:54:27.877,2108,-4072.9119777679443,LATENCY_LT_0,< 0 ms
2026-02-04 17:54:27.893,2108,-4073.5833644866943,LATENCY_LT_0,< 0 ms
2026-02-04 17:54:27.910,2108,-4073.2502937316895,LATENCY_LT_0,< 0 ms
2026-02-04 17:54:27.927,2108,-4072.906970977783,LATENCY_LT_0,< 0 ms
2026-02-04 17:54:27.943,2108,-4073.3537673950195,LATENCY_LT_0,< 0 ms
2026-02-04 17:54:27.960,2108,-4073.0185508728027,LATENCY_LT_0,< 0 ms
2026-02-04 17:54:27.976,2108,-4073.683500289917,LATENCY_LT_0,< 0 ms
2026-02-04 17:54:27.992,2108,-4073.8368034362793,LATENCY_LT_0,< 0 ms
2026-02-04 17:54:28.010,2108,-4072.939157485962,LATENCY_LT_0,< 0 ms
2026-02-04 17:54:28.026,2108,-4073.561668395996,LATENCY_LT_0,< 0 ms
2026-02-04 17:54:28.042,2108,-4073.729991912842,LATENCY_LT_0,< 0 ms
2026-02-04 17:54:28.059,2108,-4073.392629623413,LATENCY_LT_0,< 0 ms
2026-02-04 17:54:28.076,2108,-4073.054313659668,LATENCY_LT_0,< 0 ms
2026-02-04 17:54:28.093,2108,-4073.2150077819824,LATENCY_LT_0,< 0 ms
2026-02-04 17:54:28.109,2108,-4073.366403579712,LATENCY_LT_0,< 0 ms
2026-02-04 17:54:28.126,2108,-4073.0245113372803,LATENCY_LT_0,< 0 ms
2026-02-04 17:54:28.142,2108,-4073.6746788024902,LATENCY_LT_0,< 0 ms
2026-02-04 17:54:28.159,2108,-4073.8282203674316,LATENCY_LT_0,< 0 ms
2026-02-04 17:54:28.176,2108,-4073.4920501708984,LATENCY_LT_0,< 0 ms
2026-02-04 17:54:28.193,2108,-4073.385715484619,LATENCY_LT_0,< 0 ms
2026-02-04 17:54:28.209,2108,-4073.5108852386475,LATENCY_LT_0,< 0 ms
2026-02-04 17:54:28.227,2108,-4072.6754665374756,LATENCY_LT_0,< 0 ms
2026-02-04 17:54:28.243,2108,-4072.8232860565186,LATENCY_LT_0,< 0 ms
2026-02-04 17:54:28.259,2108,-4073.4879970550537,LATENCY_LT_0,< 0 ms
2026-02-04 17:54:28.276,2108,-4073.1513500213623,LATENCY_LT_0,< 0 ms
2026-02-04 17:54:28.293,2108,-4072.8256702423096,LATENCY_LT_0,< 0 ms
2026-02-04 17:54:28.309,2108,-4073.485851287842,LATENCY_LT_0,< 0 ms
2026-02-04 17:54:28.326,2108,-4073.148012161255,LATENCY_LT_0,< 0 ms
2026-02-04 17:54:28.343,2108,-4073.3001232147217,LATENCY_LT_0,< 0 ms
2026-02-04 17:54:28.360,2108,-4072.8015899658203,LATENCY_LT_0,< 0 ms
2026-02-04 17:54:28.377,2108,-4072.9541778564453,LATENCY_LT_0,< 0 ms
2026-02-04 17:54:28.393,2108,-4073.6172199249268,LATENCY_LT_0,< 0 ms
2026-02-04 17:54:28.410,2108,-4073.2831954956055,LATENCY_LT_0,< 0 ms
2026-02-04 17:54:28.427,2108,-4072.9403495788574,LATENCY_LT_0,< 0 ms
2026-02-04 17:54:28.443,2108,-4073.277473449707,LATENCY_LT_0,< 0 ms
2026-02-04 17:54:28.459,2108,-4073.42791557312,LATENCY_LT_0,< 0 ms
2026-02-04 17:54:28.476,2108,-4073.5788345336914,LATENCY_LT_0,< 0 ms
2026-02-04 17:54:28.493,2108,-4073.1277465820312,LATENCY_LT_0,< 0 ms
2026-02-04 17:54:28.510,2108,-4073.272466659546,LATENCY_LT_0,< 0 ms
2026-02-04 17:54:28.527,2108,-4072.9246139526367,LATENCY_LT_0,< 0 ms
2026-02-04 17:54:28.543,2108,-4073.0772018432617,LATENCY_LT_0,< 0 ms
2026-02-04 17:54:28.560,2108,-4072.742223739624,LATENCY_LT_0,< 0 ms
2026-02-04 17:54:28.577,2108,-4072.413921356201,LATENCY_LT_0,< 0 ms
2026-02-04 17:54:28.593,2108,-4073.077917098999,LATENCY_LT_0,< 0 ms
2026-02-04 17:54:28.609,2108,-4073.741912841797,LATENCY_LT_0,< 0 ms
2026-02-04 17:54:28.626,2108,-4073.4102725982666,LATENCY_LT_0,< 0 ms
2026-02-04 17:54:28.643,2108,-4073.561191558838,LATENCY_LT_0,< 0 ms
2026-02-04 17:54:28.660,2108,-4073.227643966675,LATENCY_LT_0,< 0 ms
2026-02-04 17:54:28.677,2108,-4072.892427444458,LATENCY_LT_0,< 0 ms
2026-02-04 17:54:28.693,2108,-4072.850227355957,LATENCY_LT_0,< 0 ms
2026-02-04 17:54:28.714,2108,-4068.7880516052246,LATENCY_LT_0,< 0 ms
2026-02-04 17:54:28.727,2108,-4072.8330612182617,LATENCY_LT_0,< 0 ms
2026-02-04 17:54:28.743,2108,-4073.1287002563477,LATENCY_LT_0,< 0 ms
2026-02-04 17:54:28.759,2108,-4073.8000869750977,LATENCY_LT_0,< 0 ms
2026-02-04 17:54:28.776,2108,-4073.960065841675,LATENCY_LT_0,< 0 ms
2026-02-04 17:54:28.793,2108,-4073.598623275757,LATENCY_LT_0,< 0 ms
2026-02-04 17:54:28.809,2108,-4073.7483501434326,LATENCY_LT_0,< 0 ms
2026-02-04 17:54:28.826,2108,-4073.378562927246,LATENCY_LT_0,< 0 ms
2026-02-04 17:54:28.843,2108,-4073.5480785369873,LATENCY_LT_0,< 0 ms
2026-02-04 17:54:28.860,2108,-4073.2128620147705,LATENCY_LT_0,< 0 ms
2026-02-04 17:54:28.877,2108,-4072.8750228881836,LATENCY_LT_0,< 0 ms
2026-02-04 17:54:28.893,2108,-4073.5485553741455,LATENCY_LT_0,< 0 ms
2026-02-04 17:54:28.910,2108,-4073.2104778289795,LATENCY_LT_0,< 0 ms
2026-02-04 17:54:28.929,2108,-4070.8706378936768,LATENCY_LT_0,< 0 ms
2026-02-04 17:54:28.944,2108,-4072.5150108337402,LATENCY_LT_0,< 0 ms
2026-02-04 17:54:28.959,2108,-4073.669910430908,LATENCY_LT_0,< 0 ms
2026-02-04 17:54:28.976,2108,-4073.340892791748,LATENCY_LT_0,< 0 ms
2026-02-04 17:54:28.993,2108,-4073.005199432373,LATENCY_LT_0,< 0 ms
2026-02-04 17:54:29.009,2108,-4073.6680030822754,LATENCY_LT_0,< 0 ms
2026-02-04 17:54:29.026,2108,-4073.34566116333,LATENCY_LT_0,< 0 ms
2026-02-04 17:54:29.044,2108,-4072.4966526031494,LATENCY_LT_0,< 0 ms
2026-02-04 17:54:29.060,2108,-4073.160171508789,LATENCY_LT_0,< 0 ms
2026-02-04 17:54:29.076,2108,-4073.819637298584,LATENCY_LT_0,< 0 ms
2026-02-04 17:54:29.093,2108,-4072.983503341675,LATENCY_LT_0,< 0 ms
2026-02-04 17:54:29.110,2108,-4073.132038116455,LATENCY_LT_0,< 0 ms
2026-02-04 17:54:29.126,2108,-4073.7898349761963,LATENCY_LT_0,< 0 ms
2026-02-04 17:54:29.143,2108,-4073.438882827759,LATENCY_LT_0,< 0 ms
2026-02-04 17:54:29.159,2108,-4073.590040206909,LATENCY_LT_0,< 0 ms
2026-02-04 17:54:29.176,2108,-4073.2626914978027,LATENCY_LT_0,< 0 ms
2026-02-04 17:54:29.192,2108,-4073.922872543335,LATENCY_LT_0,< 0 ms
2026-02-04 17:54:29.209,2108,-4073.5907554626465,LATENCY_LT_0,< 0 ms
2026-02-04 17:54:29.226,2108,-4073.249578475952,LATENCY_LT_0,< 0 ms
2026-02-04 17:54:29.243,2108,-4073.4145641326904,LATENCY_LT_0,< 0 ms
2026-02-04 17:54:29.260,2108,-4073.078155517578,LATENCY_LT_0,< 0 ms
2026-02-04 17:54:29.276,2108,-4073.737621307373,LATENCY_LT_0,< 0 ms
2026-02-04 17:54:29.293,2108,-4073.413133621216,LATENCY_LT_0,< 0 ms
2026-02-04 17:54:29.310,2108,-4073.078155517578,LATENCY_LT_0,< 0 ms
2026-02-04 17:54:29.327,2108,-4072.7379322052,LATENCY_LT_0,< 0 ms
2026-02-04 17:54:29.343,2108,-4073.1430053710938,LATENCY_LT_0,< 0 ms
2026-02-04 17:54:29.360,2108,-4073.270320892334,LATENCY_LT_0,< 0 ms
2026-02-04 17:54:29.379,2108,-4070.429801940918,LATENCY_LT_0,< 0 ms
2026-02-04 17:54:29.393,2108,-4073.0936527252197,LATENCY_LT_0,< 0 ms
2026-02-04 17:54:29.409,2108,-4073.7569332122803,LATENCY_LT_0,< 0 ms
2026-02-04 17:54:29.431,2108,-4068.4330463409424,LATENCY_LT_0,< 0 ms
2026-02-04 17:54:29.442,2108,-4073.910713195801,LATENCY_LT_0,< 0 ms
2026-02-04 17:54:29.459,2108,-4073.56595993042,LATENCY_LT_0,< 0 ms
2026-02-04 17:54:29.476,2108,-4073.2030868530273,LATENCY_LT_0,< 0 ms
2026-02-04 17:54:29.493,2108,-4073.3654499053955,LATENCY_LT_0,< 0 ms
2026-02-04 17:54:29.510,2108,-4073.028802871704,LATENCY_LT_0,< 0 ms
2026-02-04 17:54:29.527,2108,-4072.688341140747,LATENCY_LT_0,< 0 ms
2026-02-04 17:54:29.542,2108,-4073.840618133545,LATENCY_LT_0,< 0 ms
2026-02-04 17:54:29.559,2108,-4073.5020637512207,LATENCY_LT_0,< 0 ms
2026-02-04 17:54:29.576,2108,-4073.1754302978516,LATENCY_LT_0,< 0 ms
2026-02-04 17:54:29.593,2108,-4072.838306427002,LATENCY_LT_0,< 0 ms
2026-02-04 17:54:29.609,2108,-4073.5039710998535,LATENCY_LT_0,< 0 ms
2026-02-04 17:54:29.626,2108,-4073.1585025787354,LATENCY_LT_0,< 0 ms
2026-02-04 17:54:29.642,2108,-4073.8210678100586,LATENCY_LT_0,< 0 ms
2026-02-04 17:54:29.660,2108,-4072.967529296875,LATENCY_LT_0,< 0 ms
2026-02-04 17:54:29.781,2108,-3968.9888954162598,LATENCY_LT_0,< 0 ms
2026-02-04 17:54:29.783,2108,-3983.66117477417,LATENCY_LT_0,< 0 ms
2026-02-04 17:54:29.783,2108,-4000.3252029418945,LATENCY_LT_0,< 0 ms
2026-02-04 17:54:29.783,2108,-4016.989231109619,LATENCY_LT_0,< 0 ms
2026-02-04 17:54:29.783,2108,-4033.6532592773438,LATENCY_LT_0,< 0 ms
2026-02-04 17:54:29.783,2108,-4050.3172874450684,LATENCY_LT_0,< 0 ms
2026-02-04 17:54:29.783,2108,-4066.9891834259033,LATENCY_LT_0,< 0 ms
2026-02-04 17:54:29.793,2108,-4073.654890060425,LATENCY_LT_0,< 0 ms
2026-02-04 17:54:29.810,2108,-4073.3110904693604,LATENCY_LT_0,< 0 ms
2026-02-04 17:54:29.827,2108,-4072.4785327911377,LATENCY_LT_0,< 0 ms
2026-02-04 17:54:29.843,2108,-4073.124408721924,LATENCY_LT_0,< 0 ms
2026-02-04 17:54:29.860,2108,-4073.277473449707,LATENCY_LT_0,< 0 ms
2026-02-04 17:54:29.876,2108,-4073.331594467163,LATENCY_LT_0,< 0 ms
2026-02-04 17:54:29.893,2108,-4073.004722595215,LATENCY_LT_0,< 0 ms
2026-02-04 17:54:29.909,2108,-4073.6639499664307,LATENCY_LT_0,< 0 ms
2026-02-04 17:54:29.926,2108,-4073.273181915283,LATENCY_LT_0,< 0 ms
2026-02-04 17:54:29.942,2108,-4074.045181274414,LATENCY_LT_0,< 0 ms
2026-02-04 17:54:29.959,2108,-4073.6825466156006,LATENCY_LT_0,< 0 ms
2026-02-04 17:54:29.976,2108,-4073.843479156494,LATENCY_LT_0,< 0 ms
2026-02-04 17:54:29.993,2108,-4073.5037326812744,LATENCY_LT_0,< 0 ms
2026-02-04 17:54:30.009,2108,-4073.5116004943848,LATENCY_LT_0,< 0 ms
2026-02-04 17:54:30.029,2108,-4070.164442062378,LATENCY_LT_0,< 0 ms
2026-02-04 17:54:30.042,2108,-4073.801279067993,LATENCY_LT_0,< 0 ms
2026-02-04 17:54:30.061,2108,-4071.4645385742188,LATENCY_LT_0,< 0 ms
2026-02-04 17:54:30.076,2108,-4073.1263160705566,LATENCY_LT_0,< 0 ms
2026-02-04 17:54:30.092,2108,-4073.686122894287,LATENCY_LT_0,< 0 ms
2026-02-04 17:54:30.109,2108,-4073.3401775360107,LATENCY_LT_0,< 0 ms
2026-02-04 17:54:30.126,2108,-4073.4853744506836,LATENCY_LT_0,< 0 ms
2026-02-04 17:54:30.143,2108,-4073.3237266540527,LATENCY_LT_0,< 0 ms
2026-02-04 17:54:30.159,2108,-4073.4262466430664,LATENCY_LT_0,< 0 ms
2026-02-04 17:54:30.176,2108,-4073.0979442596436,LATENCY_LT_0,< 0 ms
2026-02-04 17:54:30.192,2108,-4073.7621784210205,LATENCY_LT_0,< 0 ms
2026-02-04 17:54:30.209,2108,-4073.4269618988037,LATENCY_LT_0,< 0 ms
2026-02-04 17:54:30.226,2108,-4073.1022357940674,LATENCY_LT_0,< 0 ms
2026-02-04 17:54:30.243,2108,-4073.390007019043,LATENCY_LT_0,< 0 ms
2026-02-04 17:54:30.260,2108,-4072.4704265594482,LATENCY_LT_0,< 0 ms
2026-02-04 17:54:30.277,2108,-4072.1347332000732,LATENCY_LT_0,< 0 ms
2026-02-04 17:54:30.293,2108,-4072.808265686035,LATENCY_LT_0,< 0 ms
2026-02-04 17:54:30.309,2108,-4073.4713077545166,LATENCY_LT_0,< 0 ms
2026-02-04 17:54:30.326,2108,-4073.1284618377686,LATENCY_LT_0,< 0 ms
2026-02-04 17:54:30.342,2108,-4073.7667083740234,LATENCY_LT_0,< 0 ms
2026-02-04 17:54:30.359,2108,-4073.83131980896,LATENCY_LT_0,< 0 ms
2026-02-04 17:54:30.377,2108,-4072.4196434020996,LATENCY_LT_0,< 0 ms
2026-02-04 17:54:30.393,2108,-4073.084592819214,LATENCY_LT_0,< 0 ms
2026-02-04 17:54:30.409,2108,-4073.7483501434326,LATENCY_LT_0,< 0 ms
2026-02-04 17:54:30.427,2108,-4072.401762008667,LATENCY_LT_0,< 0 ms
2026-02-04 17:54:30.443,2108,-4073.063850402832,LATENCY_LT_0,< 0 ms
2026-02-04 17:54:30.460,2108,-4073.16255569458,LATENCY_LT_0,< 0 ms
2026-02-04 17:54:30.476,2108,-4073.8296508789062,LATENCY_LT_0,< 0 ms
2026-02-04 17:54:30.493,2108,-4073.504686355591,LATENCY_LT_0,< 0 ms
2026-02-04 17:54:30.510,2108,-4073.167324066162,LATENCY_LT_0,< 0 ms
2026-02-04 17:54:30.526,2108,-4073.8229751586914,LATENCY_LT_0,< 0 ms
2026-02-04 17:54:30.543,2108,-4072.9756355285645,LATENCY_LT_0,< 0 ms
2026-02-04 17:54:30.561,2108,-4071.6335773468018,LATENCY_LT_0,< 0 ms
2026-02-04 17:54:30.583,2108,-4066.728115081787,LATENCY_LT_0,< 0 ms
2026-02-04 17:54:30.593,2108,-4073.394298553467,LATENCY_LT_0,< 0 ms
2026-02-04 17:54:30.610,2108,-4073.0583667755127,LATENCY_LT_0,< 0 ms
2026-02-04 17:54:30.628,2108,-4071.732521057129,LATENCY_LT_0,< 0 ms
2026-02-04 17:54:30.643,2108,-4072.8843212127686,LATENCY_LT_0,< 0 ms
2026-02-04 17:54:30.659,2108,-4073.549509048462,LATENCY_LT_0,< 0 ms
2026-02-04 17:54:30.676,2108,-4073.2131004333496,LATENCY_LT_0,< 0 ms
2026-02-04 17:54:30.693,2108,-4072.8843212127686,LATENCY_LT_0,< 0 ms
2026-02-04 17:54:30.710,2108,-4072.5479125976562,LATENCY_LT_0,< 0 ms
2026-02-04 17:54:30.726,2108,-4073.2030868530273,LATENCY_LT_0,< 0 ms
2026-02-04 17:54:30.743,2108,-4073.3585357666016,LATENCY_LT_0,< 0 ms
2026-02-04 17:54:30.760,2108,-4073.0197429656982,LATENCY_LT_0,< 0 ms
2026-02-04 17:54:30.776,2108,-4073.6937522888184,LATENCY_LT_0,< 0 ms
2026-02-04 17:54:30.793,2108,-4073.3578205108643,LATENCY_LT_0,< 0 ms
2026-02-04 17:54:30.810,2108,-4073.019027709961,LATENCY_LT_0,< 0 ms
2026-02-04 17:54:30.826,2108,-4073.678731918335,LATENCY_LT_0,< 0 ms
2026-02-04 17:54:30.843,2108,-4073.253393173218,LATENCY_LT_0,< 0 ms
2026-02-04 17:54:30.860,2108,-4072.917699813843,LATENCY_LT_0,< 0 ms
2026-02-04 17:54:30.876,2108,-4073.579788208008,LATENCY_LT_0,< 0 ms
2026-02-04 17:54:30.895,2108,-4071.5062618255615,LATENCY_LT_0,< 0 ms
2026-02-04 17:54:30.910,2108,-4073.2030868530273,LATENCY_LT_0,< 0 ms
2026-02-04 17:54:30.926,2108,-4073.7757682800293,LATENCY_LT_0,< 0 ms
2026-02-04 17:54:30.943,2108,-4073.275089263916,LATENCY_LT_0,< 0 ms
2026-02-04 17:54:30.960,2108,-4072.9358196258545,LATENCY_LT_0,< 0 ms
2026-02-04 17:54:30.978,2108,-4071.406364440918,LATENCY_LT_0,< 0 ms
2026-02-04 17:54:30.993,2108,-4073.0652809143066,LATENCY_LT_0,< 0 ms
2026-02-04 17:54:31.009,2108,-4073.660373687744,LATENCY_LT_0,< 0 ms
2026-02-04 17:54:31.026,2108,-4073.819875717163,LATENCY_LT_0,< 0 ms
2026-02-04 17:54:31.043,2108,-4072.9691982269287,LATENCY_LT_0,< 0 ms
2026-02-04 17:54:31.059,2108,-4073.631525039673,LATENCY_LT_0,< 0 ms
2026-02-04 17:54:31.076,2108,-4073.292016983032,LATENCY_LT_0,< 0 ms
2026-02-04 17:54:31.093,2108,-4073.4517574310303,LATENCY_LT_0,< 0 ms
2026-02-04 17:54:31.109,2108,-4073.52876663208,LATENCY_LT_0,< 0 ms
2026-02-04 17:54:31.126,2108,-4073.1890201568604,LATENCY_LT_0,< 0 ms
2026-02-04 17:54:31.143,2108,-4073.3418464660645,LATENCY_LT_0,< 0 ms
2026-02-04 17:54:31.160,2108,-4073.0037689208984,LATENCY_LT_0,< 0 ms
2026-02-04 17:54:31.185,2108,-4064.6770000457764,LATENCY_LT_0,< 0 ms
2026-02-04 17:54:31.194,2108,-4072.3421573638916,LATENCY_LT_0,< 0 ms
2026-02-04 17:54:31.210,2108,-4073.0032920837402,LATENCY_LT_0,< 0 ms
2026-02-04 17:54:31.227,2108,-4072.6640224456787,LATENCY_LT_0,< 0 ms
2026-02-04 17:54:31.243,2108,-4073.213815689087,LATENCY_LT_0,< 0 ms
2026-02-04 17:54:31.260,2108,-4072.8769302368164,LATENCY_LT_0,< 0 ms
2026-02-04 17:54:31.276,2108,-4073.538064956665,LATENCY_LT_0,< 0 ms
2026-02-04 17:54:31.293,2108,-4073.214292526245,LATENCY_LT_0,< 0 ms
2026-02-04 17:54:31.309,2108,-4073.878049850464,LATENCY_LT_0,< 0 ms
2026-02-04 17:54:31.326,2108,-4073.535680770874,LATENCY_LT_0,< 0 ms
2026-02-04 17:54:31.343,2108,-4073.620319366455,LATENCY_LT_0,< 0 ms
2026-02-04 17:54:31.360,2108,-4073.078155517578,LATENCY_LT_0,< 0 ms
2026-02-04 17:54:31.376,2108,-4073.1611251831055,LATENCY_LT_0,< 0 ms
2026-02-04 17:54:31.392,2108,-4073.824167251587,LATENCY_LT_0,< 0 ms
2026-02-04 17:54:31.409,2108,-4073.489189147949,LATENCY_LT_0,< 0 ms
2026-02-04 17:54:31.426,2108,-4073.164463043213,LATENCY_LT_0,< 0 ms
2026-02-04 17:54:31.443,2108,-4073.314666748047,LATENCY_LT_0,< 0 ms
2026-02-04 17:54:31.460,2108,-4072.9753971099854,LATENCY_LT_0,< 0 ms
2026-02-04 17:54:31.480,2108,-4069.6442127227783,LATENCY_LT_0,< 0 ms
2026-02-04 17:54:31.495,2108,-4071.3160037994385,LATENCY_LT_0,< 0 ms
2026-02-04 17:54:31.516,2108,-4066.9796466827393,LATENCY_LT_0,< 0 ms
2026-02-04 17:54:31.530,2108,-4069.63849067688,LATENCY_LT_0,< 0 ms
2026-02-04 17:54:31.550,2108,-4066.157102584839,LATENCY_LT_0,< 0 ms
2026-02-04 17:54:31.560,2108,-4072.824001312256,LATENCY_LT_0,< 0 ms
2026-02-04 17:54:31.577,2108,-4072.4949836730957,LATENCY_LT_0,< 0 ms
2026-02-04 17:54:31.593,2108,-4073.143482208252,LATENCY_LT_0,< 0 ms
2026-02-04 17:54:31.609,2108,-4073.805332183838,LATENCY_LT_0,< 0 ms
2026-02-04 17:54:31.626,2108,-4073.465585708618,LATENCY_LT_0,< 0 ms
2026-02-04 17:54:31.643,2108,-4072.807788848877,LATENCY_LT_0,< 0 ms
2026-02-04 17:54:31.660,2108,-4072.472333908081,LATENCY_LT_0,< 0 ms
2026-02-04 17:54:31.676,2108,-4073.137044906616,LATENCY_LT_0,< 0 ms
2026-02-04 17:54:31.693,2108,-4072.8085041046143,LATENCY_LT_0,< 0 ms
2026-02-04 17:54:31.709,2108,-4073.4732151031494,LATENCY_LT_0,< 0 ms
2026-02-04 17:54:31.726,2108,-4073.1308460235596,LATENCY_LT_0,< 0 ms
2026-02-04 17:54:31.743,2108,-4073.2805728912354,LATENCY_LT_0,< 0 ms
2026-02-04 17:54:31.760,2108,-4072.935104370117,LATENCY_LT_0,< 0 ms
2026-02-04 17:54:31.776,2108,-4073.52352142334,LATENCY_LT_0,< 0 ms
2026-02-04 17:54:31.793,2108,-4073.1821060180664,LATENCY_LT_0,< 0 ms
2026-02-04 17:54:31.809,2108,-4073.758840560913,LATENCY_LT_0,< 0 ms
2026-02-04 17:54:31.826,2108,-4073.4336376190186,LATENCY_LT_0,< 0 ms
2026-02-04 17:54:31.843,2108,-4073.044776916504,LATENCY_LT_0,< 0 ms
2026-02-04 17:54:31.860,2108,-4072.709321975708,LATENCY_LT_0,< 0 ms
2026-02-04 17:54:31.876,2108,-4073.3728408813477,LATENCY_LT_0,< 0 ms
2026-02-04 17:54:31.898,2108,-4068.0441856384277,LATENCY_LT_0,< 0 ms
2026-02-04 17:54:31.928,2108,-4055.069923400879,LATENCY_LT_0,< 0 ms
2026-02-04 17:54:31.929,2108,-4070.725679397583,LATENCY_LT_0,< 0 ms
2026-02-04 17:54:31.943,2108,-4073.366165161133,LATENCY_LT_0,< 0 ms
2026-02-04 17:54:31.960,2108,-4072.4565982818604,LATENCY_LT_0,< 0 ms
2026-02-04 17:54:31.990,2108,-4059.4725608825684,LATENCY_LT_0,< 0 ms
2026-02-04 17:54:31.996,2108,-4070.126533508301,LATENCY_LT_0,< 0 ms
2026-02-04 17:54:32.009,2108,-4073.793649673462,LATENCY_LT_0,< 0 ms
2026-02-04 17:54:32.032,2108,-4067.448616027832,LATENCY_LT_0,< 0 ms
2026-02-04 17:54:32.051,2108,-4065.504550933838,LATENCY_LT_0,< 0 ms
2026-02-04 17:54:32.067,2108,-4066.1611557006836,LATENCY_LT_0,< 0 ms
2026-02-04 17:54:32.083,2108,-4066.8187141418457,LATENCY_LT_0,< 0 ms
2026-02-04 17:54:32.097,2108,-4068.979501724243,LATENCY_LT_0,< 0 ms
2026-02-04 17:54:32.110,2108,-4073.032855987549,LATENCY_LT_0,< 0 ms
2026-02-04 17:54:32.130,2108,-4069.690704345703,LATENCY_LT_0,< 0 ms
2026-02-04 17:54:32.146,2108,-4070.3301429748535,LATENCY_LT_0,< 0 ms
2026-02-04 17:54:32.160,2108,-4072.4751949310303,LATENCY_LT_0,< 0 ms
2026-02-04 17:54:32.192,2108,-4057.147264480591,LATENCY_LT_0,< 0 ms
2026-02-04 17:54:32.194,2108,-4071.8119144439697,LATENCY_LT_0,< 0 ms
2026-02-04 17:54:32.209,2108,-4073.4760761260986,LATENCY_LT_0,< 0 ms
2026-02-04 17:54:32.229,2108,-4070.145606994629,LATENCY_LT_0,< 0 ms
2026-02-04 17:54:32.243,2108,-4073.1472969055176,LATENCY_LT_0,< 0 ms
2026-02-04 17:54:32.262,2108,-4070.789098739624,LATENCY_LT_0,< 0 ms
2026-02-04 17:54:32.277,2108,-4072.4449157714844,LATENCY_LT_0,< 0 ms
2026-02-04 17:54:32.293,2108,-4072.946548461914,LATENCY_LT_0,< 0 ms
2026-02-04 17:54:32.311,2108,-4071.556806564331,LATENCY_LT_0,< 0 ms
2026-02-04 17:54:32.326,2108,-4073.211431503296,LATENCY_LT_0,< 0 ms
2026-02-04 17:54:32.342,2108,-4073.845863342285,LATENCY_LT_0,< 0 ms
2026-02-04 17:54:32.359,2108,-4073.578119277954,LATENCY_LT_0,< 0 ms
2026-02-04 17:54:32.377,2108,-4072.664260864258,LATENCY_LT_0,< 0 ms
2026-02-04 17:54:32.392,2108,-4073.758840560913,LATENCY_LT_0,< 0 ms
2026-02-04 17:54:32.409,2108,-4073.3838081359863,LATENCY_LT_0,< 0 ms
2026-02-04 17:54:32.426,2108,-4073.5018253326416,LATENCY_LT_0,< 0 ms
2026-02-04 17:54:32.442,2108,-4073.6725330352783,LATENCY_LT_0,< 0 ms
2026-02-04 17:54:32.460,2108,-4073.330879211426,LATENCY_LT_0,< 0 ms
2026-02-04 17:54:32.477,2108,-4072.892665863037,LATENCY_LT_0,< 0 ms
2026-02-04 17:54:32.493,2108,-4073.568105697632,LATENCY_LT_0,< 0 ms
2026-02-04 17:54:32.510,2108,-4073.2312202453613,LATENCY_LT_0,< 0 ms
2026-02-04 17:54:32.527,2108,-4072.890520095825,LATENCY_LT_0,< 0 ms
2026-02-04 17:54:32.552,2108,-4064.5217895507812,LATENCY_LT_0,< 0 ms
2026-02-04 17:54:32.562,2108,-4071.1872577667236,LATENCY_LT_0,< 0 ms
2026-02-04 17:54:32.579,2108,-4070.789575576782,LATENCY_LT_0,< 0 ms
2026-02-04 17:54:32.595,2108,-4071.4523792266846,LATENCY_LT_0,< 0 ms
2026-02-04 17:54:32.610,2108,-4073.11749458313,LATENCY_LT_0,< 0 ms
2026-02-04 17:54:32.626,2108,-4073.791265487671,LATENCY_LT_0,< 0 ms
2026-02-04 17:54:32.643,2108,-4073.1890201568604,LATENCY_LT_0,< 0 ms
2026-02-04 17:54:32.660,2108,-4072.762966156006,LATENCY_LT_0,< 0 ms
2026-02-04 17:54:32.676,2108,-4073.4245777130127,LATENCY_LT_0,< 0 ms
2026-02-04 17:54:32.693,2108,-4073.0996131896973,LATENCY_LT_0,< 0 ms
2026-02-04 17:54:32.709,2108,-4073.7643241882324,LATENCY_LT_0,< 0 ms
2026-02-04 17:54:32.726,2108,-4073.420286178589,LATENCY_LT_0,< 0 ms
2026-02-04 17:54:32.743,2108,-4073.575735092163,LATENCY_LT_0,< 0 ms
2026-02-04 17:54:32.760,2108,-4073.240280151367,LATENCY_LT_0,< 0 ms
2026-02-04 17:54:32.776,2108,-4073.9119052886963,LATENCY_LT_0,< 0 ms
2026-02-04 17:54:32.793,2108,-4073.575496673584,LATENCY_LT_0,< 0 ms
2026-02-04 17:54:32.810,2108,-4073.2383728027344,LATENCY_LT_0,< 0 ms
2026-02-04 17:54:32.826,2108,-4073.89760017395,LATENCY_LT_0,< 0 ms
2026-02-04 17:54:32.843,2108,-4073.167085647583,LATENCY_LT_0,< 0 ms
2026-02-04 17:54:32.860,2108,-4072.83091545105,LATENCY_LT_0,< 0 ms
2026-02-04 17:54:32.876,2108,-4073.495388031006,LATENCY_LT_0,< 0 ms
2026-02-04 17:54:32.893,2108,-4073.164939880371,LATENCY_LT_0,< 0 ms
2026-02-04 17:54:32.910,2108,-4072.8304386138916,LATENCY_LT_0,< 0 ms
2026-02-04 17:54:32.926,2108,-4073.490619659424,LATENCY_LT_0,< 0 ms
2026-02-04 17:54:32.943,2108,-4073.6467838287354,LATENCY_LT_0,< 0 ms
2026-02-04 17:54:32.960,2108,-4073.309898376465,LATENCY_LT_0,< 0 ms
2026-02-04 17:54:32.977,2108,-4072.981834411621,LATENCY_LT_0,< 0 ms
2026-02-04 17:54:32.993,2108,-4073.638916015625,LATENCY_LT_0,< 0 ms
2026-02-04 17:54:33.010,2108,-4072.7903842926025,LATENCY_LT_0,< 0 ms
2026-02-04 17:54:33.026,2108,-4073.8892555236816,LATENCY_LT_0,< 0 ms
2026-02-04 17:54:33.043,2108,-4073.1537342071533,LATENCY_LT_0,< 0 ms
2026-02-04 17:54:33.060,2108,-4072.8182792663574,LATENCY_LT_0,< 0 ms
2026-02-04 17:54:33.076,2108,-4073.472738265991,LATENCY_LT_0,< 0 ms
2026-02-04 17:54:33.094,2108,-4072.524070739746,LATENCY_LT_0,< 0 ms
2026-02-04 17:54:33.110,2108,-4072.9849338531494,LATENCY_LT_0,< 0 ms
2026-02-04 17:54:33.126,2108,-4073.2834339141846,LATENCY_LT_0,< 0 ms
2026-02-04 17:54:33.143,2108,-4073.211669921875,LATENCY_LT_0,< 0 ms
2026-02-04 17:54:33.159,2108,-4073.8754272460938,LATENCY_LT_0,< 0 ms
2026-02-04 17:54:33.176,2108,-4073.544502258301,LATENCY_LT_0,< 0 ms
2026-02-04 17:54:33.193,2108,-4073.180675506592,LATENCY_LT_0,< 0 ms
2026-02-04 17:54:33.209,2108,-4073.8441944122314,LATENCY_LT_0,< 0 ms
2026-02-04 17:54:33.226,2108,-4073.5042095184326,LATENCY_LT_0,< 0 ms
2026-02-04 17:54:33.242,2108,-4073.857069015503,LATENCY_LT_0,< 0 ms
2026-02-04 17:54:33.259,2108,-4073.514699935913,LATENCY_LT_0,< 0 ms
2026-02-04 17:54:33.276,2108,-4073.1849670410156,LATENCY_LT_0,< 0 ms
2026-02-04 17:54:33.293,2108,-4073.3470916748047,LATENCY_LT_0,< 0 ms
2026-02-04 17:54:33.309,2108,-4073.4477043151855,LATENCY_LT_0,< 0 ms
2026-02-04 17:54:33.326,2108,-4073.1112957000732,LATENCY_LT_0,< 0 ms
2026-02-04 17:54:33.342,2108,-4073.7249851226807,LATENCY_LT_0,< 0 ms
2026-02-04 17:54:33.359,2108,-4073.849678039551,LATENCY_LT_0,< 0 ms
2026-02-04 17:54:33.376,2108,-4073.488712310791,LATENCY_LT_0,< 0 ms
2026-02-04 17:54:33.393,2108,-4073.146343231201,LATENCY_LT_0,< 0 ms
2026-02-04 17:54:33.410,2108,-4073.298215866089,LATENCY_LT_0,< 0 ms
2026-02-04 17:54:33.426,2108,-4073.976755142212,LATENCY_LT_0,< 0 ms
2026-02-04 17:54:33.443,2108,-4073.23956489563,LATENCY_LT_0,< 0 ms
2026-02-04 17:54:33.460,2108,-4072.904109954834,LATENCY_LT_0,< 0 ms
2026-02-04 17:54:33.477,2108,-4072.5655555725098,LATENCY_LT_0,< 0 ms
2026-02-04 17:54:33.493,2108,-4073.23956489563,LATENCY_LT_0,< 0 ms
2026-02-04 17:54:33.510,2108,-4072.9031562805176,LATENCY_LT_0,< 0 ms
2026-02-04 17:54:33.526,2108,-4073.561668395996,LATENCY_LT_0,< 0 ms
2026-02-04 17:54:33.542,2108,-4073.7149715423584,LATENCY_LT_0,< 0 ms
2026-02-04 17:54:33.559,2108,-4073.3802318573,LATENCY_LT_0,< 0 ms
2026-02-04 17:54:33.576,2108,-4073.051929473877,LATENCY_LT_0,< 0 ms
2026-02-04 17:54:33.593,2108,-4072.7131366729736,LATENCY_LT_0,< 0 ms
2026-02-04 17:54:33.614,2108,-4068.3767795562744,LATENCY_LT_0,< 0 ms
2026-02-04 17:54:33.626,2108,-4073.0392932891846,LATENCY_LT_0,< 0 ms
2026-02-04 17:54:33.643,2108,-4073.209047317505,LATENCY_LT_0,< 0 ms
2026-02-04 17:54:33.659,2108,-4073.866844177246,LATENCY_LT_0,< 0 ms
2026-02-04 17:54:33.676,2108,-4073.9853382110596,LATENCY_LT_0,< 0 ms
2026-02-04 17:54:33.693,2108,-4073.652505874634,LATENCY_LT_0,< 0 ms
2026-02-04 17:54:33.710,2108,-4073.3158588409424,LATENCY_LT_0,< 0 ms
2026-02-04 17:54:33.726,2108,-4073.9712715148926,LATENCY_LT_0,< 0 ms
2026-02-04 17:54:33.743,2108,-4073.422908782959,LATENCY_LT_0,< 0 ms
2026-02-04 17:54:33.759,2108,-4073.573112487793,LATENCY_LT_0,< 0 ms
2026-02-04 17:54:33.776,2108,-4073.697328567505,LATENCY_LT_0,< 0 ms
2026-02-04 17:54:33.793,2108,-4073.362350463867,LATENCY_LT_0,< 0 ms
2026-02-04 17:54:33.810,2108,-4073.0245113372803,LATENCY_LT_0,< 0 ms
2026-02-04 17:54:33.826,2108,-4073.699951171875,LATENCY_LT_0,< 0 ms
2026-02-04 17:54:33.842,2108,-4073.849678039551,LATENCY_LT_0,< 0 ms
2026-02-04 17:54:33.859,2108,-4073.5154151916504,LATENCY_LT_0,< 0 ms
2026-02-04 17:54:33.876,2108,-4073.179006576538,LATENCY_LT_0,< 0 ms
2026-02-04 17:54:33.892,2108,-4073.852062225342,LATENCY_LT_0,< 0 ms
2026-02-04 17:54:33.909,2108,-4073.5161304473877,LATENCY_LT_0,< 0 ms
2026-02-04 17:54:33.926,2108,-4073.1759071350098,LATENCY_LT_0,< 0 ms
2026-02-04 17:54:33.944,2108,-4072.328805923462,LATENCY_LT_0,< 0 ms
2026-02-04 17:54:33.959,2108,-4073.9874839782715,LATENCY_LT_0,< 0 ms
2026-02-04 17:54:33.976,2108,-4073.599100112915,LATENCY_LT_0,< 0 ms
2026-02-04 17:54:33.993,2108,-4073.2622146606445,LATENCY_LT_0,< 0 ms
2026-02-04 17:54:34.010,2108,-4072.925090789795,LATENCY_LT_0,< 0 ms
2026-02-04 17:54:34.026,2108,-4073.582410812378,LATENCY_LT_0,< 0 ms
2026-02-04 17:54:34.043,2108,-4073.2362270355225,LATENCY_LT_0,< 0 ms
2026-02-04 17:54:34.059,2108,-4073.3604431152344,LATENCY_LT_0,< 0 ms
2026-02-04 17:54:34.076,2108,-4073.023557662964,LATENCY_LT_0,< 0 ms
2026-02-04 17:54:34.093,2108,-4073.615074157715,LATENCY_LT_0,< 0 ms
2026-02-04 17:54:34.110,2108,-4073.2719898223877,LATENCY_LT_0,< 0 ms
2026-02-04 17:54:34.126,2108,-4073.823928833008,LATENCY_LT_0,< 0 ms
2026-02-04 17:54:34.143,2108,-4073.4145641326904,LATENCY_LT_0,< 0 ms
2026-02-04 17:54:34.160,2108,-4073.078393936157,LATENCY_LT_0,< 0 ms
2026-02-04 17:54:34.176,2108,-4073.744297027588,LATENCY_LT_0,< 0 ms
2026-02-04 17:54:34.192,2108,-4073.7669467926025,LATENCY_LT_0,< 0 ms
2026-02-04 17:54:34.209,2108,-4073.432207107544,LATENCY_LT_0,< 0 ms
2026-02-04 17:54:34.226,2108,-4073.1091499328613,LATENCY_LT_0,< 0 ms
2026-02-04 17:54:34.243,2108,-4073.6193656921387,LATENCY_LT_0,< 0 ms
2026-02-04 17:54:34.260,2108,-4073.2831954956055,LATENCY_LT_0,< 0 ms
2026-02-04 17:54:34.276,2108,-4073.9431381225586,LATENCY_LT_0,< 0 ms
2026-02-04 17:54:34.293,2108,-4073.6191272735596,LATENCY_LT_0,< 0 ms
2026-02-04 17:54:34.310,2108,-4073.2829570770264,LATENCY_LT_0,< 0 ms
2026-02-04 17:54:34.326,2108,-4073.941707611084,LATENCY_LT_0,< 0 ms
2026-02-04 17:54:34.343,2108,-4073.4493732452393,LATENCY_LT_0,< 0 ms
2026-02-04 17:54:34.359,2108,-4073.9035606384277,LATENCY_LT_0,< 0 ms
2026-02-04 17:54:34.377,2108,-4072.525978088379,LATENCY_LT_0,< 0 ms
2026-02-04 17:54:34.393,2108,-4073.188066482544,LATENCY_LT_0,< 0 ms
2026-02-04 17:54:34.409,2108,-4073.3890533447266,LATENCY_LT_0,< 0 ms
2026-02-04 17:54:34.426,2108,-4073.479413986206,LATENCY_LT_0,< 0 ms
2026-02-04 17:54:34.443,2108,-4073.6498832702637,LATENCY_LT_0,< 0 ms
2026-02-04 17:54:34.460,2108,-4072.798728942871,LATENCY_LT_0,< 0 ms
2026-02-04 17:54:34.476,2108,-4073.4634399414062,LATENCY_LT_0,< 0 ms
2026-02-04 17:54:34.493,2108,-4073.1360912323,LATENCY_LT_0,< 0 ms
2026-02-04 17:54:34.509,2108,-4073.7993717193604,LATENCY_LT_0,< 0 ms
2026-02-04 17:54:34.526,2108,-4073.4591484069824,LATENCY_LT_0,< 0 ms
2026-02-04 17:54:34.543,2108,-4073.603630065918,LATENCY_LT_0,< 0 ms
2026-02-04 17:54:34.560,2108,-4073.2717514038086,LATENCY_LT_0,< 0 ms
2026-02-04 17:54:34.577,2108,-4072.9429721832275,LATENCY_LT_0,< 0 ms
2026-02-04 17:54:34.593,2108,-4073.6069679260254,LATENCY_LT_0,< 0 ms
2026-02-04 17:54:34.610,2108,-4073.270797729492,LATENCY_LT_0,< 0 ms
2026-02-04 17:54:34.626,2108,-4073.943853378296,LATENCY_LT_0,< 0 ms
2026-02-04 17:54:34.643,2108,-4073.558807373047,LATENCY_LT_0,< 0 ms
2026-02-04 17:54:34.663,2108,-4070.2216625213623,LATENCY_LT_0,< 0 ms
2026-02-04 17:54:34.677,2108,-4072.8864669799805,LATENCY_LT_0,< 0 ms
2026-02-04 17:54:34.693,2108,-4073.554754257202,LATENCY_LT_0,< 0 ms
2026-02-04 17:54:34.711,2108,-4072.1542835235596,LATENCY_LT_0,< 0 ms
2026-02-04 17:54:34.727,2108,-4072.8118419647217,LATENCY_LT_0,< 0 ms
2026-02-04 17:54:34.742,2108,-4073.9617347717285,LATENCY_LT_0,< 0 ms
2026-02-04 17:54:34.759,2108,-4073.6260414123535,LATENCY_LT_0,< 0 ms
2026-02-04 17:54:34.776,2108,-4073.2953548431396,LATENCY_LT_0,< 0 ms
2026-02-04 17:54:34.793,2108,-4072.9596614837646,LATENCY_LT_0,< 0 ms
2026-02-04 17:54:34.812,2108,-4070.624828338623,LATENCY_LT_0,< 0 ms
2026-02-04 17:54:34.826,2108,-4073.282241821289,LATENCY_LT_0,< 0 ms
2026-02-04 17:54:34.843,2108,-4073.451042175293,LATENCY_LT_0,< 0 ms
2026-02-04 17:54:34.897,2108,-4036.0653400421143,LATENCY_LT_0,< 0 ms
2026-02-04 17:54:34.899,2108,-4050.7237911224365,LATENCY_LT_0,< 0 ms
2026-02-04 17:54:34.899,2108,-4067.3956871032715,LATENCY_LT_0,< 0 ms
2026-02-04 17:54:34.909,2108,-4073.5061168670654,LATENCY_LT_0,< 0 ms
2026-02-04 17:54:34.926,2108,-4073.5995769500732,LATENCY_LT_0,< 0 ms
2026-02-04 17:54:34.943,2108,-4072.9305744171143,LATENCY_LT_0,< 0 ms
2026-02-04 17:54:34.960,2108,-4073.0390548706055,LATENCY_LT_0,< 0 ms
2026-02-04 17:54:34.976,2108,-4073.7133026123047,LATENCY_LT_0,< 0 ms
2026-02-04 17:54:34.993,2108,-4073.373794555664,LATENCY_LT_0,< 0 ms
2026-02-04 17:54:35.010,2108,-4073.0390548706055,LATENCY_LT_0,< 0 ms
2026-02-04 17:54:35.026,2108,-4073.712110519409,LATENCY_LT_0,< 0 ms
2026-02-04 17:54:35.042,2108,-4073.859214782715,LATENCY_LT_0,< 0 ms
2026-02-04 17:54:35.060,2108,-4072.9353427886963,LATENCY_LT_0,< 0 ms
2026-02-04 17:54:35.076,2108,-4073.0838775634766,LATENCY_LT_0,< 0 ms
2026-02-04 17:54:35.092,2108,-4073.7321376800537,LATENCY_LT_0,< 0 ms
2026-02-04 17:54:35.109,2108,-4073.885440826416,LATENCY_LT_0,< 0 ms
2026-02-04 17:54:35.126,2108,-4073.545217514038,LATENCY_LT_0,< 0 ms
2026-02-04 17:54:35.143,2108,-4073.1921195983887,LATENCY_LT_0,< 0 ms
2026-02-04 17:54:35.159,2108,-4073.857069015503,LATENCY_LT_0,< 0 ms
2026-02-04 17:54:35.176,2108,-4073.012351989746,LATENCY_LT_0,< 0 ms
2026-02-04 17:54:35.192,2108,-4073.6780166625977,LATENCY_LT_0,< 0 ms
2026-02-04 17:54:35.209,2108,-4073.3423233032227,LATENCY_LT_0,< 0 ms
2026-02-04 17:54:35.226,2108,-4072.997808456421,LATENCY_LT_0,< 0 ms
2026-02-04 17:54:35.243,2108,-4073.1678009033203,LATENCY_LT_0,< 0 ms
2026-02-04 17:54:35.259,2108,-4073.831796646118,LATENCY_LT_0,< 0 ms
2026-02-04 17:54:35.276,2108,-4073.4946727752686,LATENCY_LT_0,< 0 ms
2026-02-04 17:54:35.293,2108,-4073.1656551361084,LATENCY_LT_0,< 0 ms
2026-02-04 17:54:35.310,2108,-4072.8304386138916,LATENCY_LT_0,< 0 ms
2026-02-04 17:54:35.327,2108,-4072.9997158050537,LATENCY_LT_0,< 0 ms
2026-02-04 17:54:35.343,2108,-4073.237419128418,LATENCY_LT_0,< 0 ms
2026-02-04 17:54:35.359,2108,-4073.5809803009033,LATENCY_LT_0,< 0 ms
2026-02-04 17:54:35.376,2108,-4073.983907699585,LATENCY_LT_0,< 0 ms
2026-02-04 17:54:35.393,2108,-4073.1289386749268,LATENCY_LT_0,< 0 ms
2026-02-04 17:54:35.410,2108,-4073.2834339141846,LATENCY_LT_0,< 0 ms
2026-02-04 17:54:35.427,2108,-4072.9434490203857,LATENCY_LT_0,< 0 ms
2026-02-04 17:54:35.443,2108,-4073.5819339752197,LATENCY_LT_0,< 0 ms
2026-02-04 17:54:35.460,2108,-4073.214530944824,LATENCY_LT_0,< 0 ms
2026-02-04 17:54:35.476,2108,-4073.8842487335205,LATENCY_LT_0,< 0 ms
2026-02-04 17:54:35.493,2108,-4073.5561847686768,LATENCY_LT_0,< 0 ms
2026-02-04 17:54:35.510,2108,-4073.218822479248,LATENCY_LT_0,< 0 ms
2026-02-04 17:54:35.526,2108,-4073.8821029663086,LATENCY_LT_0,< 0 ms
2026-02-04 17:54:35.543,2108,-4073.263168334961,LATENCY_LT_0,< 0 ms
2026-02-04 17:54:35.559,2108,-4073.9283561706543,LATENCY_LT_0,< 0 ms
2026-02-04 17:54:35.576,2108,-4073.601007461548,LATENCY_LT_0,< 0 ms
2026-02-04 17:54:35.592,2108,-4073.7507343292236,LATENCY_LT_0,< 0 ms
2026-02-04 17:54:35.610,2108,-4072.8940963745117,LATENCY_LT_0,< 0 ms
2026-02-04 17:54:35.626,2108,-4073.554754257202,LATENCY_LT_0,< 0 ms
2026-02-04 17:54:35.642,2108,-4073.7831592559814,LATENCY_LT_0,< 0 ms
2026-02-04 17:54:35.663,2108,-4069.446802139282,LATENCY_LT_0,< 0 ms
2026-02-04 17:54:35.676,2108,-4073.110818862915,LATENCY_LT_0,< 0 ms
2026-02-04 17:54:35.777,2108,-3989.597797393799,LATENCY_LT_0,< 0 ms
2026-02-04 17:54:35.777,2108,-4006.2618255615234,LATENCY_LT_0,< 0 ms
2026-02-04 17:54:35.777,2108,-4022.925853729248,LATENCY_LT_0,< 0 ms
2026-02-04 17:54:35.777,2108,-4039.5898818969727,LATENCY_LT_0,< 0 ms
2026-02-04 17:54:35.777,2108,-4056.2539100646973,LATENCY_LT_0,< 0 ms
2026-02-04 17:54:35.778,2108,-4071.925163269043,LATENCY_LT_0,< 0 ms
2026-02-04 17:54:35.795,2108,-4071.3107585906982,LATENCY_LT_0,< 0 ms
2026-02-04 17:54:35.809,2108,-4073.4665393829346,LATENCY_LT_0,< 0 ms
2026-02-04 17:54:35.827,2108,-4072.132110595703,LATENCY_LT_0,< 0 ms
2026-02-04 17:54:35.843,2108,-4073.284149169922,LATENCY_LT_0,< 0 ms
2026-02-04 17:54:35.859,2108,-4073.435068130493,LATENCY_LT_0,< 0 ms
2026-02-04 17:54:35.876,2108,-4073.5843181610107,LATENCY_LT_0,< 0 ms
2026-02-04 17:54:35.893,2108,-4073.259115219116,LATENCY_LT_0,< 0 ms
2026-02-04 17:54:35.910,2108,-4072.9222297668457,LATENCY_LT_0,< 0 ms
2026-02-04 17:54:35.926,2108,-4073.58717918396,LATENCY_LT_0,< 0 ms
2026-02-04 17:54:35.942,2108,-4073.730230331421,LATENCY_LT_0,< 0 ms
2026-02-04 17:54:35.959,2108,-4073.3957290649414,LATENCY_LT_0,< 0 ms
2026-02-04 17:54:35.976,2108,-4073.065996170044,LATENCY_LT_0,< 0 ms
2026-02-04 17:54:35.992,2108,-4073.729991912842,LATENCY_LT_0,< 0 ms
2026-02-04 17:54:36.009,2108,-4073.394775390625,LATENCY_LT_0,< 0 ms
2026-02-04 17:54:36.026,2108,-4073.0533599853516,LATENCY_LT_0,< 0 ms
2026-02-04 17:54:36.044,2108,-4072.221517562866,LATENCY_LT_0,< 0 ms
2026-02-04 17:54:36.060,2108,-4072.885513305664,LATENCY_LT_0,< 0 ms
2026-02-04 17:54:36.080,2108,-4069.5409774780273,LATENCY_LT_0,< 0 ms
2026-02-04 17:54:36.093,2108,-4072.981834411621,LATENCY_LT_0,< 0 ms
2026-02-04 17:54:36.110,2108,-4073.132276535034,LATENCY_LT_0,< 0 ms
2026-02-04 17:54:36.126,2108,-4073.2812881469727,LATENCY_LT_0,< 0 ms
2026-02-04 17:54:36.143,2108,-4073.434829711914,LATENCY_LT_0,< 0 ms
2026-02-04 17:54:36.160,2108,-4073.0693340301514,LATENCY_LT_0,< 0 ms
2026-02-04 17:54:36.176,2108,-4073.2297897338867,LATENCY_LT_0,< 0 ms
2026-02-04 17:54:36.193,2108,-4073.3797550201416,LATENCY_LT_0,< 0 ms
2026-02-04 17:54:36.210,2108,-4073.044776916504,LATENCY_LT_0,< 0 ms
2026-02-04 17:54:36.226,2108,-4073.7268924713135,LATENCY_LT_0,< 0 ms
2026-02-04 17:54:36.242,2108,-4073.875904083252,LATENCY_LT_0,< 0 ms
2026-02-04 17:54:36.259,2108,-4073.533535003662,LATENCY_LT_0,< 0 ms
2026-02-04 17:54:36.277,2108,-4072.6845264434814,LATENCY_LT_0,< 0 ms
2026-02-04 17:54:36.293,2108,-4073.3354091644287,LATENCY_LT_0,< 0 ms
2026-02-04 17:54:36.309,2108,-4073.4901428222656,LATENCY_LT_0,< 0 ms
2026-02-04 17:54:36.326,2108,-4073.148727416992,LATENCY_LT_0,< 0 ms
2026-02-04 17:54:36.342,2108,-4073.7969875335693,LATENCY_LT_0,< 0 ms
2026-02-04 17:54:36.360,2108,-4072.8201866149902,LATENCY_LT_0,< 0 ms
2026-02-04 17:54:36.376,2108,-4073.4610557556152,LATENCY_LT_0,< 0 ms
2026-02-04 17:54:36.393,2108,-4073.6143589019775,LATENCY_LT_0,< 0 ms
2026-02-04 17:54:36.410,2108,-4073.2789039611816,LATENCY_LT_0,< 0 ms
2026-02-04 17:54:36.426,2108,-4073.943853378296,LATENCY_LT_0,< 0 ms
2026-02-04 17:54:36.443,2108,-4073.103427886963,LATENCY_LT_0,< 0 ms
2026-02-04 17:54:36.464,2108,-4069.225311279297,LATENCY_LT_0,< 0 ms
2026-02-04 17:54:36.476,2108,-4073.3652114868164,LATENCY_LT_0,< 0 ms
2026-02-04 17:54:36.493,2108,-4073.5294818878174,LATENCY_LT_0,< 0 ms
2026-02-04 17:54:36.510,2108,-4073.1916427612305,LATENCY_LT_0,< 0 ms
2026-02-04 17:54:36.527,2108,-4072.8509426116943,LATENCY_LT_0,< 0 ms
2026-02-04 17:54:36.544,2108,-4072.520971298218,LATENCY_LT_0,< 0 ms
2026-02-04 17:54:36.566,2108,-4066.83611869812,LATENCY_LT_0,< 0 ms
2026-02-04 17:54:36.579,2108,-4070.507526397705,LATENCY_LT_0,< 0 ms
2026-02-04 17:54:36.600,2108,-4066.1678314208984,LATENCY_LT_0,< 0 ms
2026-02-04 17:54:36.610,2108,-4072.831153869629,LATENCY_LT_0,< 0 ms
2026-02-04 17:54:36.626,2108,-4074.002981185913,LATENCY_LT_0,< 0 ms
2026-02-04 17:54:36.643,2108,-4073.636770248413,LATENCY_LT_0,< 0 ms
2026-02-04 17:54:36.659,2108,-4073.885917663574,LATENCY_LT_0,< 0 ms
2026-02-04 17:54:36.676,2108,-4073.0373859405518,LATENCY_LT_0,< 0 ms
2026-02-04 17:54:36.692,2108,-4073.7030506134033,LATENCY_LT_0,< 0 ms
2026-02-04 17:54:36.709,2108,-4073.3728408813477,LATENCY_LT_0,< 0 ms
2026-02-04 17:54:36.726,2108,-4073.0350017547607,LATENCY_LT_0,< 0 ms
2026-02-04 17:54:36.743,2108,-4073.230028152466,LATENCY_LT_0,< 0 ms
2026-02-04 17:54:36.759,2108,-4073.8961696624756,LATENCY_LT_0,< 0 ms
2026-02-04 17:54:36.776,2108,-4073.5654830932617,LATENCY_LT_0,< 0 ms
2026-02-04 17:54:36.793,2108,-4073.2290744781494,LATENCY_LT_0,< 0 ms
2026-02-04 17:54:36.811,2108,-4071.8953609466553,LATENCY_LT_0,< 0 ms
2026-02-04 17:54:36.831,2108,-4068.5513019561768,LATENCY_LT_0,< 0 ms
2026-02-04 17:54:36.843,2108,-4072.719097137451,LATENCY_LT_0,< 0 ms
2026-02-04 17:54:36.871,2108,-4062.3021125793457,LATENCY_LT_0,< 0 ms
2026-02-04 17:54:36.877,2108,-4072.9660987854004,LATENCY_LT_0,< 0 ms
2026-02-04 17:54:36.893,2108,-4073.127508163452,LATENCY_LT_0,< 0 ms
2026-02-04 17:54:36.909,2108,-4073.7922191619873,LATENCY_LT_0,< 0 ms
2026-02-04 17:54:36.926,2108,-4073.453903198242,LATENCY_LT_0,< 0 ms
2026-02-04 17:54:36.943,2108,-4073.6002922058105,LATENCY_LT_0,< 0 ms
2026-02-04 17:54:36.960,2108,-4073.261260986328,LATENCY_LT_0,< 0 ms
2026-02-04 17:54:36.977,2108,-4072.9076862335205,LATENCY_LT_0,< 0 ms
2026-02-04 17:54:36.994,2108,-4072.5724697113037,LATENCY_LT_0,< 0 ms
2026-02-04 17:54:37.011,2108,-4072.234869003296,LATENCY_LT_0,< 0 ms
2026-02-04 17:54:37.027,2108,-4072.9150772094727,LATENCY_LT_0,< 0 ms
2026-02-04 17:54:37.043,2108,-4073.354482650757,LATENCY_LT_0,< 0 ms
2026-02-04 17:54:37.060,2108,-4073.023557662964,LATENCY_LT_0,< 0 ms
2026-02-04 17:54:37.076,2108,-4073.6796855926514,LATENCY_LT_0,< 0 ms
2026-02-04 17:54:37.094,2108,-4071.84100151062,LATENCY_LT_0,< 0 ms
2026-02-04 17:54:37.110,2108,-4072.9928016662598,LATENCY_LT_0,< 0 ms
2026-02-04 17:54:37.126,2108,-4073.6565589904785,LATENCY_LT_0,< 0 ms
2026-02-04 17:54:37.143,2108,-4073.2901096343994,LATENCY_LT_0,< 0 ms
2026-02-04 17:54:37.159,2108,-4073.948860168457,LATENCY_LT_0,< 0 ms
2026-02-04 17:54:37.176,2108,-4073.8120079040527,LATENCY_LT_0,< 0 ms
2026-02-04 17:54:37.193,2108,-4073.223114013672,LATENCY_LT_0,< 0 ms
2026-02-04 17:54:37.210,2108,-4072.3655223846436,LATENCY_LT_0,< 0 ms
2026-02-04 17:54:37.226,2108,-4073.033571243286,LATENCY_LT_0,< 0 ms
2026-02-04 17:54:37.244,2108,-4072.18861579895,LATENCY_LT_0,< 0 ms
2026-02-04 17:54:37.259,2108,-4073.8511085510254,LATENCY_LT_0,< 0 ms
2026-02-04 17:54:37.277,2108,-4072.9994773864746,LATENCY_LT_0,< 0 ms
2026-02-04 17:54:37.293,2108,-4073.161840438843,LATENCY_LT_0,< 0 ms
2026-02-04 17:54:37.310,2108,-4072.8256702423096,LATENCY_LT_0,< 0 ms
2026-02-04 17:54:37.326,2108,-4073.4903812408447,LATENCY_LT_0,< 0 ms
2026-02-04 17:54:37.344,2108,-4072.6282596588135,LATENCY_LT_0,< 0 ms
2026-02-04 17:54:37.360,2108,-4072.67689704895,LATENCY_LT_0,< 0 ms
2026-02-04 17:54:37.381,2108,-4068.3159828186035,LATENCY_LT_0,< 0 ms
2026-02-04 17:54:37.392,2108,-4073.9800930023193,LATENCY_LT_0,< 0 ms
2026-02-04 17:54:37.409,2108,-4073.6453533172607,LATENCY_LT_0,< 0 ms
2026-02-04 17:54:37.429,2108,-4070.8072185516357,LATENCY_LT_0,< 0 ms
2026-02-04 17:54:37.443,2108,-4072.9117393493652,LATENCY_LT_0,< 0 ms
2026-02-04 17:54:37.459,2108,-4073.5764503479004,LATENCY_LT_0,< 0 ms
2026-02-04 17:54:37.478,2108,-4071.2413787841797,LATENCY_LT_0,< 0 ms
2026-02-04 17:54:37.493,2108,-4072.9074478149414,LATENCY_LT_0,< 0 ms
2026-02-04 17:54:37.511,2108,-4071.4075565338135,LATENCY_LT_0,< 0 ms
2026-02-04 17:54:37.527,2108,-4072.558641433716,LATENCY_LT_0,< 0 ms
2026-02-04 17:54:37.543,2108,-4072.807550430298,LATENCY_LT_0,< 0 ms
2026-02-04 17:54:37.570,2108,-4062.854766845703,LATENCY_LT_0,< 0 ms
2026-02-04 17:54:37.577,2108,-4072.8464126586914,LATENCY_LT_0,< 0 ms
2026-02-04 17:54:37.593,2108,-4073.110818862915,LATENCY_LT_0,< 0 ms
2026-02-04 17:54:37.611,2108,-4071.7737674713135,LATENCY_LT_0,< 0 ms
2026-02-04 17:54:37.640,2108,-4059.8273277282715,LATENCY_LT_0,< 0 ms
2026-02-04 17:54:37.643,2108,-4072.9877948760986,LATENCY_LT_0,< 0 ms
2026-02-04 17:54:37.666,2108,-4067.1350955963135,LATENCY_LT_0,< 0 ms
2026-02-04 17:54:37.677,2108,-4072.295665740967,LATENCY_LT_0,< 0 ms
2026-02-04 17:54:37.693,2108,-4073.4500885009766,LATENCY_LT_0,< 0 ms
2026-02-04 17:54:37.710,2108,-4073.115587234497,LATENCY_LT_0,< 0 ms
2026-02-04 17:54:37.726,2108,-4073.779821395874,LATENCY_LT_0,< 0 ms
2026-02-04 17:54:37.743,2108,-4072.925329208374,LATENCY_LT_0,< 0 ms
2026-02-04 17:54:37.759,2108,-4073.5864639282227,LATENCY_LT_0,< 0 ms
2026-02-04 17:54:37.776,2108,-4073.2622146606445,LATENCY_LT_0,< 0 ms
2026-02-04 17:54:37.795,2108,-4070.924758911133,LATENCY_LT_0,< 0 ms
2026-02-04 17:54:37.810,2108,-4072.589159011841,LATENCY_LT_0,< 0 ms
2026-02-04 17:54:37.826,2108,-4073.2643604278564,LATENCY_LT_0,< 0 ms
2026-02-04 17:54:37.843,2108,-4072.895050048828,LATENCY_LT_0,< 0 ms
2026-02-04 17:54:37.860,2108,-4072.8931427001953,LATENCY_LT_0,< 0 ms
2026-02-04 17:54:37.878,2108,-4071.552038192749,LATENCY_LT_0,< 0 ms
2026-02-04 17:54:37.899,2108,-4066.7026042938232,LATENCY_LT_0,< 0 ms
2026-02-04 17:54:37.912,2108,-4070.3651905059814,LATENCY_LT_0,< 0 ms
2026-02-04 17:54:37.927,2108,-4072.084903717041,LATENCY_LT_0,< 0 ms
2026-02-04 17:54:37.944,2108,-4071.6896057128906,LATENCY_LT_0,< 0 ms
2026-02-04 17:54:37.960,2108,-4072.8378295898438,LATENCY_LT_0,< 0 ms
2026-02-04 17:54:37.976,2108,-4073.509693145752,LATENCY_LT_0,< 0 ms
2026-02-04 17:54:37.993,2108,-4072.6687908172607,LATENCY_LT_0,< 0 ms
2026-02-04 17:54:38.010,2108,-4073.3063220977783,LATENCY_LT_0,< 0 ms
2026-02-04 17:54:38.026,2108,-4073.456048965454,LATENCY_LT_0,< 0 ms
2026-02-04 17:54:38.043,2108,-4073.615550994873,LATENCY_LT_0,< 0 ms
2026-02-04 17:54:38.060,2108,-4073.242425918579,LATENCY_LT_0,< 0 ms
2026-02-04 17:54:38.076,2108,-4073.9006996154785,LATENCY_LT_0,< 0 ms
2026-02-04 17:54:38.093,2108,-4073.0624198913574,LATENCY_LT_0,< 0 ms
2026-02-04 17:54:38.110,2108,-4073.216199874878,LATENCY_LT_0,< 0 ms
2026-02-04 17:54:38.126,2108,-4073.8770961761475,LATENCY_LT_0,< 0 ms
2026-02-04 17:54:38.143,2108,-4073.538303375244,LATENCY_LT_0,< 0 ms
2026-02-04 17:54:38.159,2108,-4073.878049850464,LATENCY_LT_0,< 0 ms
2026-02-04 17:54:38.176,2108,-4073.5526084899902,LATENCY_LT_0,< 0 ms
2026-02-04 17:54:38.193,2108,-4073.2171535491943,LATENCY_LT_0,< 0 ms
2026-02-04 17:54:38.209,2108,-4073.8813877105713,LATENCY_LT_0,< 0 ms
2026-02-04 17:54:38.226,2108,-4073.5573768615723,LATENCY_LT_0,< 0 ms
2026-02-04 17:54:38.242,2108,-4073.7087726593018,LATENCY_LT_0,< 0 ms
2026-02-04 17:54:38.259,2108,-4073.3673572540283,LATENCY_LT_0,< 0 ms
2026-02-04 17:54:38.276,2108,-4073.030948638916,LATENCY_LT_0,< 0 ms
2026-02-04 17:54:38.292,2108,-4073.7032890319824,LATENCY_LT_0,< 0 ms
2026-02-04 17:54:38.310,2108,-4073.305130004883,LATENCY_LT_0,< 0 ms
2026-02-04 17:54:38.326,2108,-4073.9693641662598,LATENCY_LT_0,< 0 ms
2026-02-04 17:54:38.343,2108,-4073.6167430877686,LATENCY_LT_0,< 0 ms
2026-02-04 17:54:38.359,2108,-4073.3892917633057,LATENCY_LT_0,< 0 ms
2026-02-04 17:54:38.377,2108,-4072.896957397461,LATENCY_LT_0,< 0 ms
2026-02-04 17:54:38.393,2108,-4073.559284210205,LATENCY_LT_0,< 0 ms
2026-02-04 17:54:38.410,2108,-4073.218584060669,LATENCY_LT_0,< 0 ms
2026-02-04 17:54:38.426,2108,-4073.364734649658,LATENCY_LT_0,< 0 ms
2026-02-04 17:54:38.443,2108,-4073.4994411468506,LATENCY_LT_0,< 0 ms
2026-02-04 17:54:38.459,2108,-4073.9705562591553,LATENCY_LT_0,< 0 ms
2026-02-04 17:54:38.476,2108,-4073.6398696899414,LATENCY_LT_0,< 0 ms
2026-02-04 17:54:38.493,2108,-4072.791576385498,LATENCY_LT_0,< 0 ms
2026-02-04 17:54:38.510,2108,-4072.9501247406006,LATENCY_LT_0,< 0 ms
2026-02-04 17:54:38.527,2108,-4072.6096630096436,LATENCY_LT_0,< 0 ms
2026-02-04 17:54:38.543,2108,-4072.7639198303223,LATENCY_LT_0,< 0 ms
2026-02-04 17:54:38.559,2108,-4073.423147201538,LATENCY_LT_0,< 0 ms
2026-02-04 17:54:38.576,2108,-4073.094367980957,LATENCY_LT_0,< 0 ms
2026-02-04 17:54:38.592,2108,-4073.756694793701,LATENCY_LT_0,< 0 ms
2026-02-04 17:54:38.609,2108,-4073.4214782714844,LATENCY_LT_0,< 0 ms
2026-02-04 17:54:38.629,2108,-4070.0950622558594,LATENCY_LT_0,< 0 ms
2026-02-04 17:54:38.643,2108,-4073.246717453003,LATENCY_LT_0,< 0 ms
2026-02-04 17:54:38.659,2108,-4073.9054679870605,LATENCY_LT_0,< 0 ms
2026-02-04 17:54:38.676,2108,-4073.5678672790527,LATENCY_LT_0,< 0 ms
2026-02-04 17:54:38.693,2108,-4073.23956489563,LATENCY_LT_0,< 0 ms
2026-02-04 17:54:38.710,2108,-4072.9026794433594,LATENCY_LT_0,< 0 ms
2026-02-04 17:54:38.726,2108,-4073.5628604888916,LATENCY_LT_0,< 0 ms
2026-02-04 17:54:38.743,2108,-4073.211669921875,LATENCY_LT_0,< 0 ms
2026-02-04 17:54:38.759,2108,-4073.359489440918,LATENCY_LT_0,< 0 ms
2026-02-04 17:54:38.775,2108,-4074.031352996826,LATENCY_LT_0,< 0 ms
2026-02-04 17:54:38.792,2108,-4073.6920833587646,LATENCY_LT_0,< 0 ms
2026-02-04 17:54:38.810,2108,-4073.2743740081787,LATENCY_LT_0,< 0 ms
2026-02-04 17:54:38.827,2108,-4072.9081630706787,LATENCY_LT_0,< 0 ms
2026-02-04 17:54:38.842,2108,-4074.0792751312256,LATENCY_LT_0,< 0 ms
2026-02-04 17:54:38.860,2108,-4073.2266902923584,LATENCY_LT_0,< 0 ms
2026-02-04 17:54:38.876,2108,-4073.8887786865234,LATENCY_LT_0,< 0 ms
2026-02-04 17:54:38.893,2108,-4073.4426975250244,LATENCY_LT_0,< 0 ms
2026-02-04 17:54:38.909,2108,-4073.594570159912,LATENCY_LT_0,< 0 ms
2026-02-04 17:54:38.926,2108,-4073.259115219116,LATENCY_LT_0,< 0 ms
2026-02-04 17:54:38.942,2108,-4073.9195346832275,LATENCY_LT_0,< 0 ms
2026-02-04 17:54:38.959,2108,-4073.4212398529053,LATENCY_LT_0,< 0 ms
2026-02-04 17:54:38.980,2108,-4069.092035293579,LATENCY_LT_0,< 0 ms
2026-02-04 17:54:38.994,2108,-4071.7527866363525,LATENCY_LT_0,< 0 ms
2026-02-04 17:54:39.016,2108,-4066.9074058532715,LATENCY_LT_0,< 0 ms
2026-02-04 17:54:39.029,2108,-4070.0719356536865,LATENCY_LT_0,< 0 ms
2026-02-04 17:54:39.042,2108,-4073.737859725952,LATENCY_LT_0,< 0 ms
2026-02-04 17:54:39.060,2108,-4073.209524154663,LATENCY_LT_0,< 0 ms
2026-02-04 17:54:39.076,2108,-4073.8682746887207,LATENCY_LT_0,< 0 ms
2026-02-04 17:54:39.093,2108,-4072.957992553711,LATENCY_LT_0,< 0 ms
2026-02-04 17:54:39.109,2108,-4073.594570159912,LATENCY_LT_0,< 0 ms
2026-02-04 17:54:39.126,2108,-4073.2531547546387,LATENCY_LT_0,< 0 ms
2026-02-04 17:54:39.142,2108,-4073.857307434082,LATENCY_LT_0,< 0 ms
2026-02-04 17:54:39.159,2108,-4073.849678039551,LATENCY_LT_0,< 0 ms
2026-02-04 17:54:39.176,2108,-4073.5137462615967,LATENCY_LT_0,< 0 ms
2026-02-04 17:54:39.193,2108,-4073.1797218322754,LATENCY_LT_0,< 0 ms
2026-02-04 17:54:39.210,2108,-4072.843074798584,LATENCY_LT_0,< 0 ms
2026-02-04 17:54:39.226,2108,-4073.5020637512207,LATENCY_LT_0,< 0 ms
2026-02-04 17:54:39.242,2108,-4074.129343032837,LATENCY_LT_0,< 0 ms
2026-02-04 17:54:39.260,2108,-4073.22096824646,LATENCY_LT_0,< 0 ms
2026-02-04 17:54:39.276,2108,-4073.884963989258,LATENCY_LT_0,< 0 ms
2026-02-04 17:54:39.293,2108,-4073.5557079315186,LATENCY_LT_0,< 0 ms
2026-02-04 17:54:39.310,2108,-4073.2197761535645,LATENCY_LT_0,< 0 ms
2026-02-04 17:54:39.326,2108,-4073.8844871520996,LATENCY_LT_0,< 0 ms
2026-02-04 17:54:39.343,2108,-4073.5440254211426,LATENCY_LT_0,< 0 ms
2026-02-04 17:54:39.360,2108,-4072.9355812072754,LATENCY_LT_0,< 0 ms
2026-02-04 17:54:39.376,2108,-4073.07505607605,LATENCY_LT_0,< 0 ms
2026-02-04 17:54:39.393,2108,-4073.2226371765137,LATENCY_LT_0,< 0 ms
2026-02-04 17:54:39.409,2108,-4073.885917663574,LATENCY_LT_0,< 0 ms
2026-02-04 17:54:39.426,2108,-4073.566436767578,LATENCY_LT_0,< 0 ms
2026-02-04 17:54:39.442,2108,-4074.2242336273193,LATENCY_LT_0,< 0 ms
2026-02-04 17:54:39.459,2108,-4073.3721256256104,LATENCY_LT_0,< 0 ms
2026-02-04 17:54:39.476,2108,-4073.03786277771,LATENCY_LT_0,< 0 ms
2026-02-04 17:54:39.492,2108,-4073.711633682251,LATENCY_LT_0,< 0 ms
2026-02-04 17:54:39.509,2108,-4073.375701904297,LATENCY_LT_0,< 0 ms
2026-02-04 17:54:39.526,2108,-4073.0371475219727,LATENCY_LT_0,< 0 ms
2026-02-04 17:54:39.542,2108,-4073.6939907073975,LATENCY_LT_0,< 0 ms
2026-02-04 17:54:39.559,2108,-4073.8465785980225,LATENCY_LT_0,< 0 ms
2026-02-04 17:54:39.576,2108,-4073.521375656128,LATENCY_LT_0,< 0 ms
2026-02-04 17:54:39.593,2108,-4073.18115234375,LATENCY_LT_0,< 0 ms
2026-02-04 17:54:39.609,2108,-4073.848009109497,LATENCY_LT_0,< 0 ms
2026-02-04 17:54:39.626,2108,-4073.5127925872803,LATENCY_LT_0,< 0 ms
2026-02-04 17:54:39.642,2108,-4074.187755584717,LATENCY_LT_0,< 0 ms
2026-02-04 17:54:39.659,2108,-4073.3373165130615,LATENCY_LT_0,< 0 ms
2026-02-04 17:54:39.676,2108,-4073.4903812408447,LATENCY_LT_0,< 0 ms
2026-02-04 17:54:39.693,2108,-4073.646306991577,LATENCY_LT_0,< 0 ms
2026-02-04 17:54:39.710,2108,-4073.308229446411,LATENCY_LT_0,< 0 ms
2026-02-04 17:54:39.726,2108,-4073.9736557006836,LATENCY_LT_0,< 0 ms
2026-02-04 17:54:39.743,2108,-4073.6329555511475,LATENCY_LT_0,< 0 ms
2026-02-04 17:54:39.760,2108,-4072.4360942840576,LATENCY_LT_0,< 0 ms
2026-02-04 17:54:39.776,2108,-4073.1801986694336,LATENCY_LT_0,< 0 ms
2026-02-04 17:54:39.793,2108,-4073.3041763305664,LATENCY_LT_0,< 0 ms
2026-02-04 17:54:39.809,2108,-4073.458671569824,LATENCY_LT_0,< 0 ms
2026-02-04 17:54:39.826,2108,-4073.129177093506,LATENCY_LT_0,< 0 ms
2026-02-04 17:54:39.842,2108,-4073.989152908325,LATENCY_LT_0,< 0 ms
2026-02-04 17:54:39.860,2108,-4073.1353759765625,LATENCY_LT_0,< 0 ms
2026-02-04 17:54:39.876,2108,-4073.560953140259,LATENCY_LT_0,< 0 ms
2026-02-04 17:54:39.893,2108,-4073.1213092803955,LATENCY_LT_0,< 0 ms
2026-02-04 17:54:39.910,2108,-4073.2734203338623,LATENCY_LT_0,< 0 ms
2026-02-04 17:54:39.927,2108,-4072.9339122772217,LATENCY_LT_0,< 0 ms
2026-02-04 17:54:39.942,2108,-4074.0838050842285,LATENCY_LT_0,< 0 ms
2026-02-04 17:54:39.960,2108,-4073.234796524048,LATENCY_LT_0,< 0 ms
2026-02-04 17:54:39.976,2108,-4073.902368545532,LATENCY_LT_0,< 0 ms
2026-02-04 17:54:39.993,2108,-4073.0481147766113,LATENCY_LT_0,< 0 ms
2026-02-04 17:54:40.010,2108,-4073.1003284454346,LATENCY_LT_0,< 0 ms
2026-02-04 17:54:40.026,2108,-4073.763132095337,LATENCY_LT_0,< 0 ms
2026-02-04 17:54:40.044,2108,-4072.4380016326904,LATENCY_LT_0,< 0 ms
2026-02-04 17:54:40.063,2108,-4069.648504257202,LATENCY_LT_0,< 0 ms
2026-02-04 17:54:40.077,2108,-4072.7922916412354,LATENCY_LT_0,< 0 ms
2026-02-04 17:54:40.093,2108,-4072.950601577759,LATENCY_LT_0,< 0 ms
2026-02-04 17:54:40.110,2108,-4073.1005668640137,LATENCY_LT_0,< 0 ms
2026-02-04 17:54:40.127,2108,-4072.763442993164,LATENCY_LT_0,< 0 ms
2026-02-04 17:54:40.143,2108,-4073.4245777130127,LATENCY_LT_0,< 0 ms
2026-02-04 17:54:40.159,2108,-4073.573589324951,LATENCY_LT_0,< 0 ms
2026-02-04 17:54:40.176,2108,-4073.246479034424,LATENCY_LT_0,< 0 ms
2026-02-04 17:54:40.193,2108,-4072.9095935821533,LATENCY_LT_0,< 0 ms
2026-02-04 17:54:40.209,2108,-4073.575496673584,LATENCY_LT_0,< 0 ms
2026-02-04 17:54:40.226,2108,-4073.2550621032715,LATENCY_LT_0,< 0 ms
2026-02-04 17:54:40.242,2108,-4073.9080905914307,LATENCY_LT_0,< 0 ms
2026-02-04 17:54:40.260,2108,-4073.0600357055664,LATENCY_LT_0,< 0 ms
2026-02-04 17:54:40.276,2108,-4073.7221240997314,LATENCY_LT_0,< 0 ms
2026-02-04 17:54:40.293,2108,-4073.3962059020996,LATENCY_LT_0,< 0 ms
2026-02-04 17:54:40.309,2108,-4074.052572250366,LATENCY_LT_0,< 0 ms
2026-02-04 17:54:40.326,2108,-4073.7011432647705,LATENCY_LT_0,< 0 ms
2026-02-04 17:54:40.343,2108,-4073.352813720703,LATENCY_LT_0,< 0 ms
2026-02-04 17:54:40.359,2108,-4073.651075363159,LATENCY_LT_0,< 0 ms
2026-02-04 17:54:40.376,2108,-4072.49116897583,LATENCY_LT_0,< 0 ms
2026-02-04 17:54:40.393,2108,-4072.977304458618,LATENCY_LT_0,< 0 ms
2026-02-04 17:54:40.409,2108,-4073.4622478485107,LATENCY_LT_0,< 0 ms
2026-02-04 17:54:40.426,2108,-4072.460889816284,LATENCY_LT_0,< 0 ms
2026-02-04 17:54:40.442,2108,-4073.4541416168213,LATENCY_LT_0,< 0 ms
2026-02-04 17:54:40.460,2108,-4072.958469390869,LATENCY_LT_0,< 0 ms
2026-02-04 17:54:40.476,2108,-4072.95823097229,LATENCY_LT_0,< 0 ms
2026-02-04 17:54:40.494,2108,-4071.9504356384277,LATENCY_LT_0,< 0 ms
2026-02-04 17:54:40.510,2108,-4072.9494094848633,LATENCY_LT_0,< 0 ms
2026-02-04 17:54:40.526,2108,-4072.949171066284,LATENCY_LT_0,< 0 ms
2026-02-04 17:54:40.543,2108,-4072.946548461914,LATENCY_LT_0,< 0 ms
2026-02-04 17:54:40.559,2108,-4073.7838745117188,LATENCY_LT_0,< 0 ms
2026-02-04 17:54:40.576,2108,-4072.7860927581787,LATENCY_LT_0,< 0 ms
2026-02-04 17:54:40.593,2108,-4072.7853775024414,LATENCY_LT_0,< 0 ms
2026-02-04 17:54:40.609,2108,-4073.7738609313965,LATENCY_LT_0,< 0 ms
2026-02-04 17:54:40.626,2108,-4072.777509689331,LATENCY_LT_0,< 0 ms
2026-02-04 17:54:40.643,2108,-4072.770833969116,LATENCY_LT_0,< 0 ms
2026-02-04 17:54:40.659,2108,-4073.563814163208,LATENCY_LT_0,< 0 ms
2026-02-04 17:54:40.676,2108,-4072.5722312927246,LATENCY_LT_0,< 0 ms
2026-02-04 17:54:40.693,2108,-4072.5650787353516,LATENCY_LT_0,< 0 ms
2026-02-04 17:54:40.709,2108,-4073.5645294189453,LATENCY_LT_0,< 0 ms
2026-02-04 17:54:40.726,2108,-4072.5650787353516,LATENCY_LT_0,< 0 ms
2026-02-04 17:54:40.743,2108,-4072.557210922241,LATENCY_LT_0,< 0 ms
2026-02-04 17:54:40.760,2108,-4073.1518268585205,LATENCY_LT_0,< 0 ms
2026-02-04 17:54:40.777,2108,-4072.147846221924,LATENCY_LT_0,< 0 ms
2026-02-04 17:54:40.796,2108,-4070.1441764831543,LATENCY_LT_0,< 0 ms
2026-02-04 17:54:40.809,2108,-4073.6262798309326,LATENCY_LT_0,< 0 ms
2026-02-04 17:54:40.826,2108,-4072.6215839385986,LATENCY_LT_0,< 0 ms
2026-02-04 17:54:40.843,2108,-4072.7837085723877,LATENCY_LT_0,< 0 ms
2026-02-04 17:54:40.859,2108,-4073.7767219543457,LATENCY_LT_0,< 0 ms
2026-02-04 17:54:40.876,2108,-4072.779417037964,LATENCY_LT_0,< 0 ms
2026-02-04 17:54:40.893,2108,-4072.7713108062744,LATENCY_LT_0,< 0 ms
2026-02-04 17:54:40.910,2108,-4072.7715492248535,LATENCY_LT_0,< 0 ms
2026-02-04 17:54:40.927,2108,-4071.765899658203,LATENCY_LT_0,< 0 ms
2026-02-04 17:54:40.943,2108,-4072.678565979004,LATENCY_LT_0,< 0 ms
2026-02-04 17:54:40.959,2108,-4073.650598526001,LATENCY_LT_0,< 0 ms
2026-02-04 17:54:40.976,2108,-4072.6537704467773,LATENCY_LT_0,< 0 ms
2026-02-04 17:54:40.993,2108,-4072.6535320281982,LATENCY_LT_0,< 0 ms
2026-02-04 17:54:41.009,2108,-4073.643445968628,LATENCY_LT_0,< 0 ms
2026-02-04 17:54:41.026,2108,-4072.646141052246,LATENCY_LT_0,< 0 ms
2026-02-04 17:54:41.043,2108,-4072.6401805877686,LATENCY_LT_0,< 0 ms
2026-02-04 17:54:41.059,2108,-4073.6351013183594,LATENCY_LT_0,< 0 ms
2026-02-04 17:54:41.076,2108,-4073.119640350342,LATENCY_LT_0,< 0 ms
2026-02-04 17:54:41.092,2108,-4073.484182357788,LATENCY_LT_0,< 0 ms
2026-02-04 17:54:41.110,2108,-4072.9660987854004,LATENCY_LT_0,< 0 ms
2026-02-04 17:54:41.128,2108,-4071.0995197296143,LATENCY_LT_0,< 0 ms
2026-02-04 17:54:41.147,2108,-4069.030523300171,LATENCY_LT_0,< 0 ms
2026-02-04 17:54:41.161,2108,-4072.0248222351074,LATENCY_LT_0,< 0 ms
2026-02-04 17:54:41.177,2108,-4071.5107917785645,LATENCY_LT_0,< 0 ms
2026-02-04 17:54:41.193,2108,-4072.5109577178955,LATENCY_LT_0,< 0 ms
2026-02-04 17:54:41.210,2108,-4072.9923248291016,LATENCY_LT_0,< 0 ms
2026-02-04 17:54:41.226,2108,-4072.9939937591553,LATENCY_LT_0,< 0 ms
2026-02-04 17:54:41.243,2108,-4072.9870796203613,LATENCY_LT_0,< 0 ms
2026-02-04 17:54:41.259,2108,-4073.483467102051,LATENCY_LT_0,< 0 ms
2026-02-04 17:54:41.276,2108,-4072.9780197143555,LATENCY_LT_0,< 0 ms
2026-02-04 17:54:41.293,2108,-4072.460174560547,LATENCY_LT_0,< 0 ms
2026-02-04 17:54:41.309,2108,-4073.4612941741943,LATENCY_LT_0,< 0 ms
2026-02-04 17:54:41.326,2108,-4072.460412979126,LATENCY_LT_0,< 0 ms
2026-02-04 17:54:41.342,2108,-4073.4572410583496,LATENCY_LT_0,< 0 ms
2026-02-04 17:54:41.359,2108,-4073.9262104034424,LATENCY_LT_0,< 0 ms
2026-02-04 17:54:41.376,2108,-4072.474718093872,LATENCY_LT_0,< 0 ms
2026-02-04 17:54:41.392,2108,-4073.477268218994,LATENCY_LT_0,< 0 ms
2026-02-04 17:54:41.409,2108,-4073.458194732666,LATENCY_LT_0,< 0 ms
2026-02-04 17:54:41.430,2108,-4068.431854248047,LATENCY_LT_0,< 0 ms
2026-02-04 17:54:41.443,2108,-4072.4313259124756,LATENCY_LT_0,< 0 ms
2026-02-04 17:54:41.464,2108,-4068.932056427002,LATENCY_LT_0,< 0 ms
2026-02-04 17:54:41.476,2108,-4072.934150695801,LATENCY_LT_0,< 0 ms
2026-02-04 17:54:41.493,2108,-4072.927236557007,LATENCY_LT_0,< 0 ms
2026-02-04 17:54:41.510,2108,-4072.9260444641113,LATENCY_LT_0,< 0 ms
2026-02-04 17:54:41.526,2108,-4072.925806045532,LATENCY_LT_0,< 0 ms
2026-02-04 17:54:41.543,2108,-4072.923421859741,LATENCY_LT_0,< 0 ms
2026-02-04 17:54:41.559,2108,-4073.4050273895264,LATENCY_LT_0,< 0 ms
2026-02-04 17:54:41.576,2108,-4072.347640991211,LATENCY_LT_0,< 0 ms
2026-02-04 17:54:41.593,2108,-4072.8366374969482,LATENCY_LT_0,< 0 ms
2026-02-04 17:54:41.617,2108,-4065.8276081085205,LATENCY_LT_0,< 0 ms
2026-02-04 17:54:41.630,2108,-4068.828344345093,LATENCY_LT_0,< 0 ms
2026-02-04 17:54:41.651,2108,-4064.6755695343018,LATENCY_LT_0,< 0 ms
2026-02-04 17:54:41.660,2108,-4072.690963745117,LATENCY_LT_0,< 0 ms
2026-02-04 17:54:41.676,2108,-4072.6895332336426,LATENCY_LT_0,< 0 ms
2026-02-04 17:54:41.693,2108,-4072.681188583374,LATENCY_LT_0,< 0 ms
2026-02-04 17:54:41.709,2108,-4073.6804008483887,LATENCY_LT_0,< 0 ms
2026-02-04 17:54:41.726,2108,-4072.6773738861084,LATENCY_LT_0,< 0 ms
2026-02-04 17:54:41.743,2108,-4073.169231414795,LATENCY_LT_0,< 0 ms
2026-02-04 17:54:41.759,2108,-4073.223829269409,LATENCY_LT_0,< 0 ms
2026-02-04 17:54:41.776,2108,-4072.2227096557617,LATENCY_LT_0,< 0 ms
2026-02-04 17:54:41.792,2108,-4073.2240676879883,LATENCY_LT_0,< 0 ms
2026-02-04 17:54:41.809,2108,-4073.216199874878,LATENCY_LT_0,< 0 ms
2026-02-04 17:54:41.826,2108,-4072.2150802612305,LATENCY_LT_0,< 0 ms
2026-02-04 17:54:41.842,2108,-4073.2100009918213,LATENCY_LT_0,< 0 ms
2026-02-04 17:54:41.859,2108,-4073.2080936431885,LATENCY_LT_0,< 0 ms
2026-02-04 17:54:41.876,2108,-4072.6940631866455,LATENCY_LT_0,< 0 ms
2026-02-04 17:54:41.893,2108,-4072.69024848938,LATENCY_LT_0,< 0 ms
2026-02-04 17:54:41.909,2108,-4073.6896991729736,LATENCY_LT_0,< 0 ms
2026-02-04 17:54:42.023,2108,-3975.785493850708,LATENCY_LT_0,< 0 ms
2026-02-04 17:54:42.028,2108,-3987.781763076782,LATENCY_LT_0,< 0 ms
2026-02-04 17:54:42.028,2108,-4004.781723022461,LATENCY_LT_0,< 0 ms
2026-02-04 17:54:42.028,2108,-4020.7817554473877,LATENCY_LT_0,< 0 ms
2026-02-04 17:54:42.029,2108,-4036.780834197998,LATENCY_LT_0,< 0 ms
2026-02-04 17:54:42.029,2108,-4053.7729263305664,LATENCY_LT_0,< 0 ms
2026-02-04 17:54:42.032,2108,-4066.776752471924,LATENCY_LT_0,< 0 ms
2026-02-04 17:54:42.042,2108,-4073.220729827881,LATENCY_LT_0,< 0 ms
2026-02-04 17:54:42.060,2108,-4072.8957653045654,LATENCY_LT_0,< 0 ms
2026-02-04 17:54:42.076,2108,-4072.887182235718,LATENCY_LT_0,< 0 ms
2026-02-04 17:54:42.093,2108,-4072.8516578674316,LATENCY_LT_0,< 0 ms
2026-02-04 17:54:42.110,2108,-4072.340488433838,LATENCY_LT_0,< 0 ms
2026-02-04 17:54:42.126,2108,-4072.343111038208,LATENCY_LT_0,< 0 ms
2026-02-04 17:54:42.143,2108,-4072.337865829468,LATENCY_LT_0,< 0 ms
2026-02-04 17:54:42.160,2108,-4072.7643966674805,LATENCY_LT_0,< 0 ms
2026-02-04 17:54:42.176,2108,-4072.2529888153076,LATENCY_LT_0,< 0 ms
2026-02-04 17:54:42.193,2108,-4072.253704071045,LATENCY_LT_0,< 0 ms
2026-02-04 17:54:42.211,2108,-4071.2451934814453,LATENCY_LT_0,< 0 ms
2026-02-04 17:54:42.229,2108,-4069.247007369995,LATENCY_LT_0,< 0 ms
2026-02-04 17:54:42.243,2108,-4072.2415447235107,LATENCY_LT_0,< 0 ms
2026-02-04 17:54:42.260,2108,-4072.7453231811523,LATENCY_LT_0,< 0 ms
2026-02-04 17:54:42.276,2108,-4072.7481842041016,LATENCY_LT_0,< 0 ms
2026-02-04 17:54:42.293,2108,-4072.7405548095703,LATENCY_LT_0,< 0 ms
2026-02-04 17:54:42.309,2108,-4073.7357139587402,LATENCY_LT_0,< 0 ms
2026-02-04 17:54:42.326,2108,-4072.223424911499,LATENCY_LT_0,< 0 ms
2026-02-04 17:54:42.343,2108,-4072.706937789917,LATENCY_LT_0,< 0 ms
2026-02-04 17:54:42.360,2108,-4072.6611614227295,LATENCY_LT_0,< 0 ms
2026-02-04 17:54:42.377,2108,-4072.1254348754883,LATENCY_LT_0,< 0 ms
2026-02-04 17:54:42.393,2108,-4072.614908218384,LATENCY_LT_0,< 0 ms
2026-02-04 17:54:42.410,2108,-4073.098659515381,LATENCY_LT_0,< 0 ms
2026-02-04 17:54:42.427,2108,-4072.0958709716797,LATENCY_LT_0,< 0 ms
2026-02-04 17:54:42.443,2108,-4073.0907917022705,LATENCY_LT_0,< 0 ms
2026-02-04 17:54:42.459,2108,-4073.5960006713867,LATENCY_LT_0,< 0 ms
2026-02-04 17:54:42.476,2108,-4072.596549987793,LATENCY_LT_0,< 0 ms
2026-02-04 17:54:42.493,2108,-4072.58677482605,LATENCY_LT_0,< 0 ms
2026-02-04 17:54:42.509,2108,-4073.5881328582764,LATENCY_LT_0,< 0 ms
2026-02-04 17:54:42.526,2108,-4072.587728500366,LATENCY_LT_0,< 0 ms
2026-02-04 17:54:42.543,2108,-4072.582006454468,LATENCY_LT_0,< 0 ms
2026-02-04 17:54:42.559,2108,-4073.5225677490234,LATENCY_LT_0,< 0 ms
2026-02-04 17:54:42.576,2108,-4072.5231170654297,LATENCY_LT_0,< 0 ms
2026-02-04 17:54:42.593,2108,-4072.521209716797,LATENCY_LT_0,< 0 ms
2026-02-04 17:54:42.609,2108,-4073.5154151916504,LATENCY_LT_0,< 0 ms
2026-02-04 17:54:42.626,2108,-4072.5138187408447,LATENCY_LT_0,< 0 ms
2026-02-04 17:54:42.642,2108,-4073.5085010528564,LATENCY_LT_0,< 0 ms
2026-02-04 17:54:42.659,2108,-4073.500394821167,LATENCY_LT_0,< 0 ms
2026-02-04 17:54:42.677,2108,-4071.9897747039795,LATENCY_LT_0,< 0 ms
2026-02-04 17:54:42.693,2108,-4072.4709033966064,LATENCY_LT_0,< 0 ms
2026-02-04 17:54:42.710,2108,-4072.957992553711,LATENCY_LT_0,< 0 ms
2026-02-04 17:54:42.726,2108,-4072.9525089263916,LATENCY_LT_0,< 0 ms
2026-02-04 17:54:42.743,2108,-4072.8111267089844,LATENCY_LT_0,< 0 ms
2026-02-04 17:54:42.773,2108,-4059.3173503875732,LATENCY_LT_0,< 0 ms
2026-02-04 17:54:42.776,2108,-4072.316884994507,LATENCY_LT_0,< 0 ms
2026-02-04 17:54:42.792,2108,-4073.317289352417,LATENCY_LT_0,< 0 ms
2026-02-04 17:54:42.811,2108,-4071.303367614746,LATENCY_LT_0,< 0 ms
2026-02-04 17:54:42.826,2108,-4072.7922916412354,LATENCY_LT_0,< 0 ms
2026-02-04 17:54:42.843,2108,-4072.6943016052246,LATENCY_LT_0,< 0 ms
2026-02-04 17:54:42.861,2108,-4072.053909301758,LATENCY_LT_0,< 0 ms
2026-02-04 17:54:42.884,2108,-4064.505100250244,LATENCY_LT_0,< 0 ms
2026-02-04 17:54:42.892,2108,-4073.497533798218,LATENCY_LT_0,< 0 ms
2026-02-04 17:54:42.909,2108,-4073.500156402588,LATENCY_LT_0,< 0 ms
2026-02-04 17:54:42.937,2108,-4061.495065689087,LATENCY_LT_0,< 0 ms
2026-02-04 17:54:42.953,2108,-4062.9825592041016,LATENCY_LT_0,< 0 ms
2026-02-04 17:54:42.969,2108,-4063.981294631958,LATENCY_LT_0,< 0 ms
2026-02-04 17:54:42.976,2108,-4072.9825496673584,LATENCY_LT_0,< 0 ms
2026-02-04 17:54:42.999,2108,-4066.981077194214,LATENCY_LT_0,< 0 ms
2026-02-04 17:54:43.013,2108,-4069.9734687805176,LATENCY_LT_0,< 0 ms
2026-02-04 17:54:43.026,2108,-4072.9739665985107,LATENCY_LT_0,< 0 ms
2026-02-04 17:54:43.044,2108,-4071.964979171753,LATENCY_LT_0,< 0 ms
2026-02-04 17:54:43.074,2108,-4058.4607124328613,LATENCY_LT_0,< 0 ms
2026-02-04 17:54:43.076,2108,-4072.4613666534424,LATENCY_LT_0,< 0 ms
2026-02-04 17:54:43.093,2108,-4072.8447437286377,LATENCY_LT_0,< 0 ms
2026-02-04 17:54:43.110,2108,-4072.8437900543213,LATENCY_LT_0,< 0 ms
2026-02-04 17:54:43.134,2108,-4064.838409423828,LATENCY_LT_0,< 0 ms
2026-02-04 17:54:43.143,2108,-4072.8414058685303,LATENCY_LT_0,< 0 ms
2026-02-04 17:54:43.159,2108,-4073.3203887939453,LATENCY_LT_0,< 0 ms
2026-02-04 17:54:43.176,2108,-4072.3280906677246,LATENCY_LT_0,< 0 ms
2026-02-04 17:54:43.192,2108,-4073.3280181884766,LATENCY_LT_0,< 0 ms
2026-02-04 17:54:43.209,2108,-4073.3187198638916,LATENCY_LT_0,< 0 ms
2026-02-04 17:54:43.226,2108,-4072.312593460083,LATENCY_LT_0,< 0 ms
2026-02-04 17:54:43.243,2108,-4072.8046894073486,LATENCY_LT_0,< 0 ms
2026-02-04 17:54:43.259,2108,-4073.7693309783936,LATENCY_LT_0,< 0 ms
2026-02-04 17:54:43.278,2108,-4070.7685947418213,LATENCY_LT_0,< 0 ms
2026-02-04 17:54:43.294,2108,-4071.7616081237793,LATENCY_LT_0,< 0 ms
2026-02-04 17:54:43.310,2108,-4072.7622509002686,LATENCY_LT_0,< 0 ms
2026-02-04 17:54:43.330,2108,-4068.7618255615234,LATENCY_LT_0,< 0 ms
2026-02-04 17:54:43.343,2108,-4072.756290435791,LATENCY_LT_0,< 0 ms
2026-02-04 17:54:43.360,2108,-4073.1565952301025,LATENCY_LT_0,< 0 ms
2026-02-04 17:54:43.376,2108,-4073.0204582214355,LATENCY_LT_0,< 0 ms
2026-02-04 17:54:43.393,2108,-4073.0202198028564,LATENCY_LT_0,< 0 ms
2026-02-04 17:54:43.410,2108,-4073.012351989746,LATENCY_LT_0,< 0 ms
2026-02-04 17:54:43.426,2108,-4073.0109214782715,LATENCY_LT_0,< 0 ms
2026-02-04 17:54:43.443,2108,-4072.782039642334,LATENCY_LT_0,< 0 ms
2026-02-04 17:54:43.461,2108,-4071.6941356658936,LATENCY_LT_0,< 0 ms
2026-02-04 17:54:43.477,2108,-4072.1113681793213,LATENCY_LT_0,< 0 ms
2026-02-04 17:54:43.493,2108,-4073.091506958008,LATENCY_LT_0,< 0 ms
2026-02-04 17:54:43.509,2108,-4073.4763145446777,LATENCY_LT_0,< 0 ms
2026-02-04 17:54:43.526,2108,-4072.4668502807617,LATENCY_LT_0,< 0 ms
2026-02-04 17:54:43.543,2108,-4072.3462104797363,LATENCY_LT_0,< 0 ms
2026-02-04 17:54:43.560,2108,-4072.831630706787,LATENCY_LT_0,< 0 ms
2026-02-04 17:54:43.577,2108,-4071.831464767456,LATENCY_LT_0,< 0 ms
2026-02-04 17:54:43.593,2108,-4072.8302001953125,LATENCY_LT_0,< 0 ms
2026-02-04 17:54:43.610,2108,-4072.8187561035156,LATENCY_LT_0,< 0 ms
2026-02-04 17:54:43.626,2108,-4072.3071098327637,LATENCY_LT_0,< 0 ms
2026-02-04 17:54:43.643,2108,-4072.7617740631104,LATENCY_LT_0,< 0 ms
2026-02-04 17:54:43.659,2108,-4073.697566986084,LATENCY_LT_0,< 0 ms
2026-02-04 17:54:43.676,2108,-4072.699546813965,LATENCY_LT_0,< 0 ms
2026-02-04 17:54:43.693,2108,-4072.6897716522217,LATENCY_LT_0,< 0 ms
2026-02-04 17:54:43.709,2108,-4073.6916065216064,LATENCY_LT_0,< 0 ms
2026-02-04 17:54:43.726,2108,-4072.6912021636963,LATENCY_LT_0,< 0 ms
2026-02-04 17:54:43.743,2108,-4072.685480117798,LATENCY_LT_0,< 0 ms
2026-02-04 17:54:43.759,2108,-4073.345899581909,LATENCY_LT_0,< 0 ms
2026-02-04 17:54:43.776,2108,-4072.345733642578,LATENCY_LT_0,< 0 ms
2026-02-04 17:54:43.792,2108,-4073.3447074890137,LATENCY_LT_0,< 0 ms
2026-02-04 17:54:43.809,2108,-4073.3349323272705,LATENCY_LT_0,< 0 ms
2026-02-04 17:54:43.826,2108,-4072.337865829468,LATENCY_LT_0,< 0 ms
2026-02-04 17:54:43.842,2108,-4073.331356048584,LATENCY_LT_0,< 0 ms
2026-02-04 17:54:43.860,2108,-4072.8325843811035,LATENCY_LT_0,< 0 ms
2026-02-04 17:54:43.876,2108,-4072.831630706787,LATENCY_LT_0,< 0 ms
2026-02-04 17:54:43.892,2108,-4073.30584526062,LATENCY_LT_0,< 0 ms
2026-02-04 17:54:43.909,2108,-4073.7507343292236,LATENCY_LT_0,< 0 ms
2026-02-04 17:54:43.926,2108,-4072.7484226226807,LATENCY_LT_0,< 0 ms
2026-02-04 17:54:43.942,2108,-4073.240041732788,LATENCY_LT_0,< 0 ms
2026-02-04 17:54:43.960,2108,-4073.151111602783,LATENCY_LT_0,< 0 ms
2026-02-04 17:54:43.977,2108,-4072.1023082733154,LATENCY_LT_0,< 0 ms
2026-02-04 17:54:43.993,2108,-4073.100805282593,LATENCY_LT_0,< 0 ms
2026-02-04 17:54:44.010,2108,-4073.0879306793213,LATENCY_LT_0,< 0 ms
2026-02-04 17:54:44.026,2108,-4072.579860687256,LATENCY_LT_0,< 0 ms
2026-02-04 17:54:44.043,2108,-4073.0152130126953,LATENCY_LT_0,< 0 ms
2026-02-04 17:54:44.059,2108,-4073.5151767730713,LATENCY_LT_0,< 0 ms
2026-02-04 17:54:44.076,2108,-4072.8564262390137,LATENCY_LT_0,< 0 ms
2026-02-04 17:54:44.093,2108,-4072.7250576019287,LATENCY_LT_0,< 0 ms
2026-02-04 17:54:44.109,2108,-4073.7268924713135,LATENCY_LT_0,< 0 ms
2026-02-04 17:54:44.126,2108,-4072.7267265319824,LATENCY_LT_0,< 0 ms
2026-02-04 17:54:44.142,2108,-4073.719024658203,LATENCY_LT_0,< 0 ms
2026-02-04 17:54:44.160,2108,-4072.653293609619,LATENCY_LT_0,< 0 ms
2026-02-04 17:54:44.183,2108,-4065.6673908233643,LATENCY_LT_0,< 0 ms
2026-02-04 17:54:44.193,2108,-4072.8485584259033,LATENCY_LT_0,< 0 ms
2026-02-04 17:54:44.209,2108,-4073.838233947754,LATENCY_LT_0,< 0 ms
2026-02-04 17:54:44.226,2108,-4072.834253311157,LATENCY_LT_0,< 0 ms
2026-02-04 17:54:44.242,2108,-4073.3158588409424,LATENCY_LT_0,< 0 ms
2026-02-04 17:54:44.259,2108,-4073.596477508545,LATENCY_LT_0,< 0 ms
2026-02-04 17:54:44.276,2108,-4072.596549987793,LATENCY_LT_0,< 0 ms
2026-02-04 17:54:44.293,2108,-4073.068618774414,LATENCY_LT_0,< 0 ms
2026-02-04 17:54:44.310,2108,-4073.0693340301514,LATENCY_LT_0,< 0 ms
2026-02-04 17:54:44.327,2108,-4072.068929672241,LATENCY_LT_0,< 0 ms
2026-02-04 17:54:44.343,2108,-4073.0655193328857,LATENCY_LT_0,< 0 ms
2026-02-04 17:54:44.363,2108,-4069.683790206909,LATENCY_LT_0,< 0 ms
2026-02-04 17:54:44.378,2108,-4070.5978870391846,LATENCY_LT_0,< 0 ms
2026-02-04 17:54:44.394,2108,-4072.0348358154297,LATENCY_LT_0,< 0 ms
2026-02-04 17:54:44.411,2108,-4072.026491165161,LATENCY_LT_0,< 0 ms
2026-02-04 17:54:44.427,2108,-4072.0274448394775,LATENCY_LT_0,< 0 ms
2026-02-04 17:54:44.444,2108,-4072.023630142212,LATENCY_LT_0,< 0 ms
2026-02-04 17:54:44.461,2108,-4071.8204975128174,LATENCY_LT_0,< 0 ms
2026-02-04 17:54:44.476,2108,-4072.821617126465,LATENCY_LT_0,< 0 ms
2026-02-04 17:54:44.493,2108,-4072.8094577789307,LATENCY_LT_0,< 0 ms
2026-02-04 17:54:44.509,2108,-4073.719024658203,LATENCY_LT_0,< 0 ms
2026-02-04 17:54:44.526,2108,-4072.2007751464844,LATENCY_LT_0,< 0 ms
2026-02-04 17:54:44.543,2108,-4072.606325149536,LATENCY_LT_0,< 0 ms
2026-02-04 17:54:44.559,2108,-4073.5464096069336,LATENCY_LT_0,< 0 ms
2026-02-04 17:54:44.576,2108,-4072.540760040283,LATENCY_LT_0,< 0 ms
2026-02-04 17:54:44.593,2108,-4073.0302333831787,LATENCY_LT_0,< 0 ms
2026-02-04 17:54:44.609,2108,-4073.4753608703613,LATENCY_LT_0,< 0 ms
2026-02-04 17:54:44.626,2108,-4072.4761486053467,LATENCY_LT_0,< 0 ms
2026-02-04 17:54:44.642,2108,-4073.4663009643555,LATENCY_LT_0,< 0 ms
2026-02-04 17:54:44.660,2108,-4072.97420501709,LATENCY_LT_0,< 0 ms
2026-02-04 17:54:44.676,2108,-4072.9751586914062,LATENCY_LT_0,< 0 ms
2026-02-04 17:54:44.693,2108,-4072.9663372039795,LATENCY_LT_0,< 0 ms
2026-02-04 17:54:44.710,2108,-4072.9637145996094,LATENCY_LT_0,< 0 ms
2026-02-04 17:54:44.726,2108,-4072.962522506714,LATENCY_LT_0,< 0 ms
2026-02-04 17:54:44.743,2108,-4072.957754135132,LATENCY_LT_0,< 0 ms
2026-02-04 17:54:44.760,2108,-4072.8981494903564,LATENCY_LT_0,< 0 ms
2026-02-04 17:54:44.776,2108,-4072.8962421417236,LATENCY_LT_0,< 0 ms
2026-02-04 17:54:44.793,2108,-4072.8957653045654,LATENCY_LT_0,< 0 ms
2026-02-04 17:54:44.811,2108,-4071.887493133545,LATENCY_LT_0,< 0 ms
2026-02-04 17:54:44.826,2108,-4072.8886127471924,LATENCY_LT_0,< 0 ms
2026-02-04 17:54:44.843,2108,-4072.882652282715,LATENCY_LT_0,< 0 ms
2026-02-04 17:54:44.860,2108,-4072.8225708007812,LATENCY_LT_0,< 0 ms
2026-02-04 17:54:44.876,2108,-4072.8249549865723,LATENCY_LT_0,< 0 ms
2026-02-04 17:54:44.894,2108,-4071.81715965271,LATENCY_LT_0,< 0 ms
2026-02-04 17:54:44.911,2108,-4071.817636489868,LATENCY_LT_0,< 0 ms
2026-02-04 17:54:44.926,2108,-4072.8142261505127,LATENCY_LT_0,< 0 ms
2026-02-04 17:54:44.943,2108,-4072.7946758270264,LATENCY_LT_0,< 0 ms
2026-02-04 17:54:44.959,2108,-4073.744297027588,LATENCY_LT_0,< 0 ms
2026-02-04 17:54:44.976,2108,-4072.6804733276367,LATENCY_LT_0,< 0 ms
2026-02-04 17:54:44.993,2108,-4072.671413421631,LATENCY_LT_0,< 0 ms
2026-02-04 17:54:45.009,2108,-4073.664426803589,LATENCY_LT_0,< 0 ms
2026-02-04 17:54:45.026,2108,-4072.6661682128906,LATENCY_LT_0,< 0 ms
2026-02-04 17:54:45.043,2108,-4072.657585144043,LATENCY_LT_0,< 0 ms
2026-02-04 17:54:45.059,2108,-4073.434352874756,LATENCY_LT_0,< 0 ms
2026-02-04 17:54:45.076,2108,-4072.9241371154785,LATENCY_LT_0,< 0 ms
2026-02-04 17:54:45.093,2108,-4072.8461742401123,LATENCY_LT_0,< 0 ms
2026-02-04 17:54:45.109,2108,-4073.261499404907,LATENCY_LT_0,< 0 ms
2026-02-04 17:54:45.126,2108,-4072.2570419311523,LATENCY_LT_0,< 0 ms
2026-02-04 17:54:45.143,2108,-4072.67165184021,LATENCY_LT_0,< 0 ms
2026-02-04 17:54:45.159,2108,-4073.5981464385986,LATENCY_LT_0,< 0 ms
2026-02-04 17:54:45.176,2108,-4072.592258453369,LATENCY_LT_0,< 0 ms
2026-02-04 17:54:45.193,2108,-4073.0016231536865,LATENCY_LT_0,< 0 ms
2026-02-04 17:54:45.210,2108,-4072.991132736206,LATENCY_LT_0,< 0 ms
2026-02-04 17:54:45.226,2108,-4072.9916095733643,LATENCY_LT_0,< 0 ms
2026-02-04 17:54:45.243,2108,-4072.9892253875732,LATENCY_LT_0,< 0 ms
2026-02-04 17:54:45.259,2108,-4073.490858078003,LATENCY_LT_0,< 0 ms
2026-02-04 17:54:45.276,2108,-4072.4849700927734,LATENCY_LT_0,< 0 ms
2026-02-04 17:54:45.293,2108,-4072.9644298553467,LATENCY_LT_0,< 0 ms
2026-02-04 17:54:45.309,2108,-4073.3790397644043,LATENCY_LT_0,< 0 ms
2026-02-04 17:54:45.326,2108,-4072.3814964294434,LATENCY_LT_0,< 0 ms
2026-02-04 17:54:45.343,2108,-4072.373151779175,LATENCY_LT_0,< 0 ms
2026-02-04 17:54:45.359,2108,-4073.627233505249,LATENCY_LT_0,< 0 ms
2026-02-04 17:54:45.377,2108,-4072.0396041870117,LATENCY_LT_0,< 0 ms
2026-02-04 17:54:45.393,2108,-4073.040246963501,LATENCY_LT_0,< 0 ms
2026-02-04 17:54:45.410,2108,-4073.0321407318115,LATENCY_LT_0,< 0 ms
2026-02-04 17:54:45.426,2108,-4073.028802871704,LATENCY_LT_0,< 0 ms
2026-02-04 17:54:45.443,2108,-4073.0226039886475,LATENCY_LT_0,< 0 ms
2026-02-04 17:54:45.466,2108,-4066.523313522339,LATENCY_LT_0,< 0 ms
2026-02-04 17:54:45.482,2108,-4066.523313522339,LATENCY_LT_0,< 0 ms
2026-02-04 17:54:45.493,2108,-4072.516918182373,LATENCY_LT_0,< 0 ms
2026-02-04 17:54:45.510,2108,-4072.519302368164,LATENCY_LT_0,< 0 ms
2026-02-04 17:54:45.529,2108,-4069.5080757141113,LATENCY_LT_0,< 0 ms
2026-02-04 17:54:45.542,2108,-4073.4574794769287,LATENCY_LT_0,< 0 ms
2026-02-04 17:54:45.559,2108,-4073.3630657196045,LATENCY_LT_0,< 0 ms
2026-02-04 17:54:45.576,2108,-4072.361946105957,LATENCY_LT_0,< 0 ms
2026-02-04 17:54:45.593,2108,-4072.361707687378,LATENCY_LT_0,< 0 ms
2026-02-04 17:54:45.609,2108,-4073.352336883545,LATENCY_LT_0,< 0 ms
2026-02-04 17:54:45.626,2108,-4072.354555130005,LATENCY_LT_0,< 0 ms
2026-02-04 17:54:45.642,2108,-4073.344945907593,LATENCY_LT_0,< 0 ms
2026-02-04 17:54:45.663,2108,-4069.293737411499,LATENCY_LT_0,< 0 ms
2026-02-04 17:54:45.676,2108,-4072.2928047180176,LATENCY_LT_0,< 0 ms
2026-02-04 17:54:45.692,2108,-4073.279619216919,LATENCY_LT_0,< 0 ms
2026-02-04 17:54:45.709,2108,-4073.282480239868,LATENCY_LT_0,< 0 ms
2026-02-04 17:54:45.726,2108,-4072.277069091797,LATENCY_LT_0,< 0 ms
2026-02-04 17:54:45.743,2108,-4072.7672576904297,LATENCY_LT_0,< 0 ms
2026-02-04 17:54:45.760,2108,-4073.007822036743,LATENCY_LT_0,< 0 ms
2026-02-04 17:54:45.776,2108,-4073.0080604553223,LATENCY_LT_0,< 0 ms
2026-02-04 17:54:45.795,2108,-4071.00510597229,LATENCY_LT_0,< 0 ms
2026-02-04 17:54:45.810,2108,-4072.9997158050537,LATENCY_LT_0,< 0 ms
2026-02-04 17:54:45.826,2108,-4072.998046875,LATENCY_LT_0,< 0 ms
2026-02-04 17:54:45.843,2108,-4072.99542427063,LATENCY_LT_0,< 0 ms
2026-02-04 17:54:45.860,2108,-4072.9668140411377,LATENCY_LT_0,< 0 ms
2026-02-04 17:54:45.876,2108,-4072.9668140411377,LATENCY_LT_0,< 0 ms
2026-02-04 17:54:45.893,2108,-4072.9598999023438,LATENCY_LT_0,< 0 ms
2026-02-04 17:54:45.910,2108,-4072.9596614837646,LATENCY_LT_0,< 0 ms
2026-02-04 17:54:45.926,2108,-4072.45135307312,LATENCY_LT_0,< 0 ms
2026-02-04 17:54:45.943,2108,-4072.8561878204346,LATENCY_LT_0,< 0 ms
2026-02-04 17:54:45.959,2108,-4073.7521648406982,LATENCY_LT_0,< 0 ms
2026-02-04 17:54:45.976,2108,-4072.6771354675293,LATENCY_LT_0,< 0 ms
2026-02-04 17:54:45.993,2108,-4072.679042816162,LATENCY_LT_0,< 0 ms
2026-02-04 17:54:46.009,2108,-4073.671579360962,LATENCY_LT_0,< 0 ms
2026-02-04 17:54:46.026,2108,-4072.6726055145264,LATENCY_LT_0,< 0 ms
2026-02-04 17:54:46.043,2108,-4072.666883468628,LATENCY_LT_0,< 0 ms
2026-02-04 17:54:46.060,2108,-4073.1613636016846,LATENCY_LT_0,< 0 ms
2026-02-04 17:54:46.077,2108,-4072.150945663452,LATENCY_LT_0,< 0 ms
2026-02-04 17:54:46.093,2108,-4073.119640350342,LATENCY_LT_0,< 0 ms
2026-02-04 17:54:46.109,2108,-4073.5554695129395,LATENCY_LT_0,< 0 ms
2026-02-04 17:54:46.126,2108,-4072.5531578063965,LATENCY_LT_0,< 0 ms
2026-02-04 17:54:46.144,2108,-4071.546792984009,LATENCY_LT_0,< 0 ms
2026-02-04 17:54:46.160,2108,-4073.0340480804443,LATENCY_LT_0,< 0 ms
2026-02-04 17:54:46.176,2108,-4073.031187057495,LATENCY_LT_0,< 0 ms
2026-02-04 17:54:46.193,2108,-4073.0295181274414,LATENCY_LT_0,< 0 ms
2026-02-04 17:54:46.210,2108,-4073.0247497558594,LATENCY_LT_0,< 0 ms
2026-02-04 17:54:46.226,2108,-4073.01664352417,LATENCY_LT_0,< 0 ms
2026-02-04 17:54:46.243,2108,-4072.9522705078125,LATENCY_LT_0,< 0 ms
2026-02-04 17:54:46.260,2108,-4072.9522705078125,LATENCY_LT_0,< 0 ms
2026-02-04 17:54:46.276,2108,-4072.3917484283447,LATENCY_LT_0,< 0 ms
2026-02-04 17:54:46.293,2108,-4073.0326175689697,LATENCY_LT_0,< 0 ms
2026-02-04 17:54:46.310,2108,-4072.9610919952393,LATENCY_LT_0,< 0 ms
2026-02-04 17:54:46.326,2108,-4072.3929405212402,LATENCY_LT_0,< 0 ms
2026-02-04 17:54:46.343,2108,-4072.3817348480225,LATENCY_LT_0,< 0 ms
2026-02-04 17:54:46.359,2108,-4073.7318992614746,LATENCY_LT_0,< 0 ms
2026-02-04 17:54:46.376,2108,-4072.5715160369873,LATENCY_LT_0,< 0 ms
2026-02-04 17:54:46.393,2108,-4072.6687908172607,LATENCY_LT_0,< 0 ms
2026-02-04 17:54:46.410,2108,-4072.9265213012695,LATENCY_LT_0,< 0 ms
2026-02-04 17:54:46.426,2108,-4072.9269981384277,LATENCY_LT_0,< 0 ms
2026-02-04 17:54:46.443,2108,-4072.916269302368,LATENCY_LT_0,< 0 ms
2026-02-04 17:54:46.459,2108,-4073.3649730682373,LATENCY_LT_0,< 0 ms
2026-02-04 17:54:46.476,2108,-4072.364330291748,LATENCY_LT_0,< 0 ms
2026-02-04 17:54:46.492,2108,-4073.3487606048584,LATENCY_LT_0,< 0 ms
2026-02-04 17:54:46.511,2108,-4071.8395709991455,LATENCY_LT_0,< 0 ms
2026-02-04 17:54:46.573,2108,-4025.3162384033203,LATENCY_LT_0,< 0 ms
2026-02-04 17:54:46.573,2108,-4042.316436767578,LATENCY_LT_0,< 0 ms
2026-02-04 17:54:46.575,2108,-4057.3112964630127,LATENCY_LT_0,< 0 ms
2026-02-04 17:54:46.582,2108,-4066.3018226623535,LATENCY_LT_0,< 0 ms
2026-02-04 17:54:46.594,2108,-4071.8019008636475,LATENCY_LT_0,< 0 ms
2026-02-04 17:54:46.609,2108,-4073.198080062866,LATENCY_LT_0,< 0 ms
2026-02-04 17:54:46.626,2108,-4072.199583053589,LATENCY_LT_0,< 0 ms
2026-02-04 17:54:46.642,2108,-4073.1992721557617,LATENCY_LT_0,< 0 ms
2026-02-04 17:54:46.667,2108,-4065.931797027588,LATENCY_LT_0,< 0 ms
2026-02-04 17:54:46.680,2108,-4068.932294845581,LATENCY_LT_0,< 0 ms
2026-02-04 17:54:46.700,2108,-4065.924882888794,LATENCY_LT_0,< 0 ms
2026-02-04 17:54:46.710,2108,-4072.923421859741,LATENCY_LT_0,< 0 ms
2026-02-04 17:54:46.727,2108,-4071.922779083252,LATENCY_LT_0,< 0 ms
2026-02-04 17:54:46.743,2108,-4072.91841506958,LATENCY_LT_0,< 0 ms
2026-02-04 17:54:46.759,2108,-4073.4097957611084,LATENCY_LT_0,< 0 ms
2026-02-04 17:54:46.776,2108,-4072.3366737365723,LATENCY_LT_0,< 0 ms
2026-02-04 17:54:46.792,2108,-4073.3368396759033,LATENCY_LT_0,< 0 ms
2026-02-04 17:54:46.809,2108,-4073.3273029327393,LATENCY_LT_0,< 0 ms
2026-02-04 17:54:46.826,2108,-4072.319746017456,LATENCY_LT_0,< 0 ms
2026-02-04 17:54:46.842,2108,-4073.230028152466,LATENCY_LT_0,< 0 ms
2026-02-04 17:54:46.859,2108,-4073.7292766571045,LATENCY_LT_0,< 0 ms
2026-02-04 17:54:46.876,2108,-4072.7314949035645,LATENCY_LT_0,< 0 ms
2026-02-04 17:54:46.893,2108,-4072.7241039276123,LATENCY_LT_0,< 0 ms
2026-02-04 17:54:46.909,2108,-4073.723554611206,LATENCY_LT_0,< 0 ms
2026-02-04 17:54:46.926,2108,-4072.2124576568604,LATENCY_LT_0,< 0 ms
2026-02-04 17:54:46.943,2108,-4073.129653930664,LATENCY_LT_0,< 0 ms
2026-02-04 17:54:46.960,2108,-4073.068857192993,LATENCY_LT_0,< 0 ms
2026-02-04 17:54:46.976,2108,-4073.0650424957275,LATENCY_LT_0,< 0 ms
2026-02-04 17:54:46.993,2108,-4073.068618774414,LATENCY_LT_0,< 0 ms
2026-02-04 17:54:47.009,2108,-4073.549270629883,LATENCY_LT_0,< 0 ms
2026-02-04 17:54:47.026,2108,-4072.9947090148926,LATENCY_LT_0,< 0 ms
2026-02-04 17:54:47.043,2108,-4072.9894638061523,LATENCY_LT_0,< 0 ms
2026-02-04 17:54:47.059,2108,-4073.493480682373,LATENCY_LT_0,< 0 ms
2026-02-04 17:54:47.076,2108,-4072.4892616271973,LATENCY_LT_0,< 0 ms
2026-02-04 17:54:47.093,2108,-4072.9148387908936,LATENCY_LT_0,< 0 ms
2026-02-04 17:54:47.110,2108,-4072.9143619537354,LATENCY_LT_0,< 0 ms
2026-02-04 17:54:47.126,2108,-4072.911500930786,LATENCY_LT_0,< 0 ms
2026-02-04 17:54:47.143,2108,-4072.887897491455,LATENCY_LT_0,< 0 ms
2026-02-04 17:54:47.160,2108,-4072.374105453491,LATENCY_LT_0,< 0 ms
2026-02-04 17:54:47.176,2108,-4072.374105453491,LATENCY_LT_0,< 0 ms
2026-02-04 17:54:47.192,2108,-4073.371410369873,LATENCY_LT_0,< 0 ms
2026-02-04 17:54:47.209,2108,-4073.3659267425537,LATENCY_LT_0,< 0 ms
2026-02-04 17:54:47.226,2108,-4072.36647605896,LATENCY_LT_0,< 0 ms
2026-02-04 17:54:47.242,2108,-4073.362112045288,LATENCY_LT_0,< 0 ms
2026-02-04 17:54:47.260,2108,-4072.866201400757,LATENCY_LT_0,< 0 ms
2026-02-04 17:54:47.276,2108,-4072.8683471679688,LATENCY_LT_0,< 0 ms
2026-02-04 17:54:47.293,2108,-4072.8607177734375,LATENCY_LT_0,< 0 ms
2026-02-04 17:54:47.309,2108,-4073.859691619873,LATENCY_LT_0,< 0 ms
2026-02-04 17:54:47.329,2108,-4069.859504699707,LATENCY_LT_0,< 0 ms
2026-02-04 17:54:47.343,2108,-4072.85475730896,LATENCY_LT_0,< 0 ms
2026-02-04 17:54:47.359,2108,-4073.8654136657715,LATENCY_LT_0,< 0 ms
2026-02-04 17:54:47.376,2108,-4072.3071098327637,LATENCY_LT_0,< 0 ms
2026-02-04 17:54:47.392,2108,-4073.2998847961426,LATENCY_LT_0,< 0 ms
2026-02-04 17:54:47.410,2108,-4073.1842517852783,LATENCY_LT_0,< 0 ms
2026-02-04 17:54:47.427,2108,-4072.1840858459473,LATENCY_LT_0,< 0 ms
2026-02-04 17:54:47.443,2108,-4073.18115234375,LATENCY_LT_0,< 0 ms
2026-02-04 17:54:47.460,2108,-4073.1472969055176,LATENCY_LT_0,< 0 ms
2026-02-04 17:54:47.476,2108,-4073.1472969055176,LATENCY_LT_0,< 0 ms
2026-02-04 17:54:47.493,2108,-4073.1377601623535,LATENCY_LT_0,< 0 ms
2026-02-04 17:54:47.510,2108,-4073.137044906616,LATENCY_LT_0,< 0 ms
2026-02-04 17:54:47.526,2108,-4073.138952255249,LATENCY_LT_0,< 0 ms
2026-02-04 17:54:47.543,2108,-4073.1351375579834,LATENCY_LT_0,< 0 ms
2026-02-04 17:54:47.560,2108,-4072.9031562805176,LATENCY_LT_0,< 0 ms
2026-02-04 17:54:47.576,2108,-4072.904348373413,LATENCY_LT_0,< 0 ms
2026-02-04 17:54:47.594,2108,-4071.902275085449,LATENCY_LT_0,< 0 ms
2026-02-04 17:54:47.617,2108,-4065.894365310669,LATENCY_LT_0,< 0 ms
2026-02-04 17:54:47.627,2108,-4071.8932151794434,LATENCY_LT_0,< 0 ms
2026-02-04 17:54:47.645,2108,-4070.8911418914795,LATENCY_LT_0,< 0 ms
2026-02-04 17:54:47.660,2108,-4072.73006439209,LATENCY_LT_0,< 0 ms
2026-02-04 17:54:47.676,2108,-4072.7310180664062,LATENCY_LT_0,< 0 ms
2026-02-04 17:54:47.693,2108,-4072.7193355560303,LATENCY_LT_0,< 0 ms
2026-02-04 17:54:47.709,2108,-4073.7221240997314,LATENCY_LT_0,< 0 ms
2026-02-04 17:54:47.726,2108,-4072.2787380218506,LATENCY_LT_0,< 0 ms
2026-02-04 17:54:47.742,2108,-4073.27938079834,LATENCY_LT_0,< 0 ms
2026-02-04 17:54:47.759,2108,-4073.2545852661133,LATENCY_LT_0,< 0 ms
2026-02-04 17:54:47.776,2108,-4072.2546577453613,LATENCY_LT_0,< 0 ms
2026-02-04 17:54:47.792,2108,-4073.2550621032715,LATENCY_LT_0,< 0 ms
2026-02-04 17:54:47.809,2108,-4073.737621307373,LATENCY_LT_0,< 0 ms
2026-02-04 17:54:47.825,2108,-4073.216676712036,LATENCY_LT_0,< 0 ms
2026-02-04 17:54:47.843,2108,-4072.69287109375,LATENCY_LT_0,< 0 ms
2026-02-04 17:54:47.859,2108,-4073.3187198638916,LATENCY_LT_0,< 0 ms
2026-02-04 17:54:47.876,2108,-4072.3185539245605,LATENCY_LT_0,< 0 ms
2026-02-04 17:54:47.892,2108,-4073.310613632202,LATENCY_LT_0,< 0 ms
2026-02-04 17:54:47.909,2108,-4073.3039379119873,LATENCY_LT_0,< 0 ms
2026-02-04 17:54:47.926,2108,-4072.7896690368652,LATENCY_LT_0,< 0 ms
2026-02-04 17:54:47.942,2108,-4073.2779502868652,LATENCY_LT_0,< 0 ms
2026-02-04 17:54:47.959,2108,-4073.6536979675293,LATENCY_LT_0,< 0 ms
2026-02-04 17:54:47.976,2108,-4072.6537704467773,LATENCY_LT_0,< 0 ms
2026-02-04 17:54:47.993,2108,-4072.655200958252,LATENCY_LT_0,< 0 ms
2026-02-04 17:54:48.009,2108,-4073.6489295959473,LATENCY_LT_0,< 0 ms
2026-02-04 17:54:48.026,2108,-4072.646141052246,LATENCY_LT_0,< 0 ms
2026-02-04 17:54:48.043,2108,-4072.6420879364014,LATENCY_LT_0,< 0 ms
2026-02-04 17:54:48.060,2108,-4072.495937347412,LATENCY_LT_0,< 0 ms
2026-02-04 17:54:48.077,2108,-4071.4900493621826,LATENCY_LT_0,< 0 ms
2026-02-04 17:54:48.092,2108,-4073.439598083496,LATENCY_LT_0,< 0 ms
2026-02-04 17:54:48.110,2108,-4072.9286670684814,LATENCY_LT_0,< 0 ms
2026-02-04 17:54:48.126,2108,-4072.9246139526367,LATENCY_LT_0,< 0 ms
2026-02-04 17:54:48.143,2108,-4072.890520095825,LATENCY_LT_0,< 0 ms
2026-02-04 17:54:48.159,2108,-4073.3776092529297,LATENCY_LT_0,< 0 ms
2026-02-04 17:54:48.305,2108,-3943.427801132202,LATENCY_LT_0,< 0 ms
2026-02-04 17:54:48.305,2108,-3960.427761077881,LATENCY_LT_0,< 0 ms
2026-02-04 17:54:48.305,2108,-3977.419853210449,LATENCY_LT_0,< 0 ms
2026-02-04 17:54:48.305,2108,-3993.419885635376,LATENCY_LT_0,< 0 ms
2026-02-04 17:54:48.305,2108,-4010.4198455810547,LATENCY_LT_0,< 0 ms
2026-02-04 17:54:48.305,2108,-4027.435779571533,LATENCY_LT_0,< 0 ms
2026-02-04 17:54:48.305,2108,-4043.43581199646,LATENCY_LT_0,< 0 ms
2026-02-04 17:54:48.305,2108,-4060.4279041290283,LATENCY_LT_0,< 0 ms
2026-02-04 17:54:48.310,2108,-4072.4263191223145,LATENCY_LT_0,< 0 ms
2026-02-04 17:54:48.327,2108,-4071.5558528900146,LATENCY_LT_0,< 0 ms
2026-02-04 17:54:48.343,2108,-4072.5462436676025,LATENCY_LT_0,< 0 ms
2026-02-04 17:54:48.365,2108,-4067.4092769622803,LATENCY_LT_0,< 0 ms
2026-02-04 17:54:48.381,2108,-4067.8634643554688,LATENCY_LT_0,< 0 ms
2026-02-04 17:54:48.393,2108,-4072.8652477264404,LATENCY_LT_0,< 0 ms
2026-02-04 17:54:48.413,2108,-4069.8556900024414,LATENCY_LT_0,< 0 ms
2026-02-04 17:54:48.426,2108,-4072.85475730896,LATENCY_LT_0,< 0 ms
2026-02-04 17:54:48.443,2108,-4072.849988937378,LATENCY_LT_0,< 0 ms
2026-02-04 17:54:48.459,2108,-4073.3513832092285,LATENCY_LT_0,< 0 ms
2026-02-04 17:54:48.476,2108,-4072.843551635742,LATENCY_LT_0,< 0 ms
2026-02-04 17:54:48.492,2108,-4073.319673538208,LATENCY_LT_0,< 0 ms
2026-02-04 17:54:48.509,2108,-4073.3227729797363,LATENCY_LT_0,< 0 ms
2026-02-04 17:54:48.535,2108,-4063.3230209350586,LATENCY_LT_0,< 0 ms
2026-02-04 17:54:48.542,2108,-4073.3182430267334,LATENCY_LT_0,< 0 ms
2026-02-04 17:54:48.563,2108,-4069.2687034606934,LATENCY_LT_0,< 0 ms
2026-02-04 17:54:48.579,2108,-4069.3461894989014,LATENCY_LT_0,< 0 ms
2026-02-04 17:54:48.594,2108,-4071.2339878082275,LATENCY_LT_0,< 0 ms
2026-02-04 17:54:48.623,2108,-4059.6365928649902,LATENCY_LT_0,< 0 ms
2026-02-04 17:54:48.626,2108,-4072.6418495178223,LATENCY_LT_0,< 0 ms
2026-02-04 17:54:48.649,2108,-4066.883325576782,LATENCY_LT_0,< 0 ms
2026-02-04 17:54:48.659,2108,-4073.27938079834,LATENCY_LT_0,< 0 ms
2026-02-04 17:54:48.676,2108,-4072.2789764404297,LATENCY_LT_0,< 0 ms
2026-02-04 17:54:48.694,2108,-4071.263074874878,LATENCY_LT_0,< 0 ms
2026-02-04 17:54:48.715,2108,-4068.0198669433594,LATENCY_LT_0,< 0 ms
2026-02-04 17:54:48.727,2108,-4071.518898010254,LATENCY_LT_0,< 0 ms
2026-02-04 17:54:48.743,2108,-4072.512149810791,LATENCY_LT_0,< 0 ms
2026-02-04 17:54:48.760,2108,-4073.002576828003,LATENCY_LT_0,< 0 ms
2026-02-04 17:54:48.776,2108,-4073.002815246582,LATENCY_LT_0,< 0 ms
2026-02-04 17:54:48.793,2108,-4073.002576828003,LATENCY_LT_0,< 0 ms
2026-02-04 17:54:48.810,2108,-4072.9925632476807,LATENCY_LT_0,< 0 ms
2026-02-04 17:54:48.826,2108,-4072.995185852051,LATENCY_LT_0,< 0 ms
2026-02-04 17:54:48.843,2108,-4072.9875564575195,LATENCY_LT_0,< 0 ms
2026-02-04 17:54:48.859,2108,-4073.4829902648926,LATENCY_LT_0,< 0 ms
2026-02-04 17:54:48.876,2108,-4072.483539581299,LATENCY_LT_0,< 0 ms
2026-02-04 17:54:48.892,2108,-4073.4753608703613,LATENCY_LT_0,< 0 ms
2026-02-04 17:54:48.909,2108,-4073.4755992889404,LATENCY_LT_0,< 0 ms
2026-02-04 17:54:48.926,2108,-4072.474718093872,LATENCY_LT_0,< 0 ms
2026-02-04 17:54:48.942,2108,-4073.4705924987793,LATENCY_LT_0,< 0 ms
2026-02-04 17:54:48.962,2108,-4070.9547996520996,LATENCY_LT_0,< 0 ms
2026-02-04 17:54:48.976,2108,-4072.9570388793945,LATENCY_LT_0,< 0 ms
2026-02-04 17:54:48.993,2108,-4072.9522705078125,LATENCY_LT_0,< 0 ms
2026-02-04 17:54:49.009,2108,-4073.432207107544,LATENCY_LT_0,< 0 ms
2026-02-04 17:54:49.026,2108,-4072.432279586792,LATENCY_LT_0,< 0 ms
2026-02-04 17:54:49.043,2108,-4072.916269302368,LATENCY_LT_0,< 0 ms
2026-02-04 17:54:49.059,2108,-4073.4174251556396,LATENCY_LT_0,< 0 ms
2026-02-04 17:54:49.076,2108,-4072.418212890625,LATENCY_LT_0,< 0 ms
2026-02-04 17:54:49.092,2108,-4073.3797550201416,LATENCY_LT_0,< 0 ms
2026-02-04 17:54:49.109,2108,-4073.8649368286133,LATENCY_LT_0,< 0 ms
2026-02-04 17:54:49.126,2108,-4072.8657245635986,LATENCY_LT_0,< 0 ms
2026-02-04 17:54:49.143,2108,-4072.859048843384,LATENCY_LT_0,< 0 ms
2026-02-04 17:54:49.159,2108,-4073.347806930542,LATENCY_LT_0,< 0 ms
2026-02-04 17:54:49.176,2108,-4072.345972061157,LATENCY_LT_0,< 0 ms
2026-02-04 17:54:49.192,2108,-4073.347330093384,LATENCY_LT_0,< 0 ms
2026-02-04 17:54:49.211,2108,-4071.338891983032,LATENCY_LT_0,< 0 ms
2026-02-04 17:54:49.226,2108,-4072.333574295044,LATENCY_LT_0,< 0 ms
2026-02-04 17:54:49.244,2108,-4071.821689605713,LATENCY_LT_0,< 0 ms
2026-02-04 17:54:49.259,2108,-4073.27938079834,LATENCY_LT_0,< 0 ms
2026-02-04 17:54:49.276,2108,-4072.277784347534,LATENCY_LT_0,< 0 ms
2026-02-04 17:54:49.292,2108,-4073.2645988464355,LATENCY_LT_0,< 0 ms
2026-02-04 17:54:49.310,2108,-4072.7481842041016,LATENCY_LT_0,< 0 ms
2026-02-04 17:54:49.326,2108,-4072.237491607666,LATENCY_LT_0,< 0 ms
2026-02-04 17:54:49.342,2108,-4073.2333660125732,LATENCY_LT_0,< 0 ms
2026-02-04 17:54:49.359,2108,-4073.5137462615967,LATENCY_LT_0,< 0 ms
2026-02-04 17:54:49.376,2108,-4072.978973388672,LATENCY_LT_0,< 0 ms
2026-02-04 17:54:49.393,2108,-4072.4682807922363,LATENCY_LT_0,< 0 ms
2026-02-04 17:54:49.409,2108,-4073.4612941741943,LATENCY_LT_0,< 0 ms
2026-02-04 17:54:49.426,2108,-4072.4596977233887,LATENCY_LT_0,< 0 ms
2026-02-04 17:54:49.443,2108,-4072.453260421753,LATENCY_LT_0,< 0 ms
2026-02-04 17:54:49.460,2108,-4072.957754135132,LATENCY_LT_0,< 0 ms
2026-02-04 17:54:49.476,2108,-4072.9568004608154,LATENCY_LT_0,< 0 ms
2026-02-04 17:54:49.493,2108,-4072.9520320892334,LATENCY_LT_0,< 0 ms
2026-02-04 17:54:49.510,2108,-4072.9517936706543,LATENCY_LT_0,< 0 ms
2026-02-04 17:54:49.526,2108,-4072.950839996338,LATENCY_LT_0,< 0 ms
2026-02-04 17:54:49.543,2108,-4072.943925857544,LATENCY_LT_0,< 0 ms
2026-02-04 17:54:49.560,2108,-4072.880268096924,LATENCY_LT_0,< 0 ms
2026-02-04 17:54:49.577,2108,-4071.8796253204346,LATENCY_LT_0,< 0 ms
2026-02-04 17:54:49.593,2108,-4072.8800296783447,LATENCY_LT_0,< 0 ms
2026-02-04 17:54:49.610,2108,-4072.8724002838135,LATENCY_LT_0,< 0 ms
2026-02-04 17:54:49.627,2108,-4071.873188018799,LATENCY_LT_0,< 0 ms
2026-02-04 17:54:49.644,2108,-4071.8674659729004,LATENCY_LT_0,< 0 ms
2026-02-04 17:54:49.659,2108,-4073.3678340911865,LATENCY_LT_0,< 0 ms
2026-02-04 17:54:49.676,2108,-4072.36909866333,LATENCY_LT_0,< 0 ms
2026-02-04 17:54:49.692,2108,-4073.3566284179688,LATENCY_LT_0,< 0 ms
2026-02-04 17:54:49.710,2108,-4072.8375911712646,LATENCY_LT_0,< 0 ms
2026-02-04 17:54:49.726,2108,-4073.028802871704,LATENCY_LT_0,< 0 ms
2026-02-04 17:54:49.743,2108,-4073.0223655700684,LATENCY_LT_0,< 0 ms
2026-02-04 17:54:49.759,2108,-4073.8110542297363,LATENCY_LT_0,< 0 ms
2026-02-04 17:54:49.776,2108,-4072.8116035461426,LATENCY_LT_0,< 0 ms
2026-02-04 17:54:49.793,2108,-4072.8085041046143,LATENCY_LT_0,< 0 ms
2026-02-04 17:54:49.809,2108,-4073.8043785095215,LATENCY_LT_0,< 0 ms
2026-02-04 17:54:49.826,2108,-4072.801351547241,LATENCY_LT_0,< 0 ms
2026-02-04 17:54:49.843,2108,-4072.796583175659,LATENCY_LT_0,< 0 ms
2026-02-04 17:54:49.859,2108,-4073.452949523926,LATENCY_LT_0,< 0 ms
2026-02-04 17:54:49.876,2108,-4072.834014892578,LATENCY_LT_0,< 0 ms
2026-02-04 17:54:49.892,2108,-4073.310375213623,LATENCY_LT_0,< 0 ms
2026-02-04 17:54:49.909,2108,-4073.2245445251465,LATENCY_LT_0,< 0 ms
2026-02-04 17:54:49.926,2108,-4072.7126598358154,LATENCY_LT_0,< 0 ms
2026-02-04 17:54:49.943,2108,-4072.6959705352783,LATENCY_LT_0,< 0 ms
2026-02-04 17:54:49.959,2108,-4073.554754257202,LATENCY_LT_0,< 0 ms
2026-02-04 17:54:49.976,2108,-4073.04048538208,LATENCY_LT_0,< 0 ms
2026-02-04 17:54:49.992,2108,-4073.519229888916,LATENCY_LT_0,< 0 ms
2026-02-04 17:54:50.010,2108,-4072.9260444641113,LATENCY_LT_0,< 0 ms
2026-02-04 17:54:50.026,2108,-4072.7944374084473,LATENCY_LT_0,< 0 ms
2026-02-04 17:54:50.043,2108,-4072.7858543395996,LATENCY_LT_0,< 0 ms
2026-02-04 17:54:50.059,2108,-4073.288679122925,LATENCY_LT_0,< 0 ms
2026-02-04 17:54:50.076,2108,-4072.2858905792236,LATENCY_LT_0,< 0 ms
2026-02-04 17:54:50.093,2108,-4072.7603435516357,LATENCY_LT_0,< 0 ms
2026-02-04 17:54:50.109,2108,-4073.219060897827,LATENCY_LT_0,< 0 ms
2026-02-04 17:54:50.127,2108,-4071.708917617798,LATENCY_LT_0,< 0 ms
2026-02-04 17:54:50.143,2108,-4072.7052688598633,LATENCY_LT_0,< 0 ms
2026-02-04 17:54:50.159,2108,-4073.195219039917,LATENCY_LT_0,< 0 ms
2026-02-04 17:54:50.176,2108,-4072.1945762634277,LATENCY_LT_0,< 0 ms
2026-02-04 17:54:50.192,2108,-4073.194980621338,LATENCY_LT_0,< 0 ms
2026-02-04 17:54:50.209,2108,-4073.1875896453857,LATENCY_LT_0,< 0 ms
2026-02-04 17:54:50.226,2108,-4072.1874237060547,LATENCY_LT_0,< 0 ms
2026-02-04 17:54:50.243,2108,-4073.1823444366455,LATENCY_LT_0,< 0 ms
2026-02-04 17:54:50.260,2108,-4073.1451511383057,LATENCY_LT_0,< 0 ms
2026-02-04 17:54:50.277,2108,-4072.1476078033447,LATENCY_LT_0,< 0 ms
2026-02-04 17:54:50.293,2108,-4073.1382369995117,LATENCY_LT_0,< 0 ms
2026-02-04 17:54:50.310,2108,-4073.134660720825,LATENCY_LT_0,< 0 ms
2026-02-04 17:54:50.326,2108,-4072.624444961548,LATENCY_LT_0,< 0 ms
2026-02-04 17:54:50.343,2108,-4073.1072425842285,LATENCY_LT_0,< 0 ms
2026-02-04 17:54:50.360,2108,-4073.0879306793213,LATENCY_LT_0,< 0 ms
2026-02-04 17:54:50.376,2108,-4072.512626647949,LATENCY_LT_0,< 0 ms
2026-02-04 17:54:50.393,2108,-4072.9990005493164,LATENCY_LT_0,< 0 ms
2026-02-04 17:54:50.410,2108,-4072.730541229248,LATENCY_LT_0,< 0 ms
2026-02-04 17:54:50.425,2108,-4073.2216835021973,LATENCY_LT_0,< 0 ms
2026-02-04 17:54:50.442,2108,-4073.2176303863525,LATENCY_LT_0,< 0 ms
2026-02-04 17:54:50.459,2108,-4073.65345954895,LATENCY_LT_0,< 0 ms
2026-02-04 17:54:50.476,2108,-4072.6442337036133,LATENCY_LT_0,< 0 ms
2026-02-04 17:54:50.493,2108,-4072.638511657715,LATENCY_LT_0,< 0 ms
2026-02-04 17:54:50.509,2108,-4073.638439178467,LATENCY_LT_0,< 0 ms
2026-02-04 17:54:50.526,2108,-4072.6382732391357,LATENCY_LT_0,< 0 ms
2026-02-04 17:54:50.543,2108,-4072.6330280303955,LATENCY_LT_0,< 0 ms
2026-02-04 17:54:50.560,2108,-4073.1201171875,LATENCY_LT_0,< 0 ms
2026-02-04 17:54:50.577,2108,-4072.12233543396,LATENCY_LT_0,< 0 ms
2026-02-04 17:54:50.593,2108,-4073.122024536133,LATENCY_LT_0,< 0 ms
2026-02-04 17:54:50.616,2108,-4067.1122074127197,LATENCY_LT_0,< 0 ms
2026-02-04 17:54:50.626,2108,-4073.1143951416016,LATENCY_LT_0,< 0 ms
2026-02-04 17:54:50.643,2108,-4073.103904724121,LATENCY_LT_0,< 0 ms
2026-02-04 17:54:50.660,2108,-4073.084831237793,LATENCY_LT_0,< 0 ms
2026-02-04 17:54:50.676,2108,-4073.085069656372,LATENCY_LT_0,< 0 ms
2026-02-04 17:54:50.693,2108,-4072.5576877593994,LATENCY_LT_0,< 0 ms
2026-02-04 17:54:50.710,2108,-4073.0466842651367,LATENCY_LT_0,< 0 ms
2026-02-04 17:54:50.726,2108,-4073.042631149292,LATENCY_LT_0,< 0 ms
2026-02-04 17:54:50.743,2108,-4073.039770126343,LATENCY_LT_0,< 0 ms
2026-02-04 17:54:50.760,2108,-4072.6749897003174,LATENCY_LT_0,< 0 ms
2026-02-04 17:54:50.776,2108,-4072.510004043579,LATENCY_LT_0,< 0 ms
2026-02-04 17:54:50.802,2108,-4063.438892364502,LATENCY_LT_0,< 0 ms
2026-02-04 17:54:50.810,2108,-4072.202682495117,LATENCY_LT_0,< 0 ms
2026-02-04 17:54:50.827,2108,-4072.120428085327,LATENCY_LT_0,< 0 ms
2026-02-04 17:54:50.843,2108,-4073.1160640716553,LATENCY_LT_0,< 0 ms
2026-02-04 17:54:50.860,2108,-4073.105573654175,LATENCY_LT_0,< 0 ms
2026-02-04 17:54:50.876,2108,-4072.589635848999,LATENCY_LT_0,< 0 ms
2026-02-04 17:54:50.893,2108,-4072.783946990967,LATENCY_LT_0,< 0 ms
2026-02-04 17:54:50.910,2108,-4072.728157043457,LATENCY_LT_0,< 0 ms
2026-02-04 17:54:50.926,2108,-4072.209596633911,LATENCY_LT_0,< 0 ms
2026-02-04 17:54:50.955,2108,-4061.1634254455566,LATENCY_LT_0,< 0 ms
2026-02-04 17:54:50.962,2108,-4071.1638927459717,LATENCY_LT_0,< 0 ms
2026-02-04 17:54:50.978,2108,-4071.162462234497,LATENCY_LT_0,< 0 ms
2026-02-04 17:54:50.993,2108,-4073.164701461792,LATENCY_LT_0,< 0 ms
2026-02-04 17:54:51.009,2108,-4073.6207962036133,LATENCY_LT_0,< 0 ms
2026-02-04 17:54:51.027,2108,-4071.6187953948975,LATENCY_LT_0,< 0 ms
2026-02-04 17:54:51.044,2108,-4071.819305419922,LATENCY_LT_0,< 0 ms
2026-02-04 17:54:51.059,2108,-4073.3213424682617,LATENCY_LT_0,< 0 ms
2026-02-04 17:54:51.076,2108,-4072.317361831665,LATENCY_LT_0,< 0 ms
2026-02-04 17:54:51.096,2108,-4069.9520111083984,LATENCY_LT_0,< 0 ms
2026-02-04 17:54:51.111,2108,-4071.4356899261475,LATENCY_LT_0,< 0 ms
2026-02-04 17:54:51.126,2108,-4072.434902191162,LATENCY_LT_0,< 0 ms
2026-02-04 17:54:51.142,2108,-4073.4307765960693,LATENCY_LT_0,< 0 ms
2026-02-04 17:54:51.159,2108,-4073.268175125122,LATENCY_LT_0,< 0 ms
2026-02-04 17:54:51.176,2108,-4072.2694396972656,LATENCY_LT_0,< 0 ms
2026-02-04 17:54:51.192,2108,-4073.2648372650146,LATENCY_LT_0,< 0 ms
2026-02-04 17:54:51.210,2108,-4072.2625255584717,LATENCY_LT_0,< 0 ms
2026-02-04 17:54:51.226,2108,-4072.258234024048,LATENCY_LT_0,< 0 ms
2026-02-04 17:54:51.243,2108,-4072.8468894958496,LATENCY_LT_0,< 0 ms
2026-02-04 17:54:51.259,2108,-4073.353052139282,LATENCY_LT_0,< 0 ms
2026-02-04 17:54:51.276,2108,-4073.1029510498047,LATENCY_LT_0,< 0 ms
2026-02-04 17:54:51.293,2108,-4072.5836753845215,LATENCY_LT_0,< 0 ms
2026-02-04 17:54:51.309,2108,-4073.580265045166,LATENCY_LT_0,< 0 ms
2026-02-04 17:54:51.326,2108,-4072.582244873047,LATENCY_LT_0,< 0 ms
2026-02-04 17:54:51.343,2108,-4072.5767612457275,LATENCY_LT_0,< 0 ms
2026-02-04 17:54:51.360,2108,-4072.9053020477295,LATENCY_LT_0,< 0 ms
2026-02-04 17:54:51.376,2108,-4072.3652839660645,LATENCY_LT_0,< 0 ms
2026-02-04 17:54:51.393,2108,-4072.85475730896,LATENCY_LT_0,< 0 ms
2026-02-04 17:54:51.410,2108,-4072.848081588745,LATENCY_LT_0,< 0 ms
2026-02-04 17:54:51.427,2108,-4071.8462467193604,LATENCY_LT_0,< 0 ms
2026-02-04 17:54:51.443,2108,-4072.8378295898438,LATENCY_LT_0,< 0 ms
2026-02-04 17:54:51.460,2108,-4072.803735733032,LATENCY_LT_0,< 0 ms
2026-02-04 17:54:51.476,2108,-4072.8042125701904,LATENCY_LT_0,< 0 ms
2026-02-04 17:54:51.493,2108,-4072.795629501343,LATENCY_LT_0,< 0 ms
2026-02-04 17:54:51.509,2108,-4073.7948417663574,LATENCY_LT_0,< 0 ms
2026-02-04 17:54:51.526,2108,-4072.7908611297607,LATENCY_LT_0,< 0 ms
2026-02-04 17:54:51.542,2108,-4073.4260082244873,LATENCY_LT_0,< 0 ms
2026-02-04 17:54:51.559,2108,-4073.6749172210693,LATENCY_LT_0,< 0 ms
2026-02-04 17:54:51.576,2108,-4072.673797607422,LATENCY_LT_0,< 0 ms
2026-02-04 17:54:51.593,2108,-4072.6726055145264,LATENCY_LT_0,< 0 ms
2026-02-04 17:54:51.609,2108,-4073.6641883850098,LATENCY_LT_0,< 0 ms
2026-02-04 17:54:51.626,2108,-4072.664976119995,LATENCY_LT_0,< 0 ms
2026-02-04 17:54:51.643,2108,-4072.6583003997803,LATENCY_LT_0,< 0 ms
2026-02-04 17:54:51.659,2108,-4073.6167430877686,LATENCY_LT_0,< 0 ms
2026-02-04 17:54:51.676,2108,-4072.924852371216,LATENCY_LT_0,< 0 ms
2026-02-04 17:54:51.692,2108,-4073.401927947998,LATENCY_LT_0,< 0 ms
2026-02-04 17:54:51.716,2108,-4066.401720046997,LATENCY_LT_0,< 0 ms
2026-02-04 17:54:51.729,2108,-4069.401264190674,LATENCY_LT_0,< 0 ms
2026-02-04 17:54:51.750,2108,-4065.81449508667,LATENCY_LT_0,< 0 ms
2026-02-04 17:54:51.763,2108,-4069.6959495544434,LATENCY_LT_0,< 0 ms
2026-02-04 17:54:51.777,2108,-4071.664810180664,LATENCY_LT_0,< 0 ms
2026-02-04 17:54:51.798,2108,-4067.664861679077,LATENCY_LT_0,< 0 ms
2026-02-04 17:54:51.817,2108,-4065.657615661621,LATENCY_LT_0,< 0 ms
2026-02-04 17:54:51.828,2108,-4070.6515312194824,LATENCY_LT_0,< 0 ms
2026-02-04 17:54:51.846,2108,-4070.1377391815186,LATENCY_LT_0,< 0 ms
2026-02-04 17:54:51.860,2108,-4073.042392730713,LATENCY_LT_0,< 0 ms
2026-02-04 17:54:51.876,2108,-4072.5276470184326,LATENCY_LT_0,< 0 ms
2026-02-04 17:54:51.892,2108,-4073.4338760375977,LATENCY_LT_0,< 0 ms
2026-02-04 17:54:51.910,2108,-4072.920560836792,LATENCY_LT_0,< 0 ms
2026-02-04 17:54:51.927,2108,-4071.918487548828,LATENCY_LT_0,< 0 ms
2026-02-04 17:54:51.948,2108,-4067.911148071289,LATENCY_LT_0,< 0 ms
2026-02-04 17:54:51.959,2108,-4073.399543762207,LATENCY_LT_0,< 0 ms
2026-02-04 17:54:51.976,2108,-4072.401523590088,LATENCY_LT_0,< 0 ms
2026-02-04 17:54:51.993,2108,-4072.399854660034,LATENCY_LT_0,< 0 ms
2026-02-04 17:54:52.009,2108,-4073.391914367676,LATENCY_LT_0,< 0 ms
2026-02-04 17:54:52.026,2108,-4072.394371032715,LATENCY_LT_0,< 0 ms
2026-02-04 17:54:52.043,2108,-4072.387456893921,LATENCY_LT_0,< 0 ms
2026-02-04 17:54:52.060,2108,-4073.092222213745,LATENCY_LT_0,< 0 ms
2026-02-04 17:54:52.076,2108,-4072.917938232422,LATENCY_LT_0,< 0 ms
2026-02-04 17:54:52.092,2108,-4073.399066925049,LATENCY_LT_0,< 0 ms
2026-02-04 17:54:52.110,2108,-4072.887897491455,LATENCY_LT_0,< 0 ms
2026-02-04 17:54:52.126,2108,-4072.8847980499268,LATENCY_LT_0,< 0 ms
2026-02-04 17:54:52.142,2108,-4073.301076889038,LATENCY_LT_0,< 0 ms
2026-02-04 17:54:52.160,2108,-4072.7829933166504,LATENCY_LT_0,< 0 ms
2026-02-04 17:54:52.176,2108,-4072.7808475494385,LATENCY_LT_0,< 0 ms
2026-02-04 17:54:52.193,2108,-4072.783946990967,LATENCY_LT_0,< 0 ms
2026-02-04 17:54:52.209,2108,-4073.77290725708,LATENCY_LT_0,< 0 ms
2026-02-04 17:54:52.226,2108,-4072.777271270752,LATENCY_LT_0,< 0 ms
2026-02-04 17:54:52.243,2108,-4072.768211364746,LATENCY_LT_0,< 0 ms
2026-02-04 17:54:52.260,2108,-4072.7694034576416,LATENCY_LT_0,< 0 ms
2026-02-04 17:54:52.276,2108,-4072.7670192718506,LATENCY_LT_0,< 0 ms
2026-02-04 17:54:52.292,2108,-4073.2421875,LATENCY_LT_0,< 0 ms
2026-02-04 17:54:52.309,2108,-4073.2290744781494,LATENCY_LT_0,< 0 ms
2026-02-04 17:54:52.326,2108,-4072.2227096557617,LATENCY_LT_0,< 0 ms
2026-02-04 17:54:52.342,2108,-4073.21834564209,LATENCY_LT_0,< 0 ms
2026-02-04 17:54:52.360,2108,-4072.6757049560547,LATENCY_LT_0,< 0 ms
2026-02-04 17:54:52.377,2108,-4071.568012237549,LATENCY_LT_0,< 0 ms
2026-02-04 17:54:52.394,2108,-4071.568727493286,LATENCY_LT_0,< 0 ms
2026-02-04 17:54:52.409,2108,-4073.559284210205,LATENCY_LT_0,< 0 ms
2026-02-04 17:54:52.426,2108,-4072.561264038086,LATENCY_LT_0,< 0 ms
2026-02-04 17:54:52.443,2108,-4072.556257247925,LATENCY_LT_0,< 0 ms
2026-02-04 17:54:52.460,2108,-4073.061943054199,LATENCY_LT_0,< 0 ms
2026-02-04 17:54:52.476,2108,-4073.052406311035,LATENCY_LT_0,< 0 ms
2026-02-04 17:54:52.493,2108,-4072.92103767395,LATENCY_LT_0,< 0 ms
2026-02-04 17:54:52.509,2108,-4073.413133621216,LATENCY_LT_0,< 0 ms
2026-02-04 17:54:52.526,2108,-4072.411060333252,LATENCY_LT_0,< 0 ms
2026-02-04 17:54:52.542,2108,-4073.4105110168457,LATENCY_LT_0,< 0 ms
2026-02-04 17:54:52.559,2108,-4073.8885402679443,LATENCY_LT_0,< 0 ms
2026-02-04 17:54:52.576,2108,-4072.7906227111816,LATENCY_LT_0,< 0 ms
2026-02-04 17:54:52.592,2108,-4073.2791423797607,LATENCY_LT_0,< 0 ms
2026-02-04 17:54:52.609,2108,-4073.268413543701,LATENCY_LT_0,< 0 ms
2026-02-04 17:54:52.626,2108,-4072.2718238830566,LATENCY_LT_0,< 0 ms
2026-02-04 17:54:52.642,2108,-4073.2638835906982,LATENCY_LT_0,< 0 ms
2026-02-04 17:54:52.659,2108,-4073.7686157226562,LATENCY_LT_0,< 0 ms
2026-02-04 17:54:52.676,2108,-4072.7663040161133,LATENCY_LT_0,< 0 ms
2026-02-04 17:54:52.693,2108,-4072.760581970215,LATENCY_LT_0,< 0 ms
2026-02-04 17:54:52.710,2108,-4072.756767272949,LATENCY_LT_0,< 0 ms
2026-02-04 17:54:52.726,2108,-4072.758674621582,LATENCY_LT_0,< 0 ms
2026-02-04 17:54:52.743,2108,-4072.7500915527344,LATENCY_LT_0,< 0 ms
2026-02-04 17:54:52.759,2108,-4073.3132362365723,LATENCY_LT_0,< 0 ms
2026-02-04 17:54:52.776,2108,-4072.314500808716,LATENCY_LT_0,< 0 ms
2026-02-04 17:54:52.792,2108,-4073.314428329468,LATENCY_LT_0,< 0 ms
2026-02-04 17:54:52.809,2108,-4073.307514190674,LATENCY_LT_0,< 0 ms
2026-02-04 17:54:52.826,2108,-4072.305917739868,LATENCY_LT_0,< 0 ms
2026-02-04 17:54:52.842,2108,-4073.3017921447754,LATENCY_LT_0,< 0 ms
2026-02-04 17:54:52.860,2108,-4072.8068351745605,LATENCY_LT_0,< 0 ms
2026-02-04 17:54:52.876,2108,-4072.8089809417725,LATENCY_LT_0,< 0 ms
2026-02-04 17:54:52.893,2108,-4072.800397872925,LATENCY_LT_0,< 0 ms
2026-02-04 17:54:52.909,2108,-4073.793888092041,LATENCY_LT_0,< 0 ms
2026-02-04 17:54:52.926,2108,-4072.7593898773193,LATENCY_LT_0,< 0 ms
2026-02-04 17:54:52.942,2108,-4073.2460021972656,LATENCY_LT_0,< 0 ms
2026-02-04 17:54:52.960,2108,-4073.009729385376,LATENCY_LT_0,< 0 ms
2026-02-04 17:54:52.976,2108,-4072.4892616271973,LATENCY_LT_0,< 0 ms
2026-02-04 17:54:52.995,2108,-4070.9755420684814,LATENCY_LT_0,< 0 ms
2026-02-04 17:54:53.010,2108,-4073.0926990509033,LATENCY_LT_0,< 0 ms
2026-02-04 17:54:53.026,2108,-4072.4380016326904,LATENCY_LT_0,< 0 ms
2026-02-04 17:54:53.043,2108,-4073.0326175689697,LATENCY_LT_0,< 0 ms
2026-02-04 17:54:53.059,2108,-4073.5342502593994,LATENCY_LT_0,< 0 ms
2026-02-04 17:54:53.076,2108,-4072.5297927856445,LATENCY_LT_0,< 0 ms
2026-02-04 17:54:53.092,2108,-4073.3842849731445,LATENCY_LT_0,< 0 ms
2026-02-04 17:54:53.109,2108,-4073.875665664673,LATENCY_LT_0,< 0 ms
2026-02-04 17:54:53.126,2108,-4072.869300842285,LATENCY_LT_0,< 0 ms
2026-02-04 17:54:53.143,2108,-4072.7858543395996,LATENCY_LT_0,< 0 ms
2026-02-04 17:54:53.159,2108,-4073.268175125122,LATENCY_LT_0,< 0 ms
2026-02-04 17:54:53.176,2108,-4072.2687244415283,LATENCY_LT_0,< 0 ms
2026-02-04 17:54:53.193,2108,-4072.268486022949,LATENCY_LT_0,< 0 ms
2026-02-04 17:54:53.210,2108,-4072.261095046997,LATENCY_LT_0,< 0 ms
2026-02-04 17:54:53.227,2108,-4071.260452270508,LATENCY_LT_0,< 0 ms
2026-02-04 17:54:53.244,2108,-4071.744441986084,LATENCY_LT_0,< 0 ms
2026-02-04 17:54:53.260,2108,-4072.73268699646,LATENCY_LT_0,< 0 ms
2026-02-04 17:54:53.276,2108,-4072.733163833618,LATENCY_LT_0,< 0 ms
2026-02-04 17:54:53.293,2108,-4072.725534439087,LATENCY_LT_0,< 0 ms
2026-02-04 17:54:53.309,2108,-4073.725461959839,LATENCY_LT_0,< 0 ms
2026-02-04 17:54:53.326,2108,-4072.725296020508,LATENCY_LT_0,< 0 ms
2026-02-04 17:54:53.343,2108,-4072.7179050445557,LATENCY_LT_0,< 0 ms
2026-02-04 17:54:53.360,2108,-4072.702646255493,LATENCY_LT_0,< 0 ms
2026-02-04 17:54:53.377,2108,-4072.136640548706,LATENCY_LT_0,< 0 ms
2026-02-04 17:54:53.393,2108,-4073.073148727417,LATENCY_LT_0,< 0 ms
2026-02-04 17:54:53.409,2108,-4073.551654815674,LATENCY_LT_0,< 0 ms
2026-02-04 17:54:53.426,2108,-4072.549819946289,LATENCY_LT_0,< 0 ms
2026-02-04 17:54:53.443,2108,-4072.545289993286,LATENCY_LT_0,< 0 ms
2026-02-04 17:54:53.460,2108,-4072.9589462280273,LATENCY_LT_0,< 0 ms
2026-02-04 17:54:53.476,2108,-4072.551727294922,LATENCY_LT_0,< 0 ms
2026-02-04 17:54:53.492,2108,-4073.54736328125,LATENCY_LT_0,< 0 ms
2026-02-04 17:54:53.509,2108,-4073.5485553741455,LATENCY_LT_0,< 0 ms
2026-02-04 17:54:53.526,2108,-4072.5483894348145,LATENCY_LT_0,< 0 ms
2026-02-04 17:54:53.542,2108,-4073.5433101654053,LATENCY_LT_0,< 0 ms
2026-02-04 17:54:53.559,2108,-4073.523998260498,LATENCY_LT_0,< 0 ms
2026-02-04 17:54:53.576,2108,-4072.521448135376,LATENCY_LT_0,< 0 ms
2026-02-04 17:54:53.593,2108,-4072.5207328796387,LATENCY_LT_0,< 0 ms
2026-02-04 17:54:53.609,2108,-4073.5154151916504,LATENCY_LT_0,< 0 ms
2026-02-04 17:54:53.626,2108,-4072.5154876708984,LATENCY_LT_0,< 0 ms
2026-02-04 17:54:53.643,2108,-4072.510242462158,LATENCY_LT_0,< 0 ms
2026-02-04 17:54:53.660,2108,-4073.0161666870117,LATENCY_LT_0,< 0 ms
2026-02-04 17:54:53.678,2108,-4071.012020111084,LATENCY_LT_0,< 0 ms
2026-02-04 17:54:53.694,2108,-4072.004556655884,LATENCY_LT_0,< 0 ms
2026-02-04 17:54:53.710,2108,-4073.0020999908447,LATENCY_LT_0,< 0 ms
2026-02-04 17:54:53.727,2108,-4071.93922996521,LATENCY_LT_0,< 0 ms
2026-02-04 17:54:53.744,2108,-4071.4187622070312,LATENCY_LT_0,< 0 ms
2026-02-04 17:54:53.879,2108,-3953.24969291687,LATENCY_LT_0,< 0 ms
2026-02-04 17:54:53.880,2108,-3968.249559402466,LATENCY_LT_0,< 0 ms
2026-02-04 17:54:53.880,2108,-3985.2497577667236,LATENCY_LT_0,< 0 ms
2026-02-04 17:54:53.880,2108,-4002.241611480713,LATENCY_LT_0,< 0 ms
2026-02-04 17:54:53.881,2108,-4017.2417163848877,LATENCY_LT_0,< 0 ms
2026-02-04 17:54:53.881,2108,-4034.2416763305664,LATENCY_LT_0,< 0 ms
2026-02-04 17:54:53.881,2108,-4051.257610321045,LATENCY_LT_0,< 0 ms
2026-02-04 17:54:53.883,2108,-4065.2575492858887,LATENCY_LT_0,< 0 ms
2026-02-04 17:54:53.896,2108,-4069.7319507598877,LATENCY_LT_0,< 0 ms
2026-02-04 17:54:53.911,2108,-4071.7251300811768,LATENCY_LT_0,< 0 ms
2026-02-04 17:54:53.926,2108,-4072.507619857788,LATENCY_LT_0,< 0 ms
2026-02-04 17:54:53.943,2108,-4072.9870796203613,LATENCY_LT_0,< 0 ms
2026-02-04 17:54:53.960,2108,-4072.965383529663,LATENCY_LT_0,< 0 ms
2026-02-04 17:54:53.982,2108,-4066.4539337158203,LATENCY_LT_0,< 0 ms
2026-02-04 17:54:54.015,2108,-4050.445556640625,LATENCY_LT_0,< 0 ms
2026-02-04 17:54:54.017,2108,-4065.4380321502686,LATENCY_LT_0,< 0 ms
2026-02-04 17:54:54.033,2108,-4065.438747406006,LATENCY_LT_0,< 0 ms
2026-02-04 17:54:54.048,2108,-4067.434310913086,LATENCY_LT_0,< 0 ms
2026-02-04 17:54:54.064,2108,-4068.934202194214,LATENCY_LT_0,< 0 ms
2026-02-04 17:54:54.079,2108,-4069.9312686920166,LATENCY_LT_0,< 0 ms
2026-02-04 17:54:54.109,2108,-4056.2944412231445,LATENCY_LT_0,< 0 ms
2026-02-04 17:54:54.110,2108,-4072.294235229492,LATENCY_LT_0,< 0 ms
2026-02-04 17:54:54.128,2108,-4070.2905654907227,LATENCY_LT_0,< 0 ms
2026-02-04 17:54:54.142,2108,-4073.2858180999756,LATENCY_LT_0,< 0 ms
2026-02-04 17:54:54.160,2108,-4072.7663040161133,LATENCY_LT_0,< 0 ms
2026-02-04 17:54:54.176,2108,-4072.7250576019287,LATENCY_LT_0,< 0 ms
2026-02-04 17:54:54.192,2108,-4073.211669921875,LATENCY_LT_0,< 0 ms
2026-02-04 17:54:54.209,2108,-4073.2080936431885,LATENCY_LT_0,< 0 ms
2026-02-04 17:54:54.227,2108,-4071.2051391601562,LATENCY_LT_0,< 0 ms
2026-02-04 17:54:54.243,2108,-4072.195053100586,LATENCY_LT_0,< 0 ms
2026-02-04 17:54:54.260,2108,-4072.7009773254395,LATENCY_LT_0,< 0 ms
2026-02-04 17:54:54.276,2108,-4072.7012157440186,LATENCY_LT_0,< 0 ms
2026-02-04 17:54:54.293,2108,-4072.6940631866455,LATENCY_LT_0,< 0 ms
2026-02-04 17:54:54.309,2108,-4073.6923217773438,LATENCY_LT_0,< 0 ms
2026-02-04 17:54:54.357,2108,-4041.642665863037,LATENCY_LT_0,< 0 ms
2026-02-04 17:54:54.357,2108,-4058.642625808716,LATENCY_LT_0,< 0 ms
2026-02-04 17:54:54.360,2108,-4073.1401443481445,LATENCY_LT_0,< 0 ms
2026-02-04 17:54:54.376,2108,-4073.106050491333,LATENCY_LT_0,< 0 ms
2026-02-04 17:54:54.393,2108,-4072.590112686157,LATENCY_LT_0,< 0 ms
2026-02-04 17:54:54.410,2108,-4073.0788707733154,LATENCY_LT_0,< 0 ms
2026-02-04 17:54:54.426,2108,-4073.072910308838,LATENCY_LT_0,< 0 ms
2026-02-04 17:54:54.443,2108,-4073.065996170044,LATENCY_LT_0,< 0 ms
2026-02-04 17:54:54.459,2108,-4073.570966720581,LATENCY_LT_0,< 0 ms
2026-02-04 17:54:54.476,2108,-4072.571277618408,LATENCY_LT_0,< 0 ms
2026-02-04 17:54:54.493,2108,-4072.563648223877,LATENCY_LT_0,< 0 ms
2026-02-04 17:54:54.509,2108,-4073.564052581787,LATENCY_LT_0,< 0 ms
2026-02-04 17:54:54.527,2108,-4071.5625286102295,LATENCY_LT_0,< 0 ms
2026-02-04 17:54:54.544,2108,-4071.5560913085938,LATENCY_LT_0,< 0 ms
2026-02-04 17:54:54.559,2108,-4073.4663009643555,LATENCY_LT_0,< 0 ms
2026-02-04 17:54:54.576,2108,-4072.4661350250244,LATENCY_LT_0,< 0 ms
2026-02-04 17:54:54.592,2108,-4073.465585708618,LATENCY_LT_0,< 0 ms
2026-02-04 17:54:54.609,2108,-4073.4570026397705,LATENCY_LT_0,< 0 ms
2026-02-04 17:54:54.625,2108,-4073.4524726867676,LATENCY_LT_0,< 0 ms
2026-02-04 17:54:54.642,2108,-4073.425769805908,LATENCY_LT_0,< 0 ms
2026-02-04 17:54:54.659,2108,-4073.390007019043,LATENCY_LT_0,< 0 ms
2026-02-04 17:54:54.676,2108,-4072.390556335449,LATENCY_LT_0,< 0 ms
2026-02-04 17:54:54.692,2108,-4073.38285446167,LATENCY_LT_0,< 0 ms
2026-02-04 17:54:54.709,2108,-4073.3792781829834,LATENCY_LT_0,< 0 ms
2026-02-04 17:54:54.726,2108,-4072.3817348480225,LATENCY_LT_0,< 0 ms
2026-02-04 17:54:54.742,2108,-4073.374032974243,LATENCY_LT_0,< 0 ms
2026-02-04 17:54:54.760,2108,-4073.117733001709,LATENCY_LT_0,< 0 ms
2026-02-04 17:54:54.776,2108,-4073.118209838867,LATENCY_LT_0,< 0 ms
2026-02-04 17:54:54.793,2108,-4073.1165409088135,LATENCY_LT_0,< 0 ms
2026-02-04 17:54:54.810,2108,-4073.1098651885986,LATENCY_LT_0,< 0 ms
2026-02-04 17:54:54.827,2108,-4072.108507156372,LATENCY_LT_0,< 0 ms
2026-02-04 17:54:54.843,2108,-4073.105573654175,LATENCY_LT_0,< 0 ms
2026-02-04 17:54:54.860,2108,-4073.012590408325,LATENCY_LT_0,< 0 ms
2026-02-04 17:54:54.876,2108,-4072.9873180389404,LATENCY_LT_0,< 0 ms
2026-02-04 17:54:54.893,2108,-4072.983503341675,LATENCY_LT_0,< 0 ms
2026-02-04 17:54:54.909,2108,-4073.472738265991,LATENCY_LT_0,< 0 ms
2026-02-04 17:54:54.926,2108,-4072.4728107452393,LATENCY_LT_0,< 0 ms
2026-02-04 17:54:54.943,2108,-4072.46470451355,LATENCY_LT_0,< 0 ms
2026-02-04 17:54:54.960,2108,-4072.9551315307617,LATENCY_LT_0,< 0 ms
2026-02-04 17:54:54.976,2108,-4072.2763538360596,LATENCY_LT_0,< 0 ms
2026-02-04 17:54:54.993,2108,-4072.75652885437,LATENCY_LT_0,< 0 ms
2026-02-04 17:54:55.009,2108,-4073.2367038726807,LATENCY_LT_0,< 0 ms
2026-02-04 17:54:55.025,2108,-4073.235273361206,LATENCY_LT_0,< 0 ms
2026-02-04 17:54:55.043,2108,-4072.227716445923,LATENCY_LT_0,< 0 ms
2026-02-04 17:54:55.059,2108,-4073.7271308898926,LATENCY_LT_0,< 0 ms
2026-02-04 17:54:55.076,2108,-4072.2129344940186,LATENCY_LT_0,< 0 ms
2026-02-04 17:54:55.093,2108,-4072.634696960449,LATENCY_LT_0,< 0 ms
2026-02-04 17:54:55.110,2108,-4073.120355606079,LATENCY_LT_0,< 0 ms
2026-02-04 17:54:55.126,2108,-4073.122978210449,LATENCY_LT_0,< 0 ms
2026-02-04 17:54:55.143,2108,-4073.1146335601807,LATENCY_LT_0,< 0 ms
2026-02-04 17:54:55.160,2108,-4073.113441467285,LATENCY_LT_0,< 0 ms
2026-02-04 17:54:55.176,2108,-4072.6025104522705,LATENCY_LT_0,< 0 ms
2026-02-04 17:54:55.193,2108,-4072.6020336151123,LATENCY_LT_0,< 0 ms
2026-02-04 17:54:55.211,2108,-4071.2058544158936,LATENCY_LT_0,< 0 ms
2026-02-04 17:54:55.228,2108,-4070.78218460083,LATENCY_LT_0,< 0 ms
2026-02-04 17:54:55.245,2108,-4070.8250999450684,LATENCY_LT_0,< 0 ms
2026-02-04 17:54:55.260,2108,-4072.3259449005127,LATENCY_LT_0,< 0 ms
2026-02-04 17:54:55.276,2108,-4072.3233222961426,LATENCY_LT_0,< 0 ms
2026-02-04 17:54:55.292,2108,-4073.2247829437256,LATENCY_LT_0,< 0 ms
2026-02-04 17:54:55.309,2108,-4073.7144947052,LATENCY_LT_0,< 0 ms
2026-02-04 17:54:55.326,2108,-4072.7076530456543,LATENCY_LT_0,< 0 ms
2026-02-04 17:54:55.342,2108,-4073.197364807129,LATENCY_LT_0,< 0 ms
2026-02-04 17:54:55.360,2108,-4073.0621814727783,LATENCY_LT_0,< 0 ms
2026-02-04 17:54:55.376,2108,-4072.5455284118652,LATENCY_LT_0,< 0 ms
2026-02-04 17:54:55.393,2108,-4072.537660598755,LATENCY_LT_0,< 0 ms
2026-02-04 17:54:55.410,2108,-4073.016881942749,LATENCY_LT_0,< 0 ms
2026-02-04 17:54:55.426,2108,-4072.506904602051,LATENCY_LT_0,< 0 ms
2026-02-04 17:54:55.443,2108,-4072.4663734436035,LATENCY_LT_0,< 0 ms
2026-02-04 17:54:55.461,2108,-4071.871757507324,LATENCY_LT_0,< 0 ms
2026-02-04 17:54:55.476,2108,-4072.871208190918,LATENCY_LT_0,< 0 ms
2026-02-04 17:54:55.493,2108,-4072.861909866333,LATENCY_LT_0,< 0 ms
2026-02-04 17:54:55.510,2108,-4072.862148284912,LATENCY_LT_0,< 0 ms
2026-02-04 17:54:55.526,2108,-4072.8554725646973,LATENCY_LT_0,< 0 ms
2026-02-04 17:54:55.542,2108,-4073.349952697754,LATENCY_LT_0,< 0 ms
2026-02-04 17:54:55.559,2108,-4073.7030506134033,LATENCY_LT_0,< 0 ms
2026-02-04 17:54:55.576,2108,-4072.7009773254395,LATENCY_LT_0,< 0 ms
2026-02-04 17:54:55.593,2108,-4072.7035999298096,LATENCY_LT_0,< 0 ms
2026-02-04 17:54:55.609,2108,-4073.6961364746094,LATENCY_LT_0,< 0 ms
2026-02-04 17:54:55.626,2108,-4072.6959705352783,LATENCY_LT_0,< 0 ms
2026-02-04 17:54:55.643,2108,-4072.688579559326,LATENCY_LT_0,< 0 ms
2026-02-04 17:54:55.663,2108,-4069.275140762329,LATENCY_LT_0,< 0 ms
2026-02-04 17:54:55.676,2108,-4072.274923324585,LATENCY_LT_0,< 0 ms
2026-02-04 17:54:55.692,2108,-4073.2650756835938,LATENCY_LT_0,< 0 ms
2026-02-04 17:54:55.709,2108,-4073.263645172119,LATENCY_LT_0,< 0 ms
2026-02-04 17:54:55.726,2108,-4072.266101837158,LATENCY_LT_0,< 0 ms
2026-02-04 17:54:55.742,2108,-4073.2579231262207,LATENCY_LT_0,< 0 ms
2026-02-04 17:54:55.759,2108,-4073.746919631958,LATENCY_LT_0,< 0 ms
2026-02-04 17:54:55.776,2108,-4072.749137878418,LATENCY_LT_0,< 0 ms
2026-02-04 17:54:55.793,2108,-4072.746515274048,LATENCY_LT_0,< 0 ms
2026-02-04 17:54:55.809,2108,-4073.741674423218,LATENCY_LT_0,< 0 ms
2026-02-04 17:54:55.826,2108,-4072.740316390991,LATENCY_LT_0,< 0 ms
2026-02-04 17:54:55.843,2108,-4072.7357864379883,LATENCY_LT_0,< 0 ms
2026-02-04 17:54:55.859,2108,-4073.3156204223633,LATENCY_LT_0,< 0 ms
2026-02-04 17:54:55.876,2108,-4072.319507598877,LATENCY_LT_0,< 0 ms
2026-02-04 17:54:55.893,2108,-4072.3114013671875,LATENCY_LT_0,< 0 ms
2026-02-04 17:54:55.910,2108,-4072.3109245300293,LATENCY_LT_0,< 0 ms
2026-02-04 17:54:55.926,2108,-4072.305917739868,LATENCY_LT_0,< 0 ms
2026-02-04 17:54:55.943,2108,-4072.7925300598145,LATENCY_LT_0,< 0 ms
2026-02-04 17:54:55.960,2108,-4073.1759071350098,LATENCY_LT_0,< 0 ms
2026-02-04 17:54:55.976,2108,-4072.662353515625,LATENCY_LT_0,< 0 ms
2026-02-04 17:54:55.993,2108,-4073.1539726257324,LATENCY_LT_0,< 0 ms
2026-02-04 17:54:56.010,2108,-4073.1468200683594,LATENCY_LT_0,< 0 ms
2026-02-04 17:54:56.027,2108,-4072.1466541290283,LATENCY_LT_0,< 0 ms
2026-02-04 17:54:56.043,2108,-4073.1401443481445,LATENCY_LT_0,< 0 ms
2026-02-04 17:54:56.060,2108,-4073.134660720825,LATENCY_LT_0,< 0 ms
2026-02-04 17:54:56.076,2108,-4072.6208686828613,LATENCY_LT_0,< 0 ms
2026-02-04 17:54:56.093,2108,-4073.0903148651123,LATENCY_LT_0,< 0 ms
2026-02-04 17:54:56.110,2108,-4073.068380355835,LATENCY_LT_0,< 0 ms
2026-02-04 17:54:56.126,2108,-4072.54958152771,LATENCY_LT_0,< 0 ms
2026-02-04 17:54:56.143,2108,-4073.035478591919,LATENCY_LT_0,< 0 ms
2026-02-04 17:54:56.160,2108,-4073.0128288269043,LATENCY_LT_0,< 0 ms
2026-02-04 17:54:56.176,2108,-4073.0135440826416,LATENCY_LT_0,< 0 ms
