window_start_utc,window_end_utc,ppa,utc_measurement,utc_arrival,delta_ms,value,flags
2026-02-04 18:57:40.000,2026-02-04 18:57:50.000,477,2026-02-04 18:57:44.099,2026-02-04 18:57:40.004,-4095.621,59.97881317138672,0
2026-02-04 18:57:40.000,2026-02-04 18:57:50.000,2108,2026-02-04 18:57:44.099,2026-02-04 18:57:40.012,-4087.623,59.97722244262695,0
2026-02-04 18:57:40.000,2026-02-04 18:57:50.000,2423,2026-02-04 18:57:44.019,2026-02-04 18:57:40.018,-4001.109,50.039955139160156,0
2026-02-04 18:57:40.000,2026-02-04 18:57:50.000,477,2026-02-04 18:57:44.116,2026-02-04 18:57:40.021,-4094.786,59.97869110107422,0
2026-02-04 18:57:40.000,2026-02-04 18:57:50.000,2108,2026-02-04 18:57:44.116,2026-02-04 18:57:40.030,-4086.275,59.97953414916992,0
2026-02-04 18:57:40.000,2026-02-04 18:57:50.000,2423,2026-02-04 18:57:44.040,2026-02-04 18:57:40.038,-4001.443,50.03757858276367,0
2026-02-04 18:57:40.000,2026-02-04 18:57:50.000,477,2026-02-04 18:57:44.133,2026-02-04 18:57:40.038,-4094.779,59.978179931640625,0
2026-02-04 18:57:40.000,2026-02-04 18:57:50.000,2108,2026-02-04 18:57:44.133,2026-02-04 18:57:40.046,-4087.261,59.979366302490234,0
2026-02-04 18:57:40.000,2026-02-04 18:57:50.000,477,2026-02-04 18:57:44.150,2026-02-04 18:57:40.060,-4089.405,59.9782600402832,0
2026-02-04 18:57:40.000,2026-02-04 18:57:50.000,2423,2026-02-04 18:57:44.060,2026-02-04 18:57:40.060,-3999.413,50.037994384765625,0
2026-02-04 18:57:40.000,2026-02-04 18:57:50.000,2108,2026-02-04 18:57:44.150,2026-02-04 18:57:40.061,-4088.407,59.97628402709961,0
2026-02-04 18:57:40.000,2026-02-04 18:57:50.000,477,2026-02-04 18:57:44.166,2026-02-04 18:57:40.071,-4095.617,59.97859191894531,0
2026-02-04 18:57:40.000,2026-02-04 18:57:50.000,2423,2026-02-04 18:57:44.080,2026-02-04 18:57:40.077,-4002.428,50.04039001464844,0
2026-02-04 18:57:40.000,2026-02-04 18:57:50.000,2108,2026-02-04 18:57:44.166,2026-02-04 18:57:40.079,-4087.100,59.976253509521484,0
2026-02-04 18:57:40.000,2026-02-04 18:57:50.000,477,2026-02-04 18:57:44.183,2026-02-04 18:57:40.087,-4095.428,59.97789001464844,0
2026-02-04 18:57:40.000,2026-02-04 18:57:50.000,2108,2026-02-04 18:57:44.183,2026-02-04 18:57:40.097,-4085.340,59.978885650634766,0
2026-02-04 18:57:40.000,2026-02-04 18:57:50.000,2423,2026-02-04 18:57:44.099,2026-02-04 18:57:40.098,-4001.000,50.04099655151367,0
2026-02-04 18:57:40.000,2026-02-04 18:57:50.000,477,2026-02-04 18:57:44.200,2026-02-04 18:57:40.107,-4092.921,59.977386474609375,0
2026-02-04 18:57:40.000,2026-02-04 18:57:50.000,2108,2026-02-04 18:57:44.200,2026-02-04 18:57:40.118,-4081.181,59.97837829589844,0
2026-02-04 18:57:40.000,2026-02-04 18:57:50.000,2423,2026-02-04 18:57:44.120,2026-02-04 18:57:40.119,-4000.638,50.03788375854492,0
2026-02-04 18:57:40.000,2026-02-04 18:57:50.000,477,2026-02-04 18:57:44.216,2026-02-04 18:57:40.122,-4094.655,59.97770309448242,0
2026-02-04 18:57:40.000,2026-02-04 18:57:50.000,2108,2026-02-04 18:57:44.216,2026-02-04 18:57:40.138,-4078.045,59.97671127319336,0
2026-02-04 18:57:40.000,2026-02-04 18:57:50.000,2423,2026-02-04 18:57:44.140,2026-02-04 18:57:40.139,-4000.321,50.03694534301758,0
2026-02-04 18:57:40.000,2026-02-04 18:57:50.000,477,2026-02-04 18:57:44.233,2026-02-04 18:57:40.139,-4093.642,59.97774124145508,0
2026-02-04 18:57:40.000,2026-02-04 18:57:50.000,2108,2026-02-04 18:57:44.233,2026-02-04 18:57:40.158,-4074.782,59.97662353515625,0
2026-02-04 18:57:40.000,2026-02-04 18:57:50.000,477,2026-02-04 18:57:44.250,2026-02-04 18:57:40.159,-4090.454,59.97744369506836,0
2026-02-04 18:57:40.000,2026-02-04 18:57:50.000,2423,2026-02-04 18:57:44.160,2026-02-04 18:57:40.159,-4000.454,50.040287017822266,0
2026-02-04 18:57:40.000,2026-02-04 18:57:50.000,2108,2026-02-04 18:57:44.250,2026-02-04 18:57:40.162,-4087.455,59.97697448730469,0
2026-02-04 18:57:40.000,2026-02-04 18:57:50.000,477,2026-02-04 18:57:44.266,2026-02-04 18:57:40.171,-4095.011,59.97762680053711,0
2026-02-04 18:57:40.000,2026-02-04 18:57:50.000,2423,2026-02-04 18:57:44.179,2026-02-04 18:57:40.178,-4001.825,50.042022705078125,0
2026-02-04 18:57:40.000,2026-02-04 18:57:50.000,2108,2026-02-04 18:57:44.266,2026-02-04 18:57:40.179,-4087.497,59.97917556762695,0
2026-02-04 18:57:40.000,2026-02-04 18:57:50.000,477,2026-02-04 18:57:44.283,2026-02-04 18:57:40.187,-4095.560,59.978050231933594,0
2026-02-04 18:57:40.000,2026-02-04 18:57:50.000,2108,2026-02-04 18:57:44.283,2026-02-04 18:57:40.195,-4087.537,59.980838775634766,0
2026-02-04 18:57:40.000,2026-02-04 18:57:50.000,2423,2026-02-04 18:57:44.200,2026-02-04 18:57:40.198,-4001.209,50.04045104980469,0
2026-02-04 18:57:40.000,2026-02-04 18:57:50.000,477,2026-02-04 18:57:44.300,2026-02-04 18:57:40.205,-4094.700,59.978389739990234,0
2026-02-04 18:57:40.000,2026-02-04 18:57:50.000,2108,2026-02-04 18:57:44.300,2026-02-04 18:57:40.212,-4087.701,59.976806640625,0
2026-02-04 18:57:40.000,2026-02-04 18:57:50.000,2423,2026-02-04 18:57:44.220,2026-02-04 18:57:40.218,-4001.644,50.03782653808594,0
2026-02-04 18:57:40.000,2026-02-04 18:57:50.000,477,2026-02-04 18:57:44.316,2026-02-04 18:57:40.221,-4095.308,59.97811508178711,0
2026-02-04 18:57:40.000,2026-02-04 18:57:50.000,2108,2026-02-04 18:57:44.316,2026-02-04 18:57:40.229,-4087.202,59.973960876464844,0
2026-02-04 18:57:40.000,2026-02-04 18:57:50.000,2423,2026-02-04 18:57:44.240,2026-02-04 18:57:40.237,-4002.019,50.0377082824707,0
2026-02-04 18:57:40.000,2026-02-04 18:57:50.000,477,2026-02-04 18:57:44.333,2026-02-04 18:57:40.238,-4094.354,59.977535247802734,0
2026-02-04 18:57:40.000,2026-02-04 18:57:50.000,2108,2026-02-04 18:57:44.333,2026-02-04 18:57:40.245,-4087.720,59.97666549682617,0
2026-02-04 18:57:40.000,2026-02-04 18:57:50.000,477,2026-02-04 18:57:44.350,2026-02-04 18:57:40.254,-4095.324,59.97706604003906,0
2026-02-04 18:57:40.000,2026-02-04 18:57:50.000,2423,2026-02-04 18:57:44.259,2026-02-04 18:57:40.258,-4001.317,50.04030990600586,0
2026-02-04 18:57:40.000,2026-02-04 18:57:50.000,2108,2026-02-04 18:57:44.350,2026-02-04 18:57:40.262,-4087.326,59.97712707519531,0
2026-02-04 18:57:40.000,2026-02-04 18:57:50.000,477,2026-02-04 18:57:44.366,2026-02-04 18:57:40.274,-4091.924,59.97642517089844,0
2026-02-04 18:57:40.000,2026-02-04 18:57:50.000,2423,2026-02-04 18:57:44.280,2026-02-04 18:57:40.277,-4002.246,50.040340423583984,0
2026-02-04 18:57:40.000,2026-02-04 18:57:50.000,2108,2026-02-04 18:57:44.366,2026-02-04 18:57:40.278,-4087.917,59.973934173583984,0
2026-02-04 18:57:40.000,2026-02-04 18:57:50.000,477,2026-02-04 18:57:44.383,2026-02-04 18:57:40.287,-4095.557,59.97657775878906,0
2026-02-04 18:57:40.000,2026-02-04 18:57:50.000,2108,2026-02-04 18:57:44.383,2026-02-04 18:57:40.295,-4088.049,59.97340774536133,0
2026-02-04 18:57:40.000,2026-02-04 18:57:50.000,2423,2026-02-04 18:57:44.300,2026-02-04 18:57:40.298,-4001.720,50.036827087402344,0
2026-02-04 18:57:40.000,2026-02-04 18:57:50.000,477,2026-02-04 18:57:44.400,2026-02-04 18:57:40.304,-4095.200,59.97761535644531,0
2026-02-04 18:57:40.000,2026-02-04 18:57:50.000,2108,2026-02-04 18:57:44.400,2026-02-04 18:57:40.311,-4088.201,59.976924896240234,0
2026-02-04 18:57:40.000,2026-02-04 18:57:50.000,2423,2026-02-04 18:57:44.320,2026-02-04 18:57:40.318,-4001.688,50.037235260009766,0
2026-02-04 18:57:40.000,2026-02-04 18:57:50.000,477,2026-02-04 18:57:44.416,2026-02-04 18:57:40.321,-4095.349,59.9776496887207,0
2026-02-04 18:57:40.000,2026-02-04 18:57:50.000,2108,2026-02-04 18:57:44.416,2026-02-04 18:57:40.329,-4087.181,59.97944259643555,0
2026-02-04 18:57:40.000,2026-02-04 18:57:50.000,2423,2026-02-04 18:57:44.339,2026-02-04 18:57:40.337,-4002.336,50.040714263916016,0
2026-02-04 18:57:40.000,2026-02-04 18:57:50.000,477,2026-02-04 18:57:44.433,2026-02-04 18:57:40.338,-4094.672,59.97658157348633,0
2026-02-04 18:57:40.000,2026-02-04 18:57:50.000,2108,2026-02-04 18:57:44.433,2026-02-04 18:57:40.346,-4086.647,59.97902297973633,0
2026-02-04 18:57:40.000,2026-02-04 18:57:50.000,477,2026-02-04 18:57:44.450,2026-02-04 18:57:40.354,-4095.282,59.97591781616211,0
2026-02-04 18:57:40.000,2026-02-04 18:57:50.000,2423,2026-02-04 18:57:44.360,2026-02-04 18:57:40.357,-4002.281,50.04066467285156,0
2026-02-04 18:57:40.000,2026-02-04 18:57:50.000,2108,2026-02-04 18:57:44.450,2026-02-04 18:57:40.363,-4086.283,59.976680755615234,0
2026-02-04 18:57:40.000,2026-02-04 18:57:50.000,477,2026-02-04 18:57:44.466,2026-02-04 18:57:40.371,-4094.730,59.976497650146484,0
2026-02-04 18:57:40.000,2026-02-04 18:57:50.000,2423,2026-02-04 18:57:44.380,2026-02-04 18:57:40.378,-4001.562,50.03859329223633,0
2026-02-04 18:57:40.000,2026-02-04 18:57:50.000,2108,2026-02-04 18:57:44.466,2026-02-04 18:57:40.379,-4087.218,59.97654724121094,0
2026-02-04 18:57:40.000,2026-02-04 18:57:50.000,477,2026-02-04 18:57:44.483,2026-02-04 18:57:40.388,-4094.862,59.97783279418945,0
2026-02-04 18:57:40.000,2026-02-04 18:57:50.000,2108,2026-02-04 18:57:44.483,2026-02-04 18:57:40.403,-4079.837,59.98008346557617,0
2026-02-04 18:57:40.000,2026-02-04 18:57:50.000,2423,2026-02-04 18:57:44.400,2026-02-04 18:57:40.404,-3995.502,50.03755569458008,0
2026-02-04 18:57:40.000,2026-02-04 18:57:50.000,477,2026-02-04 18:57:44.499,2026-02-04 18:57:40.405,-4094.493,59.977474212646484,0
2026-02-04 18:57:40.000,2026-02-04 18:57:50.000,2108,2026-02-04 18:57:44.499,2026-02-04 18:57:40.412,-4087.486,59.98009490966797,0
2026-02-04 18:57:40.000,2026-02-04 18:57:50.000,2423,2026-02-04 18:57:44.419,2026-02-04 18:57:40.418,-4001.464,50.03816604614258,0
2026-02-04 18:57:40.000,2026-02-04 18:57:50.000,477,2026-02-04 18:57:44.516,2026-02-04 18:57:40.422,-4094.523,59.9763298034668,0
2026-02-04 18:57:40.000,2026-02-04 18:57:50.000,2108,2026-02-04 18:57:44.516,2026-02-04 18:57:40.428,-4088.005,59.976043701171875,0
2026-02-04 18:57:40.000,2026-02-04 18:57:50.000,2423,2026-02-04 18:57:44.440,2026-02-04 18:57:40.438,-4001.813,50.03974533081055,0
2026-02-04 18:57:40.000,2026-02-04 18:57:50.000,477,2026-02-04 18:57:44.533,2026-02-04 18:57:40.438,-4095.149,59.97710037231445,0
2026-02-04 18:57:40.000,2026-02-04 18:57:50.000,2108,2026-02-04 18:57:44.533,2026-02-04 18:57:40.445,-4087.630,59.97444534301758,0
2026-02-04 18:57:40.000,2026-02-04 18:57:50.000,477,2026-02-04 18:57:44.550,2026-02-04 18:57:40.454,-4095.788,59.97755813598633,0
2026-02-04 18:57:40.000,2026-02-04 18:57:50.000,2423,2026-02-04 18:57:44.460,2026-02-04 18:57:40.458,-4001.785,50.041351318359375,0
2026-02-04 18:57:40.000,2026-02-04 18:57:50.000,2108,2026-02-04 18:57:44.550,2026-02-04 18:57:40.462,-4087.777,59.97612762451172,0
2026-02-04 18:57:40.000,2026-02-04 18:57:50.000,477,2026-02-04 18:57:44.566,2026-02-04 18:57:40.474,-4092.432,59.97615051269531,0
2026-02-04 18:57:40.000,2026-02-04 18:57:50.000,2423,2026-02-04 18:57:44.480,2026-02-04 18:57:40.478,-4001.753,50.04082107543945,0
2026-02-04 18:57:40.000,2026-02-04 18:57:50.000,2108,2026-02-04 18:57:44.566,2026-02-04 18:57:40.479,-4087.426,59.97727584838867,0
2026-02-04 18:57:40.000,2026-02-04 18:57:50.000,477,2026-02-04 18:57:44.583,2026-02-04 18:57:40.487,-4095.479,59.97565460205078,0
2026-02-04 18:57:40.000,2026-02-04 18:57:50.000,2108,2026-02-04 18:57:44.583,2026-02-04 18:57:40.496,-4086.958,59.9782829284668,0
2026-02-04 18:57:40.000,2026-02-04 18:57:50.000,2423,2026-02-04 18:57:44.499,2026-02-04 18:57:40.497,-4002.614,50.03965759277344,0
2026-02-04 18:57:40.000,2026-02-04 18:57:50.000,477,2026-02-04 18:57:44.600,2026-02-04 18:57:40.504,-4095.357,59.9765739440918,0
2026-02-04 18:57:40.000,2026-02-04 18:57:50.000,2108,2026-02-04 18:57:44.600,2026-02-04 18:57:40.516,-4083.274,59.9766960144043,0
2026-02-04 18:57:40.000,2026-02-04 18:57:50.000,2423,2026-02-04 18:57:44.520,2026-02-04 18:57:40.517,-4002.273,50.04085159301758,0
2026-02-04 18:57:40.000,2026-02-04 18:57:50.000,477,2026-02-04 18:57:44.616,2026-02-04 18:57:40.521,-4094.937,59.976959228515625,0
2026-02-04 18:57:40.000,2026-02-04 18:57:50.000,2108,2026-02-04 18:57:44.616,2026-02-04 18:57:40.529,-4087.422,59.97305679321289,0
2026-02-04 18:57:40.000,2026-02-04 18:57:50.000,2423,2026-02-04 18:57:44.540,2026-02-04 18:57:40.538,-4001.746,50.04014205932617,0
2026-02-04 18:57:40.000,2026-02-04 18:57:50.000,477,2026-02-04 18:57:44.633,2026-02-04 18:57:40.539,-4094.059,59.9766731262207,0
2026-02-04 18:57:40.000,2026-02-04 18:57:50.000,2108,2026-02-04 18:57:44.633,2026-02-04 18:57:40.553,-4079.885,59.974952697753906,0
2026-02-04 18:57:40.000,2026-02-04 18:57:50.000,477,2026-02-04 18:57:44.650,2026-02-04 18:57:40.554,-4095.043,59.97615432739258,0
2026-02-04 18:57:40.000,2026-02-04 18:57:50.000,2423,2026-02-04 18:57:44.560,2026-02-04 18:57:40.560,-3999.041,50.03807830810547,0
2026-02-04 18:57:40.000,2026-02-04 18:57:50.000,2108,2026-02-04 18:57:44.650,2026-02-04 18:57:40.561,-4088.043,59.97834777832031,0
2026-02-04 18:57:40.000,2026-02-04 18:57:50.000,477,2026-02-04 18:57:44.666,2026-02-04 18:57:40.571,-4094.681,59.975868225097656,0
2026-02-04 18:57:40.000,2026-02-04 18:57:50.000,2423,2026-02-04 18:57:44.579,2026-02-04 18:57:40.580,-3999.925,50.03926086425781,0
2026-02-04 18:57:40.000,2026-02-04 18:57:50.000,2108,2026-02-04 18:57:44.666,2026-02-04 18:57:40.580,-4086.597,59.97722244262695,0
2026-02-04 18:57:40.000,2026-02-04 18:57:50.000,477,2026-02-04 18:57:44.683,2026-02-04 18:57:40.590,-4093.233,59.97645950317383,0
2026-02-04 18:57:40.000,2026-02-04 18:57:50.000,2108,2026-02-04 18:57:44.683,2026-02-04 18:57:40.595,-4087.721,59.97426223754883,0
2026-02-04 18:57:40.000,2026-02-04 18:57:50.000,2423,2026-02-04 18:57:44.600,2026-02-04 18:57:40.598,-4001.393,50.0389289855957,0
2026-02-04 18:57:40.000,2026-02-04 18:57:50.000,477,2026-02-04 18:57:44.700,2026-02-04 18:57:40.619,-4080.277,59.97676086425781,0
2026-02-04 18:57:40.000,2026-02-04 18:57:50.000,2108,2026-02-04 18:57:44.700,2026-02-04 18:57:40.621,-4078.689,59.97452163696289,0
2026-02-04 18:57:40.000,2026-02-04 18:57:50.000,2423,2026-02-04 18:57:44.620,2026-02-04 18:57:40.621,-3998.689,50.038082122802734,0
2026-02-04 18:57:40.000,2026-02-04 18:57:50.000,477,2026-02-04 18:57:44.716,2026-02-04 18:57:40.622,-4094.352,59.976524353027344,0
2026-02-04 18:57:40.000,2026-02-04 18:57:50.000,2108,2026-02-04 18:57:44.716,2026-02-04 18:57:40.629,-4087.294,59.97852325439453,0
2026-02-04 18:57:40.000,2026-02-04 18:57:50.000,477,2026-02-04 18:57:44.733,2026-02-04 18:57:40.644,-4088.932,59.976871490478516,0
2026-02-04 18:57:40.000,2026-02-04 18:57:50.000,2423,2026-02-04 18:57:44.640,2026-02-04 18:57:40.645,-3994.594,50.040592193603516,0
2026-02-04 18:57:40.000,2026-02-04 18:57:50.000,2108,2026-02-04 18:57:44.733,2026-02-04 18:57:40.646,-4086.930,59.980812072753906,0
2026-02-04 18:57:40.000,2026-02-04 18:57:50.000,477,2026-02-04 18:57:44.750,2026-02-04 18:57:40.654,-4095.213,59.977115631103516,0
2026-02-04 18:57:40.000,2026-02-04 18:57:50.000,2423,2026-02-04 18:57:44.659,2026-02-04 18:57:40.657,-4002.199,50.04172134399414,0
2026-02-04 18:57:40.000,2026-02-04 18:57:50.000,2108,2026-02-04 18:57:44.750,2026-02-04 18:57:40.662,-4087.208,59.9771614074707,0
2026-02-04 18:57:40.000,2026-02-04 18:57:50.000,477,2026-02-04 18:57:44.766,2026-02-04 18:57:40.674,-4091.846,59.97574996948242,0
2026-02-04 18:57:40.000,2026-02-04 18:57:50.000,2423,2026-02-04 18:57:44.680,2026-02-04 18:57:40.677,-4002.169,50.0405387878418,0
2026-02-04 18:57:40.000,2026-02-04 18:57:50.000,2108,2026-02-04 18:57:44.766,2026-02-04 18:57:40.678,-4087.841,59.97115707397461,0
2026-02-04 18:57:40.000,2026-02-04 18:57:50.000,477,2026-02-04 18:57:44.783,2026-02-04 18:57:40.700,-4082.859,59.97486114501953,0
2026-02-04 18:57:40.000,2026-02-04 18:57:50.000,2108,2026-02-04 18:57:44.783,2026-02-04 18:57:40.701,-4081.858,59.971561431884766,0
2026-02-04 18:57:40.000,2026-02-04 18:57:50.000,2423,2026-02-04 18:57:44.700,2026-02-04 18:57:40.702,-3997.531,50.03960418701172,0
2026-02-04 18:57:40.000,2026-02-04 18:57:50.000,477,2026-02-04 18:57:44.800,2026-02-04 18:57:40.704,-4095.305,59.9758415222168,0
2026-02-04 18:57:40.000,2026-02-04 18:57:50.000,2108,2026-02-04 18:57:44.800,2026-02-04 18:57:40.716,-4083.792,59.97828674316406,0
2026-02-04 18:57:40.000,2026-02-04 18:57:50.000,2423,2026-02-04 18:57:44.720,2026-02-04 18:57:40.718,-4001.794,50.040000915527344,0
2026-02-04 18:57:40.000,2026-02-04 18:57:50.000,477,2026-02-04 18:57:44.816,2026-02-04 18:57:40.722,-4094.457,59.976078033447266,0
2026-02-04 18:57:40.000,2026-02-04 18:57:50.000,2108,2026-02-04 18:57:44.816,2026-02-04 18:57:40.741,-4074.901,59.98017883300781,0
2026-02-04 18:57:40.000,2026-02-04 18:57:50.000,2423,2026-02-04 18:57:44.739,2026-02-04 18:57:40.742,-3997.228,50.04011917114258,0
2026-02-04 18:57:40.000,2026-02-04 18:57:50.000,477,2026-02-04 18:57:44.833,2026-02-04 18:57:40.742,-4090.564,59.975608825683594,0
2026-02-04 18:57:40.000,2026-02-04 18:57:50.000,2108,2026-02-04 18:57:44.833,2026-02-04 18:57:40.746,-4087.055,59.97359848022461,0
2026-02-04 18:57:40.000,2026-02-04 18:57:50.000,477,2026-02-04 18:57:44.850,2026-02-04 18:57:40.754,-4095.215,59.97593307495117,0
2026-02-04 18:57:40.000,2026-02-04 18:57:50.000,2423,2026-02-04 18:57:44.760,2026-02-04 18:57:40.757,-4002.215,50.038665771484375,0
2026-02-04 18:57:40.000,2026-02-04 18:57:50.000,2108,2026-02-04 18:57:44.850,2026-02-04 18:57:40.762,-4087.215,59.972782135009766,0
2026-02-04 18:57:40.000,2026-02-04 18:57:50.000,477,2026-02-04 18:57:44.866,2026-02-04 18:57:40.771,-4094.815,59.9764404296875,0
2026-02-04 18:57:40.000,2026-02-04 18:57:50.000,2423,2026-02-04 18:57:44.780,2026-02-04 18:57:40.778,-4001.233,50.03948211669922,0
2026-02-04 18:57:40.000,2026-02-04 18:57:50.000,2108,2026-02-04 18:57:44.866,2026-02-04 18:57:40.778,-4087.888,59.97874069213867,0
2026-02-04 18:57:40.000,2026-02-04 18:57:50.000,477,2026-02-04 18:57:44.883,2026-02-04 18:57:40.788,-4095.007,59.97640609741211,0
2026-02-04 18:57:40.000,2026-02-04 18:57:50.000,2108,2026-02-04 18:57:44.883,2026-02-04 18:57:40.795,-4087.910,59.977657318115234,0
2026-02-04 18:57:40.000,2026-02-04 18:57:50.000,2423,2026-02-04 18:57:44.800,2026-02-04 18:57:40.798,-4001.471,50.04087829589844,0
2026-02-04 18:57:40.000,2026-02-04 18:57:50.000,477,2026-02-04 18:57:44.899,2026-02-04 18:57:40.804,-4095.078,59.97624969482422,0
2026-02-04 18:57:40.000,2026-02-04 18:57:50.000,2108,2026-02-04 18:57:44.899,2026-02-04 18:57:40.813,-4086.569,59.97484588623047,0
2026-02-04 18:57:40.000,2026-02-04 18:57:50.000,2423,2026-02-04 18:57:44.819,2026-02-04 18:57:40.818,-4001.563,50.03905487060547,0
2026-02-04 18:57:40.000,2026-02-04 18:57:50.000,477,2026-02-04 18:57:44.916,2026-02-04 18:57:40.821,-4095.240,59.97608947753906,0
2026-02-04 18:57:40.000,2026-02-04 18:57:50.000,2108,2026-02-04 18:57:44.916,2026-02-04 18:57:40.836,-4080.211,59.974586486816406,0
2026-02-04 18:57:40.000,2026-02-04 18:57:50.000,2423,2026-02-04 18:57:44.840,2026-02-04 18:57:40.847,-3992.028,50.03852081298828,0
2026-02-04 18:57:40.000,2026-02-04 18:57:50.000,2108,2026-02-04 18:57:44.933,2026-02-04 18:57:40.864,-4068.714,59.97483825683594,0
2026-02-04 18:57:40.000,2026-02-04 18:57:50.000,2423,2026-02-04 18:57:44.860,2026-02-04 18:57:40.865,-3994.380,50.040462493896484,0
2026-02-04 18:57:40.000,2026-02-04 18:57:50.000,477,2026-02-04 18:57:44.933,2026-02-04 18:57:40.865,-4067.708,59.97611999511719,0
2026-02-04 18:57:40.000,2026-02-04 18:57:50.000,477,2026-02-04 18:57:44.950,2026-02-04 18:57:40.866,-4083.371,59.97644805908203,0
2026-02-04 18:57:40.000,2026-02-04 18:57:50.000,2108,2026-02-04 18:57:44.950,2026-02-04 18:57:40.866,-4083.371,59.979286193847656,0
2026-02-04 18:57:40.000,2026-02-04 18:57:50.000,477,2026-02-04 18:57:44.966,2026-02-04 18:57:40.871,-4095.044,59.976776123046875,0
2026-02-04 18:57:40.000,2026-02-04 18:57:50.000,2423,2026-02-04 18:57:44.880,2026-02-04 18:57:40.878,-4001.854,50.04164505004883,0
2026-02-04 18:57:40.000,2026-02-04 18:57:50.000,2108,2026-02-04 18:57:44.966,2026-02-04 18:57:40.893,-4072.883,59.981040954589844,0
2026-02-04 18:57:40.000,2026-02-04 18:57:50.000,477,2026-02-04 18:57:44.983,2026-02-04 18:57:40.894,-4088.538,59.976497650146484,0
2026-02-04 18:57:40.000,2026-02-04 18:57:50.000,2108,2026-02-04 18:57:44.983,2026-02-04 18:57:40.907,-4076.008,59.974510192871094,0
2026-02-04 18:57:40.000,2026-02-04 18:57:50.000,2423,2026-02-04 18:57:44.899,2026-02-04 18:57:40.908,-3991.667,50.041168212890625,0
2026-02-04 18:57:40.000,2026-02-04 18:57:50.000,477,2026-02-04 18:57:45.000,2026-02-04 18:57:40.908,-4091.169,59.975711822509766,0
2026-02-04 18:57:40.000,2026-02-04 18:57:50.000,2108,2026-02-04 18:57:45.000,2026-02-04 18:57:40.912,-4087.541,59.970848083496094,0
2026-02-04 18:57:40.000,2026-02-04 18:57:50.000,2423,2026-02-04 18:57:44.920,2026-02-04 18:57:40.918,-4001.452,50.03895950317383,0
2026-02-04 18:57:40.000,2026-02-04 18:57:50.000,477,2026-02-04 18:57:45.016,2026-02-04 18:57:40.921,-4095.117,59.97568130493164,0
2026-02-04 18:57:40.000,2026-02-04 18:57:50.000,2108,2026-02-04 18:57:45.016,2026-02-04 18:57:40.929,-4087.507,59.97622299194336,0
2026-02-04 18:57:40.000,2026-02-04 18:57:50.000,477,2026-02-04 18:57:45.033,2026-02-04 18:57:40.937,-4095.657,59.97660446166992,0
2026-02-04 18:57:40.000,2026-02-04 18:57:50.000,2423,2026-02-04 18:57:44.940,2026-02-04 18:57:40.938,-4001.335,50.0374755859375,0
2026-02-04 18:57:40.000,2026-02-04 18:57:50.000,2108,2026-02-04 18:57:45.033,2026-02-04 18:57:40.945,-4087.533,59.98033905029297,0
2026-02-04 18:57:40.000,2026-02-04 18:57:50.000,477,2026-02-04 18:57:45.050,2026-02-04 18:57:40.954,-4095.690,59.9766960144043,0
2026-02-04 18:57:40.000,2026-02-04 18:57:50.000,2423,2026-02-04 18:57:44.960,2026-02-04 18:57:40.958,-4001.684,50.03950881958008,0
2026-02-04 18:57:40.000,2026-02-04 18:57:50.000,2108,2026-02-04 18:57:45.050,2026-02-04 18:57:40.962,-4087.686,59.978946685791016,0
2026-02-04 18:57:40.000,2026-02-04 18:57:50.000,477,2026-02-04 18:57:45.066,2026-02-04 18:57:40.971,-4095.207,59.975589752197266,0
2026-02-04 18:57:40.000,2026-02-04 18:57:50.000,2423,2026-02-04 18:57:44.979,2026-02-04 18:57:40.977,-4002.282,50.041664123535156,0
2026-02-04 18:57:40.000,2026-02-04 18:57:50.000,2108,2026-02-04 18:57:45.066,2026-02-04 18:57:40.978,-4087.952,59.9760856628418,0
2026-02-04 18:57:40.000,2026-02-04 18:57:50.000,477,2026-02-04 18:57:45.083,2026-02-04 18:57:40.987,-4095.582,59.97598648071289,0
2026-02-04 18:57:40.000,2026-02-04 18:57:50.000,2108,2026-02-04 18:57:45.083,2026-02-04 18:57:40.995,-4087.397,59.97544479370117,0
2026-02-04 18:57:40.000,2026-02-04 18:57:50.000,2423,2026-02-04 18:57:45.000,2026-02-04 18:57:40.998,-4001.793,50.041194915771484,0
2026-02-04 18:57:40.000,2026-02-04 18:57:50.000,477,2026-02-04 18:57:45.100,2026-02-04 18:57:41.004,-4095.287,59.977142333984375,0
2026-02-04 18:57:40.000,2026-02-04 18:57:50.000,2108,2026-02-04 18:57:45.100,2026-02-04 18:57:41.012,-4087.282,59.97869873046875,0
2026-02-04 18:57:40.000,2026-02-04 18:57:50.000,2423,2026-02-04 18:57:45.020,2026-02-04 18:57:41.018,-4001.760,50.03953170776367,0
2026-02-04 18:57:40.000,2026-02-04 18:57:50.000,477,2026-02-04 18:57:45.116,2026-02-04 18:57:41.021,-4095.424,59.97737503051758,0
2026-02-04 18:57:40.000,2026-02-04 18:57:50.000,2108,2026-02-04 18:57:45.116,2026-02-04 18:57:41.028,-4087.904,59.980804443359375,0
2026-02-04 18:57:40.000,2026-02-04 18:57:50.000,477,2026-02-04 18:57:45.133,2026-02-04 18:57:41.038,-4095.057,59.97626495361328,0
2026-02-04 18:57:40.000,2026-02-04 18:57:50.000,2423,2026-02-04 18:57:45.040,2026-02-04 18:57:41.038,-4001.720,50.03956985473633,0
2026-02-04 18:57:40.000,2026-02-04 18:57:50.000,2108,2026-02-04 18:57:45.133,2026-02-04 18:57:41.045,-4087.543,59.97802734375,0
2026-02-04 18:57:40.000,2026-02-04 18:57:50.000,477,2026-02-04 18:57:45.150,2026-02-04 18:57:41.054,-4095.695,59.974979400634766,0
2026-02-04 18:57:40.000,2026-02-04 18:57:50.000,2423,2026-02-04 18:57:45.059,2026-02-04 18:57:41.058,-4001.686,50.0409049987793,0
2026-02-04 18:57:40.000,2026-02-04 18:57:50.000,2108,2026-02-04 18:57:45.150,2026-02-04 18:57:41.062,-4087.695,59.972816467285156,0
2026-02-04 18:57:40.000,2026-02-04 18:57:50.000,2423,2026-02-04 18:57:45.080,2026-02-04 18:57:41.078,-4001.458,50.039024353027344,0
2026-02-04 18:57:40.000,2026-02-04 18:57:50.000,2108,2026-02-04 18:57:45.166,2026-02-04 18:57:41.078,-4088.130,59.972930908203125,0
2026-02-04 18:57:40.000,2026-02-04 18:57:50.000,477,2026-02-04 18:57:45.166,2026-02-04 18:57:41.091,-4075.043,59.97549819946289,0
2026-02-04 18:57:40.000,2026-02-04 18:57:50.000,477,2026-02-04 18:57:45.183,2026-02-04 18:57:41.092,-4090.707,59.97669219970703,0
2026-02-04 18:57:40.000,2026-02-04 18:57:50.000,2108,2026-02-04 18:57:45.183,2026-02-04 18:57:41.096,-4087.184,59.976932525634766,0
2026-02-04 18:57:40.000,2026-02-04 18:57:50.000,2423,2026-02-04 18:57:45.100,2026-02-04 18:57:41.098,-4001.856,50.03752899169922,0
2026-02-04 18:57:40.000,2026-02-04 18:57:50.000,477,2026-02-04 18:57:45.200,2026-02-04 18:57:41.104,-4095.339,59.97713851928711,0
2026-02-04 18:57:40.000,2026-02-04 18:57:50.000,2108,2026-02-04 18:57:45.200,2026-02-04 18:57:41.122,-4077.868,59.97819137573242,0
2026-02-04 18:57:40.000,2026-02-04 18:57:50.000,2423,2026-02-04 18:57:45.120,2026-02-04 18:57:41.123,-3996.363,50.041046142578125,0
2026-02-04 18:57:40.000,2026-02-04 18:57:50.000,477,2026-02-04 18:57:45.216,2026-02-04 18:57:41.123,-4093.028,59.97666549682617,0
2026-02-04 18:57:40.000,2026-02-04 18:57:50.000,2108,2026-02-04 18:57:45.216,2026-02-04 18:57:41.131,-4085.009,59.977210998535156,0
2026-02-04 18:57:40.000,2026-02-04 18:57:50.000,2423,2026-02-04 18:57:45.139,2026-02-04 18:57:41.138,-4001.304,50.0418815612793,0
2026-02-04 18:57:40.000,2026-02-04 18:57:50.000,477,2026-02-04 18:57:45.233,2026-02-04 18:57:41.139,-4093.641,59.97639083862305,0
2026-02-04 18:57:40.000,2026-02-04 18:57:50.000,2108,2026-02-04 18:57:45.233,2026-02-04 18:57:41.145,-4087.596,59.975154876708984,0
2026-02-04 18:57:40.000,2026-02-04 18:57:50.000,477,2026-02-04 18:57:45.250,2026-02-04 18:57:41.158,-4091.230,59.97689437866211,0
2026-02-04 18:57:40.000,2026-02-04 18:57:50.000,2423,2026-02-04 18:57:45.160,2026-02-04 18:57:41.159,-4000.226,50.03972625732422,0
2026-02-04 18:57:40.000,2026-02-04 18:57:50.000,2108,2026-02-04 18:57:45.250,2026-02-04 18:57:41.162,-4087.230,59.9752082824707,0
2026-02-04 18:57:40.000,2026-02-04 18:57:50.000,477,2026-02-04 18:57:45.266,2026-02-04 18:57:41.171,-4094.851,59.977657318115234,0
2026-02-04 18:57:40.000,2026-02-04 18:57:50.000,2423,2026-02-04 18:57:45.180,2026-02-04 18:57:41.178,-4001.682,50.04039764404297,0
2026-02-04 18:57:40.000,2026-02-04 18:57:50.000,2108,2026-02-04 18:57:45.266,2026-02-04 18:57:41.179,-4087.338,59.97908401489258,0
2026-02-04 18:57:40.000,2026-02-04 18:57:50.000,477,2026-02-04 18:57:45.283,2026-02-04 18:57:41.188,-4094.948,59.97800064086914,0
2026-02-04 18:57:40.000,2026-02-04 18:57:50.000,2108,2026-02-04 18:57:45.283,2026-02-04 18:57:41.197,-4085.905,59.979095458984375,0
2026-02-04 18:57:40.000,2026-02-04 18:57:50.000,2423,2026-02-04 18:57:45.200,2026-02-04 18:57:41.198,-4001.577,50.040924072265625,0
2026-02-04 18:57:40.000,2026-02-04 18:57:50.000,477,2026-02-04 18:57:45.299,2026-02-04 18:57:41.204,-4095.246,59.977272033691406,0
2026-02-04 18:57:40.000,2026-02-04 18:57:50.000,2108,2026-02-04 18:57:45.299,2026-02-04 18:57:41.212,-4087.247,59.972801208496094,0
2026-02-04 18:57:40.000,2026-02-04 18:57:50.000,2423,2026-02-04 18:57:45.219,2026-02-04 18:57:41.218,-4001.734,50.039710998535156,0
2026-02-04 18:57:40.000,2026-02-04 18:57:50.000,477,2026-02-04 18:57:45.316,2026-02-04 18:57:41.221,-4095.412,59.976165771484375,0
2026-02-04 18:57:40.000,2026-02-04 18:57:50.000,2108,2026-02-04 18:57:45.316,2026-02-04 18:57:41.231,-4084.901,59.97133255004883,0
2026-02-04 18:57:40.000,2026-02-04 18:57:50.000,2423,2026-02-04 18:57:45.240,2026-02-04 18:57:41.237,-4002.193,50.03883743286133,0
2026-02-04 18:57:40.000,2026-02-04 18:57:50.000,477,2026-02-04 18:57:45.333,2026-02-04 18:57:41.238,-4094.528,59.97608184814453,0
2026-02-04 18:57:40.000,2026-02-04 18:57:50.000,2108,2026-02-04 18:57:45.333,2026-02-04 18:57:41.245,-4088.018,59.97754669189453,0
2026-02-04 18:57:40.000,2026-02-04 18:57:50.000,477,2026-02-04 18:57:45.350,2026-02-04 18:57:41.254,-4095.597,59.97651290893555,0
2026-02-04 18:57:40.000,2026-02-04 18:57:50.000,2423,2026-02-04 18:57:45.260,2026-02-04 18:57:41.258,-4001.609,50.039573669433594,0
2026-02-04 18:57:40.000,2026-02-04 18:57:50.000,2108,2026-02-04 18:57:45.350,2026-02-04 18:57:41.262,-4087.601,59.98028564453125,0
2026-02-04 18:57:40.000,2026-02-04 18:57:50.000,2423,2026-02-04 18:57:45.280,2026-02-04 18:57:41.277,-4002.308,50.039764404296875,0
2026-02-04 18:57:40.000,2026-02-04 18:57:50.000,2108,2026-02-04 18:57:45.366,2026-02-04 18:57:41.279,-4086.980,59.97627258300781,0
2026-02-04 18:57:40.000,2026-02-04 18:57:50.000,2108,2026-02-04 18:57:45.383,2026-02-04 18:57:41.295,-4087.512,59.97404479980469,0
2026-02-04 18:57:40.000,2026-02-04 18:57:50.000,2423,2026-02-04 18:57:45.299,2026-02-04 18:57:41.297,-4002.169,50.04041290283203,0
2026-02-04 18:57:40.000,2026-02-04 18:57:50.000,477,2026-02-04 18:57:45.366,2026-02-04 18:57:41.301,-4064.847,59.97633743286133,0
2026-02-04 18:57:40.000,2026-02-04 18:57:50.000,477,2026-02-04 18:57:45.383,2026-02-04 18:57:41.301,-4081.511,59.97621154785156,0
2026-02-04 18:57:40.000,2026-02-04 18:57:50.000,477,2026-02-04 18:57:45.400,2026-02-04 18:57:41.305,-4094.658,59.976470947265625,0
2026-02-04 18:57:40.000,2026-02-04 18:57:50.000,2108,2026-02-04 18:57:45.400,2026-02-04 18:57:41.312,-4087.651,59.975494384765625,0
2026-02-04 18:57:40.000,2026-02-04 18:57:50.000,2423,2026-02-04 18:57:45.320,2026-02-04 18:57:41.318,-4001.605,50.04072570800781,0
2026-02-04 18:57:40.000,2026-02-04 18:57:50.000,477,2026-02-04 18:57:45.416,2026-02-04 18:57:41.321,-4095.274,59.976871490478516,0
2026-02-04 18:57:40.000,2026-02-04 18:57:50.000,2108,2026-02-04 18:57:45.416,2026-02-04 18:57:41.329,-4087.213,59.978050231933594,0
2026-02-04 18:57:40.000,2026-02-04 18:57:50.000,2423,2026-02-04 18:57:45.340,2026-02-04 18:57:41.338,-4001.534,50.03929138183594,0
2026-02-04 18:57:40.000,2026-02-04 18:57:50.000,477,2026-02-04 18:57:45.433,2026-02-04 18:57:41.338,-4094.853,59.97740936279297,0
2026-02-04 18:57:40.000,2026-02-04 18:57:50.000,2108,2026-02-04 18:57:45.433,2026-02-04 18:57:41.345,-4087.763,59.98143768310547,0
2026-02-04 18:57:40.000,2026-02-04 18:57:50.000,477,2026-02-04 18:57:45.450,2026-02-04 18:57:41.354,-4095.333,59.976844787597656,0
2026-02-04 18:57:40.000,2026-02-04 18:57:50.000,2423,2026-02-04 18:57:45.360,2026-02-04 18:57:41.358,-4001.328,50.039215087890625,0
2026-02-04 18:57:40.000,2026-02-04 18:57:50.000,2108,2026-02-04 18:57:45.450,2026-02-04 18:57:41.362,-4087.328,59.978599548339844,0
2026-02-04 18:57:40.000,2026-02-04 18:57:50.000,477,2026-02-04 18:57:45.466,2026-02-04 18:57:41.371,-4094.923,59.975502014160156,0
2026-02-04 18:57:40.000,2026-02-04 18:57:50.000,2423,2026-02-04 18:57:45.379,2026-02-04 18:57:41.378,-4001.194,50.03919219970703,0
2026-02-04 18:57:40.000,2026-02-04 18:57:50.000,2108,2026-02-04 18:57:45.466,2026-02-04 18:57:41.379,-4086.866,59.97307586669922,0
2026-02-04 18:57:40.000,2026-02-04 18:57:50.000,477,2026-02-04 18:57:45.483,2026-02-04 18:57:41.388,-4094.952,59.97636032104492,0
2026-02-04 18:57:40.000,2026-02-04 18:57:50.000,2108,2026-02-04 18:57:45.483,2026-02-04 18:57:41.395,-4087.861,59.977508544921875,0
2026-02-04 18:57:40.000,2026-02-04 18:57:50.000,2423,2026-02-04 18:57:45.400,2026-02-04 18:57:41.398,-4001.530,50.03899002075195,0
2026-02-04 18:57:40.000,2026-02-04 18:57:50.000,477,2026-02-04 18:57:45.500,2026-02-04 18:57:41.405,-4094.402,59.97850799560547,0
2026-02-04 18:57:40.000,2026-02-04 18:57:50.000,2108,2026-02-04 18:57:45.500,2026-02-04 18:57:41.412,-4087.405,59.983055114746094,0
2026-02-04 18:57:40.000,2026-02-04 18:57:50.000,2423,2026-02-04 18:57:45.420,2026-02-04 18:57:41.418,-4001.325,50.039398193359375,0
2026-02-04 18:57:40.000,2026-02-04 18:57:50.000,477,2026-02-04 18:57:45.516,2026-02-04 18:57:41.422,-4093.987,59.978294372558594,0
2026-02-04 18:57:40.000,2026-02-04 18:57:50.000,2108,2026-02-04 18:57:45.516,2026-02-04 18:57:41.428,-4087.923,59.97945785522461,0
2026-02-04 18:57:40.000,2026-02-04 18:57:50.000,2423,2026-02-04 18:57:45.440,2026-02-04 18:57:41.437,-4002.043,50.03964614868164,0
2026-02-04 18:57:40.000,2026-02-04 18:57:50.000,477,2026-02-04 18:57:45.533,2026-02-04 18:57:41.437,-4095.379,59.97716522216797,0
2026-02-04 18:57:40.000,2026-02-04 18:57:50.000,2108,2026-02-04 18:57:45.533,2026-02-04 18:57:41.446,-4086.868,59.972068786621094,0
2026-02-04 18:57:40.000,2026-02-04 18:57:50.000,477,2026-02-04 18:57:45.550,2026-02-04 18:57:41.454,-4095.439,59.97700500488281,0
2026-02-04 18:57:40.000,2026-02-04 18:57:50.000,2423,2026-02-04 18:57:45.459,2026-02-04 18:57:41.458,-4001.428,50.04043197631836,0
2026-02-04 18:57:40.000,2026-02-04 18:57:50.000,2108,2026-02-04 18:57:45.550,2026-02-04 18:57:41.462,-4087.440,59.96967315673828,0
2026-02-04 18:57:40.000,2026-02-04 18:57:50.000,477,2026-02-04 18:57:45.566,2026-02-04 18:57:41.471,-4095.055,59.976924896240234,0
2026-02-04 18:57:40.000,2026-02-04 18:57:50.000,2423,2026-02-04 18:57:45.480,2026-02-04 18:57:41.477,-4002.323,50.041194915771484,0
2026-02-04 18:57:40.000,2026-02-04 18:57:50.000,2108,2026-02-04 18:57:45.566,2026-02-04 18:57:41.478,-4087.995,59.97483825683594,0
2026-02-04 18:57:40.000,2026-02-04 18:57:50.000,477,2026-02-04 18:57:45.583,2026-02-04 18:57:41.488,-4094.608,59.97731018066406,0
2026-02-04 18:57:40.000,2026-02-04 18:57:50.000,2108,2026-02-04 18:57:45.583,2026-02-04 18:57:41.495,-4087.555,59.98044967651367,0
2026-02-04 18:57:40.000,2026-02-04 18:57:50.000,2423,2026-02-04 18:57:45.500,2026-02-04 18:57:41.497,-4002.230,50.04113006591797,0
2026-02-04 18:57:40.000,2026-02-04 18:57:50.000,477,2026-02-04 18:57:45.600,2026-02-04 18:57:41.504,-4095.191,59.97772216796875,0
2026-02-04 18:57:40.000,2026-02-04 18:57:50.000,2108,2026-02-04 18:57:45.600,2026-02-04 18:57:41.511,-4088.192,59.97977066040039,0
2026-02-04 18:57:40.000,2026-02-04 18:57:50.000,2423,2026-02-04 18:57:45.520,2026-02-04 18:57:41.518,-4001.680,50.0418815612793,0
2026-02-04 18:57:40.000,2026-02-04 18:57:50.000,477,2026-02-04 18:57:45.616,2026-02-04 18:57:41.521,-4095.345,59.977081298828125,0
2026-02-04 18:57:40.000,2026-02-04 18:57:50.000,2108,2026-02-04 18:57:45.616,2026-02-04 18:57:41.529,-4087.214,59.9753303527832,0
2026-02-04 18:57:40.000,2026-02-04 18:57:50.000,2423,2026-02-04 18:57:45.539,2026-02-04 18:57:41.538,-4001.984,50.04178237915039,0
2026-02-04 18:57:40.000,2026-02-04 18:57:50.000,477,2026-02-04 18:57:45.633,2026-02-04 18:57:41.539,-4094.313,59.976951599121094,0
2026-02-04 18:57:40.000,2026-02-04 18:57:50.000,2108,2026-02-04 18:57:45.633,2026-02-04 18:57:41.545,-4087.703,59.975650787353516,0
2026-02-04 18:57:40.000,2026-02-04 18:57:50.000,477,2026-02-04 18:57:45.650,2026-02-04 18:57:41.554,-4095.073,59.977813720703125,0
2026-02-04 18:57:40.000,2026-02-04 18:57:50.000,2423,2026-02-04 18:57:45.560,2026-02-04 18:57:41.558,-4001.497,50.03923797607422,0
2026-02-04 18:57:40.000,2026-02-04 18:57:50.000,2108,2026-02-04 18:57:45.650,2026-02-04 18:57:41.562,-4087.494,59.97930908203125,0
2026-02-04 18:57:40.000,2026-02-04 18:57:50.000,477,2026-02-04 18:57:45.666,2026-02-04 18:57:41.571,-4095.063,59.97804641723633,0
2026-02-04 18:57:40.000,2026-02-04 18:57:50.000,2423,2026-02-04 18:57:45.580,2026-02-04 18:57:41.577,-4002.333,50.03910446166992,0
2026-02-04 18:57:40.000,2026-02-04 18:57:50.000,2108,2026-02-04 18:57:45.666,2026-02-04 18:57:41.578,-4087.990,59.98049545288086,0
2026-02-04 18:57:40.000,2026-02-04 18:57:50.000,477,2026-02-04 18:57:45.683,2026-02-04 18:57:41.587,-4095.612,59.97724151611328,0
2026-02-04 18:57:40.000,2026-02-04 18:57:50.000,2108,2026-02-04 18:57:45.683,2026-02-04 18:57:41.596,-4087.099,59.97792053222656,0
2026-02-04 18:57:40.000,2026-02-04 18:57:50.000,2423,2026-02-04 18:57:45.600,2026-02-04 18:57:41.598,-4001.770,50.0413818359375,0
2026-02-04 18:57:40.000,2026-02-04 18:57:50.000,477,2026-02-04 18:57:45.699,2026-02-04 18:57:41.604,-4095.248,59.97639083862305,0
2026-02-04 18:57:40.000,2026-02-04 18:57:50.000,2108,2026-02-04 18:57:45.699,2026-02-04 18:57:41.612,-4087.243,59.973751068115234,0
2026-02-04 18:57:40.000,2026-02-04 18:57:50.000,2423,2026-02-04 18:57:45.619,2026-02-04 18:57:41.618,-4001.730,50.04045486450195,0
2026-02-04 18:57:40.000,2026-02-04 18:57:50.000,477,2026-02-04 18:57:45.716,2026-02-04 18:57:41.621,-4095.412,59.97714614868164,0
2026-02-04 18:57:40.000,2026-02-04 18:57:50.000,2108,2026-02-04 18:57:45.716,2026-02-04 18:57:41.628,-4087.905,59.97323989868164,0
2026-02-04 18:57:40.000,2026-02-04 18:57:50.000,2423,2026-02-04 18:57:45.640,2026-02-04 18:57:41.637,-4002.181,50.0389289855957,0
2026-02-04 18:57:40.000,2026-02-04 18:57:50.000,477,2026-02-04 18:57:45.733,2026-02-04 18:57:41.638,-4094.517,59.97813034057617,0
2026-02-04 18:57:40.000,2026-02-04 18:57:50.000,2108,2026-02-04 18:57:45.733,2026-02-04 18:57:41.645,-4087.995,59.97541427612305,0
2026-02-04 18:57:40.000,2026-02-04 18:57:50.000,477,2026-02-04 18:57:45.750,2026-02-04 18:57:41.655,-4094.607,59.97773361206055,0
2026-02-04 18:57:40.000,2026-02-04 18:57:50.000,2423,2026-02-04 18:57:45.660,2026-02-04 18:57:41.658,-4001.614,50.04046630859375,0
2026-02-04 18:57:40.000,2026-02-04 18:57:50.000,2108,2026-02-04 18:57:45.750,2026-02-04 18:57:41.662,-4087.610,59.97690963745117,0
2026-02-04 18:57:40.000,2026-02-04 18:57:50.000,477,2026-02-04 18:57:45.766,2026-02-04 18:57:41.671,-4095.193,59.97740173339844,0
2026-02-04 18:57:40.000,2026-02-04 18:57:50.000,2423,2026-02-04 18:57:45.680,2026-02-04 18:57:41.677,-4002.397,50.04234313964844,0
2026-02-04 18:57:40.000,2026-02-04 18:57:50.000,2108,2026-02-04 18:57:45.766,2026-02-04 18:57:41.679,-4087.066,59.976417541503906,0
2026-02-04 18:57:40.000,2026-02-04 18:57:50.000,477,2026-02-04 18:57:45.783,2026-02-04 18:57:41.687,-4095.627,59.9774169921875,0
2026-02-04 18:57:40.000,2026-02-04 18:57:50.000,2108,2026-02-04 18:57:45.783,2026-02-04 18:57:41.696,-4087.050,59.97525405883789,0
2026-02-04 18:57:40.000,2026-02-04 18:57:50.000,2423,2026-02-04 18:57:45.699,2026-02-04 18:57:41.698,-4001.708,50.04100036621094,0
2026-02-04 18:57:40.000,2026-02-04 18:57:50.000,477,2026-02-04 18:57:45.800,2026-02-04 18:57:41.704,-4095.553,59.97724914550781,0
2026-02-04 18:57:40.000,2026-02-04 18:57:50.000,2108,2026-02-04 18:57:45.800,2026-02-04 18:57:41.712,-4087.551,59.976470947265625,0
2026-02-04 18:57:40.000,2026-02-04 18:57:50.000,2423,2026-02-04 18:57:45.720,2026-02-04 18:57:41.718,-4001.487,50.03717041015625,0
2026-02-04 18:57:40.000,2026-02-04 18:57:50.000,477,2026-02-04 18:57:45.816,2026-02-04 18:57:41.721,-4095.151,59.97726058959961,0
2026-02-04 18:57:40.000,2026-02-04 18:57:50.000,2108,2026-02-04 18:57:45.816,2026-02-04 18:57:41.729,-4087.110,59.976680755615234,0
2026-02-04 18:57:40.000,2026-02-04 18:57:50.000,477,2026-02-04 18:57:45.833,2026-02-04 18:57:41.737,-4095.698,59.977882385253906,0
2026-02-04 18:57:40.000,2026-02-04 18:57:50.000,2423,2026-02-04 18:57:45.740,2026-02-04 18:57:41.738,-4001.379,50.03736877441406,0
2026-02-04 18:57:40.000,2026-02-04 18:57:50.000,2108,2026-02-04 18:57:45.833,2026-02-04 18:57:41.752,-4081.049,59.97496032714844,0
2026-02-04 18:57:40.000,2026-02-04 18:57:50.000,477,2026-02-04 18:57:45.850,2026-02-04 18:57:41.756,-4093.932,59.977779388427734,0
2026-02-04 18:57:40.000,2026-02-04 18:57:50.000,2423,2026-02-04 18:57:45.760,2026-02-04 18:57:41.767,-3992.409,50.0406379699707,0
2026-02-04 18:57:40.000,2026-02-04 18:57:50.000,2108,2026-02-04 18:57:45.850,2026-02-04 18:57:41.767,-4082.409,59.97632598876953,0
2026-02-04 18:57:40.000,2026-02-04 18:57:50.000,477,2026-02-04 18:57:45.866,2026-02-04 18:57:41.773,-4093.074,59.97705841064453,0
2026-02-04 18:57:40.000,2026-02-04 18:57:50.000,2423,2026-02-04 18:57:45.779,2026-02-04 18:57:41.777,-4002.302,50.04022979736328,0
2026-02-04 18:57:40.000,2026-02-04 18:57:50.000,2108,2026-02-04 18:57:45.866,2026-02-04 18:57:41.778,-4087.968,59.977813720703125,0
2026-02-04 18:57:40.000,2026-02-04 18:57:50.000,477,2026-02-04 18:57:45.883,2026-02-04 18:57:41.787,-4095.594,59.976783752441406,0
2026-02-04 18:57:40.000,2026-02-04 18:57:50.000,2108,2026-02-04 18:57:45.883,2026-02-04 18:57:41.795,-4087.561,59.976985931396484,0
2026-02-04 18:57:40.000,2026-02-04 18:57:50.000,2423,2026-02-04 18:57:45.800,2026-02-04 18:57:41.798,-4001.232,50.0384521484375,0
2026-02-04 18:57:40.000,2026-02-04 18:57:50.000,477,2026-02-04 18:57:45.900,2026-02-04 18:57:41.804,-4095.183,59.97681427001953,0
2026-02-04 18:57:40.000,2026-02-04 18:57:50.000,2108,2026-02-04 18:57:45.900,2026-02-04 18:57:41.811,-4088.181,59.97696304321289,0
2026-02-04 18:57:40.000,2026-02-04 18:57:50.000,2423,2026-02-04 18:57:45.820,2026-02-04 18:57:41.818,-4001.671,50.039737701416016,0
2026-02-04 18:57:40.000,2026-02-04 18:57:50.000,477,2026-02-04 18:57:45.916,2026-02-04 18:57:41.821,-4095.334,59.97724533081055,0
2026-02-04 18:57:40.000,2026-02-04 18:57:50.000,2108,2026-02-04 18:57:45.916,2026-02-04 18:57:41.829,-4087.244,59.975547790527344,0
2026-02-04 18:57:40.000,2026-02-04 18:57:50.000,477,2026-02-04 18:57:45.933,2026-02-04 18:57:41.838,-4094.829,59.97776412963867,0
2026-02-04 18:57:40.000,2026-02-04 18:57:50.000,2423,2026-02-04 18:57:45.840,2026-02-04 18:57:41.838,-4001.493,50.04209518432617,0
2026-02-04 18:57:40.000,2026-02-04 18:57:50.000,2108,2026-02-04 18:57:45.933,2026-02-04 18:57:41.845,-4087.661,59.97372055053711,0
2026-02-04 18:57:40.000,2026-02-04 18:57:50.000,477,2026-02-04 18:57:45.950,2026-02-04 18:57:41.854,-4095.291,59.97755432128906,0
2026-02-04 18:57:40.000,2026-02-04 18:57:50.000,2423,2026-02-04 18:57:45.859,2026-02-04 18:57:41.858,-4001.286,50.04270553588867,0
2026-02-04 18:57:40.000,2026-02-04 18:57:50.000,2108,2026-02-04 18:57:45.950,2026-02-04 18:57:41.862,-4087.294,59.97542953491211,0
2026-02-04 18:57:40.000,2026-02-04 18:57:50.000,477,2026-02-04 18:57:45.966,2026-02-04 18:57:41.871,-4094.898,59.97721862792969,0
2026-02-04 18:57:40.000,2026-02-04 18:57:50.000,2423,2026-02-04 18:57:45.880,2026-02-04 18:57:41.878,-4001.712,50.04041290283203,0
2026-02-04 18:57:40.000,2026-02-04 18:57:50.000,2108,2026-02-04 18:57:45.966,2026-02-04 18:57:41.879,-4087.385,59.97676086425781,0
2026-02-04 18:57:40.000,2026-02-04 18:57:50.000,477,2026-02-04 18:57:45.983,2026-02-04 18:57:41.888,-4095.062,59.9771614074707,0
2026-02-04 18:57:40.000,2026-02-04 18:57:50.000,2108,2026-02-04 18:57:45.983,2026-02-04 18:57:41.895,-4087.543,59.974853515625,0
2026-02-04 18:57:40.000,2026-02-04 18:57:50.000,2423,2026-02-04 18:57:45.900,2026-02-04 18:57:41.897,-4002.216,50.0386848449707,0
2026-02-04 18:57:40.000,2026-02-04 18:57:50.000,477,2026-02-04 18:57:46.000,2026-02-04 18:57:41.905,-4094.695,59.97650909423828,0
2026-02-04 18:57:40.000,2026-02-04 18:57:50.000,2108,2026-02-04 18:57:46.000,2026-02-04 18:57:41.912,-4087.693,59.974212646484375,0
2026-02-04 18:57:40.000,2026-02-04 18:57:50.000,2423,2026-02-04 18:57:45.920,2026-02-04 18:57:41.918,-4001.274,50.04063034057617,0
2026-02-04 18:57:40.000,2026-02-04 18:57:50.000,477,2026-02-04 18:57:46.016,2026-02-04 18:57:41.921,-4094.938,59.97602844238281,0
2026-02-04 18:57:40.000,2026-02-04 18:57:50.000,2108,2026-02-04 18:57:46.016,2026-02-04 18:57:41.928,-4087.897,59.97822952270508,0
2026-02-04 18:57:40.000,2026-02-04 18:57:50.000,2423,2026-02-04 18:57:45.939,2026-02-04 18:57:41.937,-4002.188,50.0423583984375,0
2026-02-04 18:57:40.000,2026-02-04 18:57:50.000,477,2026-02-04 18:57:46.033,2026-02-04 18:57:41.937,-4095.524,59.976806640625,0
2026-02-04 18:57:40.000,2026-02-04 18:57:50.000,2108,2026-02-04 18:57:46.033,2026-02-04 18:57:41.945,-4088.013,59.982173919677734,0
2026-02-04 18:57:40.000,2026-02-04 18:57:50.000,477,2026-02-04 18:57:46.050,2026-02-04 18:57:41.954,-4095.321,59.97728729248047,0
2026-02-04 18:57:40.000,2026-02-04 18:57:50.000,2423,2026-02-04 18:57:45.960,2026-02-04 18:57:41.957,-4002.323,50.04201126098633,0
2026-02-04 18:57:40.000,2026-02-04 18:57:50.000,2108,2026-02-04 18:57:46.050,2026-02-04 18:57:41.962,-4087.808,59.98112869262695,0
2026-02-04 18:57:40.000,2026-02-04 18:57:50.000,477,2026-02-04 18:57:46.066,2026-02-04 18:57:41.971,-4095.405,59.976951599121094,0
2026-02-04 18:57:40.000,2026-02-04 18:57:50.000,2423,2026-02-04 18:57:45.980,2026-02-04 18:57:41.977,-4002.236,50.04105758666992,0
2026-02-04 18:57:40.000,2026-02-04 18:57:50.000,2108,2026-02-04 18:57:46.066,2026-02-04 18:57:41.978,-4087.892,59.975128173828125,0
2026-02-04 18:57:40.000,2026-02-04 18:57:50.000,477,2026-02-04 18:57:46.083,2026-02-04 18:57:41.988,-4094.883,59.97660446166992,0
2026-02-04 18:57:40.000,2026-02-04 18:57:50.000,2108,2026-02-04 18:57:46.083,2026-02-04 18:57:41.995,-4087.792,59.97016525268555,0
2026-02-04 18:57:40.000,2026-02-04 18:57:50.000,2423,2026-02-04 18:57:46.000,2026-02-04 18:57:41.998,-4001.464,50.040306091308594,0
2026-02-04 18:57:40.000,2026-02-04 18:57:50.000,477,2026-02-04 18:57:46.099,2026-02-04 18:57:42.004,-4095.311,59.976051330566406,0
2026-02-04 18:57:40.000,2026-02-04 18:57:50.000,2108,2026-02-04 18:57:46.099,2026-02-04 18:57:42.012,-4087.310,59.97224426269531,0
2026-02-04 18:57:40.000,2026-02-04 18:57:50.000,2423,2026-02-04 18:57:46.019,2026-02-04 18:57:42.021,-3998.271,50.03982162475586,0
2026-02-04 18:57:40.000,2026-02-04 18:57:50.000,477,2026-02-04 18:57:46.116,2026-02-04 18:57:42.021,-4094.950,59.97633361816406,0
2026-02-04 18:57:40.000,2026-02-04 18:57:50.000,2108,2026-02-04 18:57:46.116,2026-02-04 18:57:42.029,-4087.440,59.97726058959961,0
2026-02-04 18:57:40.000,2026-02-04 18:57:50.000,2423,2026-02-04 18:57:46.040,2026-02-04 18:57:42.037,-4002.255,50.03923416137695,0
2026-02-04 18:57:40.000,2026-02-04 18:57:50.000,477,2026-02-04 18:57:46.133,2026-02-04 18:57:42.038,-4094.590,59.97765350341797,0
2026-02-04 18:57:40.000,2026-02-04 18:57:50.000,2108,2026-02-04 18:57:46.133,2026-02-04 18:57:42.045,-4087.554,59.980255126953125,0
2026-02-04 18:57:40.000,2026-02-04 18:57:50.000,477,2026-02-04 18:57:46.150,2026-02-04 18:57:42.054,-4095.711,59.97767639160156,0
2026-02-04 18:57:40.000,2026-02-04 18:57:50.000,2423,2026-02-04 18:57:46.060,2026-02-04 18:57:42.058,-4001.717,50.039764404296875,0
2026-02-04 18:57:40.000,2026-02-04 18:57:50.000,2108,2026-02-04 18:57:46.150,2026-02-04 18:57:42.062,-4087.710,59.979164123535156,0
2026-02-04 18:57:40.000,2026-02-04 18:57:50.000,477,2026-02-04 18:57:46.166,2026-02-04 18:57:42.071,-4095.324,59.976654052734375,0
2026-02-04 18:57:40.000,2026-02-04 18:57:50.000,2423,2026-02-04 18:57:46.080,2026-02-04 18:57:42.078,-4001.544,50.040313720703125,0
2026-02-04 18:57:40.000,2026-02-04 18:57:50.000,2108,2026-02-04 18:57:46.166,2026-02-04 18:57:42.079,-4087.218,59.97682571411133,0
2026-02-04 18:57:40.000,2026-02-04 18:57:50.000,477,2026-02-04 18:57:46.183,2026-02-04 18:57:42.088,-4095.300,59.97621154785156,0
2026-02-04 18:57:40.000,2026-02-04 18:57:50.000,2108,2026-02-04 18:57:46.183,2026-02-04 18:57:42.096,-4087.209,59.976436614990234,0
2026-02-04 18:57:40.000,2026-02-04 18:57:50.000,2423,2026-02-04 18:57:46.099,2026-02-04 18:57:42.098,-4001.864,50.039405822753906,0
2026-02-04 18:57:40.000,2026-02-04 18:57:50.000,477,2026-02-04 18:57:46.200,2026-02-04 18:57:42.104,-4095.363,59.97642135620117,0
2026-02-04 18:57:40.000,2026-02-04 18:57:50.000,2108,2026-02-04 18:57:46.200,2026-02-04 18:57:42.112,-4087.358,59.97633361816406,0
2026-02-04 18:57:40.000,2026-02-04 18:57:50.000,2423,2026-02-04 18:57:46.120,2026-02-04 18:57:42.118,-4001.853,50.040061950683594,0
2026-02-04 18:57:40.000,2026-02-04 18:57:50.000,477,2026-02-04 18:57:46.216,2026-02-04 18:57:42.121,-4095.519,59.97694396972656,0
2026-02-04 18:57:40.000,2026-02-04 18:57:50.000,2108,2026-02-04 18:57:46.216,2026-02-04 18:57:42.128,-4088.008,59.976200103759766,0
2026-02-04 18:57:40.000,2026-02-04 18:57:50.000,477,2026-02-04 18:57:46.233,2026-02-04 18:57:42.138,-4095.164,59.97688293457031,0
2026-02-04 18:57:40.000,2026-02-04 18:57:50.000,2423,2026-02-04 18:57:46.140,2026-02-04 18:57:42.138,-4001.844,50.04220199584961,0
2026-02-04 18:57:40.000,2026-02-04 18:57:50.000,2108,2026-02-04 18:57:46.233,2026-02-04 18:57:42.145,-4087.649,59.97441482543945,0
2026-02-04 18:57:40.000,2026-02-04 18:57:50.000,477,2026-02-04 18:57:46.250,2026-02-04 18:57:42.154,-4095.139,59.97612380981445,0
2026-02-04 18:57:40.000,2026-02-04 18:57:50.000,2423,2026-02-04 18:57:46.160,2026-02-04 18:57:42.157,-4002.143,50.042930603027344,0
2026-02-04 18:57:40.000,2026-02-04 18:57:50.000,2108,2026-02-04 18:57:46.250,2026-02-04 18:57:42.161,-4088.141,59.974143981933594,0
2026-02-04 18:57:40.000,2026-02-04 18:57:50.000,477,2026-02-04 18:57:46.266,2026-02-04 18:57:42.171,-4095.237,59.97576904296875,0
2026-02-04 18:57:40.000,2026-02-04 18:57:50.000,2423,2026-02-04 18:57:46.179,2026-02-04 18:57:42.178,-4001.510,50.041194915771484,0
2026-02-04 18:57:40.000,2026-02-04 18:57:50.000,2108,2026-02-04 18:57:46.266,2026-02-04 18:57:42.179,-4087.181,59.97849655151367,0
2026-02-04 18:57:40.000,2026-02-04 18:57:50.000,477,2026-02-04 18:57:46.283,2026-02-04 18:57:42.187,-4095.744,59.97624206542969,0
2026-02-04 18:57:40.000,2026-02-04 18:57:50.000,2108,2026-02-04 18:57:46.283,2026-02-04 18:57:42.196,-4086.685,59.97979736328125,0
2026-02-04 18:57:40.000,2026-02-04 18:57:50.000,2423,2026-02-04 18:57:46.200,2026-02-04 18:57:42.197,-4002.352,50.03925704956055,0
2026-02-04 18:57:40.000,2026-02-04 18:57:50.000,477,2026-02-04 18:57:46.300,2026-02-04 18:57:42.204,-4095.290,59.97663879394531,0
2026-02-04 18:57:40.000,2026-02-04 18:57:50.000,2108,2026-02-04 18:57:46.300,2026-02-04 18:57:42.212,-4087.286,59.97676467895508,0
2026-02-04 18:57:40.000,2026-02-04 18:57:50.000,2423,2026-02-04 18:57:46.220,2026-02-04 18:57:42.218,-4001.776,50.039268493652344,0
2026-02-04 18:57:40.000,2026-02-04 18:57:50.000,477,2026-02-04 18:57:46.316,2026-02-04 18:57:42.221,-4095.439,59.9764518737793,0
2026-02-04 18:57:40.000,2026-02-04 18:57:50.000,2108,2026-02-04 18:57:46.316,2026-02-04 18:57:42.228,-4087.928,59.97567367553711,0
2026-02-04 18:57:40.000,2026-02-04 18:57:50.000,477,2026-02-04 18:57:46.333,2026-02-04 18:57:42.237,-4095.491,59.97587966918945,0
2026-02-04 18:57:40.000,2026-02-04 18:57:50.000,2423,2026-02-04 18:57:46.240,2026-02-04 18:57:42.238,-4001.155,50.03980255126953,0
2026-02-04 18:57:40.000,2026-02-04 18:57:50.000,2108,2026-02-04 18:57:46.333,2026-02-04 18:57:42.245,-4087.980,59.974891662597656,0
2026-02-04 18:57:40.000,2026-02-04 18:57:50.000,477,2026-02-04 18:57:46.350,2026-02-04 18:57:42.254,-4095.134,59.975826263427734,0
2026-02-04 18:57:40.000,2026-02-04 18:57:50.000,2423,2026-02-04 18:57:46.259,2026-02-04 18:57:42.257,-4002.093,50.03937530517578,0
2026-02-04 18:57:40.000,2026-02-04 18:57:50.000,2108,2026-02-04 18:57:46.350,2026-02-04 18:57:42.261,-4088.103,59.97713851928711,0
2026-02-04 18:57:40.000,2026-02-04 18:57:50.000,477,2026-02-04 18:57:46.366,2026-02-04 18:57:42.270,-4095.710,59.9769287109375,0
2026-02-04 18:57:40.000,2026-02-04 18:57:50.000,2423,2026-02-04 18:57:46.280,2026-02-04 18:57:42.278,-4001.535,50.03886413574219,0
2026-02-04 18:57:40.000,2026-02-04 18:57:50.000,2108,2026-02-04 18:57:46.366,2026-02-04 18:57:42.279,-4087.207,59.980995178222656,0
2026-02-04 18:57:40.000,2026-02-04 18:57:50.000,477,2026-02-04 18:57:46.383,2026-02-04 18:57:42.290,-4092.770,59.9771614074707,0
2026-02-04 18:57:40.000,2026-02-04 18:57:50.000,2108,2026-02-04 18:57:46.383,2026-02-04 18:57:42.296,-4087.261,59.975990295410156,0
2026-02-04 18:57:40.000,2026-02-04 18:57:50.000,2423,2026-02-04 18:57:46.300,2026-02-04 18:57:42.299,-4000.932,50.03959655761719,0
2026-02-04 18:57:40.000,2026-02-04 18:57:50.000,477,2026-02-04 18:57:46.400,2026-02-04 18:57:42.305,-4094.402,59.97599792480469,0
2026-02-04 18:57:40.000,2026-02-04 18:57:50.000,2108,2026-02-04 18:57:46.400,2026-02-04 18:57:42.312,-4087.848,59.972007751464844,0
2026-02-04 18:57:40.000,2026-02-04 18:57:50.000,2423,2026-02-04 18:57:46.320,2026-02-04 18:57:42.323,-3996.553,50.040863037109375,0
2026-02-04 18:57:40.000,2026-02-04 18:57:50.000,477,2026-02-04 18:57:46.416,2026-02-04 18:57:42.323,-4092.680,59.97530746459961,0
2026-02-04 18:57:40.000,2026-02-04 18:57:50.000,2108,2026-02-04 18:57:46.416,2026-02-04 18:57:42.329,-4087.329,59.97762680053711,0
2026-02-04 18:57:40.000,2026-02-04 18:57:50.000,477,2026-02-04 18:57:46.433,2026-02-04 18:57:42.338,-4095.062,59.97631072998047,0
2026-02-04 18:57:40.000,2026-02-04 18:57:50.000,2423,2026-02-04 18:57:46.339,2026-02-04 18:57:42.338,-4001.195,50.04091262817383,0
2026-02-04 18:57:40.000,2026-02-04 18:57:50.000,2108,2026-02-04 18:57:46.433,2026-02-04 18:57:42.346,-4087.172,59.9797477722168,0
2026-02-04 18:57:40.000,2026-02-04 18:57:50.000,477,2026-02-04 18:57:46.450,2026-02-04 18:57:42.354,-4095.588,59.976959228515625,0
2026-02-04 18:57:40.000,2026-02-04 18:57:50.000,2423,2026-02-04 18:57:46.360,2026-02-04 18:57:42.357,-4002.002,50.03931427001953,0
2026-02-04 18:57:40.000,2026-02-04 18:57:50.000,2108,2026-02-04 18:57:46.450,2026-02-04 18:57:42.361,-4088.003,59.97357177734375,0
2026-02-04 18:57:40.000,2026-02-04 18:57:50.000,477,2026-02-04 18:57:46.466,2026-02-04 18:57:42.376,-4090.633,59.976600646972656,0
2026-02-04 18:57:40.000,2026-02-04 18:57:50.000,2423,2026-02-04 18:57:46.380,2026-02-04 18:57:42.390,-3989.372,50.0394401550293,0
2026-02-04 18:57:40.000,2026-02-04 18:57:50.000,2108,2026-02-04 18:57:46.466,2026-02-04 18:57:42.391,-4075.030,59.97111892700195,0
2026-02-04 18:57:40.000,2026-02-04 18:57:50.000,477,2026-02-04 18:57:46.483,2026-02-04 18:57:42.391,-4091.694,59.97625732421875,0
2026-02-04 18:57:40.000,2026-02-04 18:57:50.000,2108,2026-02-04 18:57:46.483,2026-02-04 18:57:42.395,-4087.593,59.978092193603516,0
2026-02-04 18:57:40.000,2026-02-04 18:57:50.000,2423,2026-02-04 18:57:46.400,2026-02-04 18:57:42.397,-4002.264,50.041969299316406,0
2026-02-04 18:57:40.000,2026-02-04 18:57:50.000,477,2026-02-04 18:57:46.499,2026-02-04 18:57:42.404,-4095.234,59.976409912109375,0
2026-02-04 18:57:40.000,2026-02-04 18:57:50.000,2108,2026-02-04 18:57:46.499,2026-02-04 18:57:42.412,-4087.605,59.981834411621094,0
2026-02-04 18:57:40.000,2026-02-04 18:57:50.000,2423,2026-02-04 18:57:46.419,2026-02-04 18:57:42.418,-4001.545,50.04180908203125,0
2026-02-04 18:57:40.000,2026-02-04 18:57:50.000,477,2026-02-04 18:57:46.516,2026-02-04 18:57:42.422,-4094.224,59.97721862792969,0
2026-02-04 18:57:40.000,2026-02-04 18:57:50.000,2108,2026-02-04 18:57:46.516,2026-02-04 18:57:42.429,-4087.150,59.97808074951172,0
2026-02-04 18:57:40.000,2026-02-04 18:57:50.000,477,2026-02-04 18:57:46.533,2026-02-04 18:57:42.438,-4094.738,59.97754669189453,0
2026-02-04 18:57:40.000,2026-02-04 18:57:50.000,2423,2026-02-04 18:57:46.440,2026-02-04 18:57:42.439,-4000.401,50.039466857910156,0
2026-02-04 18:57:40.000,2026-02-04 18:57:50.000,2108,2026-02-04 18:57:46.533,2026-02-04 18:57:42.446,-4087.220,59.97466278076172,0
2026-02-04 18:57:40.000,2026-02-04 18:57:50.000,477,2026-02-04 18:57:46.550,2026-02-04 18:57:42.456,-4093.849,59.976558685302734,0
2026-02-04 18:57:40.000,2026-02-04 18:57:50.000,2423,2026-02-04 18:57:46.460,2026-02-04 18:57:42.458,-4001.857,50.040061950683594,0
2026-02-04 18:57:40.000,2026-02-04 18:57:50.000,2108,2026-02-04 18:57:46.550,2026-02-04 18:57:42.465,-4084.340,59.97347640991211,0
2026-02-04 18:57:40.000,2026-02-04 18:57:50.000,477,2026-02-04 18:57:46.566,2026-02-04 18:57:42.471,-4095.011,59.97526931762695,0
2026-02-04 18:57:40.000,2026-02-04 18:57:50.000,2423,2026-02-04 18:57:46.480,2026-02-04 18:57:42.478,-4001.298,50.04086685180664,0
2026-02-04 18:57:40.000,2026-02-04 18:57:50.000,2108,2026-02-04 18:57:46.566,2026-02-04 18:57:42.478,-4087.970,59.97721481323242,0
2026-02-04 18:57:40.000,2026-02-04 18:57:50.000,477,2026-02-04 18:57:46.583,2026-02-04 18:57:42.487,-4095.571,59.97527313232422,0
2026-02-04 18:57:40.000,2026-02-04 18:57:50.000,2108,2026-02-04 18:57:46.583,2026-02-04 18:57:42.508,-4075.025,59.98237228393555,0
2026-02-04 18:57:40.000,2026-02-04 18:57:50.000,2423,2026-02-04 18:57:46.499,2026-02-04 18:57:42.509,-3990.681,50.039432525634766,0
2026-02-04 18:57:40.000,2026-02-04 18:57:50.000,477,2026-02-04 18:57:46.600,2026-02-04 18:57:42.509,-4090.689,59.97612762451172,0
2026-02-04 18:57:40.000,2026-02-04 18:57:50.000,2108,2026-02-04 18:57:46.600,2026-02-04 18:57:42.512,-4087.690,59.97938537597656,0
2026-02-04 18:57:40.000,2026-02-04 18:57:50.000,2423,2026-02-04 18:57:46.520,2026-02-04 18:57:42.518,-4001.201,50.03791427612305,0
2026-02-04 18:57:40.000,2026-02-04 18:57:50.000,477,2026-02-04 18:57:46.616,2026-02-04 18:57:42.521,-4094.867,59.97681427001953,0
2026-02-04 18:57:40.000,2026-02-04 18:57:50.000,2108,2026-02-04 18:57:46.616,2026-02-04 18:57:42.529,-4087.348,59.972251892089844,0
2026-02-04 18:57:40.000,2026-02-04 18:57:50.000,2423,2026-02-04 18:57:46.540,2026-02-04 18:57:42.542,-3997.658,50.0391960144043,0
2026-02-04 18:57:40.000,2026-02-04 18:57:50.000,477,2026-02-04 18:57:46.633,2026-02-04 18:57:42.543,-4089.979,59.97671127319336,0
2026-02-04 18:57:40.000,2026-02-04 18:57:50.000,2108,2026-02-04 18:57:46.633,2026-02-04 18:57:42.545,-4087.831,59.9727897644043,0
2026-02-04 18:57:40.000,2026-02-04 18:57:50.000,477,2026-02-04 18:57:46.650,2026-02-04 18:57:42.559,-4090.976,59.97633743286133,0
2026-02-04 18:57:40.000,2026-02-04 18:57:50.000,2423,2026-02-04 18:57:46.560,2026-02-04 18:57:42.559,-4000.976,50.04231643676758,0
2026-02-04 18:57:40.000,2026-02-04 18:57:50.000,2108,2026-02-04 18:57:46.650,2026-02-04 18:57:42.562,-4087.977,59.97826385498047,0
2026-02-04 18:57:40.000,2026-02-04 18:57:50.000,477,2026-02-04 18:57:46.666,2026-02-04 18:57:42.579,-4087.508,59.97665786743164,0
2026-02-04 18:57:40.000,2026-02-04 18:57:50.000,2423,2026-02-04 18:57:46.579,2026-02-04 18:57:42.580,-3999.837,50.04267501831055,0
2026-02-04 18:57:40.000,2026-02-04 18:57:50.000,2108,2026-02-04 18:57:46.666,2026-02-04 18:57:42.580,-4086.509,59.980072021484375,0
2026-02-04 18:57:40.000,2026-02-04 18:57:50.000,477,2026-02-04 18:57:46.683,2026-02-04 18:57:42.588,-4095.144,59.9766960144043,0
2026-02-04 18:57:40.000,2026-02-04 18:57:50.000,2108,2026-02-04 18:57:46.683,2026-02-04 18:57:42.595,-4087.629,59.976417541503906,0
2026-02-04 18:57:40.000,2026-02-04 18:57:50.000,2423,2026-02-04 18:57:46.600,2026-02-04 18:57:42.597,-4002.302,50.0413932800293,0
2026-02-04 18:57:40.000,2026-02-04 18:57:50.000,477,2026-02-04 18:57:46.700,2026-02-04 18:57:42.619,-4080.279,59.97576904296875,0
2026-02-04 18:57:40.000,2026-02-04 18:57:50.000,2108,2026-02-04 18:57:46.700,2026-02-04 18:57:42.620,-4079.279,59.97175598144531,0
2026-02-04 18:57:40.000,2026-02-04 18:57:50.000,2423,2026-02-04 18:57:46.620,2026-02-04 18:57:42.621,-3998.279,50.040828704833984,0
2026-02-04 18:57:40.000,2026-02-04 18:57:50.000,477,2026-02-04 18:57:46.716,2026-02-04 18:57:42.621,-4094.943,59.975528717041016,0
2026-02-04 18:57:40.000,2026-02-04 18:57:50.000,2108,2026-02-04 18:57:46.716,2026-02-04 18:57:42.630,-4086.433,59.97565841674805,0
2026-02-04 18:57:40.000,2026-02-04 18:57:50.000,2423,2026-02-04 18:57:46.640,2026-02-04 18:57:42.644,-3995.207,50.039833068847656,0
2026-02-04 18:57:40.000,2026-02-04 18:57:50.000,477,2026-02-04 18:57:46.733,2026-02-04 18:57:42.645,-4087.545,59.976402282714844,0
2026-02-04 18:57:40.000,2026-02-04 18:57:50.000,2108,2026-02-04 18:57:46.733,2026-02-04 18:57:42.646,-4086.544,59.98298645019531,0
2026-02-04 18:57:40.000,2026-02-04 18:57:50.000,477,2026-02-04 18:57:46.750,2026-02-04 18:57:42.660,-4089.170,59.97690200805664,0
2026-02-04 18:57:40.000,2026-02-04 18:57:50.000,2423,2026-02-04 18:57:46.659,2026-02-04 18:57:42.661,-3998.161,50.03858184814453,0
2026-02-04 18:57:40.000,2026-02-04 18:57:50.000,2108,2026-02-04 18:57:46.750,2026-02-04 18:57:42.663,-4086.663,59.97978591918945,0
2026-02-04 18:57:40.000,2026-02-04 18:57:50.000,477,2026-02-04 18:57:46.766,2026-02-04 18:57:42.671,-4094.758,59.9771728515625,0
2026-02-04 18:57:40.000,2026-02-04 18:57:50.000,2423,2026-02-04 18:57:46.680,2026-02-04 18:57:42.677,-4002.564,50.03801727294922,0
2026-02-04 18:57:40.000,2026-02-04 18:57:50.000,2108,2026-02-04 18:57:46.766,2026-02-04 18:57:42.678,-4087.731,59.97163391113281,0
2026-02-04 18:57:40.000,2026-02-04 18:57:50.000,477,2026-02-04 18:57:46.783,2026-02-04 18:57:42.688,-4094.873,59.97721481323242,0
2026-02-04 18:57:40.000,2026-02-04 18:57:50.000,2108,2026-02-04 18:57:46.783,2026-02-04 18:57:42.695,-4087.552,59.973140716552734,0
2026-02-04 18:57:40.000,2026-02-04 18:57:50.000,2423,2026-02-04 18:57:46.700,2026-02-04 18:57:42.697,-4002.222,50.038578033447266,0
2026-02-04 18:57:40.000,2026-02-04 18:57:50.000,477,2026-02-04 18:57:46.800,2026-02-04 18:57:42.709,-4090.702,59.97660827636719,0
2026-02-04 18:57:40.000,2026-02-04 18:57:50.000,2108,2026-02-04 18:57:46.800,2026-02-04 18:57:42.728,-4071.664,59.97734832763672,0
2026-02-04 18:57:40.000,2026-02-04 18:57:50.000,2423,2026-02-04 18:57:46.720,2026-02-04 18:57:42.729,-3990.665,50.04058074951172,0
2026-02-04 18:57:40.000,2026-02-04 18:57:50.000,477,2026-02-04 18:57:46.816,2026-02-04 18:57:42.729,-4086.822,59.976402282714844,0
2026-02-04 18:57:40.000,2026-02-04 18:57:50.000,2108,2026-02-04 18:57:46.816,2026-02-04 18:57:42.729,-4086.822,59.977046966552734,0
2026-02-04 18:57:40.000,2026-02-04 18:57:50.000,2423,2026-02-04 18:57:46.739,2026-02-04 18:57:42.744,-3995.979,50.04170227050781,0
2026-02-04 18:57:40.000,2026-02-04 18:57:50.000,477,2026-02-04 18:57:46.833,2026-02-04 18:57:42.744,-4089.315,59.97674560546875,0
2026-02-04 18:57:40.000,2026-02-04 18:57:50.000,2108,2026-02-04 18:57:46.833,2026-02-04 18:57:42.746,-4087.182,59.98028564453125,0
2026-02-04 18:57:40.000,2026-02-04 18:57:50.000,477,2026-02-04 18:57:46.850,2026-02-04 18:57:42.767,-4082.766,59.976829528808594,0
2026-02-04 18:57:40.000,2026-02-04 18:57:50.000,2423,2026-02-04 18:57:46.760,2026-02-04 18:57:42.767,-3992.766,50.03961944580078,0
2026-02-04 18:57:40.000,2026-02-04 18:57:50.000,2108,2026-02-04 18:57:46.850,2026-02-04 18:57:42.768,-4081.765,59.97963333129883,0
2026-02-04 18:57:40.000,2026-02-04 18:57:50.000,477,2026-02-04 18:57:46.866,2026-02-04 18:57:42.771,-4095.430,59.9767951965332,0
2026-02-04 18:57:40.000,2026-02-04 18:57:50.000,2423,2026-02-04 18:57:46.780,2026-02-04 18:57:42.778,-4001.259,50.03850555419922,0
2026-02-04 18:57:40.000,2026-02-04 18:57:50.000,2108,2026-02-04 18:57:46.866,2026-02-04 18:57:42.778,-4087.915,59.97428512573242,0
2026-02-04 18:57:40.000,2026-02-04 18:57:50.000,477,2026-02-04 18:57:46.883,2026-02-04 18:57:42.791,-4091.528,59.9765625,0
2026-02-04 18:57:40.000,2026-02-04 18:57:50.000,2108,2026-02-04 18:57:46.883,2026-02-04 18:57:42.796,-4087.217,59.97675323486328,0
2026-02-04 18:57:40.000,2026-02-04 18:57:50.000,2423,2026-02-04 18:57:46.800,2026-02-04 18:57:42.798,-4001.889,50.040313720703125,0
2026-02-04 18:57:40.000,2026-02-04 18:57:50.000,477,2026-02-04 18:57:46.899,2026-02-04 18:57:42.804,-4095.368,59.97615051269531,0
2026-02-04 18:57:40.000,2026-02-04 18:57:50.000,2108,2026-02-04 18:57:46.899,2026-02-04 18:57:42.812,-4087.362,59.979434967041016,0
2026-02-04 18:57:40.000,2026-02-04 18:57:50.000,2423,2026-02-04 18:57:46.819,2026-02-04 18:57:42.822,-3997.842,50.04106903076172,0
2026-02-04 18:57:40.000,2026-02-04 18:57:50.000,477,2026-02-04 18:57:46.916,2026-02-04 18:57:42.822,-4094.522,59.976314544677734,0
2026-02-04 18:57:40.000,2026-02-04 18:57:50.000,2108,2026-02-04 18:57:46.916,2026-02-04 18:57:42.831,-4085.010,59.97433090209961,0
2026-02-04 18:57:40.000,2026-02-04 18:57:50.000,2423,2026-02-04 18:57:46.840,2026-02-04 18:57:42.838,-4001.831,50.0401611328125,0
2026-02-04 18:57:40.000,2026-02-04 18:57:50.000,477,2026-02-04 18:57:46.933,2026-02-04 18:57:42.838,-4095.167,59.97659683227539,0
2026-02-04 18:57:40.000,2026-02-04 18:57:50.000,2108,2026-02-04 18:57:46.933,2026-02-04 18:57:42.846,-4087.140,59.97267532348633,0
2026-02-04 18:57:40.000,2026-02-04 18:57:50.000,477,2026-02-04 18:57:46.950,2026-02-04 18:57:42.854,-4095.709,59.976776123046875,0
2026-02-04 18:57:40.000,2026-02-04 18:57:50.000,2423,2026-02-04 18:57:46.860,2026-02-04 18:57:42.858,-4001.205,50.039207458496094,0
2026-02-04 18:57:40.000,2026-02-04 18:57:50.000,2108,2026-02-04 18:57:46.950,2026-02-04 18:57:42.861,-4088.197,59.97848892211914,0
2026-02-04 18:57:40.000,2026-02-04 18:57:50.000,477,2026-02-04 18:57:46.966,2026-02-04 18:57:42.871,-4095.352,59.97712707519531,0
2026-02-04 18:57:40.000,2026-02-04 18:57:50.000,2423,2026-02-04 18:57:46.880,2026-02-04 18:57:42.878,-4001.661,50.0385856628418,0
2026-02-04 18:57:40.000,2026-02-04 18:57:50.000,2108,2026-02-04 18:57:46.966,2026-02-04 18:57:42.879,-4087.327,59.97862243652344,0
2026-02-04 18:57:40.000,2026-02-04 18:57:50.000,477,2026-02-04 18:57:46.983,2026-02-04 18:57:42.888,-4094.888,59.97734069824219,0
2026-02-04 18:57:40.000,2026-02-04 18:57:50.000,2108,2026-02-04 18:57:46.983,2026-02-04 18:57:42.895,-4087.371,59.97679901123047,0
2026-02-04 18:57:40.000,2026-02-04 18:57:50.000,2423,2026-02-04 18:57:46.899,2026-02-04 18:57:42.897,-4002.027,50.038631439208984,0
2026-02-04 18:57:40.000,2026-02-04 18:57:50.000,477,2026-02-04 18:57:47.000,2026-02-04 18:57:42.905,-4094.525,59.97809600830078,0
2026-02-04 18:57:40.000,2026-02-04 18:57:50.000,2108,2026-02-04 18:57:47.000,2026-02-04 18:57:42.914,-4085.413,59.97931671142578,0
2026-02-04 18:57:40.000,2026-02-04 18:57:50.000,2423,2026-02-04 18:57:46.920,2026-02-04 18:57:42.927,-3992.366,50.04046630859375,0
2026-02-04 18:57:40.000,2026-02-04 18:57:50.000,2108,2026-02-04 18:57:47.016,2026-02-04 18:57:42.941,-4074.955,59.97955322265625,0
2026-02-04 18:57:40.000,2026-02-04 18:57:50.000,477,2026-02-04 18:57:47.016,2026-02-04 18:57:42.942,-4073.957,59.97875213623047,0
2026-02-04 18:57:40.000,2026-02-04 18:57:50.000,2423,2026-02-04 18:57:46.940,2026-02-04 18:57:42.942,-3997.301,50.04248809814453,0
2026-02-04 18:57:40.000,2026-02-04 18:57:50.000,477,2026-02-04 18:57:47.033,2026-02-04 18:57:42.945,-4088.109,59.97837829589844,0
2026-02-04 18:57:40.000,2026-02-04 18:57:50.000,2108,2026-02-04 18:57:47.033,2026-02-04 18:57:42.946,-4087.109,59.97804260253906,0
2026-02-04 18:57:40.000,2026-02-04 18:57:50.000,477,2026-02-04 18:57:47.050,2026-02-04 18:57:42.957,-4092.263,59.97724533081055,0
2026-02-04 18:57:40.000,2026-02-04 18:57:50.000,2423,2026-02-04 18:57:46.960,2026-02-04 18:57:42.957,-4002.264,50.041908264160156,0
2026-02-04 18:57:40.000,2026-02-04 18:57:50.000,2108,2026-02-04 18:57:47.050,2026-02-04 18:57:42.962,-4087.263,59.977664947509766,0
2026-02-04 18:57:40.000,2026-02-04 18:57:50.000,477,2026-02-04 18:57:47.066,2026-02-04 18:57:42.971,-4095.419,59.97647476196289,0
2026-02-04 18:57:40.000,2026-02-04 18:57:50.000,2423,2026-02-04 18:57:46.979,2026-02-04 18:57:42.977,-4002.236,50.039180755615234,0
2026-02-04 18:57:40.000,2026-02-04 18:57:50.000,2108,2026-02-04 18:57:47.066,2026-02-04 18:57:42.978,-4087.908,59.97787857055664,0
2026-02-04 18:57:40.000,2026-02-04 18:57:50.000,477,2026-02-04 18:57:47.083,2026-02-04 18:57:42.988,-4095.054,59.9768180847168,0
2026-02-04 18:57:40.000,2026-02-04 18:57:50.000,2108,2026-02-04 18:57:47.083,2026-02-04 18:57:42.995,-4087.978,59.97697067260742,0
2026-02-04 18:57:40.000,2026-02-04 18:57:50.000,2423,2026-02-04 18:57:47.000,2026-02-04 18:57:42.998,-4001.650,50.037803649902344,0
2026-02-04 18:57:40.000,2026-02-04 18:57:50.000,477,2026-02-04 18:57:47.100,2026-02-04 18:57:43.005,-4094.552,59.977760314941406,0
2026-02-04 18:57:40.000,2026-02-04 18:57:50.000,2108,2026-02-04 18:57:47.100,2026-02-04 18:57:43.012,-4087.554,59.97635269165039,0
2026-02-04 18:57:40.000,2026-02-04 18:57:50.000,2423,2026-02-04 18:57:47.020,2026-02-04 18:57:43.017,-4002.044,50.039337158203125,0
2026-02-04 18:57:40.000,2026-02-04 18:57:50.000,477,2026-02-04 18:57:47.116,2026-02-04 18:57:43.020,-4095.707,59.97834014892578,0
2026-02-04 18:57:40.000,2026-02-04 18:57:50.000,2108,2026-02-04 18:57:47.116,2026-02-04 18:57:43.029,-4087.193,59.977359771728516,0
2026-02-04 18:57:40.000,2026-02-04 18:57:50.000,2423,2026-02-04 18:57:47.040,2026-02-04 18:57:43.045,-3994.499,50.04130172729492,0
2026-02-04 18:57:40.000,2026-02-04 18:57:50.000,477,2026-02-04 18:57:47.133,2026-02-04 18:57:43.045,-4087.835,59.977962493896484,0
2026-02-04 18:57:40.000,2026-02-04 18:57:50.000,2108,2026-02-04 18:57:47.133,2026-02-04 18:57:43.046,-4086.836,59.97819900512695,0
2026-02-04 18:57:40.000,2026-02-04 18:57:50.000,477,2026-02-04 18:57:47.150,2026-02-04 18:57:43.054,-4095.248,59.97761535644531,0
2026-02-04 18:57:40.000,2026-02-04 18:57:50.000,2423,2026-02-04 18:57:47.059,2026-02-04 18:57:43.057,-4002.242,50.03936767578125,0
2026-02-04 18:57:40.000,2026-02-04 18:57:50.000,2108,2026-02-04 18:57:47.150,2026-02-04 18:57:43.062,-4087.250,59.97665023803711,0
2026-02-04 18:57:40.000,2026-02-04 18:57:50.000,477,2026-02-04 18:57:47.166,2026-02-04 18:57:43.071,-4094.822,59.9776496887207,0
2026-02-04 18:57:40.000,2026-02-04 18:57:50.000,2423,2026-02-04 18:57:47.080,2026-02-04 18:57:43.078,-4001.640,50.036067962646484,0
2026-02-04 18:57:40.000,2026-02-04 18:57:50.000,2108,2026-02-04 18:57:47.166,2026-02-04 18:57:43.079,-4087.313,59.975929260253906,0
2026-02-04 18:57:40.000,2026-02-04 18:57:50.000,477,2026-02-04 18:57:47.183,2026-02-04 18:57:43.088,-4094.887,59.97751235961914,0
2026-02-04 18:57:40.000,2026-02-04 18:57:50.000,2108,2026-02-04 18:57:47.183,2026-02-04 18:57:43.095,-4087.382,59.9789924621582,0
2026-02-04 18:57:40.000,2026-02-04 18:57:50.000,2423,2026-02-04 18:57:47.100,2026-02-04 18:57:43.098,-4001.501,50.03773880004883,0
2026-02-04 18:57:40.000,2026-02-04 18:57:50.000,477,2026-02-04 18:57:47.200,2026-02-04 18:57:43.104,-4095.456,59.977298736572266,0
2026-02-04 18:57:40.000,2026-02-04 18:57:50.000,2108,2026-02-04 18:57:47.200,2026-02-04 18:57:43.112,-4087.456,59.97976303100586,0
2026-02-04 18:57:40.000,2026-02-04 18:57:50.000,2423,2026-02-04 18:57:47.120,2026-02-04 18:57:43.118,-4001.941,50.04159927368164,0
2026-02-04 18:57:40.000,2026-02-04 18:57:50.000,477,2026-02-04 18:57:47.216,2026-02-04 18:57:43.121,-4095.606,59.97794723510742,0
2026-02-04 18:57:40.000,2026-02-04 18:57:50.000,2108,2026-02-04 18:57:47.216,2026-02-04 18:57:43.129,-4087.089,59.976932525634766,0
2026-02-04 18:57:40.000,2026-02-04 18:57:50.000,2423,2026-02-04 18:57:47.139,2026-02-04 18:57:43.138,-4001.362,50.04255676269531,0
2026-02-04 18:57:40.000,2026-02-04 18:57:50.000,477,2026-02-04 18:57:47.233,2026-02-04 18:57:43.138,-4094.698,59.9786491394043,0
2026-02-04 18:57:40.000,2026-02-04 18:57:50.000,2108,2026-02-04 18:57:47.233,2026-02-04 18:57:43.146,-4087.051,59.97382736206055,0
2026-02-04 18:57:40.000,2026-02-04 18:57:50.000,477,2026-02-04 18:57:47.250,2026-02-04 18:57:43.154,-4095.734,59.97890853881836,0
2026-02-04 18:57:40.000,2026-02-04 18:57:50.000,2423,2026-02-04 18:57:47.160,2026-02-04 18:57:43.158,-4001.726,50.040977478027344,0
2026-02-04 18:57:40.000,2026-02-04 18:57:50.000,2108,2026-02-04 18:57:47.250,2026-02-04 18:57:43.162,-4087.729,59.97490310668945,0
2026-02-04 18:57:40.000,2026-02-04 18:57:50.000,477,2026-02-04 18:57:47.266,2026-02-04 18:57:43.171,-4095.222,59.97874450683594,0
2026-02-04 18:57:40.000,2026-02-04 18:57:50.000,2423,2026-02-04 18:57:47.180,2026-02-04 18:57:43.178,-4001.531,50.039424896240234,0
2026-02-04 18:57:40.000,2026-02-04 18:57:50.000,2108,2026-02-04 18:57:47.266,2026-02-04 18:57:43.179,-4087.187,59.97854232788086,0
2026-02-04 18:57:40.000,2026-02-04 18:57:50.000,477,2026-02-04 18:57:47.283,2026-02-04 18:57:43.188,-4094.758,59.97798156738281,0
2026-02-04 18:57:40.000,2026-02-04 18:57:50.000,2108,2026-02-04 18:57:47.283,2026-02-04 18:57:43.195,-4087.463,59.97859573364258,0
2026-02-04 18:57:40.000,2026-02-04 18:57:50.000,2423,2026-02-04 18:57:47.200,2026-02-04 18:57:43.198,-4001.134,50.03843688964844,0
2026-02-04 18:57:40.000,2026-02-04 18:57:50.000,477,2026-02-04 18:57:47.299,2026-02-04 18:57:43.204,-4095.613,59.978153228759766,0
2026-02-04 18:57:40.000,2026-02-04 18:57:50.000,2108,2026-02-04 18:57:47.299,2026-02-04 18:57:43.212,-4087.612,59.977928161621094,0
2026-02-04 18:57:40.000,2026-02-04 18:57:50.000,2423,2026-02-04 18:57:47.219,2026-02-04 18:57:43.217,-4001.996,50.038143157958984,0
2026-02-04 18:57:40.000,2026-02-04 18:57:50.000,2108,2026-02-04 18:57:47.316,2026-02-04 18:57:43.228,-4087.887,59.976722717285156,0
2026-02-04 18:57:40.000,2026-02-04 18:57:50.000,2423,2026-02-04 18:57:47.240,2026-02-04 18:57:43.238,-4001.704,50.03957748413086,0
2026-02-04 18:57:40.000,2026-02-04 18:57:50.000,2108,2026-02-04 18:57:47.333,2026-02-04 18:57:43.245,-4087.538,59.97740173339844,0
2026-02-04 18:57:40.000,2026-02-04 18:57:50.000,477,2026-02-04 18:57:47.316,2026-02-04 18:57:43.253,-4063.370,59.979183197021484,0
2026-02-04 18:57:40.000,2026-02-04 18:57:50.000,477,2026-02-04 18:57:47.333,2026-02-04 18:57:43.254,-4079.027,59.97862243652344,0
2026-02-04 18:57:40.000,2026-02-04 18:57:50.000,477,2026-02-04 18:57:47.350,2026-02-04 18:57:43.255,-4094.691,59.977577209472656,0
2026-02-04 18:57:40.000,2026-02-04 18:57:50.000,2423,2026-02-04 18:57:47.260,2026-02-04 18:57:43.258,-4001.697,50.040523529052734,0
2026-02-04 18:57:40.000,2026-02-04 18:57:50.000,2108,2026-02-04 18:57:47.350,2026-02-04 18:57:43.262,-4087.692,59.981266021728516,0
2026-02-04 18:57:40.000,2026-02-04 18:57:50.000,477,2026-02-04 18:57:47.366,2026-02-04 18:57:43.271,-4095.108,59.97782516479492,0
2026-02-04 18:57:40.000,2026-02-04 18:57:50.000,2423,2026-02-04 18:57:47.280,2026-02-04 18:57:43.277,-4002.262,50.04063415527344,0
2026-02-04 18:57:40.000,2026-02-04 18:57:50.000,2108,2026-02-04 18:57:47.366,2026-02-04 18:57:43.278,-4087.935,59.97947311401367,0
2026-02-04 18:57:40.000,2026-02-04 18:57:50.000,477,2026-02-04 18:57:47.383,2026-02-04 18:57:43.287,-4095.485,59.97824478149414,0
2026-02-04 18:57:40.000,2026-02-04 18:57:50.000,2108,2026-02-04 18:57:47.383,2026-02-04 18:57:43.295,-4087.967,59.973716735839844,0
2026-02-04 18:57:40.000,2026-02-04 18:57:50.000,2423,2026-02-04 18:57:47.299,2026-02-04 18:57:43.298,-4001.624,50.04156494140625,0
2026-02-04 18:57:40.000,2026-02-04 18:57:50.000,477,2026-02-04 18:57:47.400,2026-02-04 18:57:43.304,-4095.559,59.978607177734375,0
2026-02-04 18:57:40.000,2026-02-04 18:57:50.000,2108,2026-02-04 18:57:47.400,2026-02-04 18:57:43.312,-4087.553,59.973880767822266,0
2026-02-04 18:57:40.000,2026-02-04 18:57:50.000,2423,2026-02-04 18:57:47.320,2026-02-04 18:57:43.318,-4001.481,50.039405822753906,0
2026-02-04 18:57:40.000,2026-02-04 18:57:50.000,477,2026-02-04 18:57:47.416,2026-02-04 18:57:43.321,-4095.144,59.978702545166016,0
2026-02-04 18:57:40.000,2026-02-04 18:57:50.000,2108,2026-02-04 18:57:47.416,2026-02-04 18:57:43.328,-4088.100,59.97835159301758,0
2026-02-04 18:57:40.000,2026-02-04 18:57:50.000,2423,2026-02-04 18:57:47.340,2026-02-04 18:57:43.338,-4001.935,50.035430908203125,0
2026-02-04 18:57:40.000,2026-02-04 18:57:50.000,477,2026-02-04 18:57:47.433,2026-02-04 18:57:43.338,-4095.254,59.9778938293457,0
2026-02-04 18:57:40.000,2026-02-04 18:57:50.000,2108,2026-02-04 18:57:47.433,2026-02-04 18:57:43.346,-4087.230,59.9790153503418,0
2026-02-04 18:57:40.000,2026-02-04 18:57:50.000,477,2026-02-04 18:57:47.450,2026-02-04 18:57:43.354,-4095.390,59.97783660888672,0
2026-02-04 18:57:40.000,2026-02-04 18:57:50.000,2423,2026-02-04 18:57:47.360,2026-02-04 18:57:43.358,-4001.382,50.037811279296875,0
2026-02-04 18:57:40.000,2026-02-04 18:57:50.000,2108,2026-02-04 18:57:47.450,2026-02-04 18:57:43.362,-4087.386,59.97673797607422,0
2026-02-04 18:57:40.000,2026-02-04 18:57:50.000,477,2026-02-04 18:57:47.466,2026-02-04 18:57:43.371,-4095.021,59.97920608520508,0
2026-02-04 18:57:40.000,2026-02-04 18:57:50.000,2423,2026-02-04 18:57:47.379,2026-02-04 18:57:43.378,-4001.716,50.041439056396484,0
2026-02-04 18:57:40.000,2026-02-04 18:57:50.000,2108,2026-02-04 18:57:47.466,2026-02-04 18:57:43.379,-4087.382,59.976009368896484,0
2026-02-04 18:57:40.000,2026-02-04 18:57:50.000,477,2026-02-04 18:57:47.483,2026-02-04 18:57:43.387,-4095.539,59.97941970825195,0
2026-02-04 18:57:40.000,2026-02-04 18:57:50.000,2108,2026-02-04 18:57:47.483,2026-02-04 18:57:43.395,-4087.920,59.97832107543945,0
2026-02-04 18:57:40.000,2026-02-04 18:57:50.000,2423,2026-02-04 18:57:47.400,2026-02-04 18:57:43.398,-4001.587,50.0402946472168,0
2026-02-04 18:57:40.000,2026-02-04 18:57:50.000,2108,2026-02-04 18:57:47.500,2026-02-04 18:57:43.412,-4087.734,59.982383728027344,0
2026-02-04 18:57:40.000,2026-02-04 18:57:50.000,2423,2026-02-04 18:57:47.420,2026-02-04 18:57:43.418,-4001.655,50.039817810058594,0
2026-02-04 18:57:40.000,2026-02-04 18:57:50.000,2108,2026-02-04 18:57:47.516,2026-02-04 18:57:43.429,-4087.256,59.98271942138672,0
2026-02-04 18:57:40.000,2026-02-04 18:57:50.000,477,2026-02-04 18:57:47.500,2026-02-04 18:57:43.430,-4069.591,59.97822570800781,0
2026-02-04 18:57:40.000,2026-02-04 18:57:50.000,477,2026-02-04 18:57:47.516,2026-02-04 18:57:43.430,-4086.255,59.977317810058594,0
2026-02-04 18:57:40.000,2026-02-04 18:57:50.000,2423,2026-02-04 18:57:47.440,2026-02-04 18:57:43.437,-4002.263,50.0418586730957,0
2026-02-04 18:57:40.000,2026-02-04 18:57:50.000,477,2026-02-04 18:57:47.533,2026-02-04 18:57:43.438,-4094.598,59.977455139160156,0
2026-02-04 18:57:40.000,2026-02-04 18:57:50.000,2108,2026-02-04 18:57:47.533,2026-02-04 18:57:43.445,-4087.523,59.97616195678711,0
2026-02-04 18:57:40.000,2026-02-04 18:57:50.000,477,2026-02-04 18:57:47.550,2026-02-04 18:57:43.455,-4094.674,59.97825622558594,0
2026-02-04 18:57:40.000,2026-02-04 18:57:50.000,2423,2026-02-04 18:57:47.459,2026-02-04 18:57:43.458,-4001.668,50.04049301147461,0
2026-02-04 18:57:40.000,2026-02-04 18:57:50.000,2108,2026-02-04 18:57:47.550,2026-02-04 18:57:43.462,-4087.677,59.972957611083984,0
2026-02-04 18:57:40.000,2026-02-04 18:57:50.000,477,2026-02-04 18:57:47.566,2026-02-04 18:57:43.470,-4095.840,59.977996826171875,0
2026-02-04 18:57:40.000,2026-02-04 18:57:50.000,2423,2026-02-04 18:57:47.480,2026-02-04 18:57:43.478,-4001.656,50.036705017089844,0
2026-02-04 18:57:40.000,2026-02-04 18:57:50.000,2108,2026-02-04 18:57:47.566,2026-02-04 18:57:43.479,-4087.329,59.97749710083008,0
2026-02-04 18:57:40.000,2026-02-04 18:57:50.000,477,2026-02-04 18:57:47.583,2026-02-04 18:57:43.487,-4095.480,59.97721862792969,0
2026-02-04 18:57:40.000,2026-02-04 18:57:50.000,2108,2026-02-04 18:57:47.583,2026-02-04 18:57:43.495,-4087.972,59.97840118408203,0
2026-02-04 18:57:40.000,2026-02-04 18:57:50.000,2423,2026-02-04 18:57:47.500,2026-02-04 18:57:43.498,-4001.641,50.03882598876953,0
2026-02-04 18:57:40.000,2026-02-04 18:57:50.000,477,2026-02-04 18:57:47.600,2026-02-04 18:57:43.504,-4095.391,59.97768783569336,0
2026-02-04 18:57:40.000,2026-02-04 18:57:50.000,2108,2026-02-04 18:57:47.600,2026-02-04 18:57:43.512,-4087.383,59.97672653198242,0
2026-02-04 18:57:40.000,2026-02-04 18:57:50.000,2423,2026-02-04 18:57:47.520,2026-02-04 18:57:43.518,-4001.326,50.042083740234375,0
2026-02-04 18:57:40.000,2026-02-04 18:57:50.000,477,2026-02-04 18:57:47.616,2026-02-04 18:57:43.521,-4094.989,59.97822189331055,0
2026-02-04 18:57:40.000,2026-02-04 18:57:50.000,2108,2026-02-04 18:57:47.616,2026-02-04 18:57:43.528,-4087.696,59.97662353515625,0
2026-02-04 18:57:40.000,2026-02-04 18:57:50.000,477,2026-02-04 18:57:47.633,2026-02-04 18:57:43.538,-4094.851,59.978302001953125,0
2026-02-04 18:57:40.000,2026-02-04 18:57:50.000,2423,2026-02-04 18:57:47.539,2026-02-04 18:57:43.538,-4001.515,50.04001998901367,0
2026-02-04 18:57:40.000,2026-02-04 18:57:50.000,2108,2026-02-04 18:57:47.633,2026-02-04 18:57:43.545,-4087.583,59.97638702392578,0
2026-02-04 18:57:40.000,2026-02-04 18:57:50.000,477,2026-02-04 18:57:47.650,2026-02-04 18:57:43.555,-4094.742,59.978763580322266,0
2026-02-04 18:57:40.000,2026-02-04 18:57:50.000,2423,2026-02-04 18:57:47.560,2026-02-04 18:57:43.558,-4001.745,50.03868865966797,0
2026-02-04 18:57:40.000,2026-02-04 18:57:50.000,2108,2026-02-04 18:57:47.650,2026-02-04 18:57:43.561,-4088.198,59.978389739990234,0
2026-02-04 18:57:40.000,2026-02-04 18:57:50.000,477,2026-02-04 18:57:47.666,2026-02-04 18:57:43.571,-4094.841,59.97895050048828,0
2026-02-04 18:57:40.000,2026-02-04 18:57:50.000,2423,2026-02-04 18:57:47.580,2026-02-04 18:57:43.578,-4001.115,50.040733337402344,0
2026-02-04 18:57:40.000,2026-02-04 18:57:50.000,2108,2026-02-04 18:57:47.666,2026-02-04 18:57:43.578,-4087.771,59.98158645629883,0
2026-02-04 18:57:40.000,2026-02-04 18:57:50.000,477,2026-02-04 18:57:47.683,2026-02-04 18:57:43.587,-4095.401,59.978759765625,0
2026-02-04 18:57:40.000,2026-02-04 18:57:50.000,2108,2026-02-04 18:57:47.683,2026-02-04 18:57:43.595,-4087.889,59.98038864135742,0
2026-02-04 18:57:40.000,2026-02-04 18:57:50.000,2423,2026-02-04 18:57:47.600,2026-02-04 18:57:43.598,-4001.563,50.041343688964844,0
2026-02-04 18:57:40.000,2026-02-04 18:57:50.000,477,2026-02-04 18:57:47.699,2026-02-04 18:57:43.604,-4095.308,59.97871780395508,0
2026-02-04 18:57:40.000,2026-02-04 18:57:50.000,2108,2026-02-04 18:57:47.699,2026-02-04 18:57:43.616,-4083.212,59.97750473022461,0
2026-02-04 18:57:40.000,2026-02-04 18:57:50.000,2423,2026-02-04 18:57:47.619,2026-02-04 18:57:43.617,-4002.211,50.039554595947266,0
2026-02-04 18:57:40.000,2026-02-04 18:57:50.000,477,2026-02-04 18:57:47.716,2026-02-04 18:57:43.621,-4094.891,59.97892379760742,0
2026-02-04 18:57:40.000,2026-02-04 18:57:50.000,2108,2026-02-04 18:57:47.716,2026-02-04 18:57:43.629,-4087.381,59.97903060913086,0
2026-02-04 18:57:40.000,2026-02-04 18:57:50.000,2423,2026-02-04 18:57:47.640,2026-02-04 18:57:43.637,-4002.145,50.0379638671875,0
2026-02-04 18:57:40.000,2026-02-04 18:57:50.000,2108,2026-02-04 18:57:47.733,2026-02-04 18:57:43.645,-4087.967,59.979652404785156,0
2026-02-04 18:57:40.000,2026-02-04 18:57:50.000,2423,2026-02-04 18:57:47.660,2026-02-04 18:57:43.657,-4002.157,50.037654876708984,0
2026-02-04 18:57:40.000,2026-02-04 18:57:50.000,477,2026-02-04 18:57:47.733,2026-02-04 18:57:43.660,-4072.485,59.97844314575195,0
2026-02-04 18:57:40.000,2026-02-04 18:57:50.000,477,2026-02-04 18:57:47.750,2026-02-04 18:57:43.660,-4089.149,59.977874755859375,0
2026-02-04 18:57:40.000,2026-02-04 18:57:50.000,2108,2026-02-04 18:57:47.750,2026-02-04 18:57:43.661,-4088.151,59.97722244262695,0
2026-02-04 18:57:40.000,2026-02-04 18:57:50.000,477,2026-02-04 18:57:47.766,2026-02-04 18:57:43.670,-4095.676,59.978145599365234,0
2026-02-04 18:57:40.000,2026-02-04 18:57:50.000,2423,2026-02-04 18:57:47.680,2026-02-04 18:57:43.678,-4001.492,50.039188385009766,0
2026-02-04 18:57:40.000,2026-02-04 18:57:50.000,2108,2026-02-04 18:57:47.766,2026-02-04 18:57:43.679,-4087.164,59.976158142089844,0
2026-02-04 18:57:40.000,2026-02-04 18:57:50.000,477,2026-02-04 18:57:47.783,2026-02-04 18:57:43.688,-4095.315,59.97781753540039,0
2026-02-04 18:57:40.000,2026-02-04 18:57:50.000,2108,2026-02-04 18:57:47.783,2026-02-04 18:57:43.695,-4087.800,59.9765510559082,0
2026-02-04 18:57:40.000,2026-02-04 18:57:50.000,2423,2026-02-04 18:57:47.699,2026-02-04 18:57:43.697,-4002.454,50.04037094116211,0
2026-02-04 18:57:40.000,2026-02-04 18:57:50.000,477,2026-02-04 18:57:47.800,2026-02-04 18:57:43.704,-4095.396,59.977378845214844,0
2026-02-04 18:57:40.000,2026-02-04 18:57:50.000,2108,2026-02-04 18:57:47.800,2026-02-04 18:57:43.712,-4087.397,59.978092193603516,0
2026-02-04 18:57:40.000,2026-02-04 18:57:50.000,2423,2026-02-04 18:57:47.720,2026-02-04 18:57:43.718,-4001.729,50.038856506347656,0
2026-02-04 18:57:40.000,2026-02-04 18:57:50.000,477,2026-02-04 18:57:47.816,2026-02-04 18:57:43.721,-4095.394,59.97810745239258,0
2026-02-04 18:57:40.000,2026-02-04 18:57:50.000,2108,2026-02-04 18:57:47.816,2026-02-04 18:57:43.729,-4087.368,59.97899627685547,0
2026-02-04 18:57:40.000,2026-02-04 18:57:50.000,2423,2026-02-04 18:57:47.740,2026-02-04 18:57:43.738,-4001.541,50.03845977783203,0
2026-02-04 18:57:40.000,2026-02-04 18:57:50.000,477,2026-02-04 18:57:47.833,2026-02-04 18:57:43.738,-4094.861,59.97874450683594,0
2026-02-04 18:57:40.000,2026-02-04 18:57:50.000,2108,2026-02-04 18:57:47.833,2026-02-04 18:57:43.745,-4087.716,59.97807312011719,0
2026-02-04 18:57:40.000,2026-02-04 18:57:50.000,477,2026-02-04 18:57:47.850,2026-02-04 18:57:43.754,-4095.111,59.9792594909668,0
2026-02-04 18:57:40.000,2026-02-04 18:57:50.000,2423,2026-02-04 18:57:47.760,2026-02-04 18:57:43.757,-4002.111,50.04083251953125,0
2026-02-04 18:57:40.000,2026-02-04 18:57:50.000,2108,2026-02-04 18:57:47.850,2026-02-04 18:57:43.761,-4088.111,59.97536849975586,0
2026-02-04 18:57:40.000,2026-02-04 18:57:50.000,477,2026-02-04 18:57:47.866,2026-02-04 18:57:43.771,-4095.263,59.97944259643555,0
2026-02-04 18:57:40.000,2026-02-04 18:57:50.000,2423,2026-02-04 18:57:47.779,2026-02-04 18:57:43.778,-4001.550,50.040252685546875,0
2026-02-04 18:57:40.000,2026-02-04 18:57:50.000,2108,2026-02-04 18:57:47.866,2026-02-04 18:57:43.779,-4087.218,59.97582244873047,0
2026-02-04 18:57:40.000,2026-02-04 18:57:50.000,477,2026-02-04 18:57:47.883,2026-02-04 18:57:43.787,-4095.371,59.97837829589844,0
2026-02-04 18:57:40.000,2026-02-04 18:57:50.000,2108,2026-02-04 18:57:47.883,2026-02-04 18:57:43.795,-4087.861,59.98059844970703,0
2026-02-04 18:57:40.000,2026-02-04 18:57:50.000,2423,2026-02-04 18:57:47.800,2026-02-04 18:57:43.798,-4001.534,50.0374641418457,0
2026-02-04 18:57:40.000,2026-02-04 18:57:50.000,477,2026-02-04 18:57:47.900,2026-02-04 18:57:43.804,-4095.350,59.97749328613281,0
2026-02-04 18:57:40.000,2026-02-04 18:57:50.000,2108,2026-02-04 18:57:47.900,2026-02-04 18:57:43.812,-4087.345,59.981876373291016,0
2026-02-04 18:57:40.000,2026-02-04 18:57:50.000,2423,2026-02-04 18:57:47.820,2026-02-04 18:57:43.818,-4001.318,50.03849411010742,0
2026-02-04 18:57:40.000,2026-02-04 18:57:50.000,477,2026-02-04 18:57:47.916,2026-02-04 18:57:43.821,-4094.983,59.97744369506836,0
2026-02-04 18:57:40.000,2026-02-04 18:57:50.000,2108,2026-02-04 18:57:47.916,2026-02-04 18:57:43.828,-4087.749,59.97786331176758,0
2026-02-04 18:57:40.000,2026-02-04 18:57:50.000,2423,2026-02-04 18:57:47.840,2026-02-04 18:57:43.838,-4001.570,50.0416145324707,0
2026-02-04 18:57:40.000,2026-02-04 18:57:50.000,2108,2026-02-04 18:57:47.933,2026-02-04 18:57:43.845,-4087.390,59.97430419921875,0
2026-02-04 18:57:40.000,2026-02-04 18:57:50.000,2423,2026-02-04 18:57:47.859,2026-02-04 18:57:43.857,-4002.229,50.04191207885742,0
2026-02-04 18:57:40.000,2026-02-04 18:57:50.000,2108,2026-02-04 18:57:47.950,2026-02-04 18:57:43.861,-4088.235,59.977935791015625,0
2026-02-04 18:57:40.000,2026-02-04 18:57:50.000,477,2026-02-04 18:57:47.933,2026-02-04 18:57:43.872,-4061.062,59.977603912353516,0
2026-02-04 18:57:40.000,2026-02-04 18:57:50.000,477,2026-02-04 18:57:47.950,2026-02-04 18:57:43.873,-4076.725,59.978126525878906,0
2026-02-04 18:57:40.000,2026-02-04 18:57:50.000,477,2026-02-04 18:57:47.966,2026-02-04 18:57:43.874,-4092.180,59.97864532470703,0
2026-02-04 18:57:40.000,2026-02-04 18:57:50.000,2423,2026-02-04 18:57:47.880,2026-02-04 18:57:43.878,-4001.509,50.03987121582031,0
2026-02-04 18:57:40.000,2026-02-04 18:57:50.000,2108,2026-02-04 18:57:47.966,2026-02-04 18:57:43.879,-4087.182,59.98189926147461,0
2026-02-04 18:57:40.000,2026-02-04 18:57:50.000,477,2026-02-04 18:57:47.983,2026-02-04 18:57:43.888,-4095.328,59.97803497314453,0
2026-02-04 18:57:40.000,2026-02-04 18:57:50.000,2108,2026-02-04 18:57:47.983,2026-02-04 18:57:43.896,-4086.813,59.979522705078125,0
2026-02-04 18:57:40.000,2026-02-04 18:57:50.000,2423,2026-02-04 18:57:47.900,2026-02-04 18:57:43.898,-4001.487,50.039302825927734,0
2026-02-04 18:57:40.000,2026-02-04 18:57:50.000,477,2026-02-04 18:57:48.000,2026-02-04 18:57:43.904,-4095.423,59.977455139160156,0
2026-02-04 18:57:40.000,2026-02-04 18:57:50.000,2108,2026-02-04 18:57:48.000,2026-02-04 18:57:43.922,-4077.897,59.976139068603516,0
2026-02-04 18:57:40.000,2026-02-04 18:57:50.000,2423,2026-02-04 18:57:47.920,2026-02-04 18:57:43.922,-3997.897,50.04021072387695,0
2026-02-04 18:57:40.000,2026-02-04 18:57:50.000,477,2026-02-04 18:57:48.016,2026-02-04 18:57:43.923,-4093.055,59.977874755859375,0
2026-02-04 18:57:40.000,2026-02-04 18:57:50.000,2108,2026-02-04 18:57:48.016,2026-02-04 18:57:43.929,-4087.043,59.9774055480957,0
2026-02-04 18:57:40.000,2026-02-04 18:57:50.000,477,2026-02-04 18:57:48.033,2026-02-04 18:57:43.937,-4095.459,59.97848892211914,0
2026-02-04 18:57:40.000,2026-02-04 18:57:50.000,2423,2026-02-04 18:57:47.939,2026-02-04 18:57:43.938,-4001.120,50.04024124145508,0
2026-02-04 18:57:40.000,2026-02-04 18:57:50.000,2108,2026-02-04 18:57:48.033,2026-02-04 18:57:43.945,-4087.946,59.98173522949219,0
2026-02-04 18:57:40.000,2026-02-04 18:57:50.000,477,2026-02-04 18:57:48.050,2026-02-04 18:57:43.954,-4095.109,59.97838592529297,0
2026-02-04 18:57:40.000,2026-02-04 18:57:50.000,2423,2026-02-04 18:57:47.960,2026-02-04 18:57:43.958,-4001.112,50.03936004638672,0
2026-02-04 18:57:40.000,2026-02-04 18:57:50.000,2108,2026-02-04 18:57:48.050,2026-02-04 18:57:43.961,-4088.111,59.98110580444336,0
2026-02-04 18:57:40.000,2026-02-04 18:57:50.000,477,2026-02-04 18:57:48.066,2026-02-04 18:57:43.971,-4095.263,59.97784423828125,0
2026-02-04 18:57:40.000,2026-02-04 18:57:50.000,2423,2026-02-04 18:57:47.980,2026-02-04 18:57:43.978,-4001.582,50.037662506103516,0
2026-02-04 18:57:40.000,2026-02-04 18:57:50.000,2108,2026-02-04 18:57:48.066,2026-02-04 18:57:43.981,-4085.238,59.97661209106445,0
2026-02-04 18:57:40.000,2026-02-04 18:57:50.000,477,2026-02-04 18:57:48.083,2026-02-04 18:57:43.987,-4095.390,59.97772979736328,0
2026-02-04 18:57:40.000,2026-02-04 18:57:50.000,2108,2026-02-04 18:57:48.083,2026-02-04 18:57:43.995,-4087.870,59.97428894042969,0
2026-02-04 18:57:40.000,2026-02-04 18:57:50.000,2423,2026-02-04 18:57:48.000,2026-02-04 18:57:43.998,-4001.542,50.037254333496094,0
2026-02-04 18:57:40.000,2026-02-04 18:57:50.000,477,2026-02-04 18:57:48.099,2026-02-04 18:57:44.004,-4095.023,59.97816848754883,0
2026-02-04 18:57:40.000,2026-02-04 18:57:50.000,2108,2026-02-04 18:57:48.099,2026-02-04 18:57:44.011,-4088.020,59.976287841796875,0
2026-02-04 18:57:40.000,2026-02-04 18:57:50.000,2423,2026-02-04 18:57:48.019,2026-02-04 18:57:44.018,-4001.507,50.038963317871094,0
2026-02-04 18:57:40.000,2026-02-04 18:57:50.000,477,2026-02-04 18:57:48.116,2026-02-04 18:57:44.026,-4089.673,59.97854232788086,0
2026-02-04 18:57:40.000,2026-02-04 18:57:50.000,2108,2026-02-04 18:57:48.116,2026-02-04 18:57:44.029,-4086.677,59.980037689208984,0
2026-02-04 18:57:40.000,2026-02-04 18:57:50.000,477,2026-02-04 18:57:48.133,2026-02-04 18:57:44.037,-4095.832,59.97807312011719,0
2026-02-04 18:57:40.000,2026-02-04 18:57:50.000,2423,2026-02-04 18:57:48.040,2026-02-04 18:57:44.038,-4001.493,50.03997039794922,0
2026-02-04 18:57:40.000,2026-02-04 18:57:50.000,2108,2026-02-04 18:57:48.133,2026-02-04 18:57:44.046,-4086.650,59.981163024902344,0
2026-02-04 18:57:40.000,2026-02-04 18:57:50.000,477,2026-02-04 18:57:48.150,2026-02-04 18:57:44.054,-4095.227,59.97785568237305,0
2026-02-04 18:57:40.000,2026-02-04 18:57:50.000,2423,2026-02-04 18:57:48.060,2026-02-04 18:57:44.057,-4002.237,50.039852142333984,0
2026-02-04 18:57:40.000,2026-02-04 18:57:50.000,2108,2026-02-04 18:57:48.150,2026-02-04 18:57:44.063,-4086.724,59.979576110839844,0
2026-02-04 18:57:40.000,2026-02-04 18:57:50.000,477,2026-02-04 18:57:48.166,2026-02-04 18:57:44.071,-4095.390,59.97820281982422,0
2026-02-04 18:57:40.000,2026-02-04 18:57:50.000,2423,2026-02-04 18:57:48.080,2026-02-04 18:57:44.077,-4002.210,50.039939880371094,0
2026-02-04 18:57:40.000,2026-02-04 18:57:50.000,2108,2026-02-04 18:57:48.166,2026-02-04 18:57:44.078,-4087.881,59.976356506347656,0
2026-02-04 18:57:40.000,2026-02-04 18:57:50.000,477,2026-02-04 18:57:48.183,2026-02-04 18:57:44.087,-4095.345,59.978111267089844,0
2026-02-04 18:57:40.000,2026-02-04 18:57:50.000,2108,2026-02-04 18:57:48.183,2026-02-04 18:57:44.096,-4087.284,59.976898193359375,0
2026-02-04 18:57:40.000,2026-02-04 18:57:50.000,2423,2026-02-04 18:57:48.099,2026-02-04 18:57:44.098,-4001.934,50.03853225708008,0
2026-02-04 18:57:40.000,2026-02-04 18:57:50.000,477,2026-02-04 18:57:48.200,2026-02-04 18:57:44.104,-4095.432,59.978084564208984,0
2026-02-04 18:57:40.000,2026-02-04 18:57:50.000,2108,2026-02-04 18:57:48.200,2026-02-04 18:57:44.112,-4087.428,59.980491638183594,0
2026-02-04 18:57:40.000,2026-02-04 18:57:50.000,2423,2026-02-04 18:57:48.120,2026-02-04 18:57:44.118,-4001.385,50.036617279052734,0
2026-02-04 18:57:40.000,2026-02-04 18:57:50.000,477,2026-02-04 18:57:48.216,2026-02-04 18:57:44.121,-4095.049,59.97906494140625,0
2026-02-04 18:57:40.000,2026-02-04 18:57:50.000,2108,2026-02-04 18:57:48.216,2026-02-04 18:57:44.128,-4087.942,59.98112106323242,0
2026-02-04 18:57:40.000,2026-02-04 18:57:50.000,477,2026-02-04 18:57:48.233,2026-02-04 18:57:44.137,-4095.558,59.97962951660156,0
2026-02-04 18:57:40.000,2026-02-04 18:57:50.000,2423,2026-02-04 18:57:48.140,2026-02-04 18:57:44.138,-4001.239,50.03763198852539,0
2026-02-04 18:57:40.000,2026-02-04 18:57:50.000,2108,2026-02-04 18:57:48.233,2026-02-04 18:57:44.146,-4087.045,59.9793586730957,0
2026-02-04 18:57:40.000,2026-02-04 18:57:50.000,477,2026-02-04 18:57:48.250,2026-02-04 18:57:44.154,-4095.328,59.979209899902344,0
2026-02-04 18:57:40.000,2026-02-04 18:57:50.000,2423,2026-02-04 18:57:48.160,2026-02-04 18:57:44.158,-4001.172,50.04025650024414,0
2026-02-04 18:57:40.000,2026-02-04 18:57:50.000,2108,2026-02-04 18:57:48.250,2026-02-04 18:57:44.161,-4088.171,59.977691650390625,0
2026-02-04 18:57:40.000,2026-02-04 18:57:50.000,477,2026-02-04 18:57:48.266,2026-02-04 18:57:44.171,-4095.321,59.97914123535156,0
2026-02-04 18:57:40.000,2026-02-04 18:57:50.000,2423,2026-02-04 18:57:48.179,2026-02-04 18:57:44.178,-4001.583,50.040367126464844,0
2026-02-04 18:57:40.000,2026-02-04 18:57:50.000,2108,2026-02-04 18:57:48.266,2026-02-04 18:57:44.179,-4087.257,59.97762680053711,0
2026-02-04 18:57:40.000,2026-02-04 18:57:50.000,477,2026-02-04 18:57:48.283,2026-02-04 18:57:44.188,-4094.410,59.97913360595703,0
2026-02-04 18:57:40.000,2026-02-04 18:57:50.000,2108,2026-02-04 18:57:48.283,2026-02-04 18:57:44.195,-4087.899,59.97931671142578,0
2026-02-04 18:57:40.000,2026-02-04 18:57:50.000,2423,2026-02-04 18:57:48.200,2026-02-04 18:57:44.198,-4001.571,50.037811279296875,0
2026-02-04 18:57:40.000,2026-02-04 18:57:50.000,477,2026-02-04 18:57:48.300,2026-02-04 18:57:44.204,-4095.490,59.978694915771484,0
2026-02-04 18:57:40.000,2026-02-04 18:57:50.000,2108,2026-02-04 18:57:48.300,2026-02-04 18:57:44.212,-4087.482,59.979671478271484,0
2026-02-04 18:57:40.000,2026-02-04 18:57:50.000,2423,2026-02-04 18:57:48.220,2026-02-04 18:57:44.218,-4001.737,50.037681579589844,0
2026-02-04 18:57:40.000,2026-02-04 18:57:50.000,477,2026-02-04 18:57:48.316,2026-02-04 18:57:44.221,-4095.400,59.97822952270508,0
2026-02-04 18:57:40.000,2026-02-04 18:57:50.000,2108,2026-02-04 18:57:48.316,2026-02-04 18:57:44.228,-4088.092,59.97658920288086,0
2026-02-04 18:57:40.000,2026-02-04 18:57:50.000,477,2026-02-04 18:57:48.333,2026-02-04 18:57:44.237,-4095.514,59.978233337402344,0
2026-02-04 18:57:40.000,2026-02-04 18:57:50.000,2423,2026-02-04 18:57:48.240,2026-02-04 18:57:44.238,-4001.177,50.03963088989258,0
2026-02-04 18:57:40.000,2026-02-04 18:57:50.000,2108,2026-02-04 18:57:48.333,2026-02-04 18:57:44.250,-4083.004,59.9765739440918,0
2026-02-04 18:57:40.000,2026-02-04 18:57:50.000,477,2026-02-04 18:57:48.350,2026-02-04 18:57:44.254,-4095.158,59.9788703918457,0
2026-02-04 18:57:40.000,2026-02-04 18:57:50.000,2423,2026-02-04 18:57:48.259,2026-02-04 18:57:44.257,-4002.151,50.03984451293945,0
2026-02-04 18:57:40.000,2026-02-04 18:57:50.000,2108,2026-02-04 18:57:48.350,2026-02-04 18:57:44.263,-4086.080,59.980770111083984,0
2026-02-04 18:57:40.000,2026-02-04 18:57:50.000,477,2026-02-04 18:57:48.366,2026-02-04 18:57:44.271,-4094.748,59.97914505004883,0
2026-02-04 18:57:40.000,2026-02-04 18:57:50.000,2423,2026-02-04 18:57:48.280,2026-02-04 18:57:44.278,-4001.557,50.03820037841797,0
2026-02-04 18:57:40.000,2026-02-04 18:57:50.000,2108,2026-02-04 18:57:48.366,2026-02-04 18:57:44.283,-4082.721,59.98167037963867,0
2026-02-04 18:57:40.000,2026-02-04 18:57:50.000,477,2026-02-04 18:57:48.383,2026-02-04 18:57:44.288,-4094.374,59.97831344604492,0
2026-02-04 18:57:40.000,2026-02-04 18:57:50.000,2108,2026-02-04 18:57:48.383,2026-02-04 18:57:44.295,-4087.863,59.978328704833984,0
2026-02-04 18:57:40.000,2026-02-04 18:57:50.000,2423,2026-02-04 18:57:48.300,2026-02-04 18:57:44.298,-4001.537,50.03730773925781,0
2026-02-04 18:57:40.000,2026-02-04 18:57:50.000,477,2026-02-04 18:57:48.400,2026-02-04 18:57:44.305,-4094.080,59.97785186767578,0
2026-02-04 18:57:40.000,2026-02-04 18:57:50.000,2108,2026-02-04 18:57:48.400,2026-02-04 18:57:44.416,-3983.418,59.976531982421875,0
2026-02-04 18:57:40.000,2026-02-04 18:57:50.000,2423,2026-02-04 18:57:48.320,2026-02-04 18:57:44.417,-3902.418,50.03832244873047,0
2026-02-04 18:57:40.000,2026-02-04 18:57:50.000,477,2026-02-04 18:57:48.416,2026-02-04 18:57:44.417,-3999.082,59.978240966796875,0
2026-02-04 18:57:40.000,2026-02-04 18:57:50.000,2108,2026-02-04 18:57:48.416,2026-02-04 18:57:44.420,-3996.083,59.97864532470703,0
2026-02-04 18:57:40.000,2026-02-04 18:57:50.000,2423,2026-02-04 18:57:48.339,2026-02-04 18:57:44.420,-3919.411,50.0385627746582,0
2026-02-04 18:57:40.000,2026-02-04 18:57:50.000,477,2026-02-04 18:57:48.433,2026-02-04 18:57:44.420,-4012.747,59.97831344604492,0
2026-02-04 18:57:40.000,2026-02-04 18:57:50.000,2108,2026-02-04 18:57:48.433,2026-02-04 18:57:44.421,-4011.745,59.98062515258789,0
2026-02-04 18:57:40.000,2026-02-04 18:57:50.000,2108,2026-02-04 18:57:48.450,2026-02-04 18:57:44.421,-4028.417,59.980079650878906,0
2026-02-04 18:57:40.000,2026-02-04 18:57:50.000,2423,2026-02-04 18:57:48.360,2026-02-04 18:57:44.421,-3938.417,50.03818130493164,0
2026-02-04 18:57:40.000,2026-02-04 18:57:50.000,2423,2026-02-04 18:57:48.380,2026-02-04 18:57:44.421,-3958.425,50.03853988647461,0
2026-02-04 18:57:40.000,2026-02-04 18:57:50.000,477,2026-02-04 18:57:48.450,2026-02-04 18:57:44.421,-4028.417,59.97852325439453,0
2026-02-04 18:57:40.000,2026-02-04 18:57:50.000,2108,2026-02-04 18:57:48.466,2026-02-04 18:57:44.423,-4043.082,59.9768180847168,0
2026-02-04 18:57:40.000,2026-02-04 18:57:50.000,2423,2026-02-04 18:57:48.400,2026-02-04 18:57:44.423,-3976.418,50.03913497924805,0
2026-02-04 18:57:40.000,2026-02-04 18:57:50.000,477,2026-02-04 18:57:48.466,2026-02-04 18:57:44.423,-4043.082,59.97879409790039,0
2026-02-04 18:57:40.000,2026-02-04 18:57:50.000,477,2026-02-04 18:57:48.483,2026-02-04 18:57:44.423,-4059.746,59.97906494140625,0
2026-02-04 18:57:40.000,2026-02-04 18:57:50.000,2108,2026-02-04 18:57:48.483,2026-02-04 18:57:44.424,-4059.240,59.97697830200195,0
2026-02-04 18:57:40.000,2026-02-04 18:57:50.000,2108,2026-02-04 18:57:48.499,2026-02-04 18:57:44.424,-4075.904,59.98066329956055,0
2026-02-04 18:57:40.000,2026-02-04 18:57:50.000,477,2026-02-04 18:57:48.499,2026-02-04 18:57:44.424,-4075.904,59.979976654052734,0
2026-02-04 18:57:40.000,2026-02-04 18:57:50.000,2423,2026-02-04 18:57:48.419,2026-02-04 18:57:44.425,-3994.898,50.038455963134766,0
2026-02-04 18:57:40.000,2026-02-04 18:57:50.000,477,2026-02-04 18:57:48.516,2026-02-04 18:57:44.425,-4091.578,59.98012924194336,0
2026-02-04 18:57:40.000,2026-02-04 18:57:50.000,2108,2026-02-04 18:57:48.516,2026-02-04 18:57:44.432,-4084.575,59.98035430908203,0
2026-02-04 18:57:40.000,2026-02-04 18:57:50.000,2423,2026-02-04 18:57:48.440,2026-02-04 18:57:44.438,-4001.812,50.03620910644531,0
2026-02-04 18:57:40.000,2026-02-04 18:57:50.000,2108,2026-02-04 18:57:48.533,2026-02-04 18:57:44.445,-4087.639,59.978240966796875,0
2026-02-04 18:57:40.000,2026-02-04 18:57:50.000,2423,2026-02-04 18:57:48.460,2026-02-04 18:57:44.458,-4001.803,50.03606414794922,0
2026-02-04 18:57:40.000,2026-02-04 18:57:50.000,477,2026-02-04 18:57:48.533,2026-02-04 18:57:44.461,-4072.128,59.97910690307617,0
2026-02-04 18:57:40.000,2026-02-04 18:57:50.000,477,2026-02-04 18:57:48.550,2026-02-04 18:57:44.462,-4087.794,59.978363037109375,0
2026-02-04 18:57:40.000,2026-02-04 18:57:50.000,2108,2026-02-04 18:57:48.550,2026-02-04 18:57:44.462,-4087.794,59.97748565673828,0
2026-02-04 18:57:40.000,2026-02-04 18:57:50.000,477,2026-02-04 18:57:48.566,2026-02-04 18:57:44.471,-4094.954,59.97818374633789,0
2026-02-04 18:57:40.000,2026-02-04 18:57:50.000,2423,2026-02-04 18:57:48.480,2026-02-04 18:57:44.478,-4001.775,50.038265228271484,0
2026-02-04 18:57:40.000,2026-02-04 18:57:50.000,2108,2026-02-04 18:57:48.566,2026-02-04 18:57:44.479,-4087.446,59.978843688964844,0
2026-02-04 18:57:40.000,2026-02-04 18:57:50.000,477,2026-02-04 18:57:48.583,2026-02-04 18:57:44.488,-4094.593,59.9782600402832,0
2026-02-04 18:57:40.000,2026-02-04 18:57:50.000,2108,2026-02-04 18:57:48.583,2026-02-04 18:57:44.496,-4087.081,59.98200607299805,0
2026-02-04 18:57:40.000,2026-02-04 18:57:50.000,2423,2026-02-04 18:57:48.499,2026-02-04 18:57:44.498,-4001.735,50.03849411010742,0
2026-02-04 18:57:40.000,2026-02-04 18:57:50.000,477,2026-02-04 18:57:48.600,2026-02-04 18:57:44.504,-4095.637,59.97909164428711,0
2026-02-04 18:57:40.000,2026-02-04 18:57:50.000,2108,2026-02-04 18:57:48.600,2026-02-04 18:57:44.512,-4087.637,59.98178482055664,0
2026-02-04 18:57:40.000,2026-02-04 18:57:50.000,2423,2026-02-04 18:57:48.520,2026-02-04 18:57:44.518,-4001.611,50.037208557128906,0
2026-02-04 18:57:40.000,2026-02-04 18:57:50.000,477,2026-02-04 18:57:48.616,2026-02-04 18:57:44.521,-4095.277,59.979347229003906,0
2026-02-04 18:57:40.000,2026-02-04 18:57:50.000,2108,2026-02-04 18:57:48.616,2026-02-04 18:57:44.528,-4087.666,59.97697448730469,0
2026-02-04 18:57:40.000,2026-02-04 18:57:50.000,2423,2026-02-04 18:57:48.540,2026-02-04 18:57:44.538,-4001.374,50.037757873535156,0
2026-02-04 18:57:40.000,2026-02-04 18:57:50.000,477,2026-02-04 18:57:48.633,2026-02-04 18:57:44.538,-4094.693,59.978878021240234,0
2026-02-04 18:57:40.000,2026-02-04 18:57:50.000,2108,2026-02-04 18:57:48.633,2026-02-04 18:57:44.560,-4072.918,59.975364685058594,0
2026-02-04 18:57:40.000,2026-02-04 18:57:50.000,477,2026-02-04 18:57:48.650,2026-02-04 18:57:44.560,-4089.591,59.97890090942383,0
2026-02-04 18:57:40.000,2026-02-04 18:57:50.000,2423,2026-02-04 18:57:48.560,2026-02-04 18:57:44.562,-3997.854,50.039493560791016,0
2026-02-04 18:57:40.000,2026-02-04 18:57:50.000,2108,2026-02-04 18:57:48.650,2026-02-04 18:57:44.562,-4087.854,59.9796142578125,0
2026-02-04 18:57:40.000,2026-02-04 18:57:50.000,477,2026-02-04 18:57:48.666,2026-02-04 18:57:44.571,-4094.959,59.97906494140625,0
2026-02-04 18:57:40.000,2026-02-04 18:57:50.000,2423,2026-02-04 18:57:48.579,2026-02-04 18:57:44.578,-4001.675,50.03873062133789,0
2026-02-04 18:57:40.000,2026-02-04 18:57:50.000,2108,2026-02-04 18:57:48.666,2026-02-04 18:57:44.579,-4087.346,59.98257827758789,0
2026-02-04 18:57:40.000,2026-02-04 18:57:50.000,477,2026-02-04 18:57:48.683,2026-02-04 18:57:44.587,-4095.464,59.97948455810547,0
2026-02-04 18:57:40.000,2026-02-04 18:57:50.000,2108,2026-02-04 18:57:48.683,2026-02-04 18:57:44.599,-4083.948,59.98167419433594,0
2026-02-04 18:57:40.000,2026-02-04 18:57:50.000,2423,2026-02-04 18:57:48.600,2026-02-04 18:57:44.599,-4000.620,50.03569030761719,0
2026-02-04 18:57:40.000,2026-02-04 18:57:50.000,477,2026-02-04 18:57:48.700,2026-02-04 18:57:44.604,-4095.587,59.97971725463867,0
2026-02-04 18:57:40.000,2026-02-04 18:57:50.000,2108,2026-02-04 18:57:48.700,2026-02-04 18:57:44.611,-4088.076,59.97953414916992,0
2026-02-04 18:57:40.000,2026-02-04 18:57:50.000,2423,2026-02-04 18:57:48.620,2026-02-04 18:57:44.618,-4001.566,50.03572082519531,0
2026-02-04 18:57:40.000,2026-02-04 18:57:50.000,2108,2026-02-04 18:57:48.716,2026-02-04 18:57:44.629,-4087.202,59.97917938232422,0
2026-02-04 18:57:40.000,2026-02-04 18:57:50.000,2423,2026-02-04 18:57:48.640,2026-02-04 18:57:44.637,-4002.256,50.038124084472656,0
2026-02-04 18:57:40.000,2026-02-04 18:57:50.000,2108,2026-02-04 18:57:48.733,2026-02-04 18:57:44.646,-4087.081,59.98140335083008,0
2026-02-04 18:57:40.000,2026-02-04 18:57:50.000,477,2026-02-04 18:57:48.716,2026-02-04 18:57:44.651,-4065.419,59.979408264160156,0
2026-02-04 18:57:40.000,2026-02-04 18:57:50.000,477,2026-02-04 18:57:48.733,2026-02-04 18:57:44.651,-4082.083,59.97930145263672,0
2026-02-04 18:57:40.000,2026-02-04 18:57:50.000,477,2026-02-04 18:57:48.750,2026-02-04 18:57:44.654,-4095.235,59.979530334472656,0
2026-02-04 18:57:40.000,2026-02-04 18:57:50.000,2423,2026-02-04 18:57:48.659,2026-02-04 18:57:44.657,-4002.231,50.03866958618164,0
2026-02-04 18:57:40.000,2026-02-04 18:57:50.000,2108,2026-02-04 18:57:48.750,2026-02-04 18:57:44.662,-4087.724,59.980682373046875,0
2026-02-04 18:57:40.000,2026-02-04 18:57:50.000,477,2026-02-04 18:57:48.766,2026-02-04 18:57:44.671,-4094.992,59.97886657714844,0
2026-02-04 18:57:40.000,2026-02-04 18:57:50.000,2423,2026-02-04 18:57:48.680,2026-02-04 18:57:44.679,-4000.812,50.03727340698242,0
2026-02-04 18:57:40.000,2026-02-04 18:57:50.000,2108,2026-02-04 18:57:48.766,2026-02-04 18:57:44.679,-4087.483,59.97642517089844,0
2026-02-04 18:57:40.000,2026-02-04 18:57:50.000,477,2026-02-04 18:57:48.783,2026-02-04 18:57:44.687,-4095.629,59.9779052734375,0
2026-02-04 18:57:40.000,2026-02-04 18:57:50.000,2108,2026-02-04 18:57:48.783,2026-02-04 18:57:44.696,-4086.452,59.97418212890625,0
2026-02-04 18:57:40.000,2026-02-04 18:57:50.000,2423,2026-02-04 18:57:48.700,2026-02-04 18:57:44.697,-4002.126,50.03694534301758,0
2026-02-04 18:57:40.000,2026-02-04 18:57:50.000,477,2026-02-04 18:57:48.800,2026-02-04 18:57:44.704,-4095.605,59.978519439697266,0
2026-02-04 18:57:40.000,2026-02-04 18:57:50.000,2108,2026-02-04 18:57:48.800,2026-02-04 18:57:44.712,-4087.604,59.97689437866211,0
2026-02-04 18:57:40.000,2026-02-04 18:57:50.000,2423,2026-02-04 18:57:48.720,2026-02-04 18:57:44.718,-4001.494,50.03882598876953,0
2026-02-04 18:57:40.000,2026-02-04 18:57:50.000,477,2026-02-04 18:57:48.816,2026-02-04 18:57:44.720,-4096.160,59.979549407958984,0
2026-02-04 18:57:40.000,2026-02-04 18:57:50.000,2108,2026-02-04 18:57:48.816,2026-02-04 18:57:44.729,-4087.582,59.98017501831055,0
2026-02-04 18:57:40.000,2026-02-04 18:57:50.000,477,2026-02-04 18:57:48.833,2026-02-04 18:57:44.738,-4094.735,59.979671478271484,0
2026-02-04 18:57:40.000,2026-02-04 18:57:50.000,2423,2026-02-04 18:57:48.739,2026-02-04 18:57:44.738,-4001.399,50.03858184814453,0
2026-02-04 18:57:40.000,2026-02-04 18:57:50.000,2108,2026-02-04 18:57:48.833,2026-02-04 18:57:44.745,-4087.602,59.97976303100586,0
2026-02-04 18:57:40.000,2026-02-04 18:57:50.000,477,2026-02-04 18:57:48.850,2026-02-04 18:57:44.754,-4095.226,59.979496002197266,0
2026-02-04 18:57:40.000,2026-02-04 18:57:50.000,2423,2026-02-04 18:57:48.760,2026-02-04 18:57:44.757,-4002.229,50.03616714477539,0
2026-02-04 18:57:40.000,2026-02-04 18:57:50.000,2108,2026-02-04 18:57:48.850,2026-02-04 18:57:44.762,-4087.717,59.978851318359375,0
2026-02-04 18:57:40.000,2026-02-04 18:57:50.000,477,2026-02-04 18:57:48.866,2026-02-04 18:57:44.771,-4095.152,59.97941970825195,0
2026-02-04 18:57:40.000,2026-02-04 18:57:50.000,2423,2026-02-04 18:57:48.780,2026-02-04 18:57:44.778,-4001.984,50.035823822021484,0
2026-02-04 18:57:40.000,2026-02-04 18:57:50.000,2108,2026-02-04 18:57:48.866,2026-02-04 18:57:44.779,-4087.630,59.98002243041992,0
2026-02-04 18:57:40.000,2026-02-04 18:57:50.000,477,2026-02-04 18:57:48.883,2026-02-04 18:57:44.788,-4095.281,59.979618072509766,0
2026-02-04 18:57:40.000,2026-02-04 18:57:50.000,2108,2026-02-04 18:57:48.883,2026-02-04 18:57:44.796,-4087.289,59.98052215576172,0
2026-02-04 18:57:40.000,2026-02-04 18:57:50.000,2423,2026-02-04 18:57:48.800,2026-02-04 18:57:44.798,-4001.961,50.037899017333984,0
2026-02-04 18:57:40.000,2026-02-04 18:57:50.000,477,2026-02-04 18:57:48.899,2026-02-04 18:57:44.804,-4095.442,59.97989273071289,0
2026-02-04 18:57:40.000,2026-02-04 18:57:50.000,2108,2026-02-04 18:57:48.899,2026-02-04 18:57:44.812,-4087.438,59.9791145324707,0
2026-02-04 18:57:40.000,2026-02-04 18:57:50.000,2423,2026-02-04 18:57:48.819,2026-02-04 18:57:44.818,-4001.171,50.03925704956055,0
2026-02-04 18:57:40.000,2026-02-04 18:57:50.000,477,2026-02-04 18:57:48.916,2026-02-04 18:57:44.821,-4094.851,59.97948455810547,0
2026-02-04 18:57:40.000,2026-02-04 18:57:50.000,2108,2026-02-04 18:57:48.916,2026-02-04 18:57:44.829,-4087.341,59.97922897338867,0
2026-02-04 18:57:40.000,2026-02-04 18:57:50.000,2423,2026-02-04 18:57:48.840,2026-02-04 18:57:44.838,-4001.600,50.03650665283203,0
2026-02-04 18:57:40.000,2026-02-04 18:57:50.000,2108,2026-02-04 18:57:48.933,2026-02-04 18:57:44.845,-4087.586,59.978759765625,0
2026-02-04 18:57:40.000,2026-02-04 18:57:50.000,2423,2026-02-04 18:57:48.860,2026-02-04 18:57:44.858,-4001.751,50.034080505371094,0
2026-02-04 18:57:40.000,2026-02-04 18:57:50.000,477,2026-02-04 18:57:48.933,2026-02-04 18:57:44.860,-4073.074,59.97937774658203,0
2026-02-04 18:57:40.000,2026-02-04 18:57:50.000,477,2026-02-04 18:57:48.950,2026-02-04 18:57:44.861,-4088.742,59.97978591918945,0
2026-02-04 18:57:40.000,2026-02-04 18:57:50.000,2108,2026-02-04 18:57:48.950,2026-02-04 18:57:44.862,-4087.741,59.9782829284668,0
2026-02-04 18:57:40.000,2026-02-04 18:57:50.000,477,2026-02-04 18:57:48.966,2026-02-04 18:57:44.871,-4095.158,59.97951126098633,0
2026-02-04 18:57:40.000,2026-02-04 18:57:50.000,2423,2026-02-04 18:57:48.880,2026-02-04 18:57:44.877,-4002.374,50.03641891479492,0
2026-02-04 18:57:40.000,2026-02-04 18:57:50.000,2108,2026-02-04 18:57:48.966,2026-02-04 18:57:44.878,-4088.046,59.979774475097656,0
2026-02-04 18:57:40.000,2026-02-04 18:57:50.000,477,2026-02-04 18:57:48.983,2026-02-04 18:57:44.887,-4095.637,59.97946548461914,0
2026-02-04 18:57:40.000,2026-02-04 18:57:50.000,2108,2026-02-04 18:57:48.983,2026-02-04 18:57:44.895,-4087.399,59.98169708251953,0
2026-02-04 18:57:40.000,2026-02-04 18:57:50.000,2423,2026-02-04 18:57:48.899,2026-02-04 18:57:44.897,-4002.055,50.03887176513672,0
2026-02-04 18:57:40.000,2026-02-04 18:57:50.000,477,2026-02-04 18:57:49.000,2026-02-04 18:57:44.904,-4095.036,59.98035430908203,0
2026-02-04 18:57:40.000,2026-02-04 18:57:50.000,2108,2026-02-04 18:57:49.000,2026-02-04 18:57:44.911,-4088.032,59.9815788269043,0
2026-02-04 18:57:40.000,2026-02-04 18:57:50.000,2423,2026-02-04 18:57:48.920,2026-02-04 18:57:44.918,-4001.924,50.03754425048828,0
2026-02-04 18:57:40.000,2026-02-04 18:57:50.000,477,2026-02-04 18:57:49.016,2026-02-04 18:57:44.922,-4094.586,59.98037338256836,0
2026-02-04 18:57:40.000,2026-02-04 18:57:50.000,2108,2026-02-04 18:57:49.016,2026-02-04 18:57:44.929,-4087.074,59.9791259765625,0
2026-02-04 18:57:40.000,2026-02-04 18:57:50.000,2423,2026-02-04 18:57:48.940,2026-02-04 18:57:44.938,-4001.905,50.03548812866211,0
2026-02-04 18:57:40.000,2026-02-04 18:57:50.000,477,2026-02-04 18:57:49.033,2026-02-04 18:57:44.939,-4094.224,59.97990798950195,0
2026-02-04 18:57:40.000,2026-02-04 18:57:50.000,2108,2026-02-04 18:57:49.033,2026-02-04 18:57:44.945,-4087.711,59.981048583984375,0
2026-02-04 18:57:40.000,2026-02-04 18:57:50.000,477,2026-02-04 18:57:49.050,2026-02-04 18:57:44.954,-4095.211,59.98045349121094,0
2026-02-04 18:57:40.000,2026-02-04 18:57:50.000,2423,2026-02-04 18:57:48.960,2026-02-04 18:57:44.957,-4002.213,50.03858184814453,0
2026-02-04 18:57:40.000,2026-02-04 18:57:50.000,2108,2026-02-04 18:57:49.050,2026-02-04 18:57:44.961,-4088.215,59.983821868896484,0
2026-02-04 18:57:40.000,2026-02-04 18:57:50.000,477,2026-02-04 18:57:49.066,2026-02-04 18:57:44.971,-4095.369,59.98082733154297,0
2026-02-04 18:57:40.000,2026-02-04 18:57:50.000,2423,2026-02-04 18:57:48.979,2026-02-04 18:57:44.977,-4002.265,50.039947509765625,0
2026-02-04 18:57:40.000,2026-02-04 18:57:50.000,2108,2026-02-04 18:57:49.066,2026-02-04 18:57:44.978,-4087.938,59.98212432861328,0
2026-02-04 18:57:40.000,2026-02-04 18:57:50.000,477,2026-02-04 18:57:49.083,2026-02-04 18:57:44.988,-4095.092,59.980995178222656,0
2026-02-04 18:57:40.000,2026-02-04 18:57:50.000,2108,2026-02-04 18:57:49.083,2026-02-04 18:57:44.996,-4087.049,59.979122161865234,0
2026-02-04 18:57:40.000,2026-02-04 18:57:50.000,2423,2026-02-04 18:57:49.000,2026-02-04 18:57:44.998,-4001.719,50.03579330444336,0
2026-02-04 18:57:40.000,2026-02-04 18:57:50.000,477,2026-02-04 18:57:49.100,2026-02-04 18:57:45.004,-4095.419,59.98112869262695,0
2026-02-04 18:57:40.000,2026-02-04 18:57:50.000,2108,2026-02-04 18:57:49.100,2026-02-04 18:57:45.012,-4087.416,59.97766876220703,0
2026-02-04 18:57:40.000,2026-02-04 18:57:50.000,2423,2026-02-04 18:57:49.020,2026-02-04 18:57:45.018,-4001.334,50.036922454833984,0
2026-02-04 18:57:40.000,2026-02-04 18:57:50.000,477,2026-02-04 18:57:49.116,2026-02-04 18:57:45.021,-4094.999,59.980403900146484,0
2026-02-04 18:57:40.000,2026-02-04 18:57:50.000,2108,2026-02-04 18:57:49.116,2026-02-04 18:57:45.028,-4087.903,59.982666015625,0
2026-02-04 18:57:40.000,2026-02-04 18:57:50.000,2423,2026-02-04 18:57:49.040,2026-02-04 18:57:45.038,-4001.722,50.03929901123047,0
2026-02-04 18:57:40.000,2026-02-04 18:57:50.000,477,2026-02-04 18:57:49.133,2026-02-04 18:57:45.038,-4095.058,59.979705810546875,0
2026-02-04 18:57:40.000,2026-02-04 18:57:50.000,2108,2026-02-04 18:57:49.133,2026-02-04 18:57:45.045,-4088.021,59.986602783203125,0
2026-02-04 18:57:40.000,2026-02-04 18:57:50.000,477,2026-02-04 18:57:49.150,2026-02-04 18:57:45.055,-4094.512,59.98003005981445,0
2026-02-04 18:57:40.000,2026-02-04 18:57:50.000,2423,2026-02-04 18:57:49.059,2026-02-04 18:57:45.058,-4001.502,50.03775405883789,0
2026-02-04 18:57:40.000,2026-02-04 18:57:50.000,2108,2026-02-04 18:57:49.150,2026-02-04 18:57:45.062,-4087.512,59.97972869873047,0
2026-02-04 18:57:40.000,2026-02-04 18:57:50.000,2423,2026-02-04 18:57:49.080,2026-02-04 18:57:45.078,-4001.487,50.03767013549805,0
2026-02-04 18:57:40.000,2026-02-04 18:57:50.000,2108,2026-02-04 18:57:49.166,2026-02-04 18:57:45.079,-4087.157,59.9746208190918,0
2026-02-04 18:57:40.000,2026-02-04 18:57:50.000,477,2026-02-04 18:57:49.166,2026-02-04 18:57:45.091,-4075.123,59.980411529541016,0
2026-02-04 18:57:40.000,2026-02-04 18:57:50.000,477,2026-02-04 18:57:49.183,2026-02-04 18:57:45.092,-4090.785,59.980682373046875,0
2026-02-04 18:57:40.000,2026-02-04 18:57:50.000,2108,2026-02-04 18:57:49.183,2026-02-04 18:57:45.095,-4087.693,59.97856903076172,0
2026-02-04 18:57:40.000,2026-02-04 18:57:50.000,2423,2026-02-04 18:57:49.100,2026-02-04 18:57:45.098,-4001.363,50.03807830810547,0
2026-02-04 18:57:40.000,2026-02-04 18:57:50.000,477,2026-02-04 18:57:49.200,2026-02-04 18:57:45.104,-4095.281,59.98080825805664,0
2026-02-04 18:57:40.000,2026-02-04 18:57:50.000,2108,2026-02-04 18:57:49.200,2026-02-04 18:57:45.114,-4085.774,59.981590270996094,0
2026-02-04 18:57:40.000,2026-02-04 18:57:50.000,2423,2026-02-04 18:57:49.120,2026-02-04 18:57:45.120,-3999.767,50.03838348388672,0
2026-02-04 18:57:40.000,2026-02-04 18:57:50.000,477,2026-02-04 18:57:49.216,2026-02-04 18:57:45.125,-4090.916,59.98020935058594,0
2026-02-04 18:57:40.000,2026-02-04 18:57:50.000,2108,2026-02-04 18:57:49.216,2026-02-04 18:57:45.129,-4086.916,59.98159408569336,0
2026-02-04 18:57:40.000,2026-02-04 18:57:50.000,477,2026-02-04 18:57:49.233,2026-02-04 18:57:45.140,-4093.066,59.97992706298828,0
2026-02-04 18:57:40.000,2026-02-04 18:57:50.000,2423,2026-02-04 18:57:49.139,2026-02-04 18:57:45.140,-3999.730,50.03757095336914,0
2026-02-04 18:57:40.000,2026-02-04 18:57:50.000,2108,2026-02-04 18:57:49.233,2026-02-04 18:57:45.146,-4086.978,59.98114013671875,0
2026-02-04 18:57:40.000,2026-02-04 18:57:50.000,477,2026-02-04 18:57:49.250,2026-02-04 18:57:45.154,-4095.601,59.980003356933594,0
2026-02-04 18:57:40.000,2026-02-04 18:57:50.000,2423,2026-02-04 18:57:49.160,2026-02-04 18:57:45.158,-4001.601,50.03538131713867,0
2026-02-04 18:57:40.000,2026-02-04 18:57:50.000,2108,2026-02-04 18:57:49.250,2026-02-04 18:57:45.163,-4086.602,59.97858428955078,0
2026-02-04 18:57:40.000,2026-02-04 18:57:50.000,477,2026-02-04 18:57:49.266,2026-02-04 18:57:45.171,-4095.049,59.979610443115234,0
2026-02-04 18:57:40.000,2026-02-04 18:57:50.000,2423,2026-02-04 18:57:49.180,2026-02-04 18:57:45.178,-4001.336,50.0362663269043,0
2026-02-04 18:57:40.000,2026-02-04 18:57:50.000,2108,2026-02-04 18:57:49.266,2026-02-04 18:57:45.179,-4086.992,59.979434967041016,0
2026-02-04 18:57:40.000,2026-02-04 18:57:50.000,477,2026-02-04 18:57:49.283,2026-02-04 18:57:45.187,-4095.642,59.97964859008789,0
2026-02-04 18:57:40.000,2026-02-04 18:57:50.000,2108,2026-02-04 18:57:49.283,2026-02-04 18:57:45.195,-4087.487,59.98402786254883,0
2026-02-04 18:57:40.000,2026-02-04 18:57:50.000,2423,2026-02-04 18:57:49.200,2026-02-04 18:57:45.197,-4002.161,50.03922653198242,0
2026-02-04 18:57:40.000,2026-02-04 18:57:50.000,477,2026-02-04 18:57:49.299,2026-02-04 18:57:45.205,-4094.639,59.979976654052734,0
2026-02-04 18:57:40.000,2026-02-04 18:57:50.000,2108,2026-02-04 18:57:49.299,2026-02-04 18:57:45.213,-4086.444,59.98399353027344,0
2026-02-04 18:57:40.000,2026-02-04 18:57:50.000,2423,2026-02-04 18:57:49.219,2026-02-04 18:57:45.218,-4001.072,50.038597106933594,0
2026-02-04 18:57:40.000,2026-02-04 18:57:50.000,477,2026-02-04 18:57:49.316,2026-02-04 18:57:45.221,-4094.753,59.98024368286133,0
2026-02-04 18:57:40.000,2026-02-04 18:57:50.000,2108,2026-02-04 18:57:49.316,2026-02-04 18:57:45.228,-4087.950,59.980224609375,0
2026-02-04 18:57:40.000,2026-02-04 18:57:50.000,2423,2026-02-04 18:57:49.240,2026-02-04 18:57:45.238,-4001.761,50.03555679321289,0
2026-02-04 18:57:40.000,2026-02-04 18:57:50.000,477,2026-02-04 18:57:49.333,2026-02-04 18:57:45.238,-4095.097,59.980506896972656,0
2026-02-04 18:57:40.000,2026-02-04 18:57:50.000,2108,2026-02-04 18:57:49.333,2026-02-04 18:57:45.246,-4087.065,59.97983932495117,0
2026-02-04 18:57:40.000,2026-02-04 18:57:50.000,477,2026-02-04 18:57:49.350,2026-02-04 18:57:45.254,-4095.588,59.98036575317383,0
2026-02-04 18:57:40.000,2026-02-04 18:57:50.000,2423,2026-02-04 18:57:49.260,2026-02-04 18:57:45.258,-4001.596,50.03636932373047,0
2026-02-04 18:57:40.000,2026-02-04 18:57:50.000,2108,2026-02-04 18:57:49.350,2026-02-04 18:57:45.262,-4087.588,59.97987747192383,0
2026-02-04 18:57:40.000,2026-02-04 18:57:50.000,2423,2026-02-04 18:57:49.280,2026-02-04 18:57:45.278,-4001.917,50.03860092163086,0
2026-02-04 18:57:40.000,2026-02-04 18:57:50.000,2108,2026-02-04 18:57:49.366,2026-02-04 18:57:45.279,-4087.590,59.97901153564453,0
2026-02-04 18:57:40.000,2026-02-04 18:57:50.000,2108,2026-02-04 18:57:49.383,2026-02-04 18:57:45.295,-4087.656,59.98076629638672,0
2026-02-04 18:57:40.000,2026-02-04 18:57:50.000,2423,2026-02-04 18:57:49.299,2026-02-04 18:57:45.298,-4001.312,50.036739349365234,0
2026-02-04 18:57:40.000,2026-02-04 18:57:50.000,477,2026-02-04 18:57:49.366,2026-02-04 18:57:45.302,-4063.993,59.98016357421875,0
2026-02-04 18:57:40.000,2026-02-04 18:57:50.000,477,2026-02-04 18:57:49.383,2026-02-04 18:57:45.303,-4079.656,59.980777740478516,0
2026-02-04 18:57:40.000,2026-02-04 18:57:50.000,477,2026-02-04 18:57:49.400,2026-02-04 18:57:45.304,-4095.166,59.981143951416016,0
2026-02-04 18:57:40.000,2026-02-04 18:57:50.000,2108,2026-02-04 18:57:49.400,2026-02-04 18:57:45.311,-4088.166,59.97993087768555,0
2026-02-04 18:57:40.000,2026-02-04 18:57:50.000,2423,2026-02-04 18:57:49.320,2026-02-04 18:57:45.318,-4001.654,50.03582000732422,0
2026-02-04 18:57:40.000,2026-02-04 18:57:50.000,477,2026-02-04 18:57:49.416,2026-02-04 18:57:45.322,-4094.314,59.98053741455078,0
2026-02-04 18:57:40.000,2026-02-04 18:57:50.000,2108,2026-02-04 18:57:49.416,2026-02-04 18:57:45.329,-4087.279,59.97777557373047,0
2026-02-04 18:57:40.000,2026-02-04 18:57:50.000,2423,2026-02-04 18:57:49.340,2026-02-04 18:57:45.338,-4001.609,50.03804016113281,0
2026-02-04 18:57:40.000,2026-02-04 18:57:50.000,477,2026-02-04 18:57:49.433,2026-02-04 18:57:45.338,-4094.929,59.98016357421875,0
2026-02-04 18:57:40.000,2026-02-04 18:57:50.000,2108,2026-02-04 18:57:49.433,2026-02-04 18:57:45.345,-4087.792,59.97846984863281,0
2026-02-04 18:57:40.000,2026-02-04 18:57:50.000,477,2026-02-04 18:57:49.450,2026-02-04 18:57:45.354,-4095.128,59.98002624511719,0
2026-02-04 18:57:40.000,2026-02-04 18:57:50.000,2423,2026-02-04 18:57:49.360,2026-02-04 18:57:45.357,-4002.129,50.038658142089844,0
2026-02-04 18:57:40.000,2026-02-04 18:57:50.000,2108,2026-02-04 18:57:49.450,2026-02-04 18:57:45.361,-4088.127,59.97998046875,0
2026-02-04 18:57:40.000,2026-02-04 18:57:50.000,477,2026-02-04 18:57:49.466,2026-02-04 18:57:45.371,-4095.280,59.98040008544922,0
2026-02-04 18:57:40.000,2026-02-04 18:57:50.000,2423,2026-02-04 18:57:49.379,2026-02-04 18:57:45.377,-4002.390,50.03813552856445,0
2026-02-04 18:57:40.000,2026-02-04 18:57:50.000,2108,2026-02-04 18:57:49.466,2026-02-04 18:57:45.379,-4087.065,59.98039627075195,0
2026-02-04 18:57:40.000,2026-02-04 18:57:50.000,477,2026-02-04 18:57:49.483,2026-02-04 18:57:45.388,-4095.218,59.9813232421875,0
2026-02-04 18:57:40.000,2026-02-04 18:57:50.000,2108,2026-02-04 18:57:49.483,2026-02-04 18:57:45.395,-4087.702,59.980281829833984,0
2026-02-04 18:57:40.000,2026-02-04 18:57:50.000,2423,2026-02-04 18:57:49.400,2026-02-04 18:57:45.397,-4002.374,50.03708267211914,0
2026-02-04 18:57:40.000,2026-02-04 18:57:50.000,477,2026-02-04 18:57:49.500,2026-02-04 18:57:45.404,-4095.068,59.98164367675781,0
2026-02-04 18:57:40.000,2026-02-04 18:57:50.000,2108,2026-02-04 18:57:49.500,2026-02-04 18:57:45.411,-4088.071,59.98122024536133,0
2026-02-04 18:57:40.000,2026-02-04 18:57:50.000,2423,2026-02-04 18:57:49.420,2026-02-04 18:57:45.418,-4001.554,50.036197662353516,0
2026-02-04 18:57:40.000,2026-02-04 18:57:50.000,477,2026-02-04 18:57:49.516,2026-02-04 18:57:45.426,-4090.070,59.98069381713867,0
2026-02-04 18:57:40.000,2026-02-04 18:57:50.000,2108,2026-02-04 18:57:49.516,2026-02-04 18:57:45.428,-4088.069,59.982051849365234,0
2026-02-04 18:57:40.000,2026-02-04 18:57:50.000,2423,2026-02-04 18:57:49.440,2026-02-04 18:57:45.438,-4001.276,50.03742980957031,0
2026-02-04 18:57:40.000,2026-02-04 18:57:50.000,477,2026-02-04 18:57:49.533,2026-02-04 18:57:45.438,-4094.612,59.98024368286133,0
2026-02-04 18:57:40.000,2026-02-04 18:57:50.000,2108,2026-02-04 18:57:49.533,2026-02-04 18:57:45.445,-4087.456,59.981990814208984,0
2026-02-04 18:57:40.000,2026-02-04 18:57:50.000,477,2026-02-04 18:57:49.550,2026-02-04 18:57:45.455,-4094.609,59.98051834106445,0
2026-02-04 18:57:40.000,2026-02-04 18:57:50.000,2423,2026-02-04 18:57:49.459,2026-02-04 18:57:45.458,-4001.602,50.03838348388672,0
2026-02-04 18:57:40.000,2026-02-04 18:57:50.000,2108,2026-02-04 18:57:49.550,2026-02-04 18:57:45.462,-4087.610,59.98086166381836,0
2026-02-04 18:57:40.000,2026-02-04 18:57:50.000,477,2026-02-04 18:57:49.566,2026-02-04 18:57:45.472,-4094.114,59.9801025390625,0
2026-02-04 18:57:40.000,2026-02-04 18:57:50.000,2423,2026-02-04 18:57:49.480,2026-02-04 18:57:45.477,-4002.369,50.03678512573242,0
2026-02-04 18:57:40.000,2026-02-04 18:57:50.000,2108,2026-02-04 18:57:49.566,2026-02-04 18:57:45.479,-4087.043,59.98012924194336,0
2026-02-04 18:57:40.000,2026-02-04 18:57:50.000,477,2026-02-04 18:57:49.583,2026-02-04 18:57:45.488,-4095.194,59.980255126953125,0
2026-02-04 18:57:40.000,2026-02-04 18:57:50.000,2108,2026-02-04 18:57:49.583,2026-02-04 18:57:45.495,-4087.682,59.981163024902344,0
2026-02-04 18:57:40.000,2026-02-04 18:57:50.000,2423,2026-02-04 18:57:49.500,2026-02-04 18:57:45.497,-4002.354,50.03685760498047,0
2026-02-04 18:57:40.000,2026-02-04 18:57:50.000,477,2026-02-04 18:57:49.600,2026-02-04 18:57:45.504,-4095.286,59.981170654296875,0
2026-02-04 18:57:40.000,2026-02-04 18:57:50.000,2108,2026-02-04 18:57:49.600,2026-02-04 18:57:45.512,-4087.273,59.98286819458008,0
2026-02-04 18:57:40.000,2026-02-04 18:57:50.000,2423,2026-02-04 18:57:49.520,2026-02-04 18:57:45.518,-4001.854,50.03917694091797,0
2026-02-04 18:57:40.000,2026-02-04 18:57:50.000,477,2026-02-04 18:57:49.616,2026-02-04 18:57:45.521,-4095.520,59.98105239868164,0
2026-02-04 18:57:40.000,2026-02-04 18:57:50.000,2108,2026-02-04 18:57:49.616,2026-02-04 18:57:45.528,-4087.999,59.98092269897461,0
2026-02-04 18:57:40.000,2026-02-04 18:57:50.000,2423,2026-02-04 18:57:49.539,2026-02-04 18:57:45.538,-4001.909,50.037864685058594,0
2026-02-04 18:57:40.000,2026-02-04 18:57:50.000,477,2026-02-04 18:57:49.633,2026-02-04 18:57:45.538,-4095.245,59.9803466796875,0
2026-02-04 18:57:40.000,2026-02-04 18:57:50.000,2108,2026-02-04 18:57:49.633,2026-02-04 18:57:45.545,-4087.488,59.97774124145508,0
2026-02-04 18:57:40.000,2026-02-04 18:57:50.000,477,2026-02-04 18:57:49.650,2026-02-04 18:57:45.554,-4095.651,59.980438232421875,0
2026-02-04 18:57:40.000,2026-02-04 18:57:50.000,2423,2026-02-04 18:57:49.560,2026-02-04 18:57:45.558,-4001.651,50.03545379638672,0
2026-02-04 18:57:40.000,2026-02-04 18:57:50.000,2108,2026-02-04 18:57:49.650,2026-02-04 18:57:45.562,-4087.652,59.98141860961914,0
2026-02-04 18:57:40.000,2026-02-04 18:57:50.000,477,2026-02-04 18:57:49.666,2026-02-04 18:57:45.571,-4095.539,59.98072052001953,0
2026-02-04 18:57:40.000,2026-02-04 18:57:50.000,2423,2026-02-04 18:57:49.580,2026-02-04 18:57:45.578,-4001.817,50.036598205566406,0
2026-02-04 18:57:40.000,2026-02-04 18:57:50.000,2108,2026-02-04 18:57:49.666,2026-02-04 18:57:45.579,-4087.475,59.984554290771484,0
2026-02-04 18:57:40.000,2026-02-04 18:57:50.000,477,2026-02-04 18:57:49.683,2026-02-04 18:57:45.588,-4095.101,59.98098373413086,0
2026-02-04 18:57:40.000,2026-02-04 18:57:50.000,2108,2026-02-04 18:57:49.683,2026-02-04 18:57:45.595,-4087.588,59.981590270996094,0
2026-02-04 18:57:40.000,2026-02-04 18:57:50.000,2423,2026-02-04 18:57:49.600,2026-02-04 18:57:45.597,-4002.260,50.03860092163086,0
2026-02-04 18:57:40.000,2026-02-04 18:57:50.000,477,2026-02-04 18:57:49.699,2026-02-04 18:57:45.605,-4094.741,59.98130416870117,0
2026-02-04 18:57:40.000,2026-02-04 18:57:50.000,2108,2026-02-04 18:57:49.699,2026-02-04 18:57:45.612,-4087.742,59.97943115234375,0
2026-02-04 18:57:40.000,2026-02-04 18:57:50.000,2423,2026-02-04 18:57:49.619,2026-02-04 18:57:45.617,-4002.230,50.038490295410156,0
2026-02-04 18:57:40.000,2026-02-04 18:57:50.000,477,2026-02-04 18:57:49.716,2026-02-04 18:57:45.621,-4094.904,59.981056213378906,0
2026-02-04 18:57:40.000,2026-02-04 18:57:50.000,2108,2026-02-04 18:57:49.716,2026-02-04 18:57:45.629,-4087.387,59.97810363769531,0
2026-02-04 18:57:40.000,2026-02-04 18:57:50.000,2423,2026-02-04 18:57:49.640,2026-02-04 18:57:45.637,-4002.388,50.037540435791016,0
2026-02-04 18:57:40.000,2026-02-04 18:57:50.000,477,2026-02-04 18:57:49.733,2026-02-04 18:57:45.638,-4094.724,59.980220794677734,0
2026-02-04 18:57:40.000,2026-02-04 18:57:50.000,2108,2026-02-04 18:57:49.733,2026-02-04 18:57:45.646,-4087.259,59.97754669189453,0
2026-02-04 18:57:40.000,2026-02-04 18:57:50.000,477,2026-02-04 18:57:49.750,2026-02-04 18:57:45.654,-4095.412,59.980079650878906,0
2026-02-04 18:57:40.000,2026-02-04 18:57:50.000,2423,2026-02-04 18:57:49.660,2026-02-04 18:57:45.658,-4001.418,50.03792190551758,0
2026-02-04 18:57:40.000,2026-02-04 18:57:50.000,2108,2026-02-04 18:57:49.750,2026-02-04 18:57:45.662,-4087.412,59.98008728027344,0
2026-02-04 18:57:40.000,2026-02-04 18:57:50.000,477,2026-02-04 18:57:49.766,2026-02-04 18:57:45.671,-4095.572,59.98081970214844,0
2026-02-04 18:57:40.000,2026-02-04 18:57:50.000,2423,2026-02-04 18:57:49.680,2026-02-04 18:57:45.678,-4001.391,50.038429260253906,0
2026-02-04 18:57:40.000,2026-02-04 18:57:50.000,2108,2026-02-04 18:57:49.766,2026-02-04 18:57:45.678,-4088.063,59.98181915283203,0
2026-02-04 18:57:40.000,2026-02-04 18:57:50.000,477,2026-02-04 18:57:49.783,2026-02-04 18:57:45.688,-4095.213,59.98115921020508,0
2026-02-04 18:57:40.000,2026-02-04 18:57:50.000,2108,2026-02-04 18:57:49.783,2026-02-04 18:57:45.695,-4087.645,59.97840118408203,0
2026-02-04 18:57:40.000,2026-02-04 18:57:50.000,2423,2026-02-04 18:57:49.699,2026-02-04 18:57:45.698,-4001.757,50.037715911865234,0
2026-02-04 18:57:40.000,2026-02-04 18:57:50.000,477,2026-02-04 18:57:49.800,2026-02-04 18:57:45.704,-4095.403,59.98120880126953,0
2026-02-04 18:57:40.000,2026-02-04 18:57:50.000,2108,2026-02-04 18:57:49.800,2026-02-04 18:57:45.712,-4087.398,59.97764587402344,0
2026-02-04 18:57:40.000,2026-02-04 18:57:50.000,2423,2026-02-04 18:57:49.720,2026-02-04 18:57:45.718,-4001.889,50.036094665527344,0
2026-02-04 18:57:40.000,2026-02-04 18:57:50.000,477,2026-02-04 18:57:49.816,2026-02-04 18:57:45.721,-4095.553,59.9810676574707,0
2026-02-04 18:57:40.000,2026-02-04 18:57:50.000,2108,2026-02-04 18:57:49.816,2026-02-04 18:57:45.728,-4088.044,59.981021881103516,0
2026-02-04 18:57:40.000,2026-02-04 18:57:50.000,2423,2026-02-04 18:57:49.740,2026-02-04 18:57:45.737,-4002.325,50.035343170166016,0
2026-02-04 18:57:40.000,2026-02-04 18:57:50.000,477,2026-02-04 18:57:49.833,2026-02-04 18:57:45.737,-4095.645,59.98101043701172,0
2026-02-04 18:57:40.000,2026-02-04 18:57:50.000,2108,2026-02-04 18:57:49.833,2026-02-04 18:57:45.746,-4087.009,59.981685638427734,0
2026-02-04 18:57:40.000,2026-02-04 18:57:50.000,477,2026-02-04 18:57:49.850,2026-02-04 18:57:45.754,-4095.261,59.98088073730469,0
2026-02-04 18:57:40.000,2026-02-04 18:57:50.000,2423,2026-02-04 18:57:49.760,2026-02-04 18:57:45.757,-4002.257,50.037078857421875,0
2026-02-04 18:57:40.000,2026-02-04 18:57:50.000,2108,2026-02-04 18:57:49.850,2026-02-04 18:57:45.766,-4083.741,59.98087692260742,0
2026-02-04 18:57:40.000,2026-02-04 18:57:50.000,477,2026-02-04 18:57:49.866,2026-02-04 18:57:45.771,-4095.407,59.98028564453125,0
2026-02-04 18:57:40.000,2026-02-04 18:57:50.000,2423,2026-02-04 18:57:49.779,2026-02-04 18:57:45.778,-4001.589,50.037601470947266,0
2026-02-04 18:57:40.000,2026-02-04 18:57:50.000,2108,2026-02-04 18:57:49.866,2026-02-04 18:57:45.779,-4087.261,59.97770690917969,0
2026-02-04 18:57:40.000,2026-02-04 18:57:50.000,477,2026-02-04 18:57:49.883,2026-02-04 18:57:45.788,-4094.860,59.98028564453125,0
2026-02-04 18:57:40.000,2026-02-04 18:57:50.000,2108,2026-02-04 18:57:49.883,2026-02-04 18:57:45.795,-4087.572,59.97711181640625,0
2026-02-04 18:57:40.000,2026-02-04 18:57:50.000,2423,2026-02-04 18:57:49.800,2026-02-04 18:57:45.797,-4002.247,50.03731155395508,0
2026-02-04 18:57:40.000,2026-02-04 18:57:50.000,477,2026-02-04 18:57:49.900,2026-02-04 18:57:45.804,-4095.741,59.98078918457031,0
2026-02-04 18:57:40.000,2026-02-04 18:57:50.000,2108,2026-02-04 18:57:49.900,2026-02-04 18:57:45.812,-4087.743,59.98150634765625,0
2026-02-04 18:57:40.000,2026-02-04 18:57:50.000,2423,2026-02-04 18:57:49.820,2026-02-04 18:57:45.817,-4002.232,50.040306091308594,0
2026-02-04 18:57:40.000,2026-02-04 18:57:50.000,477,2026-02-04 18:57:49.916,2026-02-04 18:57:45.821,-4094.818,59.98027038574219,0
2026-02-04 18:57:40.000,2026-02-04 18:57:50.000,2108,2026-02-04 18:57:49.916,2026-02-04 18:57:45.829,-4087.299,59.98222732543945,0
2026-02-04 18:57:40.000,2026-02-04 18:57:50.000,477,2026-02-04 18:57:49.933,2026-02-04 18:57:45.837,-4095.449,59.97926330566406,0
2026-02-04 18:57:40.000,2026-02-04 18:57:50.000,2423,2026-02-04 18:57:49.840,2026-02-04 18:57:45.837,-4002.113,50.04038619995117,0
2026-02-04 18:57:40.000,2026-02-04 18:57:50.000,2108,2026-02-04 18:57:49.933,2026-02-04 18:57:45.845,-4087.936,59.978050231933594,0
2026-02-04 18:57:40.000,2026-02-04 18:57:50.000,477,2026-02-04 18:57:49.950,2026-02-04 18:57:45.855,-4094.990,59.97978973388672,0
2026-02-04 18:57:40.000,2026-02-04 18:57:50.000,2423,2026-02-04 18:57:49.859,2026-02-04 18:57:45.858,-4001.983,50.03605270385742,0
2026-02-04 18:57:40.000,2026-02-04 18:57:50.000,2108,2026-02-04 18:57:49.950,2026-02-04 18:57:45.862,-4087.991,59.97736740112305,0
2026-02-04 18:57:40.000,2026-02-04 18:57:50.000,477,2026-02-04 18:57:49.966,2026-02-04 18:57:45.871,-4095.154,59.98080062866211,0
2026-02-04 18:57:40.000,2026-02-04 18:57:50.000,2423,2026-02-04 18:57:49.880,2026-02-04 18:57:45.877,-4002.212,50.034400939941406,0
2026-02-04 18:57:40.000,2026-02-04 18:57:50.000,2108,2026-02-04 18:57:49.966,2026-02-04 18:57:45.878,-4087.883,59.980831146240234,0
2026-02-04 18:57:40.000,2026-02-04 18:57:50.000,477,2026-02-04 18:57:49.983,2026-02-04 18:57:45.888,-4094.455,59.980560302734375,0
2026-02-04 18:57:40.000,2026-02-04 18:57:50.000,2108,2026-02-04 18:57:49.983,2026-02-04 18:57:45.896,-4086.943,59.981266021728516,0
2026-02-04 18:57:40.000,2026-02-04 18:57:50.000,2423,2026-02-04 18:57:49.900,2026-02-04 18:57:45.898,-4001.615,50.03666687011719,0
2026-02-04 18:57:40.000,2026-02-04 18:57:50.000,477,2026-02-04 18:57:50.000,2026-02-04 18:57:45.904,-4095.326,59.980316162109375,0
2026-02-04 18:57:40.000,2026-02-04 18:57:50.000,2108,2026-02-04 18:57:50.000,2026-02-04 18:57:45.912,-4087.329,59.979923248291016,0
2026-02-04 18:57:40.000,2026-02-04 18:57:50.000,2423,2026-02-04 18:57:49.920,2026-02-04 18:57:45.918,-4001.203,50.038753509521484,0
2026-02-04 18:57:40.000,2026-02-04 18:57:50.000,477,2026-02-04 18:57:50.016,2026-02-04 18:57:45.921,-4094.869,59.9806022644043,0
2026-02-04 18:57:40.000,2026-02-04 18:57:50.000,2108,2026-02-04 18:57:50.016,2026-02-04 18:57:45.929,-4087.359,59.98078918457031,0
2026-02-04 18:57:40.000,2026-02-04 18:57:50.000,2423,2026-02-04 18:57:49.939,2026-02-04 18:57:45.938,-4001.627,50.036956787109375,0
2026-02-04 18:57:40.000,2026-02-04 18:57:50.000,477,2026-02-04 18:57:50.033,2026-02-04 18:57:45.938,-4094.963,59.98063278198242,0
2026-02-04 18:57:40.000,2026-02-04 18:57:50.000,2108,2026-02-04 18:57:50.033,2026-02-04 18:57:45.945,-4087.736,59.981590270996094,0
2026-02-04 18:57:40.000,2026-02-04 18:57:50.000,477,2026-02-04 18:57:50.050,2026-02-04 18:57:45.955,-4094.725,59.98036193847656,0
2026-02-04 18:57:40.000,2026-02-04 18:57:50.000,2423,2026-02-04 18:57:49.960,2026-02-04 18:57:45.958,-4001.723,50.03470230102539,0
2026-02-04 18:57:40.000,2026-02-04 18:57:50.000,2108,2026-02-04 18:57:50.050,2026-02-04 18:57:45.961,-4088.168,59.98176956176758,0
2026-02-04 18:57:40.000,2026-02-04 18:57:50.000,477,2026-02-04 18:57:50.066,2026-02-04 18:57:45.971,-4095.321,59.98055648803711,0
2026-02-04 18:57:40.000,2026-02-04 18:57:50.000,2423,2026-02-04 18:57:49.980,2026-02-04 18:57:45.978,-4001.566,50.035789489746094,0
2026-02-04 18:57:40.000,2026-02-04 18:57:50.000,2108,2026-02-04 18:57:50.066,2026-02-04 18:57:45.979,-4087.224,59.98173522949219,0
2026-02-04 18:57:40.000,2026-02-04 18:57:50.000,477,2026-02-04 18:57:50.083,2026-02-04 18:57:45.988,-4095.292,59.98064422607422,0
2026-02-04 18:57:40.000,2026-02-04 18:57:50.000,2108,2026-02-04 18:57:50.083,2026-02-04 18:57:45.995,-4087.679,59.97952651977539,0
2026-02-04 18:57:40.000,2026-02-04 18:57:50.000,2423,2026-02-04 18:57:50.000,2026-02-04 18:57:45.997,-4002.351,50.03820037841797,0
2026-02-04 18:57:40.000,2026-02-04 18:57:50.000,477,2026-02-04 18:57:50.099,2026-02-04 18:57:46.005,-4094.726,59.98082733154297,0
2026-02-04 18:57:40.000,2026-02-04 18:57:50.000,2108,2026-02-04 18:57:50.099,2026-02-04 18:57:46.012,-4087.719,59.97995376586914,0
2026-02-04 18:57:40.000,2026-02-04 18:57:50.000,2423,2026-02-04 18:57:50.019,2026-02-04 18:57:46.018,-4001.484,50.037750244140625,0
2026-02-04 18:57:40.000,2026-02-04 18:57:50.000,477,2026-02-04 18:57:50.116,2026-02-04 18:57:46.027,-4089.649,59.98140335083008,0
2026-02-04 18:57:40.000,2026-02-04 18:57:50.000,2108,2026-02-04 18:57:50.116,2026-02-04 18:57:46.029,-4087.651,59.984962463378906,0
2026-02-04 18:57:40.000,2026-02-04 18:57:50.000,2423,2026-02-04 18:57:50.040,2026-02-04 18:57:46.038,-4001.468,50.03513717651367,0
2026-02-04 18:57:40.000,2026-02-04 18:57:50.000,477,2026-02-04 18:57:50.133,2026-02-04 18:57:46.038,-4094.805,59.981197357177734,0
2026-02-04 18:57:40.000,2026-02-04 18:57:50.000,2108,2026-02-04 18:57:50.133,2026-02-04 18:57:46.045,-4087.688,59.98432922363281,0
2026-02-04 18:57:40.000,2026-02-04 18:57:50.000,477,2026-02-04 18:57:50.150,2026-02-04 18:57:46.055,-4094.845,59.98072814941406,0
2026-02-04 18:57:40.000,2026-02-04 18:57:50.000,2423,2026-02-04 18:57:50.060,2026-02-04 18:57:46.058,-4001.853,50.036529541015625,0
2026-02-04 18:57:40.000,2026-02-04 18:57:50.000,2108,2026-02-04 18:57:50.150,2026-02-04 18:57:46.062,-4087.846,59.97928237915039,0
2026-02-04 18:57:40.000,2026-02-04 18:57:50.000,477,2026-02-04 18:57:50.166,2026-02-04 18:57:46.071,-4095.001,59.98084259033203,0
2026-02-04 18:57:40.000,2026-02-04 18:57:50.000,2423,2026-02-04 18:57:50.080,2026-02-04 18:57:46.078,-4001.816,50.03902053833008,0
2026-02-04 18:57:40.000,2026-02-04 18:57:50.000,2108,2026-02-04 18:57:50.166,2026-02-04 18:57:46.079,-4087.489,59.97774124145508,0
2026-02-04 18:57:40.000,2026-02-04 18:57:50.000,477,2026-02-04 18:57:50.183,2026-02-04 18:57:46.090,-4093.124,59.98090362548828,0
2026-02-04 18:57:40.000,2026-02-04 18:57:50.000,2108,2026-02-04 18:57:50.183,2026-02-04 18:57:46.096,-4087.003,59.97774124145508,0
2026-02-04 18:57:40.000,2026-02-04 18:57:50.000,2423,2026-02-04 18:57:50.099,2026-02-04 18:57:46.098,-4001.650,50.038692474365234,0
2026-02-04 18:57:40.000,2026-02-04 18:57:50.000,477,2026-02-04 18:57:50.200,2026-02-04 18:57:46.104,-4095.280,59.98054885864258,0
2026-02-04 18:57:40.000,2026-02-04 18:57:50.000,2108,2026-02-04 18:57:50.200,2026-02-04 18:57:46.113,-4086.774,59.979644775390625,0
2026-02-04 18:57:40.000,2026-02-04 18:57:50.000,2423,2026-02-04 18:57:50.120,2026-02-04 18:57:46.118,-4001.767,50.03788375854492,0
2026-02-04 18:57:40.000,2026-02-04 18:57:50.000,477,2026-02-04 18:57:50.216,2026-02-04 18:57:46.121,-4095.433,59.9803466796875,0
2026-02-04 18:57:40.000,2026-02-04 18:57:50.000,2108,2026-02-04 18:57:50.216,2026-02-04 18:57:46.129,-4087.305,59.98300552368164,0
2026-02-04 18:57:40.000,2026-02-04 18:57:50.000,2423,2026-02-04 18:57:50.140,2026-02-04 18:57:46.138,-4001.585,50.03694534301758,0
2026-02-04 18:57:40.000,2026-02-04 18:57:50.000,477,2026-02-04 18:57:50.233,2026-02-04 18:57:46.138,-4094.906,59.980316162109375,0
2026-02-04 18:57:40.000,2026-02-04 18:57:50.000,2108,2026-02-04 18:57:50.233,2026-02-04 18:57:46.145,-4087.645,59.981040954589844,0
2026-02-04 18:57:40.000,2026-02-04 18:57:50.000,477,2026-02-04 18:57:50.250,2026-02-04 18:57:46.154,-4095.233,59.980464935302734,0
2026-02-04 18:57:40.000,2026-02-04 18:57:50.000,2423,2026-02-04 18:57:50.160,2026-02-04 18:57:46.157,-4002.234,50.036319732666016,0
2026-02-04 18:57:40.000,2026-02-04 18:57:50.000,2108,2026-02-04 18:57:50.250,2026-02-04 18:57:46.161,-4088.234,59.977294921875,0
2026-02-04 18:57:40.000,2026-02-04 18:57:50.000,477,2026-02-04 18:57:50.266,2026-02-04 18:57:46.171,-4095.388,59.98062515258789,0
2026-02-04 18:57:40.000,2026-02-04 18:57:50.000,2423,2026-02-04 18:57:50.179,2026-02-04 18:57:46.177,-4002.344,50.03622055053711,0
2026-02-04 18:57:40.000,2026-02-04 18:57:50.000,2108,2026-02-04 18:57:50.266,2026-02-04 18:57:46.178,-4088.013,59.981651306152344,0
2026-02-04 18:57:40.000,2026-02-04 18:57:50.000,477,2026-02-04 18:57:50.283,2026-02-04 18:57:46.188,-4095.156,59.98112869262695,0
2026-02-04 18:57:40.000,2026-02-04 18:57:50.000,2108,2026-02-04 18:57:50.283,2026-02-04 18:57:46.195,-4087.648,59.985774993896484,0
2026-02-04 18:57:40.000,2026-02-04 18:57:50.000,2423,2026-02-04 18:57:50.200,2026-02-04 18:57:46.197,-4002.318,50.03551483154297,0
2026-02-04 18:57:40.000,2026-02-04 18:57:50.000,477,2026-02-04 18:57:50.300,2026-02-04 18:57:46.204,-4095.105,59.9812126159668,0
2026-02-04 18:57:40.000,2026-02-04 18:57:50.000,2108,2026-02-04 18:57:50.300,2026-02-04 18:57:46.211,-4088.104,59.98153305053711,0
2026-02-04 18:57:40.000,2026-02-04 18:57:50.000,2423,2026-02-04 18:57:50.220,2026-02-04 18:57:46.218,-4001.590,50.03527069091797,0
2026-02-04 18:57:40.000,2026-02-04 18:57:50.000,477,2026-02-04 18:57:50.316,2026-02-04 18:57:46.223,-4092.746,59.98049545288086,0
2026-02-04 18:57:40.000,2026-02-04 18:57:50.000,2108,2026-02-04 18:57:50.316,2026-02-04 18:57:46.228,-4087.745,59.97750473022461,0
2026-02-04 18:57:40.000,2026-02-04 18:57:50.000,2423,2026-02-04 18:57:50.240,2026-02-04 18:57:46.237,-4002.050,50.03521728515625,0
2026-02-04 18:57:40.000,2026-02-04 18:57:50.000,477,2026-02-04 18:57:50.333,2026-02-04 18:57:46.237,-4095.387,59.97999572753906,0
2026-02-04 18:57:40.000,2026-02-04 18:57:50.000,2108,2026-02-04 18:57:50.333,2026-02-04 18:57:46.245,-4087.877,59.97830581665039,0
2026-02-04 18:57:40.000,2026-02-04 18:57:50.000,477,2026-02-04 18:57:50.350,2026-02-04 18:57:46.254,-4095.481,59.97986602783203,0
2026-02-04 18:57:40.000,2026-02-04 18:57:50.000,2423,2026-02-04 18:57:50.259,2026-02-04 18:57:46.258,-4001.474,50.03394317626953,0
2026-02-04 18:57:40.000,2026-02-04 18:57:50.000,2108,2026-02-04 18:57:50.350,2026-02-04 18:57:46.262,-4087.482,59.982276916503906,0
2026-02-04 18:57:40.000,2026-02-04 18:57:50.000,477,2026-02-04 18:57:50.366,2026-02-04 18:57:46.271,-4095.097,59.980133056640625,0
2026-02-04 18:57:40.000,2026-02-04 18:57:50.000,2423,2026-02-04 18:57:50.280,2026-02-04 18:57:46.277,-4002.343,50.03453063964844,0
2026-02-04 18:57:40.000,2026-02-04 18:57:50.000,2108,2026-02-04 18:57:50.366,2026-02-04 18:57:46.278,-4088.015,59.985069274902344,0
2026-02-04 18:57:40.000,2026-02-04 18:57:50.000,477,2026-02-04 18:57:50.383,2026-02-04 18:57:46.288,-4095.162,59.98066329956055,0
2026-02-04 18:57:40.000,2026-02-04 18:57:50.000,2108,2026-02-04 18:57:50.383,2026-02-04 18:57:46.295,-4087.649,59.98115158081055,0
2026-02-04 18:57:40.000,2026-02-04 18:57:50.000,2423,2026-02-04 18:57:50.300,2026-02-04 18:57:46.298,-4001.323,50.03693771362305,0
2026-02-04 18:57:40.000,2026-02-04 18:57:50.000,477,2026-02-04 18:57:50.400,2026-02-04 18:57:46.304,-4095.262,59.98068618774414,0
2026-02-04 18:57:40.000,2026-02-04 18:57:50.000,2108,2026-02-04 18:57:50.400,2026-02-04 18:57:46.311,-4088.263,59.97553634643555,0
2026-02-04 18:57:40.000,2026-02-04 18:57:50.000,2423,2026-02-04 18:57:50.320,2026-02-04 18:57:46.318,-4001.743,50.03717803955078,0
2026-02-04 18:57:40.000,2026-02-04 18:57:50.000,477,2026-02-04 18:57:50.416,2026-02-04 18:57:46.321,-4095.416,59.9801139831543,0
2026-02-04 18:57:40.000,2026-02-04 18:57:50.000,2108,2026-02-04 18:57:50.416,2026-02-04 18:57:46.329,-4087.086,59.978450775146484,0
2026-02-04 18:57:40.000,2026-02-04 18:57:50.000,2423,2026-02-04 18:57:50.339,2026-02-04 18:57:46.338,-4001.350,50.0359992980957,0
2026-02-04 18:57:40.000,2026-02-04 18:57:50.000,477,2026-02-04 18:57:50.433,2026-02-04 18:57:46.338,-4094.686,59.98054504394531,0
2026-02-04 18:57:40.000,2026-02-04 18:57:50.000,2108,2026-02-04 18:57:50.433,2026-02-04 18:57:46.345,-4087.360,59.98512268066406,0
2026-02-04 18:57:40.000,2026-02-04 18:57:50.000,477,2026-02-04 18:57:50.450,2026-02-04 18:57:46.354,-4095.517,59.98114013671875,0
2026-02-04 18:57:40.000,2026-02-04 18:57:50.000,2423,2026-02-04 18:57:50.360,2026-02-04 18:57:46.358,-4001.522,50.0346565246582,0
2026-02-04 18:57:40.000,2026-02-04 18:57:50.000,2108,2026-02-04 18:57:50.450,2026-02-04 18:57:46.362,-4087.523,59.985626220703125,0
2026-02-04 18:57:40.000,2026-02-04 18:57:50.000,477,2026-02-04 18:57:50.466,2026-02-04 18:57:46.371,-4095.145,59.98073959350586,0
2026-02-04 18:57:40.000,2026-02-04 18:57:50.000,2423,2026-02-04 18:57:50.380,2026-02-04 18:57:46.377,-4002.270,50.0348014831543,0
2026-02-04 18:57:40.000,2026-02-04 18:57:50.000,2108,2026-02-04 18:57:50.466,2026-02-04 18:57:46.378,-4087.922,59.980464935302734,0
2026-02-04 18:57:40.000,2026-02-04 18:57:50.000,477,2026-02-04 18:57:50.483,2026-02-04 18:57:46.388,-4094.649,59.98072052001953,0
2026-02-04 18:57:40.000,2026-02-04 18:57:50.000,2108,2026-02-04 18:57:50.483,2026-02-04 18:57:46.395,-4087.348,59.97662353515625,0
2026-02-04 18:57:40.000,2026-02-04 18:57:50.000,2423,2026-02-04 18:57:50.400,2026-02-04 18:57:46.397,-4002.019,50.03688049316406,0
2026-02-04 18:57:40.000,2026-02-04 18:57:50.000,477,2026-02-04 18:57:50.499,2026-02-04 18:57:46.404,-4095.500,59.980838775634766,0
2026-02-04 18:57:40.000,2026-02-04 18:57:50.000,2108,2026-02-04 18:57:50.499,2026-02-04 18:57:46.412,-4087.499,59.979862213134766,0
2026-02-04 18:57:40.000,2026-02-04 18:57:50.000,2423,2026-02-04 18:57:50.419,2026-02-04 18:57:46.418,-4001.717,50.036827087402344,0
2026-02-04 18:57:40.000,2026-02-04 18:57:50.000,477,2026-02-04 18:57:50.516,2026-02-04 18:57:46.421,-4095.401,59.98020553588867,0
2026-02-04 18:57:40.000,2026-02-04 18:57:50.000,2108,2026-02-04 18:57:50.516,2026-02-04 18:57:46.428,-4087.777,59.9840202331543,0
2026-02-04 18:57:40.000,2026-02-04 18:57:50.000,2423,2026-02-04 18:57:50.440,2026-02-04 18:57:46.437,-4002.026,50.03493118286133,0
2026-02-04 18:57:40.000,2026-02-04 18:57:50.000,477,2026-02-04 18:57:50.533,2026-02-04 18:57:46.438,-4094.362,59.98007583618164,0
2026-02-04 18:57:40.000,2026-02-04 18:57:50.000,2108,2026-02-04 18:57:50.533,2026-02-04 18:57:46.445,-4087.846,59.982879638671875,0
2026-02-04 18:57:40.000,2026-02-04 18:57:50.000,477,2026-02-04 18:57:50.550,2026-02-04 18:57:46.454,-4095.455,59.98080062866211,0
2026-02-04 18:57:40.000,2026-02-04 18:57:50.000,2423,2026-02-04 18:57:50.460,2026-02-04 18:57:46.458,-4001.465,50.03494644165039,0
2026-02-04 18:57:40.000,2026-02-04 18:57:50.000,2108,2026-02-04 18:57:50.550,2026-02-04 18:57:46.462,-4087.456,59.979461669921875,0
2026-02-04 18:57:40.000,2026-02-04 18:57:50.000,477,2026-02-04 18:57:50.566,2026-02-04 18:57:46.471,-4094.982,59.9808235168457,0
2026-02-04 18:57:40.000,2026-02-04 18:57:50.000,2423,2026-02-04 18:57:50.480,2026-02-04 18:57:46.478,-4001.801,50.037315368652344,0
2026-02-04 18:57:40.000,2026-02-04 18:57:50.000,2108,2026-02-04 18:57:50.566,2026-02-04 18:57:46.479,-4087.473,59.9791374206543,0
2026-02-04 18:57:40.000,2026-02-04 18:57:50.000,477,2026-02-04 18:57:50.583,2026-02-04 18:57:46.488,-4095.100,59.980438232421875,0
2026-02-04 18:57:40.000,2026-02-04 18:57:50.000,2108,2026-02-04 18:57:50.583,2026-02-04 18:57:46.495,-4087.538,59.982948303222656,0
2026-02-04 18:57:40.000,2026-02-04 18:57:50.000,2423,2026-02-04 18:57:50.499,2026-02-04 18:57:46.497,-4002.187,50.036399841308594,0
2026-02-04 18:57:40.000,2026-02-04 18:57:50.000,477,2026-02-04 18:57:50.600,2026-02-04 18:57:46.504,-4095.685,59.98093795776367,0
2026-02-04 18:57:40.000,2026-02-04 18:57:50.000,2108,2026-02-04 18:57:50.600,2026-02-04 18:57:46.512,-4087.685,59.98477554321289,0
2026-02-04 18:57:40.000,2026-02-04 18:57:50.000,2423,2026-02-04 18:57:50.520,2026-02-04 18:57:46.517,-4002.371,50.031776428222656,0
2026-02-04 18:57:40.000,2026-02-04 18:57:50.000,477,2026-02-04 18:57:50.616,2026-02-04 18:57:46.521,-4095.034,59.98179626464844,0
2026-02-04 18:57:40.000,2026-02-04 18:57:50.000,2108,2026-02-04 18:57:50.616,2026-02-04 18:57:46.528,-4087.880,59.982765197753906,0
2026-02-04 18:57:40.000,2026-02-04 18:57:50.000,477,2026-02-04 18:57:50.633,2026-02-04 18:57:46.538,-4095.032,59.98190689086914,0
2026-02-04 18:57:40.000,2026-02-04 18:57:50.000,2423,2026-02-04 18:57:50.540,2026-02-04 18:57:46.538,-4001.712,50.031856536865234,0
2026-02-04 18:57:40.000,2026-02-04 18:57:50.000,2108,2026-02-04 18:57:50.633,2026-02-04 18:57:46.547,-4086.263,59.97903823852539,0
2026-02-04 18:57:40.000,2026-02-04 18:57:50.000,477,2026-02-04 18:57:50.650,2026-02-04 18:57:46.554,-4095.427,59.98140335083008,0
2026-02-04 18:57:40.000,2026-02-04 18:57:50.000,2423,2026-02-04 18:57:50.560,2026-02-04 18:57:46.558,-4001.843,50.03555679321289,0
2026-02-04 18:57:40.000,2026-02-04 18:57:50.000,2108,2026-02-04 18:57:50.650,2026-02-04 18:57:46.564,-4085.330,59.97769546508789,0
2026-02-04 18:57:40.000,2026-02-04 18:57:50.000,477,2026-02-04 18:57:50.666,2026-02-04 18:57:46.571,-4094.921,59.98109817504883,0
2026-02-04 18:57:40.000,2026-02-04 18:57:50.000,2423,2026-02-04 18:57:50.579,2026-02-04 18:57:46.578,-4001.727,50.036746978759766,0
2026-02-04 18:57:40.000,2026-02-04 18:57:50.000,2108,2026-02-04 18:57:50.666,2026-02-04 18:57:46.580,-4086.398,59.981075286865234,0
2026-02-04 18:57:40.000,2026-02-04 18:57:50.000,477,2026-02-04 18:57:50.683,2026-02-04 18:57:46.587,-4095.491,59.981170654296875,0
2026-02-04 18:57:40.000,2026-02-04 18:57:50.000,2108,2026-02-04 18:57:50.683,2026-02-04 18:57:46.596,-4086.977,59.983665466308594,0
2026-02-04 18:57:40.000,2026-02-04 18:57:50.000,2423,2026-02-04 18:57:50.600,2026-02-04 18:57:46.599,-4000.646,50.03622817993164,0
2026-02-04 18:57:40.000,2026-02-04 18:57:50.000,477,2026-02-04 18:57:50.700,2026-02-04 18:57:46.609,-4090.615,59.98163986206055,0
2026-02-04 18:57:40.000,2026-02-04 18:57:50.000,2108,2026-02-04 18:57:50.700,2026-02-04 18:57:46.614,-4085.584,59.98122024536133,0
2026-02-04 18:57:40.000,2026-02-04 18:57:50.000,2423,2026-02-04 18:57:50.620,2026-02-04 18:57:46.618,-4001.586,50.035335540771484,0
2026-02-04 18:57:40.000,2026-02-04 18:57:50.000,477,2026-02-04 18:57:50.716,2026-02-04 18:57:46.621,-4095.250,59.98175048828125,0
2026-02-04 18:57:40.000,2026-02-04 18:57:50.000,2108,2026-02-04 18:57:50.716,2026-02-04 18:57:46.628,-4087.818,59.978328704833984,0
2026-02-04 18:57:40.000,2026-02-04 18:57:50.000,477,2026-02-04 18:57:50.733,2026-02-04 18:57:46.638,-4094.967,59.98070526123047,0
2026-02-04 18:57:40.000,2026-02-04 18:57:50.000,2423,2026-02-04 18:57:50.640,2026-02-04 18:57:46.638,-4001.631,50.03489303588867,0
2026-02-04 18:57:40.000,2026-02-04 18:57:50.000,2108,2026-02-04 18:57:50.733,2026-02-04 18:57:46.645,-4087.451,59.98112106323242,0
2026-02-04 18:57:40.000,2026-02-04 18:57:50.000,477,2026-02-04 18:57:50.750,2026-02-04 18:57:46.654,-4095.603,59.979835510253906,0
2026-02-04 18:57:40.000,2026-02-04 18:57:50.000,2423,2026-02-04 18:57:50.659,2026-02-04 18:57:46.658,-4001.596,50.03449630737305,0
2026-02-04 18:57:40.000,2026-02-04 18:57:50.000,2108,2026-02-04 18:57:50.750,2026-02-04 18:57:46.662,-4087.605,59.98380661010742,0
2026-02-04 18:57:40.000,2026-02-04 18:57:50.000,477,2026-02-04 18:57:50.766,2026-02-04 18:57:46.671,-4095.224,59.980377197265625,0
2026-02-04 18:57:40.000,2026-02-04 18:57:50.000,2423,2026-02-04 18:57:50.680,2026-02-04 18:57:46.678,-4001.645,50.0330810546875,0
2026-02-04 18:57:40.000,2026-02-04 18:57:50.000,2108,2026-02-04 18:57:50.766,2026-02-04 18:57:46.679,-4087.308,59.98176574707031,0
2026-02-04 18:57:40.000,2026-02-04 18:57:50.000,477,2026-02-04 18:57:50.783,2026-02-04 18:57:46.687,-4095.518,59.98122024536133,0
2026-02-04 18:57:40.000,2026-02-04 18:57:50.000,2108,2026-02-04 18:57:50.783,2026-02-04 18:57:46.695,-4088.007,59.97898483276367,0
2026-02-04 18:57:40.000,2026-02-04 18:57:50.000,2423,2026-02-04 18:57:50.700,2026-02-04 18:57:46.698,-4001.681,50.03445816040039,0
2026-02-04 18:57:40.000,2026-02-04 18:57:50.000,477,2026-02-04 18:57:50.800,2026-02-04 18:57:46.704,-4095.160,59.98093032836914,0
2026-02-04 18:57:40.000,2026-02-04 18:57:50.000,2108,2026-02-04 18:57:50.800,2026-02-04 18:57:46.712,-4087.485,59.978370666503906,0
2026-02-04 18:57:40.000,2026-02-04 18:57:50.000,2423,2026-02-04 18:57:50.720,2026-02-04 18:57:46.718,-4001.398,50.036216735839844,0
2026-02-04 18:57:40.000,2026-02-04 18:57:50.000,477,2026-02-04 18:57:50.816,2026-02-04 18:57:46.721,-4095.062,59.980403900146484,0
2026-02-04 18:57:40.000,2026-02-04 18:57:50.000,2108,2026-02-04 18:57:50.816,2026-02-04 18:57:46.728,-4087.934,59.979854583740234,0
2026-02-04 18:57:40.000,2026-02-04 18:57:50.000,2423,2026-02-04 18:57:50.739,2026-02-04 18:57:46.738,-4001.747,50.03343963623047,0
2026-02-04 18:57:40.000,2026-02-04 18:57:50.000,477,2026-02-04 18:57:50.833,2026-02-04 18:57:46.738,-4095.083,59.980831146240234,0
2026-02-04 18:57:40.000,2026-02-04 18:57:50.000,2108,2026-02-04 18:57:50.833,2026-02-04 18:57:46.746,-4087.256,59.983154296875,0
2026-02-04 18:57:40.000,2026-02-04 18:57:50.000,477,2026-02-04 18:57:50.850,2026-02-04 18:57:46.755,-4094.848,59.9815673828125,0
2026-02-04 18:57:40.000,2026-02-04 18:57:50.000,2423,2026-02-04 18:57:50.760,2026-02-04 18:57:46.758,-4001.663,50.03211975097656,0
2026-02-04 18:57:40.000,2026-02-04 18:57:50.000,2108,2026-02-04 18:57:50.850,2026-02-04 18:57:46.762,-4087.438,59.98350524902344,0
2026-02-04 18:57:40.000,2026-02-04 18:57:50.000,2423,2026-02-04 18:57:50.780,2026-02-04 18:57:46.778,-4001.728,50.03519821166992,0
2026-02-04 18:57:40.000,2026-02-04 18:57:50.000,2108,2026-02-04 18:57:50.866,2026-02-04 18:57:46.779,-4087.328,59.97873306274414,0
2026-02-04 18:57:40.000,2026-02-04 18:57:50.000,2108,2026-02-04 18:57:50.883,2026-02-04 18:57:46.795,-4087.345,59.979408264160156,0
2026-02-04 18:57:40.000,2026-02-04 18:57:50.000,2423,2026-02-04 18:57:50.800,2026-02-04 18:57:46.797,-4002.016,50.03797149658203,0
2026-02-04 18:57:40.000,2026-02-04 18:57:50.000,477,2026-02-04 18:57:50.866,2026-02-04 18:57:46.801,-4064.681,59.98176956176758,0
2026-02-04 18:57:40.000,2026-02-04 18:57:50.000,477,2026-02-04 18:57:50.883,2026-02-04 18:57:46.801,-4081.345,59.98163986206055,0
2026-02-04 18:57:40.000,2026-02-04 18:57:50.000,477,2026-02-04 18:57:50.899,2026-02-04 18:57:46.804,-4095.494,59.981346130371094,0
2026-02-04 18:57:40.000,2026-02-04 18:57:50.000,2108,2026-02-04 18:57:50.899,2026-02-04 18:57:46.812,-4087.490,59.98413848876953,0
2026-02-04 18:57:40.000,2026-02-04 18:57:50.000,2423,2026-02-04 18:57:50.819,2026-02-04 18:57:46.818,-4001.397,50.03693389892578,0
2026-02-04 18:57:40.000,2026-02-04 18:57:50.000,477,2026-02-04 18:57:50.916,2026-02-04 18:57:46.821,-4095.077,59.98149490356445,0
2026-02-04 18:57:40.000,2026-02-04 18:57:50.000,2108,2026-02-04 18:57:50.916,2026-02-04 18:57:46.828,-4088.052,59.983638763427734,0
2026-02-04 18:57:40.000,2026-02-04 18:57:50.000,2423,2026-02-04 18:57:50.840,2026-02-04 18:57:46.838,-4001.391,50.03390884399414,0
2026-02-04 18:57:40.000,2026-02-04 18:57:50.000,477,2026-02-04 18:57:50.933,2026-02-04 18:57:46.838,-4094.727,59.982330322265625,0
2026-02-04 18:57:40.000,2026-02-04 18:57:50.000,2108,2026-02-04 18:57:50.933,2026-02-04 18:57:46.846,-4087.217,59.98200225830078,0
2026-02-04 18:57:40.000,2026-02-04 18:57:50.000,477,2026-02-04 18:57:50.950,2026-02-04 18:57:46.855,-4094.370,59.9824333190918,0
2026-02-04 18:57:40.000,2026-02-04 18:57:50.000,2423,2026-02-04 18:57:50.860,2026-02-04 18:57:46.858,-4001.378,50.034385681152344,0
2026-02-04 18:57:40.000,2026-02-04 18:57:50.000,2108,2026-02-04 18:57:50.950,2026-02-04 18:57:46.862,-4087.368,59.98141098022461,0
2026-02-04 18:57:40.000,2026-02-04 18:57:50.000,477,2026-02-04 18:57:50.966,2026-02-04 18:57:46.871,-4095.526,59.98136901855469,0
2026-02-04 18:57:40.000,2026-02-04 18:57:50.000,2423,2026-02-04 18:57:50.880,2026-02-04 18:57:46.878,-4001.343,50.03718185424805,0
2026-02-04 18:57:40.000,2026-02-04 18:57:50.000,2108,2026-02-04 18:57:50.966,2026-02-04 18:57:46.879,-4087.508,59.97917938232422,0
2026-02-04 18:57:40.000,2026-02-04 18:57:50.000,477,2026-02-04 18:57:50.983,2026-02-04 18:57:46.887,-4095.508,59.98066329956055,0
2026-02-04 18:57:40.000,2026-02-04 18:57:50.000,2108,2026-02-04 18:57:50.983,2026-02-04 18:57:46.895,-4087.427,59.980525970458984,0
2026-02-04 18:57:40.000,2026-02-04 18:57:50.000,2423,2026-02-04 18:57:50.899,2026-02-04 18:57:46.897,-4002.086,50.03609085083008,0
2026-02-04 18:57:40.000,2026-02-04 18:57:50.000,477,2026-02-04 18:57:51.000,2026-02-04 18:57:46.904,-4095.573,59.9813232421875,0
2026-02-04 18:57:40.000,2026-02-04 18:57:50.000,2108,2026-02-04 18:57:51.000,2026-02-04 18:57:46.912,-4087.578,59.9854850769043,0
2026-02-04 18:57:40.000,2026-02-04 18:57:50.000,2423,2026-02-04 18:57:50.920,2026-02-04 18:57:46.918,-4001.415,50.03347396850586,0
2026-02-04 18:57:40.000,2026-02-04 18:57:50.000,477,2026-02-04 18:57:51.016,2026-02-04 18:57:46.921,-4095.079,59.98236846923828,0
2026-02-04 18:57:40.000,2026-02-04 18:57:50.000,2108,2026-02-04 18:57:51.016,2026-02-04 18:57:46.928,-4087.991,59.984039306640625,0
2026-02-04 18:57:40.000,2026-02-04 18:57:50.000,477,2026-02-04 18:57:51.033,2026-02-04 18:57:46.937,-4095.427,59.98294448852539,0
2026-02-04 18:57:40.000,2026-02-04 18:57:50.000,2423,2026-02-04 18:57:50.940,2026-02-04 18:57:46.937,-4002.107,50.03355407714844,0
2026-02-04 18:57:40.000,2026-02-04 18:57:50.000,2108,2026-02-04 18:57:51.033,2026-02-04 18:57:46.945,-4087.403,59.98067855834961,0
2026-02-04 18:57:40.000,2026-02-04 18:57:50.000,477,2026-02-04 18:57:51.050,2026-02-04 18:57:46.954,-4095.565,59.98245620727539,0
2026-02-04 18:57:40.000,2026-02-04 18:57:50.000,2423,2026-02-04 18:57:50.960,2026-02-04 18:57:46.958,-4001.564,50.03450393676758,0
2026-02-04 18:57:40.000,2026-02-04 18:57:50.000,2108,2026-02-04 18:57:51.050,2026-02-04 18:57:46.962,-4087.562,59.982486724853516,0
2026-02-04 18:57:40.000,2026-02-04 18:57:50.000,477,2026-02-04 18:57:51.066,2026-02-04 18:57:46.971,-4095.168,59.98164367675781,0
2026-02-04 18:57:40.000,2026-02-04 18:57:50.000,2423,2026-02-04 18:57:50.979,2026-02-04 18:57:46.978,-4001.986,50.034080505371094,0
2026-02-04 18:57:40.000,2026-02-04 18:57:50.000,2108,2026-02-04 18:57:51.066,2026-02-04 18:57:46.979,-4087.657,59.983375549316406,0
2026-02-04 18:57:40.000,2026-02-04 18:57:50.000,477,2026-02-04 18:57:51.083,2026-02-04 18:57:46.987,-4095.625,59.98125076293945,0
2026-02-04 18:57:40.000,2026-02-04 18:57:50.000,2108,2026-02-04 18:57:51.083,2026-02-04 18:57:46.995,-4087.384,59.980690002441406,0
2026-02-04 18:57:40.000,2026-02-04 18:57:50.000,2423,2026-02-04 18:57:51.000,2026-02-04 18:57:46.997,-4002.056,50.03279113769531,0
2026-02-04 18:57:40.000,2026-02-04 18:57:50.000,477,2026-02-04 18:57:51.100,2026-02-04 18:57:47.004,-4095.550,59.980873107910156,0
2026-02-04 18:57:40.000,2026-02-04 18:57:50.000,2108,2026-02-04 18:57:51.100,2026-02-04 18:57:47.012,-4087.554,59.97917175292969,0
2026-02-04 18:57:40.000,2026-02-04 18:57:50.000,2423,2026-02-04 18:57:51.020,2026-02-04 18:57:47.018,-4001.496,50.03251647949219,0
2026-02-04 18:57:40.000,2026-02-04 18:57:50.000,477,2026-02-04 18:57:51.116,2026-02-04 18:57:47.021,-4095.160,59.98160934448242,0
2026-02-04 18:57:40.000,2026-02-04 18:57:50.000,2108,2026-02-04 18:57:51.116,2026-02-04 18:57:47.029,-4087.123,59.9821662902832,0
2026-02-04 18:57:40.000,2026-02-04 18:57:50.000,477,2026-02-04 18:57:51.133,2026-02-04 18:57:47.038,-4095.274,59.98249053955078,0
2026-02-04 18:57:40.000,2026-02-04 18:57:50.000,2423,2026-02-04 18:57:51.040,2026-02-04 18:57:47.038,-4001.938,50.03406524658203,0
2026-02-04 18:57:40.000,2026-02-04 18:57:50.000,2108,2026-02-04 18:57:51.133,2026-02-04 18:57:47.046,-4086.761,59.984130859375,0
2026-02-04 18:57:40.000,2026-02-04 18:57:50.000,477,2026-02-04 18:57:51.150,2026-02-04 18:57:47.054,-4095.125,59.98140335083008,0
2026-02-04 18:57:40.000,2026-02-04 18:57:50.000,2423,2026-02-04 18:57:51.059,2026-02-04 18:57:47.057,-4002.113,50.03577423095703,0
2026-02-04 18:57:40.000,2026-02-04 18:57:50.000,2108,2026-02-04 18:57:51.150,2026-02-04 18:57:47.061,-4088.119,59.98263168334961,0
2026-02-04 18:57:40.000,2026-02-04 18:57:50.000,477,2026-02-04 18:57:51.166,2026-02-04 18:57:47.071,-4095.254,59.980587005615234,0
2026-02-04 18:57:40.000,2026-02-04 18:57:50.000,2423,2026-02-04 18:57:51.080,2026-02-04 18:57:47.078,-4001.532,50.03575134277344,0
2026-02-04 18:57:40.000,2026-02-04 18:57:50.000,2108,2026-02-04 18:57:51.166,2026-02-04 18:57:47.079,-4087.204,59.98085403442383,0
2026-02-04 18:57:40.000,2026-02-04 18:57:50.000,477,2026-02-04 18:57:51.183,2026-02-04 18:57:47.087,-4095.341,59.981727600097656,0
2026-02-04 18:57:40.000,2026-02-04 18:57:50.000,2108,2026-02-04 18:57:51.183,2026-02-04 18:57:47.095,-4087.821,59.979068756103516,0
2026-02-04 18:57:40.000,2026-02-04 18:57:50.000,2423,2026-02-04 18:57:51.100,2026-02-04 18:57:47.098,-4001.492,50.03535079956055,0
2026-02-04 18:57:40.000,2026-02-04 18:57:50.000,477,2026-02-04 18:57:51.200,2026-02-04 18:57:47.104,-4095.464,59.9824104309082,0
2026-02-04 18:57:40.000,2026-02-04 18:57:50.000,2108,2026-02-04 18:57:51.200,2026-02-04 18:57:47.112,-4087.466,59.980934143066406,0
2026-02-04 18:57:40.000,2026-02-04 18:57:50.000,2423,2026-02-04 18:57:51.120,2026-02-04 18:57:47.117,-4002.414,50.0341796875,0
2026-02-04 18:57:40.000,2026-02-04 18:57:50.000,477,2026-02-04 18:57:51.216,2026-02-04 18:57:47.121,-4095.079,59.982444763183594,0
2026-02-04 18:57:40.000,2026-02-04 18:57:50.000,2108,2026-02-04 18:57:51.216,2026-02-04 18:57:47.128,-4088.037,59.98313522338867,0
2026-02-04 18:57:40.000,2026-02-04 18:57:50.000,477,2026-02-04 18:57:51.233,2026-02-04 18:57:47.137,-4095.584,59.982505798339844,0
2026-02-04 18:57:40.000,2026-02-04 18:57:50.000,2423,2026-02-04 18:57:51.139,2026-02-04 18:57:47.138,-4001.250,50.0313606262207,0
2026-02-04 18:57:40.000,2026-02-04 18:57:50.000,2108,2026-02-04 18:57:51.233,2026-02-04 18:57:47.145,-4088.077,59.980857849121094,0
2026-02-04 18:57:40.000,2026-02-04 18:57:50.000,477,2026-02-04 18:57:51.250,2026-02-04 18:57:47.154,-4095.687,59.9822998046875,0
2026-02-04 18:57:40.000,2026-02-04 18:57:50.000,2423,2026-02-04 18:57:51.160,2026-02-04 18:57:47.158,-4001.689,50.03101348876953,0
2026-02-04 18:57:40.000,2026-02-04 18:57:50.000,2108,2026-02-04 18:57:51.250,2026-02-04 18:57:47.162,-4087.689,59.979331970214844,0
2026-02-04 18:57:40.000,2026-02-04 18:57:50.000,477,2026-02-04 18:57:51.266,2026-02-04 18:57:47.171,-4095.064,59.982791900634766,0
2026-02-04 18:57:40.000,2026-02-04 18:57:50.000,2423,2026-02-04 18:57:51.180,2026-02-04 18:57:47.178,-4001.897,50.03338623046875,0
2026-02-04 18:57:40.000,2026-02-04 18:57:50.000,2108,2026-02-04 18:57:51.266,2026-02-04 18:57:47.179,-4087.555,59.98222732543945,0
2026-02-04 18:57:40.000,2026-02-04 18:57:50.000,477,2026-02-04 18:57:51.283,2026-02-04 18:57:47.187,-4095.524,59.98290252685547,0
2026-02-04 18:57:40.000,2026-02-04 18:57:50.000,2108,2026-02-04 18:57:51.283,2026-02-04 18:57:47.195,-4088.011,59.985443115234375,0
2026-02-04 18:57:40.000,2026-02-04 18:57:50.000,2423,2026-02-04 18:57:51.200,2026-02-04 18:57:47.198,-4001.683,50.03600311279297,0
2026-02-04 18:57:40.000,2026-02-04 18:57:50.000,477,2026-02-04 18:57:51.299,2026-02-04 18:57:47.204,-4095.548,59.98222351074219,0
2026-02-04 18:57:40.000,2026-02-04 18:57:50.000,2108,2026-02-04 18:57:51.299,2026-02-04 18:57:47.212,-4087.549,59.98554229736328,0
2026-02-04 18:57:40.000,2026-02-04 18:57:50.000,2423,2026-02-04 18:57:51.219,2026-02-04 18:57:47.218,-4001.978,50.0371208190918,0
2026-02-04 18:57:40.000,2026-02-04 18:57:50.000,477,2026-02-04 18:57:51.316,2026-02-04 18:57:47.222,-4094.658,59.98242950439453,0
2026-02-04 18:57:40.000,2026-02-04 18:57:50.000,2108,2026-02-04 18:57:51.316,2026-02-04 18:57:47.228,-4088.138,59.98283767700195,0
2026-02-04 18:57:40.000,2026-02-04 18:57:50.000,2423,2026-02-04 18:57:51.240,2026-02-04 18:57:47.238,-4001.956,50.03436279296875,0
2026-02-04 18:57:40.000,2026-02-04 18:57:50.000,477,2026-02-04 18:57:51.333,2026-02-04 18:57:47.238,-4095.292,59.982730865478516,0
2026-02-04 18:57:40.000,2026-02-04 18:57:50.000,2108,2026-02-04 18:57:51.333,2026-02-04 18:57:47.245,-4087.776,59.9788818359375,0
2026-02-04 18:57:40.000,2026-02-04 18:57:50.000,477,2026-02-04 18:57:51.350,2026-02-04 18:57:47.254,-4095.306,59.98217010498047,0
2026-02-04 18:57:40.000,2026-02-04 18:57:50.000,2423,2026-02-04 18:57:51.260,2026-02-04 18:57:47.257,-4002.316,50.032779693603516,0
2026-02-04 18:57:40.000,2026-02-04 18:57:50.000,2108,2026-02-04 18:57:51.350,2026-02-04 18:57:47.262,-4087.309,59.979469299316406,0
2026-02-04 18:57:40.000,2026-02-04 18:57:50.000,477,2026-02-04 18:57:51.366,2026-02-04 18:57:47.271,-4095.472,59.982059478759766,0
2026-02-04 18:57:40.000,2026-02-04 18:57:50.000,2423,2026-02-04 18:57:51.280,2026-02-04 18:57:47.278,-4001.756,50.03420639038086,0
2026-02-04 18:57:40.000,2026-02-04 18:57:50.000,2108,2026-02-04 18:57:51.366,2026-02-04 18:57:47.279,-4087.427,59.982059478759766,0
2026-02-04 18:57:40.000,2026-02-04 18:57:50.000,477,2026-02-04 18:57:51.383,2026-02-04 18:57:47.287,-4095.495,59.98297882080078,0
2026-02-04 18:57:40.000,2026-02-04 18:57:50.000,2108,2026-02-04 18:57:51.383,2026-02-04 18:57:47.295,-4087.979,59.98196792602539,0
2026-02-04 18:57:40.000,2026-02-04 18:57:50.000,2423,2026-02-04 18:57:51.299,2026-02-04 18:57:47.298,-4001.635,50.03353500366211,0
2026-02-04 18:57:40.000,2026-02-04 18:57:50.000,477,2026-02-04 18:57:51.400,2026-02-04 18:57:47.304,-4095.577,59.983489990234375,0
2026-02-04 18:57:40.000,2026-02-04 18:57:50.000,2108,2026-02-04 18:57:51.400,2026-02-04 18:57:47.312,-4087.574,59.981632232666016,0
2026-02-04 18:57:40.000,2026-02-04 18:57:50.000,2423,2026-02-04 18:57:51.320,2026-02-04 18:57:47.318,-4001.729,50.03208923339844,0
2026-02-04 18:57:40.000,2026-02-04 18:57:50.000,477,2026-02-04 18:57:51.416,2026-02-04 18:57:47.321,-4095.392,59.982933044433594,0
2026-02-04 18:57:40.000,2026-02-04 18:57:50.000,2108,2026-02-04 18:57:51.416,2026-02-04 18:57:47.329,-4087.315,59.981910705566406,0
2026-02-04 18:57:40.000,2026-02-04 18:57:50.000,477,2026-02-04 18:57:51.433,2026-02-04 18:57:47.338,-4094.715,59.982025146484375,0
2026-02-04 18:57:40.000,2026-02-04 18:57:50.000,2423,2026-02-04 18:57:51.340,2026-02-04 18:57:47.338,-4001.395,50.0334587097168,0
2026-02-04 18:57:40.000,2026-02-04 18:57:50.000,2108,2026-02-04 18:57:51.433,2026-02-04 18:57:47.345,-4087.642,59.98322296142578,0
2026-02-04 18:57:40.000,2026-02-04 18:57:50.000,477,2026-02-04 18:57:51.450,2026-02-04 18:57:47.355,-4094.773,59.98175811767578,0
2026-02-04 18:57:40.000,2026-02-04 18:57:50.000,2423,2026-02-04 18:57:51.360,2026-02-04 18:57:47.358,-4001.774,50.035709381103516,0
2026-02-04 18:57:40.000,2026-02-04 18:57:50.000,2108,2026-02-04 18:57:51.450,2026-02-04 18:57:47.362,-4087.766,59.98662567138672,0
2026-02-04 18:57:40.000,2026-02-04 18:57:50.000,477,2026-02-04 18:57:51.466,2026-02-04 18:57:47.371,-4095.279,59.98262023925781,0
2026-02-04 18:57:40.000,2026-02-04 18:57:50.000,2423,2026-02-04 18:57:51.379,2026-02-04 18:57:47.378,-4001.583,50.03481674194336,0
2026-02-04 18:57:40.000,2026-02-04 18:57:50.000,2108,2026-02-04 18:57:51.466,2026-02-04 18:57:47.379,-4087.240,59.985504150390625,0
2026-02-04 18:57:40.000,2026-02-04 18:57:50.000,477,2026-02-04 18:57:51.483,2026-02-04 18:57:47.388,-4094.791,59.98357391357422,0
2026-02-04 18:57:40.000,2026-02-04 18:57:50.000,2108,2026-02-04 18:57:51.483,2026-02-04 18:57:47.396,-4087.315,59.97782516479492,0
2026-02-04 18:57:40.000,2026-02-04 18:57:50.000,2423,2026-02-04 18:57:51.400,2026-02-04 18:57:47.398,-4001.987,50.03269958496094,0
2026-02-04 18:57:40.000,2026-02-04 18:57:50.000,477,2026-02-04 18:57:51.500,2026-02-04 18:57:47.404,-4095.482,59.98325729370117,0
2026-02-04 18:57:40.000,2026-02-04 18:57:50.000,2108,2026-02-04 18:57:51.500,2026-02-04 18:57:47.412,-4087.451,59.97959899902344,0
2026-02-04 18:57:40.000,2026-02-04 18:57:50.000,2423,2026-02-04 18:57:51.420,2026-02-04 18:57:47.418,-4001.737,50.03267288208008,0
2026-02-04 18:57:40.000,2026-02-04 18:57:50.000,477,2026-02-04 18:57:51.516,2026-02-04 18:57:47.421,-4095.401,59.98295974731445,0
2026-02-04 18:57:40.000,2026-02-04 18:57:50.000,2108,2026-02-04 18:57:51.516,2026-02-04 18:57:47.429,-4087.331,59.98855972290039,0
2026-02-04 18:57:40.000,2026-02-04 18:57:50.000,2423,2026-02-04 18:57:51.440,2026-02-04 18:57:47.437,-4002.089,50.03305435180664,0
2026-02-04 18:57:40.000,2026-02-04 18:57:50.000,477,2026-02-04 18:57:51.533,2026-02-04 18:57:47.437,-4095.424,59.98296356201172,0
2026-02-04 18:57:40.000,2026-02-04 18:57:50.000,2108,2026-02-04 18:57:51.533,2026-02-04 18:57:47.446,-4086.913,59.986900329589844,0
2026-02-04 18:57:40.000,2026-02-04 18:57:50.000,477,2026-02-04 18:57:51.550,2026-02-04 18:57:47.454,-4095.176,59.982078552246094,0
2026-02-04 18:57:40.000,2026-02-04 18:57:50.000,2423,2026-02-04 18:57:51.459,2026-02-04 18:57:47.457,-4002.164,50.03297424316406,0
2026-02-04 18:57:40.000,2026-02-04 18:57:50.000,2108,2026-02-04 18:57:51.550,2026-02-04 18:57:47.462,-4087.921,59.97962951660156,0
2026-02-04 18:57:40.000,2026-02-04 18:57:50.000,477,2026-02-04 18:57:51.566,2026-02-04 18:57:47.471,-4095.080,59.981971740722656,0
2026-02-04 18:57:40.000,2026-02-04 18:57:50.000,2423,2026-02-04 18:57:51.480,2026-02-04 18:57:47.478,-4001.370,50.032779693603516,0
2026-02-04 18:57:40.000,2026-02-04 18:57:50.000,2108,2026-02-04 18:57:51.566,2026-02-04 18:57:47.479,-4087.040,59.9785041809082,0
2026-02-04 18:57:40.000,2026-02-04 18:57:50.000,477,2026-02-04 18:57:51.583,2026-02-04 18:57:47.488,-4095.171,59.98258590698242,0
2026-02-04 18:57:40.000,2026-02-04 18:57:50.000,2108,2026-02-04 18:57:51.583,2026-02-04 18:57:47.496,-4086.959,59.98250961303711,0
2026-02-04 18:57:40.000,2026-02-04 18:57:50.000,2423,2026-02-04 18:57:51.500,2026-02-04 18:57:47.498,-4001.631,50.03236770629883,0
2026-02-04 18:57:40.000,2026-02-04 18:57:50.000,477,2026-02-04 18:57:51.600,2026-02-04 18:57:47.504,-4095.113,59.982357025146484,0
2026-02-04 18:57:40.000,2026-02-04 18:57:50.000,2108,2026-02-04 18:57:51.600,2026-02-04 18:57:47.511,-4088.108,59.98652648925781,0
2026-02-04 18:57:40.000,2026-02-04 18:57:50.000,2423,2026-02-04 18:57:51.520,2026-02-04 18:57:47.518,-4001.597,50.03361892700195,0
2026-02-04 18:57:40.000,2026-02-04 18:57:50.000,477,2026-02-04 18:57:51.616,2026-02-04 18:57:47.521,-4095.261,59.98198318481445,0
2026-02-04 18:57:40.000,2026-02-04 18:57:50.000,2108,2026-02-04 18:57:51.616,2026-02-04 18:57:47.529,-4087.157,59.984676361083984,0
2026-02-04 18:57:40.000,2026-02-04 18:57:50.000,2423,2026-02-04 18:57:51.539,2026-02-04 18:57:47.537,-4002.301,50.035064697265625,0
2026-02-04 18:57:40.000,2026-02-04 18:57:50.000,477,2026-02-04 18:57:51.633,2026-02-04 18:57:47.538,-4094.640,59.982421875,0
2026-02-04 18:57:40.000,2026-02-04 18:57:50.000,2108,2026-02-04 18:57:51.633,2026-02-04 18:57:47.545,-4087.553,59.976905822753906,0
2026-02-04 18:57:40.000,2026-02-04 18:57:50.000,477,2026-02-04 18:57:51.650,2026-02-04 18:57:47.554,-4095.637,59.98294448852539,0
2026-02-04 18:57:40.000,2026-02-04 18:57:50.000,2423,2026-02-04 18:57:51.560,2026-02-04 18:57:47.558,-4001.639,50.0346565246582,0
2026-02-04 18:57:40.000,2026-02-04 18:57:50.000,2108,2026-02-04 18:57:51.650,2026-02-04 18:57:47.562,-4087.634,59.97705841064453,0
2026-02-04 18:57:40.000,2026-02-04 18:57:50.000,477,2026-02-04 18:57:51.666,2026-02-04 18:57:47.571,-4094.893,59.983375549316406,0
2026-02-04 18:57:40.000,2026-02-04 18:57:50.000,2423,2026-02-04 18:57:51.580,2026-02-04 18:57:47.578,-4001.727,50.033870697021484,0
2026-02-04 18:57:40.000,2026-02-04 18:57:50.000,2108,2026-02-04 18:57:51.666,2026-02-04 18:57:47.579,-4087.384,59.983863830566406,0
2026-02-04 18:57:40.000,2026-02-04 18:57:50.000,477,2026-02-04 18:57:51.683,2026-02-04 18:57:47.588,-4095.182,59.98335266113281,0
2026-02-04 18:57:40.000,2026-02-04 18:57:50.000,2108,2026-02-04 18:57:51.683,2026-02-04 18:57:47.599,-4083.665,59.98486328125,0
2026-02-04 18:57:40.000,2026-02-04 18:57:50.000,2423,2026-02-04 18:57:51.600,2026-02-04 18:57:47.599,-4000.337,50.03341293334961,0
2026-02-04 18:57:40.000,2026-02-04 18:57:50.000,477,2026-02-04 18:57:51.699,2026-02-04 18:57:47.604,-4095.291,59.9827995300293,0
2026-02-04 18:57:40.000,2026-02-04 18:57:50.000,2108,2026-02-04 18:57:51.699,2026-02-04 18:57:47.613,-4086.780,59.98417282104492,0
2026-02-04 18:57:40.000,2026-02-04 18:57:50.000,2423,2026-02-04 18:57:51.619,2026-02-04 18:57:47.618,-4001.764,50.03422164916992,0
2026-02-04 18:57:40.000,2026-02-04 18:57:50.000,477,2026-02-04 18:57:51.716,2026-02-04 18:57:47.621,-4095.439,59.98280334472656,0
2026-02-04 18:57:40.000,2026-02-04 18:57:50.000,2108,2026-02-04 18:57:51.716,2026-02-04 18:57:47.629,-4087.411,59.982810974121094,0
2026-02-04 18:57:40.000,2026-02-04 18:57:50.000,2423,2026-02-04 18:57:51.640,2026-02-04 18:57:47.638,-4001.591,50.03425216674805,0
2026-02-04 18:57:40.000,2026-02-04 18:57:50.000,477,2026-02-04 18:57:51.733,2026-02-04 18:57:47.638,-4094.927,59.983028411865234,0
2026-02-04 18:57:40.000,2026-02-04 18:57:50.000,2108,2026-02-04 18:57:51.733,2026-02-04 18:57:47.645,-4087.589,59.981651306152344,0
2026-02-04 18:57:40.000,2026-02-04 18:57:50.000,477,2026-02-04 18:57:51.750,2026-02-04 18:57:47.654,-4095.731,59.98312759399414,0
2026-02-04 18:57:40.000,2026-02-04 18:57:50.000,2423,2026-02-04 18:57:51.660,2026-02-04 18:57:47.658,-4001.739,50.03401565551758,0
2026-02-04 18:57:40.000,2026-02-04 18:57:50.000,2108,2026-02-04 18:57:51.750,2026-02-04 18:57:47.662,-4087.731,59.983524322509766,0
2026-02-04 18:57:40.000,2026-02-04 18:57:50.000,477,2026-02-04 18:57:51.766,2026-02-04 18:57:47.671,-4095.323,59.98320007324219,0
2026-02-04 18:57:40.000,2026-02-04 18:57:50.000,2423,2026-02-04 18:57:51.680,2026-02-04 18:57:47.677,-4002.133,50.03556823730469,0
2026-02-04 18:57:40.000,2026-02-04 18:57:50.000,2108,2026-02-04 18:57:51.766,2026-02-04 18:57:47.678,-4087.803,59.98495864868164,0
2026-02-04 18:57:40.000,2026-02-04 18:57:50.000,477,2026-02-04 18:57:51.783,2026-02-04 18:57:47.688,-4094.916,59.98329162597656,0
2026-02-04 18:57:40.000,2026-02-04 18:57:50.000,2108,2026-02-04 18:57:51.783,2026-02-04 18:57:47.695,-4087.866,59.982486724853516,0
2026-02-04 18:57:40.000,2026-02-04 18:57:50.000,2423,2026-02-04 18:57:51.699,2026-02-04 18:57:47.698,-4001.525,50.03461837768555,0
2026-02-04 18:57:40.000,2026-02-04 18:57:50.000,477,2026-02-04 18:57:51.800,2026-02-04 18:57:47.704,-4095.488,59.98300552368164,0
2026-02-04 18:57:40.000,2026-02-04 18:57:50.000,2108,2026-02-04 18:57:51.800,2026-02-04 18:57:47.712,-4087.484,59.97874450683594,0
2026-02-04 18:57:40.000,2026-02-04 18:57:50.000,2423,2026-02-04 18:57:51.720,2026-02-04 18:57:47.718,-4001.382,50.0325813293457,0
2026-02-04 18:57:40.000,2026-02-04 18:57:50.000,477,2026-02-04 18:57:51.816,2026-02-04 18:57:47.721,-4095.045,59.98295211791992,0
2026-02-04 18:57:40.000,2026-02-04 18:57:50.000,2108,2026-02-04 18:57:51.816,2026-02-04 18:57:47.728,-4087.744,59.979583740234375,0
2026-02-04 18:57:40.000,2026-02-04 18:57:50.000,477,2026-02-04 18:57:51.833,2026-02-04 18:57:47.738,-4094.900,59.98295593261719,0
2026-02-04 18:57:40.000,2026-02-04 18:57:50.000,2423,2026-02-04 18:57:51.740,2026-02-04 18:57:47.738,-4001.580,50.03351974487305,0
2026-02-04 18:57:40.000,2026-02-04 18:57:50.000,2108,2026-02-04 18:57:51.833,2026-02-04 18:57:47.745,-4087.640,59.98402404785156,0
2026-02-04 18:57:40.000,2026-02-04 18:57:50.000,477,2026-02-04 18:57:51.850,2026-02-04 18:57:47.754,-4095.734,59.982879638671875,0
2026-02-04 18:57:40.000,2026-02-04 18:57:50.000,2423,2026-02-04 18:57:51.760,2026-02-04 18:57:47.762,-3997.729,50.034847259521484,0
2026-02-04 18:57:40.000,2026-02-04 18:57:50.000,2108,2026-02-04 18:57:51.850,2026-02-04 18:57:47.763,-4086.727,59.987152099609375,0
2026-02-04 18:57:40.000,2026-02-04 18:57:50.000,477,2026-02-04 18:57:51.866,2026-02-04 18:57:47.772,-4094.316,59.98351287841797,0
2026-02-04 18:57:40.000,2026-02-04 18:57:50.000,2423,2026-02-04 18:57:51.779,2026-02-04 18:57:47.778,-4001.526,50.03322219848633,0
2026-02-04 18:57:40.000,2026-02-04 18:57:50.000,2108,2026-02-04 18:57:51.866,2026-02-04 18:57:47.778,-4088.198,59.98381805419922,0
2026-02-04 18:57:40.000,2026-02-04 18:57:50.000,477,2026-02-04 18:57:51.883,2026-02-04 18:57:47.787,-4095.331,59.98405456542969,0
2026-02-04 18:57:40.000,2026-02-04 18:57:50.000,2108,2026-02-04 18:57:51.883,2026-02-04 18:57:47.795,-4087.821,59.979427337646484,0
2026-02-04 18:57:40.000,2026-02-04 18:57:50.000,2423,2026-02-04 18:57:51.800,2026-02-04 18:57:47.797,-4002.496,50.03118896484375,0
2026-02-04 18:57:40.000,2026-02-04 18:57:50.000,477,2026-02-04 18:57:51.900,2026-02-04 18:57:47.805,-4094.960,59.98371887207031,0
2026-02-04 18:57:40.000,2026-02-04 18:57:50.000,2108,2026-02-04 18:57:51.900,2026-02-04 18:57:47.812,-4087.960,59.981746673583984,0
2026-02-04 18:57:40.000,2026-02-04 18:57:50.000,2423,2026-02-04 18:57:51.820,2026-02-04 18:57:47.818,-4001.451,50.032806396484375,0
2026-02-04 18:57:40.000,2026-02-04 18:57:50.000,477,2026-02-04 18:57:51.916,2026-02-04 18:57:47.821,-4095.114,59.983211517333984,0
2026-02-04 18:57:40.000,2026-02-04 18:57:50.000,2108,2026-02-04 18:57:51.916,2026-02-04 18:57:47.829,-4087.080,59.986148834228516,0
2026-02-04 18:57:40.000,2026-02-04 18:57:50.000,2423,2026-02-04 18:57:51.840,2026-02-04 18:57:47.838,-4001.899,50.0343017578125,0
2026-02-04 18:57:40.000,2026-02-04 18:57:50.000,477,2026-02-04 18:57:51.933,2026-02-04 18:57:47.838,-4095.235,59.9833984375,0
2026-02-04 18:57:40.000,2026-02-04 18:57:50.000,2108,2026-02-04 18:57:51.933,2026-02-04 18:57:47.845,-4087.719,59.98535919189453,0
2026-02-04 18:57:40.000,2026-02-04 18:57:50.000,477,2026-02-04 18:57:51.950,2026-02-04 18:57:47.855,-4094.875,59.98344802856445,0
2026-02-04 18:57:40.000,2026-02-04 18:57:50.000,2423,2026-02-04 18:57:51.859,2026-02-04 18:57:47.858,-4001.867,50.032989501953125,0
2026-02-04 18:57:40.000,2026-02-04 18:57:50.000,2108,2026-02-04 18:57:51.950,2026-02-04 18:57:47.862,-4087.875,59.98173522949219,0
2026-02-04 18:57:40.000,2026-02-04 18:57:50.000,477,2026-02-04 18:57:51.966,2026-02-04 18:57:47.871,-4095.036,59.98335266113281,0
2026-02-04 18:57:40.000,2026-02-04 18:57:50.000,2423,2026-02-04 18:57:51.880,2026-02-04 18:57:47.878,-4001.234,50.03205871582031,0
2026-02-04 18:57:40.000,2026-02-04 18:57:50.000,2108,2026-02-04 18:57:51.966,2026-02-04 18:57:47.878,-4087.906,59.98251724243164,0
2026-02-04 18:57:40.000,2026-02-04 18:57:50.000,477,2026-02-04 18:57:51.983,2026-02-04 18:57:47.887,-4095.547,59.983787536621094,0
2026-02-04 18:57:40.000,2026-02-04 18:57:50.000,2108,2026-02-04 18:57:51.983,2026-02-04 18:57:47.895,-4088.041,59.98487091064453,0
2026-02-04 18:57:40.000,2026-02-04 18:57:50.000,2423,2026-02-04 18:57:51.900,2026-02-04 18:57:47.898,-4001.712,50.03342056274414,0
2026-02-04 18:57:40.000,2026-02-04 18:57:50.000,477,2026-02-04 18:57:52.000,2026-02-04 18:57:47.904,-4095.263,59.98393630981445,0
2026-02-04 18:57:40.000,2026-02-04 18:57:50.000,2108,2026-02-04 18:57:52.000,2026-02-04 18:57:47.911,-4088.263,59.98493194580078,0
2026-02-04 18:57:40.000,2026-02-04 18:57:50.000,2423,2026-02-04 18:57:51.920,2026-02-04 18:57:47.918,-4001.752,50.03490447998047,0
2026-02-04 18:57:40.000,2026-02-04 18:57:50.000,477,2026-02-04 18:57:52.016,2026-02-04 18:57:47.921,-4094.906,59.98322296142578,0
2026-02-04 18:57:40.000,2026-02-04 18:57:50.000,2108,2026-02-04 18:57:52.016,2026-02-04 18:57:47.929,-4087.389,59.98539352416992,0
2026-02-04 18:57:40.000,2026-02-04 18:57:50.000,2423,2026-02-04 18:57:51.939,2026-02-04 18:57:47.937,-4002.373,50.033782958984375,0
2026-02-04 18:57:40.000,2026-02-04 18:57:50.000,477,2026-02-04 18:57:52.033,2026-02-04 18:57:47.938,-4094.707,59.982826232910156,0
2026-02-04 18:57:40.000,2026-02-04 18:57:50.000,2108,2026-02-04 18:57:52.033,2026-02-04 18:57:47.945,-4087.445,59.984867095947266,0
2026-02-04 18:57:40.000,2026-02-04 18:57:50.000,477,2026-02-04 18:57:52.050,2026-02-04 18:57:47.954,-4095.607,59.982872009277344,0
2026-02-04 18:57:40.000,2026-02-04 18:57:50.000,2423,2026-02-04 18:57:51.960,2026-02-04 18:57:47.958,-4001.425,50.03330993652344,0
2026-02-04 18:57:40.000,2026-02-04 18:57:50.000,2108,2026-02-04 18:57:52.050,2026-02-04 18:57:47.962,-4087.427,59.98267364501953,0
2026-02-04 18:57:40.000,2026-02-04 18:57:50.000,2423,2026-02-04 18:57:51.980,2026-02-04 18:57:47.979,-4000.901,50.03485107421875,0
2026-02-04 18:57:40.000,2026-02-04 18:57:50.000,2108,2026-02-04 18:57:52.066,2026-02-04 18:57:47.980,-4086.557,59.983299255371094,0
2026-02-04 18:57:40.000,2026-02-04 18:57:50.000,477,2026-02-04 18:57:52.066,2026-02-04 18:57:47.981,-4085.557,59.98286819458008,0
2026-02-04 18:57:40.000,2026-02-04 18:57:50.000,477,2026-02-04 18:57:52.083,2026-02-04 18:57:47.993,-4089.696,59.98297882080078,0
2026-02-04 18:57:40.000,2026-02-04 18:57:50.000,2108,2026-02-04 18:57:52.083,2026-02-04 18:57:47.996,-4086.692,59.98362731933594,0
2026-02-04 18:57:40.000,2026-02-04 18:57:50.000,2423,2026-02-04 18:57:52.000,2026-02-04 18:57:47.997,-4002.360,50.03495788574219,0
2026-02-04 18:57:40.000,2026-02-04 18:57:50.000,477,2026-02-04 18:57:52.099,2026-02-04 18:57:48.007,-4092.316,59.98325729370117,0
2026-02-04 18:57:40.000,2026-02-04 18:57:50.000,2108,2026-02-04 18:57:52.099,2026-02-04 18:57:48.012,-4087.315,59.980384826660156,0
2026-02-04 18:57:40.000,2026-02-04 18:57:50.000,2423,2026-02-04 18:57:52.019,2026-02-04 18:57:48.018,-4001.719,50.033607482910156,0
2026-02-04 18:57:40.000,2026-02-04 18:57:50.000,2108,2026-02-04 18:57:52.116,2026-02-04 18:57:48.029,-4087.309,59.98161697387695,0
2026-02-04 18:57:40.000,2026-02-04 18:57:50.000,477,2026-02-04 18:57:52.116,2026-02-04 18:57:48.035,-4081.242,59.984214782714844,0
2026-02-04 18:57:40.000,2026-02-04 18:57:50.000,477,2026-02-04 18:57:52.133,2026-02-04 18:57:48.038,-4094.901,59.985015869140625,0
2026-02-04 18:57:40.000,2026-02-04 18:57:50.000,2423,2026-02-04 18:57:52.040,2026-02-04 18:57:48.038,-4001.565,50.032325744628906,0
2026-02-04 18:57:40.000,2026-02-04 18:57:50.000,2108,2026-02-04 18:57:52.133,2026-02-04 18:57:48.045,-4087.872,59.986473083496094,0
2026-02-04 18:57:40.000,2026-02-04 18:57:50.000,477,2026-02-04 18:57:52.150,2026-02-04 18:57:48.054,-4095.374,59.98448181152344,0
2026-02-04 18:57:40.000,2026-02-04 18:57:50.000,2423,2026-02-04 18:57:52.060,2026-02-04 18:57:48.057,-4002.370,50.032493591308594,0
2026-02-04 18:57:40.000,2026-02-04 18:57:50.000,2108,2026-02-04 18:57:52.150,2026-02-04 18:57:48.062,-4087.363,59.98511505126953,0
2026-02-04 18:57:40.000,2026-02-04 18:57:50.000,477,2026-02-04 18:57:52.166,2026-02-04 18:57:48.070,-4095.790,59.98409652709961,0
2026-02-04 18:57:40.000,2026-02-04 18:57:50.000,2423,2026-02-04 18:57:52.080,2026-02-04 18:57:48.078,-4001.607,50.03430938720703,0
2026-02-04 18:57:40.000,2026-02-04 18:57:50.000,2108,2026-02-04 18:57:52.166,2026-02-04 18:57:48.079,-4087.279,59.9813117980957,0
2026-02-04 18:57:40.000,2026-02-04 18:57:50.000,477,2026-02-04 18:57:52.183,2026-02-04 18:57:48.087,-4095.355,59.98432922363281,0
2026-02-04 18:57:40.000,2026-02-04 18:57:50.000,2108,2026-02-04 18:57:52.183,2026-02-04 18:57:48.095,-4087.842,59.9808464050293,0
2026-02-04 18:57:40.000,2026-02-04 18:57:50.000,2423,2026-02-04 18:57:52.099,2026-02-04 18:57:48.098,-4001.494,50.0344352722168,0
2026-02-04 18:57:40.000,2026-02-04 18:57:50.000,477,2026-02-04 18:57:52.200,2026-02-04 18:57:48.106,-4093.998,59.98403549194336,0
2026-02-04 18:57:40.000,2026-02-04 18:57:50.000,2108,2026-02-04 18:57:52.200,2026-02-04 18:57:48.112,-4087.998,59.983097076416016,0
2026-02-04 18:57:40.000,2026-02-04 18:57:50.000,2423,2026-02-04 18:57:52.120,2026-02-04 18:57:48.118,-4001.484,50.03218078613281,0
2026-02-04 18:57:40.000,2026-02-04 18:57:50.000,477,2026-02-04 18:57:52.216,2026-02-04 18:57:48.121,-4095.150,59.98359680175781,0
2026-02-04 18:57:40.000,2026-02-04 18:57:50.000,2108,2026-02-04 18:57:52.216,2026-02-04 18:57:48.128,-4088.003,59.985660552978516,0
2026-02-04 18:57:40.000,2026-02-04 18:57:50.000,2423,2026-02-04 18:57:52.140,2026-02-04 18:57:48.137,-4002.256,50.032325744628906,0
2026-02-04 18:57:40.000,2026-02-04 18:57:50.000,477,2026-02-04 18:57:52.233,2026-02-04 18:57:48.138,-4094.575,59.9834098815918,0
2026-02-04 18:57:40.000,2026-02-04 18:57:50.000,2108,2026-02-04 18:57:52.233,2026-02-04 18:57:48.146,-4087.066,59.98595428466797,0
2026-02-04 18:57:40.000,2026-02-04 18:57:50.000,477,2026-02-04 18:57:52.250,2026-02-04 18:57:48.154,-4095.315,59.98310089111328,0
2026-02-04 18:57:40.000,2026-02-04 18:57:50.000,2423,2026-02-04 18:57:52.160,2026-02-04 18:57:48.157,-4002.312,50.034183502197266,0
2026-02-04 18:57:40.000,2026-02-04 18:57:50.000,2108,2026-02-04 18:57:52.250,2026-02-04 18:57:48.162,-4087.314,59.98127746582031,0
2026-02-04 18:57:40.000,2026-02-04 18:57:50.000,477,2026-02-04 18:57:52.266,2026-02-04 18:57:48.171,-4095.287,59.9832878112793,0
2026-02-04 18:57:40.000,2026-02-04 18:57:50.000,2423,2026-02-04 18:57:52.179,2026-02-04 18:57:48.178,-4001.577,50.03351974487305,0
2026-02-04 18:57:40.000,2026-02-04 18:57:50.000,2108,2026-02-04 18:57:52.266,2026-02-04 18:57:48.179,-4087.249,59.97890090942383,0
2026-02-04 18:57:40.000,2026-02-04 18:57:50.000,477,2026-02-04 18:57:52.283,2026-02-04 18:57:48.188,-4094.779,59.98365783691406,0
2026-02-04 18:57:40.000,2026-02-04 18:57:50.000,2108,2026-02-04 18:57:52.283,2026-02-04 18:57:48.196,-4087.272,59.98471450805664,0
2026-02-04 18:57:40.000,2026-02-04 18:57:50.000,2423,2026-02-04 18:57:52.200,2026-02-04 18:57:48.198,-4001.944,50.03229522705078,0
2026-02-04 18:57:40.000,2026-02-04 18:57:50.000,477,2026-02-04 18:57:52.300,2026-02-04 18:57:48.204,-4095.438,59.98393630981445,0
2026-02-04 18:57:40.000,2026-02-04 18:57:50.000,2108,2026-02-04 18:57:52.300,2026-02-04 18:57:48.212,-4087.432,59.98714065551758,0
2026-02-04 18:57:40.000,2026-02-04 18:57:50.000,2423,2026-02-04 18:57:52.220,2026-02-04 18:57:48.217,-4002.018,50.032188415527344,0
2026-02-04 18:57:40.000,2026-02-04 18:57:50.000,477,2026-02-04 18:57:52.316,2026-02-04 18:57:48.221,-4094.682,59.98443603515625,0
2026-02-04 18:57:40.000,2026-02-04 18:57:50.000,2108,2026-02-04 18:57:52.316,2026-02-04 18:57:48.228,-4088.167,59.98336410522461,0
2026-02-04 18:57:40.000,2026-02-04 18:57:50.000,2423,2026-02-04 18:57:52.240,2026-02-04 18:57:48.238,-4001.445,50.032867431640625,0
2026-02-04 18:57:40.000,2026-02-04 18:57:50.000,477,2026-02-04 18:57:52.333,2026-02-04 18:57:48.238,-4094.781,59.984100341796875,0
2026-02-04 18:57:40.000,2026-02-04 18:57:50.000,2108,2026-02-04 18:57:52.333,2026-02-04 18:57:48.245,-4087.459,59.98091125488281,0
2026-02-04 18:57:40.000,2026-02-04 18:57:50.000,477,2026-02-04 18:57:52.350,2026-02-04 18:57:48.255,-4094.608,59.983238220214844,0
2026-02-04 18:57:40.000,2026-02-04 18:57:50.000,2423,2026-02-04 18:57:52.259,2026-02-04 18:57:48.258,-4001.601,50.03272247314453,0
2026-02-04 18:57:40.000,2026-02-04 18:57:50.000,2108,2026-02-04 18:57:52.350,2026-02-04 18:57:48.262,-4087.609,59.980838775634766,0
2026-02-04 18:57:40.000,2026-02-04 18:57:50.000,477,2026-02-04 18:57:52.366,2026-02-04 18:57:48.270,-4096.170,59.9832878112793,0
2026-02-04 18:57:40.000,2026-02-04 18:57:50.000,2423,2026-02-04 18:57:52.280,2026-02-04 18:57:48.277,-4002.475,50.031795501708984,0
2026-02-04 18:57:40.000,2026-02-04 18:57:50.000,2108,2026-02-04 18:57:52.366,2026-02-04 18:57:48.279,-4087.145,59.983604431152344,0
2026-02-04 18:57:40.000,2026-02-04 18:57:50.000,477,2026-02-04 18:57:52.383,2026-02-04 18:57:48.288,-4094.728,59.984100341796875,0
2026-02-04 18:57:40.000,2026-02-04 18:57:50.000,2108,2026-02-04 18:57:52.383,2026-02-04 18:57:48.295,-4087.638,59.989070892333984,0
2026-02-04 18:57:40.000,2026-02-04 18:57:50.000,2423,2026-02-04 18:57:52.300,2026-02-04 18:57:48.297,-4002.310,50.03142547607422,0
2026-02-04 18:57:40.000,2026-02-04 18:57:50.000,477,2026-02-04 18:57:52.400,2026-02-04 18:57:48.304,-4095.787,59.984161376953125,0
2026-02-04 18:57:40.000,2026-02-04 18:57:50.000,2108,2026-02-04 18:57:52.400,2026-02-04 18:57:48.312,-4087.791,59.98719024658203,0
2026-02-04 18:57:40.000,2026-02-04 18:57:50.000,2423,2026-02-04 18:57:52.320,2026-02-04 18:57:48.318,-4001.279,50.031654357910156,0
2026-02-04 18:57:40.000,2026-02-04 18:57:50.000,477,2026-02-04 18:57:52.416,2026-02-04 18:57:48.321,-4094.947,59.9835205078125,0
2026-02-04 18:57:40.000,2026-02-04 18:57:50.000,2108,2026-02-04 18:57:52.416,2026-02-04 18:57:48.329,-4087.436,59.97908020019531,0
2026-02-04 18:57:40.000,2026-02-04 18:57:50.000,477,2026-02-04 18:57:52.433,2026-02-04 18:57:48.338,-4095.030,59.98317337036133,0
2026-02-04 18:57:40.000,2026-02-04 18:57:50.000,2423,2026-02-04 18:57:52.339,2026-02-04 18:57:48.338,-4001.694,50.03255081176758,0
2026-02-04 18:57:40.000,2026-02-04 18:57:50.000,2108,2026-02-04 18:57:52.433,2026-02-04 18:57:48.345,-4087.970,59.97993469238281,0
2026-02-04 18:57:40.000,2026-02-04 18:57:50.000,477,2026-02-04 18:57:52.450,2026-02-04 18:57:48.354,-4095.368,59.98345947265625,0
2026-02-04 18:57:40.000,2026-02-04 18:57:50.000,2423,2026-02-04 18:57:52.360,2026-02-04 18:57:48.358,-4001.369,50.03266525268555,0
2026-02-04 18:57:40.000,2026-02-04 18:57:50.000,2108,2026-02-04 18:57:52.450,2026-02-04 18:57:48.362,-4087.367,59.985111236572266,0
2026-02-04 18:57:40.000,2026-02-04 18:57:50.000,477,2026-02-04 18:57:52.466,2026-02-04 18:57:48.371,-4094.952,59.984127044677734,0
2026-02-04 18:57:40.000,2026-02-04 18:57:50.000,2423,2026-02-04 18:57:52.380,2026-02-04 18:57:48.378,-4001.783,50.032527923583984,0
2026-02-04 18:57:40.000,2026-02-04 18:57:50.000,2108,2026-02-04 18:57:52.466,2026-02-04 18:57:48.379,-4087.441,59.98490524291992,0
2026-02-04 18:57:40.000,2026-02-04 18:57:50.000,477,2026-02-04 18:57:52.483,2026-02-04 18:57:48.388,-4095.253,59.984275817871094,0
2026-02-04 18:57:40.000,2026-02-04 18:57:50.000,2108,2026-02-04 18:57:52.483,2026-02-04 18:57:48.395,-4087.732,59.98313903808594,0
2026-02-04 18:57:40.000,2026-02-04 18:57:50.000,2423,2026-02-04 18:57:52.400,2026-02-04 18:57:48.398,-4001.894,50.03340148925781,0
2026-02-04 18:57:40.000,2026-02-04 18:57:50.000,477,2026-02-04 18:57:52.499,2026-02-04 18:57:48.404,-4095.364,59.98411560058594,0
2026-02-04 18:57:40.000,2026-02-04 18:57:50.000,2108,2026-02-04 18:57:52.499,2026-02-04 18:57:48.412,-4087.356,59.982383728027344,0
2026-02-04 18:57:40.000,2026-02-04 18:57:50.000,2423,2026-02-04 18:57:52.419,2026-02-04 18:57:48.417,-4002.293,50.033390045166016,0
2026-02-04 18:57:40.000,2026-02-04 18:57:50.000,477,2026-02-04 18:57:52.516,2026-02-04 18:57:48.421,-4094.973,59.98396682739258,0
2026-02-04 18:57:40.000,2026-02-04 18:57:50.000,2108,2026-02-04 18:57:52.516,2026-02-04 18:57:48.429,-4087.464,59.98284149169922,0
2026-02-04 18:57:40.000,2026-02-04 18:57:50.000,2423,2026-02-04 18:57:52.440,2026-02-04 18:57:48.438,-4001.678,50.031612396240234,0
2026-02-04 18:57:40.000,2026-02-04 18:57:50.000,477,2026-02-04 18:57:52.533,2026-02-04 18:57:48.438,-4095.014,59.983863830566406,0
2026-02-04 18:57:40.000,2026-02-04 18:57:50.000,2108,2026-02-04 18:57:52.533,2026-02-04 18:57:48.445,-4087.504,59.98451614379883,0
2026-02-04 18:57:40.000,2026-02-04 18:57:50.000,477,2026-02-04 18:57:52.550,2026-02-04 18:57:48.454,-4095.659,59.9835319519043,0
2026-02-04 18:57:40.000,2026-02-04 18:57:50.000,2423,2026-02-04 18:57:52.460,2026-02-04 18:57:48.458,-4001.664,50.03160858154297,0
2026-02-04 18:57:40.000,2026-02-04 18:57:50.000,2108,2026-02-04 18:57:52.550,2026-02-04 18:57:48.463,-4086.098,59.983985900878906,0
2026-02-04 18:57:40.000,2026-02-04 18:57:50.000,477,2026-02-04 18:57:52.566,2026-02-04 18:57:48.470,-4095.764,59.98276901245117,0
2026-02-04 18:57:40.000,2026-02-04 18:57:50.000,2423,2026-02-04 18:57:52.480,2026-02-04 18:57:48.477,-4002.068,50.03314971923828,0
2026-02-04 18:57:40.000,2026-02-04 18:57:50.000,2108,2026-02-04 18:57:52.566,2026-02-04 18:57:48.478,-4087.741,59.98036193847656,0
2026-02-04 18:57:40.000,2026-02-04 18:57:50.000,477,2026-02-04 18:57:52.583,2026-02-04 18:57:48.488,-4095.308,59.98263168334961,0
2026-02-04 18:57:40.000,2026-02-04 18:57:50.000,2108,2026-02-04 18:57:52.583,2026-02-04 18:57:48.495,-4087.799,59.98183822631836,0
2026-02-04 18:57:40.000,2026-02-04 18:57:50.000,2423,2026-02-04 18:57:52.499,2026-02-04 18:57:48.498,-4001.454,50.03266143798828,0
2026-02-04 18:57:40.000,2026-02-04 18:57:50.000,477,2026-02-04 18:57:52.600,2026-02-04 18:57:48.505,-4094.935,59.98374938964844,0
2026-02-04 18:57:40.000,2026-02-04 18:57:50.000,2108,2026-02-04 18:57:52.600,2026-02-04 18:57:48.512,-4087.931,59.98653793334961,0
2026-02-04 18:57:40.000,2026-02-04 18:57:50.000,2423,2026-02-04 18:57:52.520,2026-02-04 18:57:48.517,-4002.419,50.03139877319336,0
2026-02-04 18:57:40.000,2026-02-04 18:57:50.000,477,2026-02-04 18:57:52.616,2026-02-04 18:57:48.521,-4095.083,59.98408508300781,0
2026-02-04 18:57:40.000,2026-02-04 18:57:50.000,2108,2026-02-04 18:57:52.616,2026-02-04 18:57:48.529,-4087.048,59.985008239746094,0
2026-02-04 18:57:40.000,2026-02-04 18:57:50.000,2423,2026-02-04 18:57:52.540,2026-02-04 18:57:48.537,-4002.333,50.03139877319336,0
2026-02-04 18:57:40.000,2026-02-04 18:57:50.000,477,2026-02-04 18:57:52.633,2026-02-04 18:57:48.537,-4095.653,59.983272552490234,0
2026-02-04 18:57:40.000,2026-02-04 18:57:50.000,2108,2026-02-04 18:57:52.633,2026-02-04 18:57:48.545,-4088.048,59.98179244995117,0
2026-02-04 18:57:40.000,2026-02-04 18:57:50.000,477,2026-02-04 18:57:52.650,2026-02-04 18:57:48.554,-4095.752,59.98320007324219,0
2026-02-04 18:57:40.000,2026-02-04 18:57:50.000,2423,2026-02-04 18:57:52.560,2026-02-04 18:57:48.558,-4001.753,50.03187561035156,0
2026-02-04 18:57:40.000,2026-02-04 18:57:50.000,2108,2026-02-04 18:57:52.650,2026-02-04 18:57:48.562,-4087.755,59.982147216796875,0
2026-02-04 18:57:40.000,2026-02-04 18:57:50.000,477,2026-02-04 18:57:52.666,2026-02-04 18:57:48.571,-4095.397,59.98402404785156,0
2026-02-04 18:57:40.000,2026-02-04 18:57:50.000,2423,2026-02-04 18:57:52.579,2026-02-04 18:57:48.578,-4001.215,50.03041076660156,0
2026-02-04 18:57:40.000,2026-02-04 18:57:50.000,2108,2026-02-04 18:57:52.666,2026-02-04 18:57:48.578,-4087.887,59.98406219482422,0
2026-02-04 18:57:40.000,2026-02-04 18:57:50.000,477,2026-02-04 18:57:52.683,2026-02-04 18:57:48.588,-4094.897,59.98507308959961,0
2026-02-04 18:57:40.000,2026-02-04 18:57:50.000,2108,2026-02-04 18:57:52.683,2026-02-04 18:57:48.595,-4087.387,59.986328125,0
2026-02-04 18:57:40.000,2026-02-04 18:57:50.000,2423,2026-02-04 18:57:52.600,2026-02-04 18:57:48.597,-4002.060,50.02997589111328,0
2026-02-04 18:57:40.000,2026-02-04 18:57:50.000,477,2026-02-04 18:57:52.700,2026-02-04 18:57:48.604,-4095.556,59.985111236572266,0
2026-02-04 18:57:40.000,2026-02-04 18:57:50.000,2108,2026-02-04 18:57:52.700,2026-02-04 18:57:48.612,-4087.551,59.98591995239258,0
2026-02-04 18:57:40.000,2026-02-04 18:57:50.000,2423,2026-02-04 18:57:52.620,2026-02-04 18:57:48.618,-4001.498,50.03234100341797,0
2026-02-04 18:57:40.000,2026-02-04 18:57:50.000,477,2026-02-04 18:57:52.716,2026-02-04 18:57:48.621,-4095.161,59.98375701904297,0
2026-02-04 18:57:40.000,2026-02-04 18:57:50.000,2108,2026-02-04 18:57:52.716,2026-02-04 18:57:48.628,-4087.915,59.98067092895508,0
2026-02-04 18:57:40.000,2026-02-04 18:57:50.000,477,2026-02-04 18:57:52.733,2026-02-04 18:57:48.638,-4095.069,59.982479095458984,0
2026-02-04 18:57:40.000,2026-02-04 18:57:50.000,2423,2026-02-04 18:57:52.640,2026-02-04 18:57:48.638,-4001.733,50.03380584716797,0
2026-02-04 18:57:40.000,2026-02-04 18:57:50.000,2108,2026-02-04 18:57:52.733,2026-02-04 18:57:48.645,-4088.029,59.98094177246094,0
2026-02-04 18:57:40.000,2026-02-04 18:57:50.000,477,2026-02-04 18:57:52.750,2026-02-04 18:57:48.654,-4095.506,59.982791900634766,0
2026-02-04 18:57:40.000,2026-02-04 18:57:50.000,2423,2026-02-04 18:57:52.659,2026-02-04 18:57:48.657,-4002.495,50.03204345703125,0
2026-02-04 18:57:40.000,2026-02-04 18:57:50.000,2108,2026-02-04 18:57:52.750,2026-02-04 18:57:48.662,-4087.507,59.985225677490234,0
2026-02-04 18:57:40.000,2026-02-04 18:57:50.000,477,2026-02-04 18:57:52.766,2026-02-04 18:57:48.671,-4095.082,59.983802795410156,0
2026-02-04 18:57:40.000,2026-02-04 18:57:50.000,2423,2026-02-04 18:57:52.680,2026-02-04 18:57:48.677,-4002.252,50.02943420410156,0
2026-02-04 18:57:40.000,2026-02-04 18:57:50.000,2108,2026-02-04 18:57:52.766,2026-02-04 18:57:48.678,-4087.925,59.98283386230469,0
2026-02-04 18:57:40.000,2026-02-04 18:57:50.000,477,2026-02-04 18:57:52.783,2026-02-04 18:57:48.688,-4094.584,59.983551025390625,0
2026-02-04 18:57:40.000,2026-02-04 18:57:50.000,2108,2026-02-04 18:57:52.783,2026-02-04 18:57:48.696,-4087.072,59.98052215576172,0
2026-02-04 18:57:40.000,2026-02-04 18:57:50.000,2423,2026-02-04 18:57:52.700,2026-02-04 18:57:48.698,-4001.746,50.03031539916992,0
2026-02-04 18:57:40.000,2026-02-04 18:57:50.000,477,2026-02-04 18:57:52.800,2026-02-04 18:57:48.704,-4095.227,59.9831428527832,0
2026-02-04 18:57:40.000,2026-02-04 18:57:50.000,2108,2026-02-04 18:57:52.800,2026-02-04 18:57:48.711,-4088.221,59.981109619140625,0
2026-02-04 18:57:40.000,2026-02-04 18:57:50.000,2423,2026-02-04 18:57:52.720,2026-02-04 18:57:48.718,-4001.709,50.03234100341797,0
2026-02-04 18:57:40.000,2026-02-04 18:57:50.000,477,2026-02-04 18:57:52.816,2026-02-04 18:57:48.722,-4094.372,59.983890533447266,0
2026-02-04 18:57:40.000,2026-02-04 18:57:50.000,2108,2026-02-04 18:57:52.816,2026-02-04 18:57:48.729,-4087.312,59.98366165161133,0
2026-02-04 18:57:40.000,2026-02-04 18:57:50.000,2423,2026-02-04 18:57:52.739,2026-02-04 18:57:48.738,-4001.618,50.03232192993164,0
2026-02-04 18:57:40.000,2026-02-04 18:57:50.000,477,2026-02-04 18:57:52.833,2026-02-04 18:57:48.739,-4093.952,59.98414993286133,0
2026-02-04 18:57:40.000,2026-02-04 18:57:50.000,2108,2026-02-04 18:57:52.833,2026-02-04 18:57:48.745,-4087.710,59.98884201049805,0
2026-02-04 18:57:40.000,2026-02-04 18:57:50.000,477,2026-02-04 18:57:52.850,2026-02-04 18:57:48.754,-4095.264,59.98361587524414,0
2026-02-04 18:57:40.000,2026-02-04 18:57:50.000,2423,2026-02-04 18:57:52.760,2026-02-04 18:57:48.757,-4002.264,50.029815673828125,0
2026-02-04 18:57:40.000,2026-02-04 18:57:50.000,2108,2026-02-04 18:57:52.850,2026-02-04 18:57:48.761,-4088.265,59.990379333496094,0
2026-02-04 18:57:40.000,2026-02-04 18:57:50.000,477,2026-02-04 18:57:52.866,2026-02-04 18:57:48.771,-4094.911,59.983482360839844,0
2026-02-04 18:57:40.000,2026-02-04 18:57:50.000,2423,2026-02-04 18:57:52.780,2026-02-04 18:57:48.778,-4001.742,50.02854919433594,0
2026-02-04 18:57:40.000,2026-02-04 18:57:50.000,2108,2026-02-04 18:57:52.866,2026-02-04 18:57:48.779,-4087.398,59.9837760925293,0
2026-02-04 18:57:40.000,2026-02-04 18:57:50.000,477,2026-02-04 18:57:52.883,2026-02-04 18:57:48.788,-4094.864,59.98313903808594,0
2026-02-04 18:57:40.000,2026-02-04 18:57:50.000,2108,2026-02-04 18:57:52.883,2026-02-04 18:57:48.795,-4087.355,59.97753143310547,0
2026-02-04 18:57:40.000,2026-02-04 18:57:50.000,2423,2026-02-04 18:57:52.800,2026-02-04 18:57:48.797,-4002.024,50.03048324584961,0
2026-02-04 18:57:40.000,2026-02-04 18:57:50.000,477,2026-02-04 18:57:52.899,2026-02-04 18:57:48.804,-4095.508,59.98286056518555,0
2026-02-04 18:57:40.000,2026-02-04 18:57:50.000,2108,2026-02-04 18:57:52.899,2026-02-04 18:57:48.812,-4087.500,59.98002243041992,0
2026-02-04 18:57:40.000,2026-02-04 18:57:50.000,2423,2026-02-04 18:57:52.819,2026-02-04 18:57:48.818,-4001.722,50.03141784667969,0
2026-02-04 18:57:40.000,2026-02-04 18:57:50.000,477,2026-02-04 18:57:52.916,2026-02-04 18:57:48.821,-4095.401,59.982948303222656,0
2026-02-04 18:57:40.000,2026-02-04 18:57:50.000,2108,2026-02-04 18:57:52.916,2026-02-04 18:57:48.829,-4087.376,59.98495864868164,0
2026-02-04 18:57:40.000,2026-02-04 18:57:50.000,477,2026-02-04 18:57:52.933,2026-02-04 18:57:48.838,-4094.987,59.982887268066406,0
2026-02-04 18:57:40.000,2026-02-04 18:57:50.000,2423,2026-02-04 18:57:52.840,2026-02-04 18:57:48.838,-4001.651,50.03117752075195,0
2026-02-04 18:57:40.000,2026-02-04 18:57:50.000,2108,2026-02-04 18:57:52.933,2026-02-04 18:57:48.845,-4087.880,59.985347747802734,0
2026-02-04 18:57:40.000,2026-02-04 18:57:50.000,477,2026-02-04 18:57:52.950,2026-02-04 18:57:48.854,-4095.341,59.983543395996094,0
2026-02-04 18:57:40.000,2026-02-04 18:57:50.000,2423,2026-02-04 18:57:52.860,2026-02-04 18:57:48.858,-4001.346,50.03147888183594,0
2026-02-04 18:57:40.000,2026-02-04 18:57:50.000,2108,2026-02-04 18:57:52.950,2026-02-04 18:57:48.862,-4087.342,59.982322692871094,0
2026-02-04 18:57:40.000,2026-02-04 18:57:50.000,477,2026-02-04 18:57:52.966,2026-02-04 18:57:48.871,-4094.950,59.9845085144043,0
2026-02-04 18:57:40.000,2026-02-04 18:57:50.000,2423,2026-02-04 18:57:52.880,2026-02-04 18:57:48.878,-4001.769,50.032127380371094,0
2026-02-04 18:57:40.000,2026-02-04 18:57:50.000,2108,2026-02-04 18:57:52.966,2026-02-04 18:57:48.879,-4087.440,59.980133056640625,0
2026-02-04 18:57:40.000,2026-02-04 18:57:50.000,477,2026-02-04 18:57:52.983,2026-02-04 18:57:48.887,-4095.661,59.98465347290039,0
2026-02-04 18:57:40.000,2026-02-04 18:57:50.000,2108,2026-02-04 18:57:52.983,2026-02-04 18:57:48.896,-4087.080,59.98243713378906,0
2026-02-04 18:57:40.000,2026-02-04 18:57:50.000,2423,2026-02-04 18:57:52.899,2026-02-04 18:57:48.898,-4001.736,50.03171157836914,0
2026-02-04 18:57:40.000,2026-02-04 18:57:50.000,477,2026-02-04 18:57:53.000,2026-02-04 18:57:48.905,-4094.704,59.98442077636719,0
2026-02-04 18:57:40.000,2026-02-04 18:57:50.000,2108,2026-02-04 18:57:53.000,2026-02-04 18:57:48.912,-4087.706,59.98722457885742,0
2026-02-04 18:57:40.000,2026-02-04 18:57:50.000,2423,2026-02-04 18:57:52.920,2026-02-04 18:57:48.917,-4002.685,50.031314849853516,0
2026-02-04 18:57:40.000,2026-02-04 18:57:50.000,477,2026-02-04 18:57:53.016,2026-02-04 18:57:48.921,-4094.838,59.983890533447266,0
2026-02-04 18:57:40.000,2026-02-04 18:57:50.000,2108,2026-02-04 18:57:53.016,2026-02-04 18:57:48.929,-4087.324,59.98720932006836,0
2026-02-04 18:57:40.000,2026-02-04 18:57:50.000,2423,2026-02-04 18:57:52.940,2026-02-04 18:57:48.938,-4001.572,50.032554626464844,0
2026-02-04 18:57:40.000,2026-02-04 18:57:50.000,477,2026-02-04 18:57:53.033,2026-02-04 18:57:48.938,-4094.892,59.98294448852539,0
2026-02-04 18:57:40.000,2026-02-04 18:57:50.000,2108,2026-02-04 18:57:53.033,2026-02-04 18:57:48.947,-4085.374,59.98251724243164,0
2026-02-04 18:57:40.000,2026-02-04 18:57:50.000,477,2026-02-04 18:57:53.050,2026-02-04 18:57:48.954,-4095.532,59.98290252685547,0
2026-02-04 18:57:40.000,2026-02-04 18:57:50.000,2423,2026-02-04 18:57:52.960,2026-02-04 18:57:48.958,-4001.531,50.03289031982422,0
2026-02-04 18:57:40.000,2026-02-04 18:57:50.000,2108,2026-02-04 18:57:53.050,2026-02-04 18:57:48.963,-4086.536,59.982967376708984,0
2026-02-04 18:57:40.000,2026-02-04 18:57:50.000,477,2026-02-04 18:57:53.066,2026-02-04 18:57:48.971,-4094.752,59.98365020751953,0
2026-02-04 18:57:40.000,2026-02-04 18:57:50.000,2423,2026-02-04 18:57:52.979,2026-02-04 18:57:48.978,-4001.735,50.03215026855469,0
2026-02-04 18:57:40.000,2026-02-04 18:57:50.000,2108,2026-02-04 18:57:53.066,2026-02-04 18:57:48.980,-4086.312,59.98698425292969,0
2026-02-04 18:57:40.000,2026-02-04 18:57:50.000,477,2026-02-04 18:57:53.083,2026-02-04 18:57:48.992,-4091.304,59.98374557495117,0
2026-02-04 18:57:40.000,2026-02-04 18:57:50.000,2108,2026-02-04 18:57:53.083,2026-02-04 18:57:48.995,-4087.585,59.98823165893555,0
2026-02-04 18:57:40.000,2026-02-04 18:57:50.000,2423,2026-02-04 18:57:53.000,2026-02-04 18:57:48.998,-4001.712,50.03029251098633,0
2026-02-04 18:57:40.000,2026-02-04 18:57:50.000,477,2026-02-04 18:57:53.100,2026-02-04 18:57:49.005,-4094.878,59.9835319519043,0
2026-02-04 18:57:40.000,2026-02-04 18:57:50.000,2108,2026-02-04 18:57:53.100,2026-02-04 18:57:49.012,-4087.673,59.98503875732422,0
2026-02-04 18:57:40.000,2026-02-04 18:57:50.000,2423,2026-02-04 18:57:53.020,2026-02-04 18:57:49.018,-4001.556,50.02873229980469,0
2026-02-04 18:57:40.000,2026-02-04 18:57:50.000,477,2026-02-04 18:57:53.116,2026-02-04 18:57:49.021,-4095.218,59.98299026489258,0
2026-02-04 18:57:40.000,2026-02-04 18:57:50.000,2108,2026-02-04 18:57:53.116,2026-02-04 18:57:49.028,-4087.984,59.97975540161133,0
2026-02-04 18:57:40.000,2026-02-04 18:57:50.000,2423,2026-02-04 18:57:53.040,2026-02-04 18:57:49.038,-4001.806,50.03033447265625,0
2026-02-04 18:57:40.000,2026-02-04 18:57:50.000,477,2026-02-04 18:57:53.133,2026-02-04 18:57:49.038,-4095.142,59.982669830322266,0
2026-02-04 18:57:40.000,2026-02-04 18:57:50.000,2108,2026-02-04 18:57:53.133,2026-02-04 18:57:49.046,-4087.087,59.98076248168945,0
2026-02-04 18:57:40.000,2026-02-04 18:57:50.000,477,2026-02-04 18:57:53.150,2026-02-04 18:57:49.055,-4094.918,59.983421325683594,0
2026-02-04 18:57:40.000,2026-02-04 18:57:50.000,2423,2026-02-04 18:57:53.059,2026-02-04 18:57:49.058,-4001.904,50.03144454956055,0
2026-02-04 18:57:40.000,2026-02-04 18:57:50.000,2108,2026-02-04 18:57:53.150,2026-02-04 18:57:49.062,-4087.360,59.98659133911133,0
2026-02-04 18:57:40.000,2026-02-04 18:57:50.000,477,2026-02-04 18:57:53.166,2026-02-04 18:57:49.071,-4095.432,59.984657287597656,0
2026-02-04 18:57:40.000,2026-02-04 18:57:50.000,2423,2026-02-04 18:57:53.080,2026-02-04 18:57:49.078,-4001.654,50.0301628112793,0
2026-02-04 18:57:40.000,2026-02-04 18:57:50.000,2108,2026-02-04 18:57:53.166,2026-02-04 18:57:49.079,-4087.326,59.98746109008789,0
2026-02-04 18:57:40.000,2026-02-04 18:57:50.000,477,2026-02-04 18:57:53.183,2026-02-04 18:57:49.089,-4093.367,59.98456573486328,0
2026-02-04 18:57:40.000,2026-02-04 18:57:50.000,2108,2026-02-04 18:57:53.183,2026-02-04 18:57:49.095,-4087.836,59.98262405395508,0
2026-02-04 18:57:40.000,2026-02-04 18:57:50.000,2423,2026-02-04 18:57:53.100,2026-02-04 18:57:49.098,-4001.516,50.03014373779297,0
2026-02-04 18:57:40.000,2026-02-04 18:57:50.000,477,2026-02-04 18:57:53.200,2026-02-04 18:57:49.104,-4095.266,59.983638763427734,0
2026-02-04 18:57:40.000,2026-02-04 18:57:50.000,2108,2026-02-04 18:57:53.200,2026-02-04 18:57:49.112,-4087.753,59.98189163208008,0
2026-02-04 18:57:40.000,2026-02-04 18:57:50.000,2423,2026-02-04 18:57:53.120,2026-02-04 18:57:49.118,-4001.362,50.03055191040039,0
2026-02-04 18:57:40.000,2026-02-04 18:57:50.000,477,2026-02-04 18:57:53.216,2026-02-04 18:57:49.121,-4095.025,59.98381805419922,0
2026-02-04 18:57:40.000,2026-02-04 18:57:50.000,2108,2026-02-04 18:57:53.216,2026-02-04 18:57:49.131,-4084.865,59.984291076660156,0
2026-02-04 18:57:40.000,2026-02-04 18:57:50.000,2423,2026-02-04 18:57:53.139,2026-02-04 18:57:49.138,-4001.681,50.03061294555664,0
2026-02-04 18:57:40.000,2026-02-04 18:57:50.000,477,2026-02-04 18:57:53.233,2026-02-04 18:57:49.138,-4095.017,59.98371124267578,0
2026-02-04 18:57:40.000,2026-02-04 18:57:50.000,2108,2026-02-04 18:57:53.233,2026-02-04 18:57:49.145,-4087.977,59.984161376953125,0
2026-02-04 18:57:40.000,2026-02-04 18:57:50.000,477,2026-02-04 18:57:53.250,2026-02-04 18:57:49.154,-4095.139,59.983402252197266,0
2026-02-04 18:57:40.000,2026-02-04 18:57:50.000,2423,2026-02-04 18:57:53.160,2026-02-04 18:57:49.157,-4002.141,50.03173065185547,0
2026-02-04 18:57:40.000,2026-02-04 18:57:50.000,2108,2026-02-04 18:57:53.250,2026-02-04 18:57:49.161,-4088.140,59.9835205078125,0
2026-02-04 18:57:40.000,2026-02-04 18:57:50.000,477,2026-02-04 18:57:53.266,2026-02-04 18:57:49.171,-4095.295,59.984127044677734,0
2026-02-04 18:57:40.000,2026-02-04 18:57:50.000,2423,2026-02-04 18:57:53.180,2026-02-04 18:57:49.178,-4001.412,50.03199768066406,0
2026-02-04 18:57:40.000,2026-02-04 18:57:50.000,2108,2026-02-04 18:57:53.266,2026-02-04 18:57:49.178,-4088.068,59.98342514038086,0
2026-02-04 18:57:40.000,2026-02-04 18:57:50.000,477,2026-02-04 18:57:53.283,2026-02-04 18:57:49.188,-4095.106,59.984153747558594,0
2026-02-04 18:57:40.000,2026-02-04 18:57:50.000,2108,2026-02-04 18:57:53.283,2026-02-04 18:57:49.195,-4088.003,59.98342514038086,0
2026-02-04 18:57:40.000,2026-02-04 18:57:50.000,2423,2026-02-04 18:57:53.200,2026-02-04 18:57:49.198,-4001.674,50.03166580200195,0
2026-02-04 18:57:40.000,2026-02-04 18:57:50.000,477,2026-02-04 18:57:53.299,2026-02-04 18:57:49.205,-4094.372,59.98308181762695,0
2026-02-04 18:57:40.000,2026-02-04 18:57:50.000,2108,2026-02-04 18:57:53.299,2026-02-04 18:57:49.212,-4087.371,59.98306655883789,0
2026-02-04 18:57:40.000,2026-02-04 18:57:50.000,2423,2026-02-04 18:57:53.219,2026-02-04 18:57:49.218,-4001.287,50.03192138671875,0
2026-02-04 18:57:40.000,2026-02-04 18:57:50.000,2108,2026-02-04 18:57:53.316,2026-02-04 18:57:49.228,-4087.940,59.98331832885742,0
2026-02-04 18:57:40.000,2026-02-04 18:57:50.000,2423,2026-02-04 18:57:53.240,2026-02-04 18:57:49.238,-4001.756,50.03167724609375,0
2026-02-04 18:57:40.000,2026-02-04 18:57:50.000,2108,2026-02-04 18:57:53.333,2026-02-04 18:57:49.245,-4087.989,59.98213195800781,0
2026-02-04 18:57:40.000,2026-02-04 18:57:50.000,477,2026-02-04 18:57:53.316,2026-02-04 18:57:49.252,-4064.328,59.982913970947266,0
2026-02-04 18:57:40.000,2026-02-04 18:57:50.000,477,2026-02-04 18:57:53.333,2026-02-04 18:57:49.252,-4080.992,59.98303985595703,0
2026-02-04 18:57:40.000,2026-02-04 18:57:50.000,477,2026-02-04 18:57:53.350,2026-02-04 18:57:49.254,-4095.147,59.9831657409668,0
2026-02-04 18:57:40.000,2026-02-04 18:57:50.000,2423,2026-02-04 18:57:53.260,2026-02-04 18:57:49.258,-4001.155,50.03106689453125,0
2026-02-04 18:57:40.000,2026-02-04 18:57:50.000,2108,2026-02-04 18:57:53.350,2026-02-04 18:57:49.261,-4088.146,59.98162078857422,0
2026-02-04 18:57:40.000,2026-02-04 18:57:50.000,477,2026-02-04 18:57:53.366,2026-02-04 18:57:49.271,-4095.308,59.98339080810547,0
2026-02-04 18:57:40.000,2026-02-04 18:57:50.000,2423,2026-02-04 18:57:53.280,2026-02-04 18:57:49.278,-4001.574,50.031333923339844,0
2026-02-04 18:57:40.000,2026-02-04 18:57:50.000,2108,2026-02-04 18:57:53.366,2026-02-04 18:57:49.279,-4087.248,59.98596954345703,0
2026-02-04 18:57:40.000,2026-02-04 18:57:50.000,477,2026-02-04 18:57:53.383,2026-02-04 18:57:49.288,-4094.849,59.98352813720703,0
2026-02-04 18:57:40.000,2026-02-04 18:57:50.000,2423,2026-02-04 18:57:53.299,2026-02-04 18:57:49.298,-4001.666,50.03276062011719,0
2026-02-04 18:57:40.000,2026-02-04 18:57:50.000,2108,2026-02-04 18:57:53.383,2026-02-04 18:57:49.301,-4082.009,59.98869323730469,0
2026-02-04 18:57:40.000,2026-02-04 18:57:50.000,477,2026-02-04 18:57:53.400,2026-02-04 18:57:49.304,-4095.269,59.984352111816406,0
2026-02-04 18:57:40.000,2026-02-04 18:57:50.000,2108,2026-02-04 18:57:53.400,2026-02-04 18:57:49.314,-4085.754,59.984291076660156,0
2026-02-04 18:57:40.000,2026-02-04 18:57:50.000,2423,2026-02-04 18:57:53.320,2026-02-04 18:57:49.318,-4001.697,50.033573150634766,0
2026-02-04 18:57:40.000,2026-02-04 18:57:50.000,477,2026-02-04 18:57:53.416,2026-02-04 18:57:49.321,-4095.360,59.98468780517578,0
2026-02-04 18:57:40.000,2026-02-04 18:57:50.000,2108,2026-02-04 18:57:53.416,2026-02-04 18:57:49.334,-4082.308,59.97995376586914,0
2026-02-04 18:57:40.000,2026-02-04 18:57:50.000,477,2026-02-04 18:57:53.433,2026-02-04 18:57:49.338,-4094.972,59.98368453979492,0
2026-02-04 18:57:40.000,2026-02-04 18:57:50.000,2423,2026-02-04 18:57:53.340,2026-02-04 18:57:49.338,-4001.652,50.03153610229492,0
2026-02-04 18:57:40.000,2026-02-04 18:57:50.000,2108,2026-02-04 18:57:53.433,2026-02-04 18:57:49.345,-4087.878,59.982032775878906,0
2026-02-04 18:57:40.000,2026-02-04 18:57:50.000,477,2026-02-04 18:57:53.450,2026-02-04 18:57:49.354,-4095.454,59.98291778564453,0
2026-02-04 18:57:40.000,2026-02-04 18:57:50.000,2423,2026-02-04 18:57:53.360,2026-02-04 18:57:49.357,-4002.449,50.029090881347656,0
2026-02-04 18:57:40.000,2026-02-04 18:57:50.000,2108,2026-02-04 18:57:53.450,2026-02-04 18:57:49.362,-4087.449,59.9855842590332,0
2026-02-04 18:57:40.000,2026-02-04 18:57:50.000,477,2026-02-04 18:57:53.466,2026-02-04 18:57:49.371,-4095.067,59.98337173461914,0
2026-02-04 18:57:40.000,2026-02-04 18:57:50.000,2423,2026-02-04 18:57:53.379,2026-02-04 18:57:49.379,-4000.887,50.029327392578125,0
2026-02-04 18:57:40.000,2026-02-04 18:57:50.000,2108,2026-02-04 18:57:53.466,2026-02-04 18:57:49.379,-4087.559,59.98611831665039,0
2026-02-04 18:57:40.000,2026-02-04 18:57:50.000,477,2026-02-04 18:57:53.483,2026-02-04 18:57:49.387,-4095.707,59.98432922363281,0
2026-02-04 18:57:40.000,2026-02-04 18:57:50.000,2108,2026-02-04 18:57:53.483,2026-02-04 18:57:49.396,-4086.767,59.98348617553711,0
2026-02-04 18:57:40.000,2026-02-04 18:57:50.000,2423,2026-02-04 18:57:53.400,2026-02-04 18:57:49.397,-4002.442,50.030311584472656,0
2026-02-04 18:57:40.000,2026-02-04 18:57:50.000,477,2026-02-04 18:57:53.500,2026-02-04 18:57:49.404,-4095.378,59.98466873168945,0
2026-02-04 18:57:40.000,2026-02-04 18:57:50.000,2108,2026-02-04 18:57:53.500,2026-02-04 18:57:49.411,-4088.378,59.98118591308594,0
2026-02-04 18:57:40.000,2026-02-04 18:57:50.000,2423,2026-02-04 18:57:53.420,2026-02-04 18:57:49.418,-4001.352,50.03181076049805,0
2026-02-04 18:57:40.000,2026-02-04 18:57:50.000,477,2026-02-04 18:57:53.516,2026-02-04 18:57:49.421,-4095.011,59.98349380493164,0
2026-02-04 18:57:40.000,2026-02-04 18:57:50.000,2108,2026-02-04 18:57:53.516,2026-02-04 18:57:49.429,-4087.501,59.984046936035156,0
2026-02-04 18:57:40.000,2026-02-04 18:57:50.000,2423,2026-02-04 18:57:53.440,2026-02-04 18:57:49.438,-4001.797,50.03313064575195,0
2026-02-04 18:57:40.000,2026-02-04 18:57:50.000,2108,2026-02-04 18:57:53.533,2026-02-04 18:57:49.445,-4088.076,59.986595153808594,0
2026-02-04 18:57:40.000,2026-02-04 18:57:50.000,2423,2026-02-04 18:57:53.459,2026-02-04 18:57:49.458,-4001.215,50.03168487548828,0
2026-02-04 18:57:40.000,2026-02-04 18:57:50.000,477,2026-02-04 18:57:53.533,2026-02-04 18:57:49.460,-4072.555,59.98206329345703,0
2026-02-04 18:57:40.000,2026-02-04 18:57:50.000,477,2026-02-04 18:57:53.550,2026-02-04 18:57:49.461,-4088.223,59.98225784301758,0
2026-02-04 18:57:40.000,2026-02-04 18:57:50.000,2108,2026-02-04 18:57:53.550,2026-02-04 18:57:49.461,-4088.223,59.98500442504883,0
2026-02-04 18:57:40.000,2026-02-04 18:57:50.000,477,2026-02-04 18:57:53.566,2026-02-04 18:57:49.471,-4095.383,59.98253631591797,0
2026-02-04 18:57:40.000,2026-02-04 18:57:50.000,2423,2026-02-04 18:57:53.480,2026-02-04 18:57:49.478,-4001.588,50.02967834472656,0
2026-02-04 18:57:40.000,2026-02-04 18:57:50.000,2108,2026-02-04 18:57:53.566,2026-02-04 18:57:49.479,-4087.261,59.982139587402344,0
2026-02-04 18:57:40.000,2026-02-04 18:57:50.000,477,2026-02-04 18:57:53.583,2026-02-04 18:57:49.488,-4094.842,59.98231506347656,0
2026-02-04 18:57:40.000,2026-02-04 18:57:50.000,2108,2026-02-04 18:57:53.583,2026-02-04 18:57:49.496,-4087.252,59.980491638183594,0
2026-02-04 18:57:40.000,2026-02-04 18:57:50.000,2423,2026-02-04 18:57:53.500,2026-02-04 18:57:49.498,-4001.929,50.0307731628418,0
2026-02-04 18:57:40.000,2026-02-04 18:57:50.000,477,2026-02-04 18:57:53.600,2026-02-04 18:57:49.504,-4095.410,59.983402252197266,0
2026-02-04 18:57:40.000,2026-02-04 18:57:50.000,2108,2026-02-04 18:57:53.600,2026-02-04 18:57:49.514,-4085.250,59.983734130859375,0
2026-02-04 18:57:40.000,2026-02-04 18:57:50.000,2423,2026-02-04 18:57:53.520,2026-02-04 18:57:49.518,-4001.249,50.03369903564453,0
2026-02-04 18:57:40.000,2026-02-04 18:57:50.000,477,2026-02-04 18:57:53.616,2026-02-04 18:57:49.521,-4094.914,59.984519958496094,0
2026-02-04 18:57:40.000,2026-02-04 18:57:50.000,2108,2026-02-04 18:57:53.616,2026-02-04 18:57:49.529,-4087.403,59.98952865600586,0
2026-02-04 18:57:40.000,2026-02-04 18:57:50.000,477,2026-02-04 18:57:53.633,2026-02-04 18:57:49.538,-4095.005,59.98469543457031,0
2026-02-04 18:57:40.000,2026-02-04 18:57:50.000,2423,2026-02-04 18:57:53.539,2026-02-04 18:57:49.538,-4001.669,50.03232192993164,0
2026-02-04 18:57:40.000,2026-02-04 18:57:50.000,2108,2026-02-04 18:57:53.633,2026-02-04 18:57:49.545,-4087.476,59.98894500732422,0
2026-02-04 18:57:40.000,2026-02-04 18:57:50.000,477,2026-02-04 18:57:53.650,2026-02-04 18:57:49.554,-4095.631,59.985137939453125,0
2026-02-04 18:57:40.000,2026-02-04 18:57:50.000,2423,2026-02-04 18:57:53.560,2026-02-04 18:57:49.558,-4001.630,50.03008270263672,0
2026-02-04 18:57:40.000,2026-02-04 18:57:50.000,2108,2026-02-04 18:57:53.650,2026-02-04 18:57:49.562,-4087.169,59.98326110839844,0
2026-02-04 18:57:40.000,2026-02-04 18:57:50.000,477,2026-02-04 18:57:53.666,2026-02-04 18:57:49.571,-4095.176,59.98506546020508,0
2026-02-04 18:57:40.000,2026-02-04 18:57:50.000,2423,2026-02-04 18:57:53.580,2026-02-04 18:57:49.577,-4002.446,50.0319709777832,0
2026-02-04 18:57:40.000,2026-02-04 18:57:50.000,2108,2026-02-04 18:57:53.666,2026-02-04 18:57:49.578,-4088.101,59.98199462890625,0
2026-02-04 18:57:40.000,2026-02-04 18:57:50.000,477,2026-02-04 18:57:53.683,2026-02-04 18:57:49.588,-4094.701,59.98417282104492,0
2026-02-04 18:57:40.000,2026-02-04 18:57:50.000,2108,2026-02-04 18:57:53.683,2026-02-04 18:57:49.595,-4087.376,59.98383712768555,0
2026-02-04 18:57:40.000,2026-02-04 18:57:50.000,2423,2026-02-04 18:57:53.600,2026-02-04 18:57:49.598,-4001.049,50.032440185546875,0
2026-02-04 18:57:40.000,2026-02-04 18:57:50.000,477,2026-02-04 18:57:53.699,2026-02-04 18:57:49.604,-4095.529,59.983882904052734,0
2026-02-04 18:57:40.000,2026-02-04 18:57:50.000,2108,2026-02-04 18:57:53.699,2026-02-04 18:57:49.612,-4087.523,59.98466491699219,0
2026-02-04 18:57:40.000,2026-02-04 18:57:50.000,2423,2026-02-04 18:57:53.619,2026-02-04 18:57:49.618,-4001.235,50.02995300292969,0
2026-02-04 18:57:40.000,2026-02-04 18:57:50.000,477,2026-02-04 18:57:53.716,2026-02-04 18:57:49.621,-4094.916,59.98361587524414,0
2026-02-04 18:57:40.000,2026-02-04 18:57:50.000,2108,2026-02-04 18:57:53.716,2026-02-04 18:57:49.629,-4087.405,59.98355484008789,0
2026-02-04 18:57:40.000,2026-02-04 18:57:50.000,477,2026-02-04 18:57:53.733,2026-02-04 18:57:49.637,-4095.505,59.98344039916992,0
2026-02-04 18:57:40.000,2026-02-04 18:57:50.000,2423,2026-02-04 18:57:53.640,2026-02-04 18:57:49.638,-4001.168,50.02958679199219,0
2026-02-04 18:57:40.000,2026-02-04 18:57:50.000,2108,2026-02-04 18:57:53.733,2026-02-04 18:57:49.647,-4085.995,59.98258972167969,0
2026-02-04 18:57:40.000,2026-02-04 18:57:50.000,477,2026-02-04 18:57:53.750,2026-02-04 18:57:49.654,-4095.141,59.9841423034668,0
2026-02-04 18:57:40.000,2026-02-04 18:57:50.000,2423,2026-02-04 18:57:53.660,2026-02-04 18:57:49.657,-4002.151,50.03090286254883,0
2026-02-04 18:57:40.000,2026-02-04 18:57:50.000,2108,2026-02-04 18:57:53.750,2026-02-04 18:57:49.661,-4088.143,59.98463821411133,0
2026-02-04 18:57:40.000,2026-02-04 18:57:50.000,2423,2026-02-04 18:57:53.680,2026-02-04 18:57:49.678,-4001.607,50.03030776977539,0
2026-02-04 18:57:40.000,2026-02-04 18:57:50.000,2108,2026-02-04 18:57:53.766,2026-02-04 18:57:49.679,-4087.280,59.98727035522461,0
2026-02-04 18:57:40.000,2026-02-04 18:57:50.000,477,2026-02-04 18:57:53.766,2026-02-04 18:57:49.691,-4074.723,59.984310150146484,0
2026-02-04 18:57:40.000,2026-02-04 18:57:50.000,477,2026-02-04 18:57:53.783,2026-02-04 18:57:49.691,-4091.387,59.98353958129883,0
2026-02-04 18:57:40.000,2026-02-04 18:57:50.000,2108,2026-02-04 18:57:53.783,2026-02-04 18:57:49.695,-4087.871,59.987213134765625,0
2026-02-04 18:57:40.000,2026-02-04 18:57:50.000,2423,2026-02-04 18:57:53.699,2026-02-04 18:57:49.698,-4001.524,50.02956008911133,0
2026-02-04 18:57:40.000,2026-02-04 18:57:50.000,477,2026-02-04 18:57:53.800,2026-02-04 18:57:49.705,-4094.516,59.98311996459961,0
2026-02-04 18:57:40.000,2026-02-04 18:57:50.000,2108,2026-02-04 18:57:53.800,2026-02-04 18:57:49.712,-4087.515,59.98408889770508,0
2026-02-04 18:57:40.000,2026-02-04 18:57:50.000,2423,2026-02-04 18:57:53.720,2026-02-04 18:57:49.717,-4002.001,50.03004455566406,0
2026-02-04 18:57:40.000,2026-02-04 18:57:50.000,477,2026-02-04 18:57:53.816,2026-02-04 18:57:49.722,-4094.664,59.9836540222168,0
2026-02-04 18:57:40.000,2026-02-04 18:57:50.000,2108,2026-02-04 18:57:53.816,2026-02-04 18:57:49.732,-4084.082,59.98244857788086,0
2026-02-04 18:57:40.000,2026-02-04 18:57:50.000,2423,2026-02-04 18:57:53.740,2026-02-04 18:57:49.737,-4002.401,50.03125762939453,0
2026-02-04 18:57:40.000,2026-02-04 18:57:50.000,477,2026-02-04 18:57:53.833,2026-02-04 18:57:49.738,-4094.720,59.984222412109375,0
2026-02-04 18:57:40.000,2026-02-04 18:57:50.000,2108,2026-02-04 18:57:53.833,2026-02-04 18:57:49.745,-4087.639,59.98487091064453,0
2026-02-04 18:57:40.000,2026-02-04 18:57:50.000,477,2026-02-04 18:57:53.850,2026-02-04 18:57:49.754,-4095.797,59.984100341796875,0
2026-02-04 18:57:40.000,2026-02-04 18:57:50.000,2423,2026-02-04 18:57:53.760,2026-02-04 18:57:49.758,-4001.798,50.03165817260742,0
2026-02-04 18:57:40.000,2026-02-04 18:57:50.000,2108,2026-02-04 18:57:53.850,2026-02-04 18:57:49.762,-4087.795,59.98744583129883,0
2026-02-04 18:57:40.000,2026-02-04 18:57:50.000,477,2026-02-04 18:57:53.866,2026-02-04 18:57:49.771,-4095.329,59.98417663574219,0
2026-02-04 18:57:40.000,2026-02-04 18:57:50.000,2423,2026-02-04 18:57:53.779,2026-02-04 18:57:49.777,-4002.147,50.03002166748047,0
2026-02-04 18:57:40.000,2026-02-04 18:57:50.000,2108,2026-02-04 18:57:53.866,2026-02-04 18:57:49.778,-4087.820,59.98483657836914,0
2026-02-04 18:57:40.000,2026-02-04 18:57:50.000,477,2026-02-04 18:57:53.883,2026-02-04 18:57:49.788,-4094.970,59.98502731323242,0
2026-02-04 18:57:40.000,2026-02-04 18:57:50.000,2108,2026-02-04 18:57:53.883,2026-02-04 18:57:49.795,-4087.951,59.98134994506836,0
2026-02-04 18:57:40.000,2026-02-04 18:57:50.000,2423,2026-02-04 18:57:53.800,2026-02-04 18:57:49.798,-4001.622,50.02981185913086,0
2026-02-04 18:57:40.000,2026-02-04 18:57:50.000,477,2026-02-04 18:57:53.900,2026-02-04 18:57:49.804,-4095.112,59.98552703857422,0
2026-02-04 18:57:40.000,2026-02-04 18:57:50.000,2108,2026-02-04 18:57:53.900,2026-02-04 18:57:49.811,-4088.113,59.98400115966797,0
2026-02-04 18:57:40.000,2026-02-04 18:57:50.000,2423,2026-02-04 18:57:53.820,2026-02-04 18:57:49.818,-4001.601,50.03096389770508,0
2026-02-04 18:57:40.000,2026-02-04 18:57:50.000,477,2026-02-04 18:57:53.916,2026-02-04 18:57:49.821,-4095.265,59.98493194580078,0
2026-02-04 18:57:40.000,2026-02-04 18:57:50.000,2108,2026-02-04 18:57:53.916,2026-02-04 18:57:49.829,-4087.193,59.98748779296875,0
2026-02-04 18:57:40.000,2026-02-04 18:57:50.000,2423,2026-02-04 18:57:53.840,2026-02-04 18:57:49.838,-4001.468,50.031593322753906,0
2026-02-04 18:57:40.000,2026-02-04 18:57:50.000,477,2026-02-04 18:57:53.933,2026-02-04 18:57:49.838,-4094.804,59.9838752746582,0
2026-02-04 18:57:40.000,2026-02-04 18:57:50.000,2108,2026-02-04 18:57:53.933,2026-02-04 18:57:49.845,-4087.723,59.986568450927734,0
2026-02-04 18:57:40.000,2026-02-04 18:57:50.000,477,2026-02-04 18:57:53.950,2026-02-04 18:57:49.855,-4094.876,59.98387908935547,0
2026-02-04 18:57:40.000,2026-02-04 18:57:50.000,2423,2026-02-04 18:57:53.859,2026-02-04 18:57:49.858,-4001.869,50.03251647949219,0
2026-02-04 18:57:40.000,2026-02-04 18:57:50.000,2108,2026-02-04 18:57:53.950,2026-02-04 18:57:49.862,-4087.877,59.983097076416016,0
2026-02-04 18:57:40.000,2026-02-04 18:57:50.000,2423,2026-02-04 18:57:53.880,2026-02-04 18:57:49.877,-4002.278,50.03166580200195,0
2026-02-04 18:57:40.000,2026-02-04 18:57:50.000,2108,2026-02-04 18:57:53.966,2026-02-04 18:57:49.880,-4086.444,59.98234558105469,0
2026-02-04 18:57:40.000,2026-02-04 18:57:50.000,2108,2026-02-04 18:57:53.983,2026-02-04 18:57:49.896,-4086.970,59.98521041870117,0
2026-02-04 18:57:40.000,2026-02-04 18:57:50.000,2423,2026-02-04 18:57:53.900,2026-02-04 18:57:49.898,-4001.642,50.03130340576172,0
2026-02-04 18:57:40.000,2026-02-04 18:57:50.000,477,2026-02-04 18:57:53.966,2026-02-04 18:57:49.901,-4064.798,59.98462677001953,0
2026-02-04 18:57:40.000,2026-02-04 18:57:50.000,477,2026-02-04 18:57:53.983,2026-02-04 18:57:49.903,-4079.945,59.985023498535156,0
2026-02-04 18:57:40.000,2026-02-04 18:57:50.000,477,2026-02-04 18:57:54.000,2026-02-04 18:57:49.904,-4095.601,59.985198974609375,0
2026-02-04 18:57:40.000,2026-02-04 18:57:50.000,2108,2026-02-04 18:57:54.000,2026-02-04 18:57:49.912,-4087.551,59.98790740966797,0
2026-02-04 18:57:40.000,2026-02-04 18:57:50.000,2423,2026-02-04 18:57:53.920,2026-02-04 18:57:49.917,-4002.468,50.03302764892578,0
2026-02-04 18:57:40.000,2026-02-04 18:57:50.000,477,2026-02-04 18:57:54.016,2026-02-04 18:57:49.921,-4094.911,59.98465347290039,0
2026-02-04 18:57:40.000,2026-02-04 18:57:50.000,2108,2026-02-04 18:57:54.016,2026-02-04 18:57:49.929,-4087.400,59.988224029541016,0
2026-02-04 18:57:40.000,2026-02-04 18:57:50.000,2423,2026-02-04 18:57:53.939,2026-02-04 18:57:49.937,-4002.218,50.033390045166016,0
2026-02-04 18:57:40.000,2026-02-04 18:57:50.000,477,2026-02-04 18:57:54.033,2026-02-04 18:57:49.937,-4095.554,59.98467254638672,0
2026-02-04 18:57:40.000,2026-02-04 18:57:50.000,2108,2026-02-04 18:57:54.033,2026-02-04 18:57:49.946,-4087.045,59.98452377319336,0
2026-02-04 18:57:40.000,2026-02-04 18:57:50.000,477,2026-02-04 18:57:54.050,2026-02-04 18:57:49.954,-4095.181,59.98567581176758,0
2026-02-04 18:57:40.000,2026-02-04 18:57:50.000,2423,2026-02-04 18:57:53.960,2026-02-04 18:57:49.957,-4002.181,50.03175735473633,0
2026-02-04 18:57:40.000,2026-02-04 18:57:50.000,2108,2026-02-04 18:57:54.050,2026-02-04 18:57:49.961,-4088.181,59.98316192626953,0
2026-02-04 18:57:40.000,2026-02-04 18:57:50.000,477,2026-02-04 18:57:54.066,2026-02-04 18:57:49.971,-4095.332,59.98539733886719,0
2026-02-04 18:57:40.000,2026-02-04 18:57:50.000,2423,2026-02-04 18:57:53.980,2026-02-04 18:57:49.978,-4001.536,50.02983474731445,0
2026-02-04 18:57:40.000,2026-02-04 18:57:50.000,2108,2026-02-04 18:57:54.066,2026-02-04 18:57:49.979,-4087.193,59.98539352416992,0
2026-02-04 18:57:40.000,2026-02-04 18:57:50.000,477,2026-02-04 18:57:54.083,2026-02-04 18:57:49.988,-4094.842,59.98397445678711,0
2026-02-04 18:57:40.000,2026-02-04 18:57:50.000,2108,2026-02-04 18:57:54.083,2026-02-04 18:57:49.996,-4086.814,59.98485565185547,0
2026-02-04 18:57:40.000,2026-02-04 18:57:50.000,2423,2026-02-04 18:57:54.000,2026-02-04 18:57:49.998,-4001.487,50.030094146728516,0
