window_start_utc,window_end_utc,ppa,utc_measurement,utc_arrival,delta_ms,value,flags
2026-02-04 18:58:50.000,2026-02-04 18:59:00.000,477,2026-02-04 18:58:54.099,2026-02-04 18:58:50.004,-4094.376,60.01011657714844,0
2026-02-04 18:58:50.000,2026-02-04 18:59:00.000,2108,2026-02-04 18:58:54.099,2026-02-04 18:58:50.031,-4067.835,60.011749267578125,0
2026-02-04 18:58:50.000,2026-02-04 18:59:00.000,2423,2026-02-04 18:58:54.019,2026-02-04 18:58:50.031,-3987.835,50.020179748535156,0
2026-02-04 18:58:50.000,2026-02-04 18:59:00.000,477,2026-02-04 18:58:54.116,2026-02-04 18:58:50.031,-4084.843,60.00910949707031,0
2026-02-04 18:58:50.000,2026-02-04 18:59:00.000,2108,2026-02-04 18:58:54.116,2026-02-04 18:58:50.032,-4083.333,60.00904846191406,0
2026-02-04 18:58:50.000,2026-02-04 18:59:00.000,2423,2026-02-04 18:58:54.039,2026-02-04 18:58:50.037,-4001.326,50.02210998535156,0
2026-02-04 18:58:50.000,2026-02-04 18:59:00.000,477,2026-02-04 18:58:54.133,2026-02-04 18:58:50.037,-4095.326,60.00823974609375,0
2026-02-04 18:58:50.000,2026-02-04 18:59:00.000,2108,2026-02-04 18:58:54.133,2026-02-04 18:58:50.046,-4086.981,60.005043029785156,0
2026-02-04 18:58:50.000,2026-02-04 18:59:00.000,477,2026-02-04 18:58:54.149,2026-02-04 18:58:50.054,-4094.467,60.00822448730469,0
2026-02-04 18:58:50.000,2026-02-04 18:59:00.000,2423,2026-02-04 18:58:54.059,2026-02-04 18:58:50.057,-4001.463,50.0228385925293,0
2026-02-04 18:58:50.000,2026-02-04 18:59:00.000,2108,2026-02-04 18:58:54.149,2026-02-04 18:58:50.062,-4086.466,60.006832122802734,0
2026-02-04 18:58:50.000,2026-02-04 18:59:00.000,477,2026-02-04 18:58:54.166,2026-02-04 18:58:50.071,-4094.991,60.009334564208984,0
2026-02-04 18:58:50.000,2026-02-04 18:59:00.000,2423,2026-02-04 18:58:54.079,2026-02-04 18:58:50.077,-4001.481,50.021644592285156,0
2026-02-04 18:58:50.000,2026-02-04 18:59:00.000,2108,2026-02-04 18:58:54.166,2026-02-04 18:58:50.078,-4087.479,60.01075744628906,0
2026-02-04 18:58:50.000,2026-02-04 18:59:00.000,477,2026-02-04 18:58:54.183,2026-02-04 18:58:50.088,-4094.899,60.009944915771484,0
2026-02-04 18:58:50.000,2026-02-04 18:59:00.000,2108,2026-02-04 18:58:54.183,2026-02-04 18:58:50.096,-4086.839,60.01067352294922,0
2026-02-04 18:58:50.000,2026-02-04 18:59:00.000,2423,2026-02-04 18:58:54.099,2026-02-04 18:58:50.098,-4000.832,50.023841857910156,0
2026-02-04 18:58:50.000,2026-02-04 18:59:00.000,477,2026-02-04 18:58:54.199,2026-02-04 18:58:50.105,-4093.327,60.0091438293457,0
2026-02-04 18:58:50.000,2026-02-04 18:59:00.000,2108,2026-02-04 18:58:54.199,2026-02-04 18:58:50.112,-4086.329,60.007774353027344,0
2026-02-04 18:58:50.000,2026-02-04 18:59:00.000,2423,2026-02-04 18:58:54.119,2026-02-04 18:58:50.117,-4001.295,50.0268440246582,0
2026-02-04 18:58:50.000,2026-02-04 18:59:00.000,477,2026-02-04 18:58:54.216,2026-02-04 18:58:50.121,-4094.300,60.00876235961914,0
2026-02-04 18:58:50.000,2026-02-04 18:59:00.000,2108,2026-02-04 18:58:54.216,2026-02-04 18:58:50.129,-4086.801,60.00672912597656,0
2026-02-04 18:58:50.000,2026-02-04 18:59:00.000,2423,2026-02-04 18:58:54.139,2026-02-04 18:58:50.137,-4001.284,50.02729415893555,0
2026-02-04 18:58:50.000,2026-02-04 18:59:00.000,477,2026-02-04 18:58:54.233,2026-02-04 18:58:50.138,-4094.283,60.00933074951172,0
2026-02-04 18:58:50.000,2026-02-04 18:59:00.000,2108,2026-02-04 18:58:54.233,2026-02-04 18:58:50.145,-4087.159,60.010841369628906,0
2026-02-04 18:58:50.000,2026-02-04 18:59:00.000,477,2026-02-04 18:58:54.249,2026-02-04 18:58:50.154,-4094.649,60.00898742675781,0
2026-02-04 18:58:50.000,2026-02-04 18:59:00.000,2423,2026-02-04 18:58:54.159,2026-02-04 18:58:50.157,-4001.653,50.02510452270508,0
2026-02-04 18:58:50.000,2026-02-04 18:59:00.000,2108,2026-02-04 18:58:54.249,2026-02-04 18:58:50.162,-4086.649,60.0126953125,0
2026-02-04 18:58:50.000,2026-02-04 18:59:00.000,477,2026-02-04 18:58:54.266,2026-02-04 18:58:50.170,-4095.138,60.008331298828125,0
2026-02-04 18:58:50.000,2026-02-04 18:59:00.000,2423,2026-02-04 18:58:54.179,2026-02-04 18:58:50.178,-4000.628,50.02263641357422,0
2026-02-04 18:58:50.000,2026-02-04 18:59:00.000,2108,2026-02-04 18:58:54.266,2026-02-04 18:58:50.178,-4087.628,60.010223388671875,0
2026-02-04 18:58:50.000,2026-02-04 18:59:00.000,477,2026-02-04 18:58:54.283,2026-02-04 18:58:50.187,-4095.497,60.008544921875,0
2026-02-04 18:58:50.000,2026-02-04 18:59:00.000,2108,2026-02-04 18:58:54.283,2026-02-04 18:58:50.204,-4078.528,60.00776290893555,0
2026-02-04 18:58:50.000,2026-02-04 18:59:00.000,477,2026-02-04 18:58:54.299,2026-02-04 18:58:50.205,-4093.526,60.008827209472656,0
2026-02-04 18:58:50.000,2026-02-04 18:59:00.000,2423,2026-02-04 18:58:54.199,2026-02-04 18:58:50.207,-3991.536,50.022552490234375,0
2026-02-04 18:58:50.000,2026-02-04 18:59:00.000,2108,2026-02-04 18:58:54.299,2026-02-04 18:58:50.212,-4086.528,60.0064582824707,0
2026-02-04 18:58:50.000,2026-02-04 18:59:00.000,2423,2026-02-04 18:58:54.219,2026-02-04 18:58:50.220,-3998.914,50.02326202392578,0
2026-02-04 18:58:50.000,2026-02-04 18:59:00.000,477,2026-02-04 18:58:54.316,2026-02-04 18:58:50.222,-4093.419,60.00889205932617,0
2026-02-04 18:58:50.000,2026-02-04 18:59:00.000,2108,2026-02-04 18:58:54.316,2026-02-04 18:58:50.228,-4087.410,60.00873947143555,0
2026-02-04 18:58:50.000,2026-02-04 18:59:00.000,2423,2026-02-04 18:58:54.239,2026-02-04 18:58:50.238,-4000.379,50.022274017333984,0
2026-02-04 18:58:50.000,2026-02-04 18:59:00.000,477,2026-02-04 18:58:54.333,2026-02-04 18:58:50.238,-4094.379,60.008636474609375,0
2026-02-04 18:58:50.000,2026-02-04 18:59:00.000,2108,2026-02-04 18:58:54.333,2026-02-04 18:58:50.245,-4087.929,60.0109977722168,0
2026-02-04 18:58:50.000,2026-02-04 18:59:00.000,477,2026-02-04 18:58:54.349,2026-02-04 18:58:50.254,-4094.410,60.007835388183594,0
2026-02-04 18:58:50.000,2026-02-04 18:59:00.000,2423,2026-02-04 18:58:54.259,2026-02-04 18:58:50.258,-4000.398,50.02159118652344,0
2026-02-04 18:58:50.000,2026-02-04 18:59:00.000,2108,2026-02-04 18:58:54.349,2026-02-04 18:58:50.262,-4086.409,60.00748062133789,0
2026-02-04 18:58:50.000,2026-02-04 18:59:00.000,477,2026-02-04 18:58:54.366,2026-02-04 18:58:50.270,-4095.305,60.0081787109375,0
2026-02-04 18:58:50.000,2026-02-04 18:59:00.000,2423,2026-02-04 18:58:54.279,2026-02-04 18:58:50.277,-4001.220,50.02251434326172,0
2026-02-04 18:58:50.000,2026-02-04 18:59:00.000,2108,2026-02-04 18:58:54.366,2026-02-04 18:58:50.278,-4087.219,60.00435256958008,0
2026-02-04 18:58:50.000,2026-02-04 18:59:00.000,477,2026-02-04 18:58:54.383,2026-02-04 18:58:50.287,-4095.112,60.009883880615234,0
2026-02-04 18:58:50.000,2026-02-04 18:59:00.000,2108,2026-02-04 18:58:54.383,2026-02-04 18:58:50.295,-4087.585,60.00876998901367,0
2026-02-04 18:58:50.000,2026-02-04 18:59:00.000,2423,2026-02-04 18:58:54.299,2026-02-04 18:58:50.304,-3994.503,50.021385192871094,0
2026-02-04 18:58:50.000,2026-02-04 18:59:00.000,477,2026-02-04 18:58:54.399,2026-02-04 18:58:50.304,-4094.511,60.0101203918457,0
2026-02-04 18:58:50.000,2026-02-04 18:59:00.000,2108,2026-02-04 18:58:54.399,2026-02-04 18:58:50.312,-4086.511,60.013492584228516,0
2026-02-04 18:58:50.000,2026-02-04 18:59:00.000,2423,2026-02-04 18:58:54.319,2026-02-04 18:58:50.318,-4000.664,50.02030563354492,0
2026-02-04 18:58:50.000,2026-02-04 18:59:00.000,477,2026-02-04 18:58:54.416,2026-02-04 18:58:50.321,-4094.662,60.008636474609375,0
2026-02-04 18:58:50.000,2026-02-04 18:59:00.000,2108,2026-02-04 18:58:54.416,2026-02-04 18:58:50.328,-4087.510,60.01218032836914,0
2026-02-04 18:58:50.000,2026-02-04 18:59:00.000,2423,2026-02-04 18:58:54.339,2026-02-04 18:58:50.337,-4001.147,50.022281646728516,0
2026-02-04 18:58:50.000,2026-02-04 18:59:00.000,477,2026-02-04 18:58:54.433,2026-02-04 18:58:50.337,-4095.146,60.007930755615234,0
2026-02-04 18:58:50.000,2026-02-04 18:59:00.000,2108,2026-02-04 18:58:54.433,2026-02-04 18:58:50.345,-4087.448,60.00871658325195,0
2026-02-04 18:58:50.000,2026-02-04 18:59:00.000,477,2026-02-04 18:58:54.449,2026-02-04 18:58:50.354,-4094.627,60.007904052734375,0
2026-02-04 18:58:50.000,2026-02-04 18:59:00.000,2423,2026-02-04 18:58:54.359,2026-02-04 18:58:50.357,-4001.635,50.02434158325195,0
2026-02-04 18:58:50.000,2026-02-04 18:59:00.000,2108,2026-02-04 18:58:54.449,2026-02-04 18:58:50.362,-4086.614,60.00583267211914,0
2026-02-04 18:58:50.000,2026-02-04 18:59:00.000,477,2026-02-04 18:58:54.466,2026-02-04 18:58:50.371,-4094.605,60.0079231262207,0
2026-02-04 18:58:50.000,2026-02-04 18:59:00.000,2423,2026-02-04 18:58:54.379,2026-02-04 18:58:50.381,-3997.502,50.02455139160156,0
2026-02-04 18:58:50.000,2026-02-04 18:59:00.000,2108,2026-02-04 18:58:54.466,2026-02-04 18:58:50.382,-4083.503,60.007415771484375,0
2026-02-04 18:58:50.000,2026-02-04 18:59:00.000,477,2026-02-04 18:58:54.483,2026-02-04 18:58:50.387,-4095.042,60.0086555480957,0
2026-02-04 18:58:50.000,2026-02-04 18:59:00.000,2108,2026-02-04 18:58:54.483,2026-02-04 18:58:50.395,-4087.527,60.011985778808594,0
2026-02-04 18:58:50.000,2026-02-04 18:59:00.000,2423,2026-02-04 18:58:54.399,2026-02-04 18:58:50.399,-3999.536,50.0233039855957,0
2026-02-04 18:58:50.000,2026-02-04 18:59:00.000,477,2026-02-04 18:58:54.499,2026-02-04 18:58:50.415,-4083.502,60.00946044921875,0
2026-02-04 18:58:50.000,2026-02-04 18:59:00.000,2108,2026-02-04 18:58:54.499,2026-02-04 18:58:50.415,-4083.502,60.01187515258789,0
2026-02-04 18:58:50.000,2026-02-04 18:59:00.000,2423,2026-02-04 18:58:54.419,2026-02-04 18:58:50.418,-4000.988,50.02292251586914,0
2026-02-04 18:58:50.000,2026-02-04 18:59:00.000,477,2026-02-04 18:58:54.516,2026-02-04 18:58:50.421,-4094.997,60.009796142578125,0
2026-02-04 18:58:50.000,2026-02-04 18:59:00.000,2108,2026-02-04 18:58:54.516,2026-02-04 18:58:50.428,-4087.486,60.009178161621094,0
2026-02-04 18:58:50.000,2026-02-04 18:59:00.000,2423,2026-02-04 18:58:54.439,2026-02-04 18:58:50.438,-4000.970,50.024147033691406,0
2026-02-04 18:58:50.000,2026-02-04 18:59:00.000,477,2026-02-04 18:58:54.533,2026-02-04 18:58:50.438,-4094.970,60.009849548339844,0
2026-02-04 18:58:50.000,2026-02-04 18:59:00.000,2108,2026-02-04 18:58:54.533,2026-02-04 18:58:50.445,-4087.455,60.009586334228516,0
2026-02-04 18:58:50.000,2026-02-04 18:59:00.000,477,2026-02-04 18:58:54.549,2026-02-04 18:58:50.461,-4087.845,60.00873565673828,0
2026-02-04 18:58:50.000,2026-02-04 18:59:00.000,2423,2026-02-04 18:58:54.459,2026-02-04 18:58:50.461,-3997.837,50.02458572387695,0
2026-02-04 18:58:50.000,2026-02-04 18:59:00.000,2108,2026-02-04 18:58:54.549,2026-02-04 18:58:50.462,-4086.328,60.01079177856445,0
2026-02-04 18:58:50.000,2026-02-04 18:59:00.000,477,2026-02-04 18:58:54.566,2026-02-04 18:58:50.471,-4094.317,60.007530212402344,0
2026-02-04 18:58:50.000,2026-02-04 18:59:00.000,2423,2026-02-04 18:58:54.479,2026-02-04 18:58:50.490,-3988.277,50.022979736328125,0
2026-02-04 18:58:50.000,2026-02-04 18:59:00.000,2108,2026-02-04 18:58:54.566,2026-02-04 18:58:50.491,-4074.279,60.01035690307617,0
2026-02-04 18:58:50.000,2026-02-04 18:59:00.000,477,2026-02-04 18:58:54.583,2026-02-04 18:58:50.491,-4091.279,60.00786590576172,0
2026-02-04 18:58:50.000,2026-02-04 18:59:00.000,2108,2026-02-04 18:58:54.583,2026-02-04 18:58:50.502,-4080.254,60.00728988647461,0
2026-02-04 18:58:50.000,2026-02-04 18:59:00.000,2423,2026-02-04 18:58:54.499,2026-02-04 18:58:50.502,-3996.246,50.0204963684082,0
2026-02-04 18:58:50.000,2026-02-04 18:59:00.000,477,2026-02-04 18:58:54.599,2026-02-04 18:58:50.507,-4091.239,60.00870132446289,0
2026-02-04 18:58:50.000,2026-02-04 18:59:00.000,2108,2026-02-04 18:58:54.599,2026-02-04 18:58:50.512,-4086.237,60.004364013671875,0
2026-02-04 18:58:50.000,2026-02-04 18:59:00.000,2423,2026-02-04 18:58:54.519,2026-02-04 18:58:50.522,-3996.142,50.02157974243164,0
2026-02-04 18:58:50.000,2026-02-04 18:59:00.000,2108,2026-02-04 18:58:54.616,2026-02-04 18:58:50.529,-4086.128,60.00810623168945,0
2026-02-04 18:58:50.000,2026-02-04 18:59:00.000,2423,2026-02-04 18:58:54.539,2026-02-04 18:58:50.540,-3998.038,50.024261474609375,0
2026-02-04 18:58:50.000,2026-02-04 18:59:00.000,477,2026-02-04 18:58:54.616,2026-02-04 18:58:50.544,-4071.530,60.0089111328125,0
2026-02-04 18:58:50.000,2026-02-04 18:59:00.000,477,2026-02-04 18:58:54.633,2026-02-04 18:58:50.544,-4088.522,60.00877380371094,0
2026-02-04 18:58:50.000,2026-02-04 18:59:00.000,2108,2026-02-04 18:58:54.633,2026-02-04 18:58:50.545,-4087.524,60.01364517211914,0
2026-02-04 18:58:50.000,2026-02-04 18:59:00.000,477,2026-02-04 18:58:54.649,2026-02-04 18:58:50.554,-4094.929,60.00870132446289,0
2026-02-04 18:58:50.000,2026-02-04 18:59:00.000,2423,2026-02-04 18:58:54.559,2026-02-04 18:58:50.560,-3998.584,50.022647857666016,0
2026-02-04 18:58:50.000,2026-02-04 18:59:00.000,2108,2026-02-04 18:58:54.649,2026-02-04 18:58:50.567,-4081.556,60.0141716003418,0
2026-02-04 18:58:50.000,2026-02-04 18:59:00.000,477,2026-02-04 18:58:54.666,2026-02-04 18:58:50.571,-4094.937,60.008872985839844,0
2026-02-04 18:58:50.000,2026-02-04 18:59:00.000,2423,2026-02-04 18:58:54.579,2026-02-04 18:58:50.578,-4000.424,50.02217483520508,0
2026-02-04 18:58:50.000,2026-02-04 18:59:00.000,477,2026-02-04 18:58:54.683,2026-02-04 18:58:50.588,-4094.692,60.00947570800781,0
2026-02-04 18:58:50.000,2026-02-04 18:59:00.000,2423,2026-02-04 18:58:54.599,2026-02-04 18:58:50.598,-4000.630,50.02397155761719,0
2026-02-04 18:58:50.000,2026-02-04 18:59:00.000,2108,2026-02-04 18:58:54.666,2026-02-04 18:58:50.603,-4062.301,60.009952545166016,0
2026-02-04 18:58:50.000,2026-02-04 18:59:00.000,2108,2026-02-04 18:58:54.683,2026-02-04 18:58:50.603,-4079.301,60.006080627441406,0
2026-02-04 18:58:50.000,2026-02-04 18:59:00.000,477,2026-02-04 18:58:54.699,2026-02-04 18:58:50.605,-4093.302,60.00921630859375,0
2026-02-04 18:58:50.000,2026-02-04 18:59:00.000,2108,2026-02-04 18:58:54.699,2026-02-04 18:58:50.612,-4086.303,60.007450103759766,0
2026-02-04 18:58:50.000,2026-02-04 18:59:00.000,2423,2026-02-04 18:58:54.619,2026-02-04 18:58:50.618,-4000.823,50.022499084472656,0
2026-02-04 18:58:50.000,2026-02-04 18:59:00.000,2108,2026-02-04 18:58:54.716,2026-02-04 18:58:50.628,-4087.315,60.011714935302734,0
2026-02-04 18:58:50.000,2026-02-04 18:59:00.000,2423,2026-02-04 18:58:54.639,2026-02-04 18:58:50.637,-4001.122,50.01960754394531,0
2026-02-04 18:58:50.000,2026-02-04 18:59:00.000,477,2026-02-04 18:58:54.716,2026-02-04 18:58:50.643,-4072.609,60.00859069824219,0
2026-02-04 18:58:50.000,2026-02-04 18:59:00.000,477,2026-02-04 18:58:54.733,2026-02-04 18:58:50.643,-4089.609,60.00825881958008,0
2026-02-04 18:58:50.000,2026-02-04 18:59:00.000,2108,2026-02-04 18:58:54.733,2026-02-04 18:58:50.645,-4087.611,60.01191711425781,0
2026-02-04 18:58:50.000,2026-02-04 18:59:00.000,477,2026-02-04 18:58:54.749,2026-02-04 18:58:50.654,-4094.553,60.008304595947266,0
2026-02-04 18:58:50.000,2026-02-04 18:59:00.000,2423,2026-02-04 18:58:54.659,2026-02-04 18:58:50.658,-4000.542,50.019325256347656,0
2026-02-04 18:58:50.000,2026-02-04 18:59:00.000,477,2026-02-04 18:58:54.766,2026-02-04 18:58:50.671,-4094.519,60.0093879699707,0
2026-02-04 18:58:50.000,2026-02-04 18:59:00.000,2423,2026-02-04 18:58:54.679,2026-02-04 18:58:50.677,-4001.397,50.02265167236328,0
2026-02-04 18:58:50.000,2026-02-04 18:59:00.000,477,2026-02-04 18:58:54.783,2026-02-04 18:58:50.687,-4095.367,60.01010513305664,0
2026-02-04 18:58:50.000,2026-02-04 18:59:00.000,2108,2026-02-04 18:58:54.749,2026-02-04 18:58:50.693,-4055.319,60.00859451293945,0
2026-02-04 18:58:50.000,2026-02-04 18:59:00.000,2108,2026-02-04 18:58:54.766,2026-02-04 18:58:50.693,-4072.319,60.00811767578125,0
2026-02-04 18:58:50.000,2026-02-04 18:59:00.000,2108,2026-02-04 18:58:54.783,2026-02-04 18:58:50.695,-4087.313,60.00951385498047,0
2026-02-04 18:58:50.000,2026-02-04 18:59:00.000,2423,2026-02-04 18:58:54.699,2026-02-04 18:58:50.697,-4001.305,50.02436065673828,0
2026-02-04 18:58:50.000,2026-02-04 18:59:00.000,477,2026-02-04 18:58:54.799,2026-02-04 18:58:50.704,-4094.155,60.00934982299805,0
2026-02-04 18:58:50.000,2026-02-04 18:59:00.000,2108,2026-02-04 18:58:54.799,2026-02-04 18:58:50.712,-4086.651,60.011470794677734,0
2026-02-04 18:58:50.000,2026-02-04 18:59:00.000,2423,2026-02-04 18:58:54.719,2026-02-04 18:58:50.717,-4001.137,50.02315902709961,0
2026-02-04 18:58:50.000,2026-02-04 18:59:00.000,477,2026-02-04 18:58:54.816,2026-02-04 18:58:50.721,-4094.132,60.00865936279297,0
2026-02-04 18:58:50.000,2026-02-04 18:59:00.000,2108,2026-02-04 18:58:54.816,2026-02-04 18:58:50.728,-4087.073,60.011287689208984,0
2026-02-04 18:58:50.000,2026-02-04 18:59:00.000,477,2026-02-04 18:58:54.833,2026-02-04 18:58:50.737,-4095.555,60.00904846191406,0
2026-02-04 18:58:50.000,2026-02-04 18:59:00.000,2423,2026-02-04 18:58:54.739,2026-02-04 18:58:50.738,-4000.553,50.022422790527344,0
2026-02-04 18:58:50.000,2026-02-04 18:59:00.000,2108,2026-02-04 18:58:54.833,2026-02-04 18:58:50.745,-4087.511,60.006500244140625,0
2026-02-04 18:58:50.000,2026-02-04 18:59:00.000,477,2026-02-04 18:58:54.849,2026-02-04 18:58:50.754,-4094.248,60.00970458984375,0
2026-02-04 18:58:50.000,2026-02-04 18:59:00.000,2423,2026-02-04 18:58:54.759,2026-02-04 18:58:50.757,-4001.191,50.021018981933594,0
2026-02-04 18:58:50.000,2026-02-04 18:59:00.000,2108,2026-02-04 18:58:54.849,2026-02-04 18:58:50.761,-4087.182,60.007076263427734,0
2026-02-04 18:58:50.000,2026-02-04 18:59:00.000,477,2026-02-04 18:58:54.866,2026-02-04 18:58:50.771,-4094.667,60.01019287109375,0
2026-02-04 18:58:50.000,2026-02-04 18:59:00.000,2423,2026-02-04 18:58:54.779,2026-02-04 18:58:50.778,-4000.441,50.0206184387207,0
2026-02-04 18:58:50.000,2026-02-04 18:59:00.000,2108,2026-02-04 18:58:54.866,2026-02-04 18:58:50.779,-4086.441,60.01186752319336,0
2026-02-04 18:58:50.000,2026-02-04 18:59:00.000,477,2026-02-04 18:58:54.883,2026-02-04 18:58:50.788,-4094.929,60.00965881347656,0
2026-02-04 18:58:50.000,2026-02-04 18:59:00.000,2108,2026-02-04 18:58:54.883,2026-02-04 18:58:50.796,-4086.901,60.009620666503906,0
2026-02-04 18:58:50.000,2026-02-04 18:59:00.000,2423,2026-02-04 18:58:54.799,2026-02-04 18:58:50.798,-4000.905,50.02275848388672,0
2026-02-04 18:58:50.000,2026-02-04 18:59:00.000,477,2026-02-04 18:58:54.899,2026-02-04 18:58:50.804,-4094.390,60.008697509765625,0
2026-02-04 18:58:50.000,2026-02-04 18:59:00.000,2108,2026-02-04 18:58:54.899,2026-02-04 18:58:50.812,-4086.390,60.00608444213867,0
2026-02-04 18:58:50.000,2026-02-04 18:59:00.000,2423,2026-02-04 18:58:54.819,2026-02-04 18:58:50.817,-4001.774,50.02336883544922,0
2026-02-04 18:58:50.000,2026-02-04 18:59:00.000,477,2026-02-04 18:58:54.916,2026-02-04 18:58:50.821,-4094.774,60.00898361206055,0
2026-02-04 18:58:50.000,2026-02-04 18:59:00.000,2108,2026-02-04 18:58:54.916,2026-02-04 18:58:50.828,-4087.264,60.007537841796875,0
2026-02-04 18:58:50.000,2026-02-04 18:59:00.000,477,2026-02-04 18:58:54.933,2026-02-04 18:58:50.837,-4095.041,60.00910949707031,0
2026-02-04 18:58:50.000,2026-02-04 18:59:00.000,2423,2026-02-04 18:58:54.839,2026-02-04 18:58:50.837,-4001.041,50.022884368896484,0
2026-02-04 18:58:50.000,2026-02-04 18:59:00.000,2108,2026-02-04 18:58:54.933,2026-02-04 18:58:50.845,-4087.017,60.01008224487305,0
2026-02-04 18:58:50.000,2026-02-04 18:59:00.000,477,2026-02-04 18:58:54.949,2026-02-04 18:58:50.864,-4084.424,60.00874710083008,0
2026-02-04 18:58:50.000,2026-02-04 18:59:00.000,2423,2026-02-04 18:58:54.859,2026-02-04 18:58:50.864,-3994.416,50.02265548706055,0
2026-02-04 18:58:50.000,2026-02-04 18:59:00.000,2108,2026-02-04 18:58:54.949,2026-02-04 18:58:50.865,-4083.425,60.01145553588867,0
2026-02-04 18:58:50.000,2026-02-04 18:59:00.000,477,2026-02-04 18:58:54.966,2026-02-04 18:58:50.871,-4094.423,60.008914947509766,0
2026-02-04 18:58:50.000,2026-02-04 18:59:00.000,2423,2026-02-04 18:58:54.879,2026-02-04 18:58:50.877,-4001.264,50.02238464355469,0
2026-02-04 18:58:50.000,2026-02-04 18:59:00.000,2108,2026-02-04 18:58:54.966,2026-02-04 18:58:50.878,-4087.265,60.010414123535156,0
2026-02-04 18:58:50.000,2026-02-04 18:59:00.000,477,2026-02-04 18:58:54.983,2026-02-04 18:58:50.888,-4094.757,60.009124755859375,0
2026-02-04 18:58:50.000,2026-02-04 18:59:00.000,2108,2026-02-04 18:58:54.983,2026-02-04 18:58:50.895,-4087.246,60.00700378417969,0
2026-02-04 18:58:50.000,2026-02-04 18:59:00.000,2423,2026-02-04 18:58:54.899,2026-02-04 18:58:50.897,-4001.240,50.02294921875,0
2026-02-04 18:58:50.000,2026-02-04 18:59:00.000,477,2026-02-04 18:58:54.999,2026-02-04 18:58:50.904,-4094.233,60.00933074951172,0
2026-02-04 18:58:50.000,2026-02-04 18:59:00.000,2108,2026-02-04 18:58:54.999,2026-02-04 18:58:50.911,-4087.229,60.00764083862305,0
2026-02-04 18:58:50.000,2026-02-04 18:59:00.000,2423,2026-02-04 18:58:54.919,2026-02-04 18:58:50.918,-4000.652,50.02246856689453,0
2026-02-04 18:58:50.000,2026-02-04 18:59:00.000,477,2026-02-04 18:58:55.016,2026-02-04 18:58:50.921,-4094.664,60.00947189331055,0
2026-02-04 18:58:50.000,2026-02-04 18:59:00.000,2108,2026-02-04 18:58:55.016,2026-02-04 18:58:50.928,-4087.519,60.01100158691406,0
2026-02-04 18:58:50.000,2026-02-04 18:59:00.000,2423,2026-02-04 18:58:54.939,2026-02-04 18:58:50.937,-4001.243,50.0208740234375,0
2026-02-04 18:58:50.000,2026-02-04 18:59:00.000,477,2026-02-04 18:58:55.033,2026-02-04 18:58:50.937,-4095.243,60.00890350341797,0
2026-02-04 18:58:50.000,2026-02-04 18:59:00.000,2108,2026-02-04 18:58:55.033,2026-02-04 18:58:50.946,-4086.137,60.00909423828125,0
2026-02-04 18:58:50.000,2026-02-04 18:59:00.000,477,2026-02-04 18:58:55.049,2026-02-04 18:58:50.954,-4094.623,60.00825500488281,0
2026-02-04 18:58:50.000,2026-02-04 18:59:00.000,2423,2026-02-04 18:58:54.959,2026-02-04 18:58:50.958,-4000.632,50.02068328857422,0
2026-02-04 18:58:50.000,2026-02-04 18:59:00.000,2108,2026-02-04 18:58:55.049,2026-02-04 18:58:50.962,-4086.626,60.006256103515625,0
2026-02-04 18:58:50.000,2026-02-04 18:59:00.000,477,2026-02-04 18:58:55.066,2026-02-04 18:58:50.970,-4095.353,60.008426666259766,0
2026-02-04 18:58:50.000,2026-02-04 18:59:00.000,2423,2026-02-04 18:58:54.979,2026-02-04 18:58:50.977,-4001.357,50.02252960205078,0
2026-02-04 18:58:50.000,2026-02-04 18:59:00.000,2108,2026-02-04 18:58:55.066,2026-02-04 18:58:50.978,-4087.357,60.0081787109375,0
2026-02-04 18:58:50.000,2026-02-04 18:59:00.000,477,2026-02-04 18:58:55.083,2026-02-04 18:58:50.988,-4094.909,60.0086669921875,0
2026-02-04 18:58:50.000,2026-02-04 18:59:00.000,2108,2026-02-04 18:58:55.083,2026-02-04 18:58:50.995,-4087.879,60.01132583618164,0
2026-02-04 18:58:50.000,2026-02-04 18:59:00.000,2423,2026-02-04 18:58:54.999,2026-02-04 18:58:50.998,-4000.889,50.02241134643555,0
2026-02-04 18:58:50.000,2026-02-04 18:59:00.000,477,2026-02-04 18:58:55.099,2026-02-04 18:58:51.004,-4094.371,60.008766174316406,0
2026-02-04 18:58:50.000,2026-02-04 18:59:00.000,2108,2026-02-04 18:58:55.099,2026-02-04 18:58:51.011,-4087.792,60.01225662231445,0
2026-02-04 18:58:50.000,2026-02-04 18:59:00.000,2423,2026-02-04 18:58:55.019,2026-02-04 18:58:51.018,-4000.768,50.02037048339844,0
2026-02-04 18:58:50.000,2026-02-04 18:59:00.000,477,2026-02-04 18:58:55.116,2026-02-04 18:58:51.021,-4094.777,60.0091667175293,0
2026-02-04 18:58:50.000,2026-02-04 18:59:00.000,2108,2026-02-04 18:58:55.116,2026-02-04 18:58:51.028,-4087.643,60.01034164428711,0
2026-02-04 18:58:50.000,2026-02-04 18:59:00.000,2423,2026-02-04 18:58:55.039,2026-02-04 18:58:51.037,-4001.565,50.02104949951172,0
2026-02-04 18:58:50.000,2026-02-04 18:59:00.000,477,2026-02-04 18:58:55.133,2026-02-04 18:58:51.038,-4094.564,60.00932312011719,0
2026-02-04 18:58:50.000,2026-02-04 18:59:00.000,2108,2026-02-04 18:58:55.133,2026-02-04 18:58:51.045,-4087.516,60.006778717041016,0
2026-02-04 18:58:50.000,2026-02-04 18:59:00.000,477,2026-02-04 18:58:55.149,2026-02-04 18:58:51.054,-4094.273,60.00910568237305,0
2026-02-04 18:58:50.000,2026-02-04 18:59:00.000,2423,2026-02-04 18:58:55.059,2026-02-04 18:58:51.057,-4001.267,50.02251434326172,0
2026-02-04 18:58:50.000,2026-02-04 18:59:00.000,2108,2026-02-04 18:58:55.149,2026-02-04 18:58:51.062,-4086.274,60.00782012939453,0
2026-02-04 18:58:50.000,2026-02-04 18:59:00.000,477,2026-02-04 18:58:55.166,2026-02-04 18:58:51.072,-4093.256,60.00907897949219,0
2026-02-04 18:58:50.000,2026-02-04 18:59:00.000,2423,2026-02-04 18:58:55.079,2026-02-04 18:58:51.077,-4001.243,50.02186965942383,0
2026-02-04 18:58:50.000,2026-02-04 18:59:00.000,2108,2026-02-04 18:58:55.166,2026-02-04 18:58:51.078,-4087.244,60.01128005981445,0
2026-02-04 18:58:50.000,2026-02-04 18:59:00.000,477,2026-02-04 18:58:55.183,2026-02-04 18:58:51.087,-4095.302,60.009002685546875,0
2026-02-04 18:58:50.000,2026-02-04 18:59:00.000,2108,2026-02-04 18:58:55.183,2026-02-04 18:58:51.095,-4087.271,60.011173248291016,0
2026-02-04 18:58:50.000,2026-02-04 18:59:00.000,2423,2026-02-04 18:58:55.099,2026-02-04 18:58:51.097,-4001.263,50.02107238769531,0
2026-02-04 18:58:50.000,2026-02-04 18:59:00.000,477,2026-02-04 18:58:55.199,2026-02-04 18:58:51.104,-4094.194,60.009342193603516,0
2026-02-04 18:58:50.000,2026-02-04 18:59:00.000,2108,2026-02-04 18:58:55.199,2026-02-04 18:58:51.111,-4087.194,60.00873947143555,0
2026-02-04 18:58:50.000,2026-02-04 18:59:00.000,2423,2026-02-04 18:58:55.119,2026-02-04 18:58:51.117,-4001.282,50.02112579345703,0
2026-02-04 18:58:50.000,2026-02-04 18:59:00.000,477,2026-02-04 18:58:55.216,2026-02-04 18:58:51.121,-4094.281,60.0097770690918,0
2026-02-04 18:58:50.000,2026-02-04 18:59:00.000,2108,2026-02-04 18:58:55.216,2026-02-04 18:58:51.129,-4086.710,60.00349807739258,0
2026-02-04 18:58:50.000,2026-02-04 18:59:00.000,477,2026-02-04 18:58:55.233,2026-02-04 18:58:51.137,-4095.186,60.009098052978516,0
2026-02-04 18:58:50.000,2026-02-04 18:59:00.000,2423,2026-02-04 18:58:55.139,2026-02-04 18:58:51.137,-4001.186,50.02177810668945,0
2026-02-04 18:58:50.000,2026-02-04 18:59:00.000,2108,2026-02-04 18:58:55.233,2026-02-04 18:58:51.145,-4087.667,60.002777099609375,0
2026-02-04 18:58:50.000,2026-02-04 18:59:00.000,477,2026-02-04 18:58:55.249,2026-02-04 18:58:51.154,-4094.646,60.00872802734375,0
2026-02-04 18:58:50.000,2026-02-04 18:59:00.000,2423,2026-02-04 18:58:55.159,2026-02-04 18:58:51.157,-4001.654,50.02422332763672,0
2026-02-04 18:58:50.000,2026-02-04 18:59:00.000,2108,2026-02-04 18:58:55.249,2026-02-04 18:58:51.162,-4086.644,60.01071548461914,0
2026-02-04 18:58:50.000,2026-02-04 18:59:00.000,477,2026-02-04 18:58:55.266,2026-02-04 18:58:51.171,-4094.608,60.009246826171875,0
2026-02-04 18:58:50.000,2026-02-04 18:59:00.000,2423,2026-02-04 18:58:55.179,2026-02-04 18:58:51.177,-4001.448,50.02376937866211,0
2026-02-04 18:58:50.000,2026-02-04 18:59:00.000,2108,2026-02-04 18:58:55.266,2026-02-04 18:58:51.178,-4087.447,60.014068603515625,0
2026-02-04 18:58:50.000,2026-02-04 18:59:00.000,477,2026-02-04 18:58:55.283,2026-02-04 18:58:51.187,-4095.397,60.008907318115234,0
2026-02-04 18:58:50.000,2026-02-04 18:59:00.000,2108,2026-02-04 18:58:55.283,2026-02-04 18:58:51.195,-4087.093,60.007320404052734,0
2026-02-04 18:58:50.000,2026-02-04 18:59:00.000,2423,2026-02-04 18:58:55.199,2026-02-04 18:58:51.198,-4000.102,50.01932144165039,0
2026-02-04 18:58:50.000,2026-02-04 18:59:00.000,477,2026-02-04 18:58:55.299,2026-02-04 18:58:51.204,-4094.581,60.00811767578125,0
2026-02-04 18:58:50.000,2026-02-04 18:59:00.000,2108,2026-02-04 18:58:55.299,2026-02-04 18:58:51.212,-4086.582,60.00395965576172,0
2026-02-04 18:58:50.000,2026-02-04 18:59:00.000,2423,2026-02-04 18:58:55.219,2026-02-04 18:58:51.217,-4001.516,50.019676208496094,0
2026-02-04 18:58:50.000,2026-02-04 18:59:00.000,477,2026-02-04 18:58:55.316,2026-02-04 18:58:51.223,-4092.967,60.008602142333984,0
2026-02-04 18:58:50.000,2026-02-04 18:59:00.000,2108,2026-02-04 18:58:55.316,2026-02-04 18:58:51.229,-4086.910,60.00869369506836,0
2026-02-04 18:58:50.000,2026-02-04 18:59:00.000,477,2026-02-04 18:58:55.333,2026-02-04 18:58:51.238,-4094.888,60.00930404663086,0
2026-02-04 18:58:50.000,2026-02-04 18:59:00.000,2423,2026-02-04 18:58:55.239,2026-02-04 18:58:51.238,-4000.889,50.02360534667969,0
2026-02-04 18:58:50.000,2026-02-04 18:59:00.000,2108,2026-02-04 18:58:55.333,2026-02-04 18:58:51.245,-4087.442,60.009986877441406,0
2026-02-04 18:58:50.000,2026-02-04 18:59:00.000,477,2026-02-04 18:58:55.349,2026-02-04 18:58:51.254,-4094.375,60.00954818725586,0
2026-02-04 18:58:50.000,2026-02-04 18:59:00.000,2423,2026-02-04 18:58:55.259,2026-02-04 18:58:51.257,-4001.195,50.0234489440918,0
2026-02-04 18:58:50.000,2026-02-04 18:59:00.000,2108,2026-02-04 18:58:55.349,2026-02-04 18:58:51.262,-4086.550,60.00918197631836,0
2026-02-04 18:58:50.000,2026-02-04 18:59:00.000,477,2026-02-04 18:58:55.366,2026-02-04 18:58:51.271,-4094.908,60.009281158447266,0
2026-02-04 18:58:50.000,2026-02-04 18:59:00.000,2423,2026-02-04 18:58:55.279,2026-02-04 18:58:51.278,-4000.882,50.01963806152344,0
2026-02-04 18:58:50.000,2026-02-04 18:59:00.000,2108,2026-02-04 18:58:55.366,2026-02-04 18:58:51.279,-4086.882,60.009010314941406,0
2026-02-04 18:58:50.000,2026-02-04 18:59:00.000,477,2026-02-04 18:58:55.383,2026-02-04 18:58:51.288,-4094.820,60.00836944580078,0
2026-02-04 18:58:50.000,2026-02-04 18:59:00.000,2108,2026-02-04 18:58:55.383,2026-02-04 18:58:51.295,-4087.058,60.00922775268555,0
2026-02-04 18:58:50.000,2026-02-04 18:59:00.000,2423,2026-02-04 18:58:55.299,2026-02-04 18:58:51.297,-4001.514,50.01945114135742,0
2026-02-04 18:58:50.000,2026-02-04 18:59:00.000,477,2026-02-04 18:58:55.399,2026-02-04 18:58:51.309,-4089.337,60.00856399536133,0
2026-02-04 18:58:50.000,2026-02-04 18:59:00.000,2108,2026-02-04 18:58:55.399,2026-02-04 18:58:51.312,-4086.239,60.010990142822266,0
2026-02-04 18:58:50.000,2026-02-04 18:59:00.000,2423,2026-02-04 18:58:55.319,2026-02-04 18:58:51.317,-4001.230,50.022361755371094,0
2026-02-04 18:58:50.000,2026-02-04 18:59:00.000,477,2026-02-04 18:58:55.416,2026-02-04 18:58:51.320,-4095.182,60.00980758666992,0
2026-02-04 18:58:50.000,2026-02-04 18:59:00.000,2108,2026-02-04 18:58:55.416,2026-02-04 18:58:51.328,-4087.668,60.00895690917969,0
2026-02-04 18:58:50.000,2026-02-04 18:59:00.000,477,2026-02-04 18:58:55.433,2026-02-04 18:58:51.337,-4095.611,60.00981521606445,0
2026-02-04 18:58:50.000,2026-02-04 18:59:00.000,2423,2026-02-04 18:58:55.339,2026-02-04 18:58:51.338,-4000.610,50.023353576660156,0
2026-02-04 18:58:50.000,2026-02-04 18:59:00.000,2108,2026-02-04 18:58:55.433,2026-02-04 18:58:51.345,-4087.546,60.00590133666992,0
2026-02-04 18:58:50.000,2026-02-04 18:59:00.000,477,2026-02-04 18:58:55.449,2026-02-04 18:58:51.354,-4094.034,60.00853729248047,0
2026-02-04 18:58:50.000,2026-02-04 18:59:00.000,2423,2026-02-04 18:58:55.359,2026-02-04 18:58:51.357,-4001.044,50.02306365966797,0
2026-02-04 18:58:50.000,2026-02-04 18:59:00.000,2108,2026-02-04 18:58:55.449,2026-02-04 18:58:51.362,-4086.525,60.006832122802734,0
2026-02-04 18:58:50.000,2026-02-04 18:59:00.000,477,2026-02-04 18:58:55.466,2026-02-04 18:58:51.371,-4094.518,60.00871276855469,0
2026-02-04 18:58:50.000,2026-02-04 18:59:00.000,2423,2026-02-04 18:58:55.379,2026-02-04 18:58:51.377,-4001.545,50.021080017089844,0
2026-02-04 18:58:50.000,2026-02-04 18:59:00.000,2108,2026-02-04 18:58:55.466,2026-02-04 18:58:51.378,-4087.542,60.010154724121094,0
2026-02-04 18:58:50.000,2026-02-04 18:59:00.000,477,2026-02-04 18:58:55.483,2026-02-04 18:58:51.388,-4094.997,60.00965118408203,0
2026-02-04 18:58:50.000,2026-02-04 18:59:00.000,2108,2026-02-04 18:58:55.483,2026-02-04 18:58:51.395,-4087.486,60.01148986816406,0
2026-02-04 18:58:50.000,2026-02-04 18:59:00.000,2423,2026-02-04 18:58:55.399,2026-02-04 18:58:51.397,-4001.415,50.019874572753906,0
2026-02-04 18:58:50.000,2026-02-04 18:59:00.000,477,2026-02-04 18:58:55.499,2026-02-04 18:58:51.404,-4094.259,60.00952911376953,0
2026-02-04 18:58:50.000,2026-02-04 18:59:00.000,2108,2026-02-04 18:58:55.499,2026-02-04 18:58:51.411,-4087.259,60.010128021240234,0
2026-02-04 18:58:50.000,2026-02-04 18:59:00.000,2423,2026-02-04 18:58:55.419,2026-02-04 18:58:51.418,-4000.236,50.021549224853516,0
2026-02-04 18:58:50.000,2026-02-04 18:59:00.000,477,2026-02-04 18:58:55.516,2026-02-04 18:58:51.421,-4094.246,60.00905990600586,0
2026-02-04 18:58:50.000,2026-02-04 18:59:00.000,2108,2026-02-04 18:58:55.516,2026-02-04 18:58:51.429,-4086.733,60.00476837158203,0
2026-02-04 18:58:50.000,2026-02-04 18:59:00.000,2423,2026-02-04 18:58:55.439,2026-02-04 18:58:51.438,-4000.223,50.02167892456055,0
2026-02-04 18:58:50.000,2026-02-04 18:59:00.000,477,2026-02-04 18:58:55.533,2026-02-04 18:58:51.438,-4094.223,60.00846481323242,0
2026-02-04 18:58:50.000,2026-02-04 18:59:00.000,2108,2026-02-04 18:58:55.533,2026-02-04 18:58:51.445,-4087.763,60.00262451171875,0
2026-02-04 18:58:50.000,2026-02-04 18:59:00.000,477,2026-02-04 18:58:55.549,2026-02-04 18:58:51.454,-4094.245,60.00845718383789,0
2026-02-04 18:58:50.000,2026-02-04 18:59:00.000,2423,2026-02-04 18:58:55.459,2026-02-04 18:58:51.457,-4001.234,50.02061080932617,0
2026-02-04 18:58:50.000,2026-02-04 18:59:00.000,2108,2026-02-04 18:58:55.549,2026-02-04 18:58:51.462,-4086.244,60.01064682006836,0
2026-02-04 18:58:50.000,2026-02-04 18:59:00.000,477,2026-02-04 18:58:55.566,2026-02-04 18:58:51.470,-4095.147,60.0090446472168,0
2026-02-04 18:58:50.000,2026-02-04 18:59:00.000,2423,2026-02-04 18:58:55.479,2026-02-04 18:58:51.477,-4001.636,50.02144241333008,0
2026-02-04 18:58:50.000,2026-02-04 18:59:00.000,2108,2026-02-04 18:58:55.566,2026-02-04 18:58:51.479,-4086.635,60.01476287841797,0
2026-02-04 18:58:50.000,2026-02-04 18:59:00.000,477,2026-02-04 18:58:55.583,2026-02-04 18:58:51.487,-4095.550,60.008934020996094,0
2026-02-04 18:58:50.000,2026-02-04 18:59:00.000,2108,2026-02-04 18:58:55.583,2026-02-04 18:58:51.495,-4087.790,60.00926971435547,0
2026-02-04 18:58:50.000,2026-02-04 18:59:00.000,2423,2026-02-04 18:58:55.499,2026-02-04 18:58:51.498,-4000.782,50.02253723144531,0
2026-02-04 18:58:50.000,2026-02-04 18:59:00.000,477,2026-02-04 18:58:55.599,2026-02-04 18:58:51.504,-4094.280,60.00843811035156,0
2026-02-04 18:58:50.000,2026-02-04 18:59:00.000,2108,2026-02-04 18:58:55.599,2026-02-04 18:58:51.512,-4086.281,60.00533676147461,0
2026-02-04 18:58:50.000,2026-02-04 18:59:00.000,2423,2026-02-04 18:58:55.519,2026-02-04 18:58:51.517,-4001.411,50.022117614746094,0
2026-02-04 18:58:50.000,2026-02-04 18:59:00.000,2108,2026-02-04 18:58:55.616,2026-02-04 18:58:51.528,-4087.338,60.008506774902344,0
2026-02-04 18:58:50.000,2026-02-04 18:59:00.000,2423,2026-02-04 18:58:55.539,2026-02-04 18:58:51.538,-4000.820,50.021934509277344,0
2026-02-04 18:58:50.000,2026-02-04 18:59:00.000,2108,2026-02-04 18:58:55.633,2026-02-04 18:58:51.545,-4087.302,60.0117073059082,0
2026-02-04 18:58:50.000,2026-02-04 18:59:00.000,477,2026-02-04 18:58:55.616,2026-02-04 18:58:51.553,-4062.215,60.008914947509766,0
2026-02-04 18:58:50.000,2026-02-04 18:59:00.000,477,2026-02-04 18:58:55.633,2026-02-04 18:58:51.554,-4078.207,60.00909423828125,0
2026-02-04 18:58:50.000,2026-02-04 18:59:00.000,2423,2026-02-04 18:58:55.559,2026-02-04 18:58:51.559,-3999.712,50.0233154296875,0
2026-02-04 18:58:50.000,2026-02-04 18:59:00.000,477,2026-02-04 18:58:55.649,2026-02-04 18:58:51.559,-4089.704,60.008792877197266,0
2026-02-04 18:58:50.000,2026-02-04 18:59:00.000,2108,2026-02-04 18:58:55.649,2026-02-04 18:58:51.561,-4087.698,60.01054000854492,0
2026-02-04 18:58:50.000,2026-02-04 18:59:00.000,477,2026-02-04 18:58:55.666,2026-02-04 18:58:51.571,-4094.670,60.00912094116211,0
2026-02-04 18:58:50.000,2026-02-04 18:59:00.000,2423,2026-02-04 18:58:55.579,2026-02-04 18:58:51.577,-4001.039,50.022071838378906,0
2026-02-04 18:58:50.000,2026-02-04 18:59:00.000,2108,2026-02-04 18:58:55.666,2026-02-04 18:58:51.578,-4087.038,60.00682067871094,0
2026-02-04 18:58:50.000,2026-02-04 18:59:00.000,477,2026-02-04 18:58:55.683,2026-02-04 18:58:51.587,-4095.520,60.009063720703125,0
2026-02-04 18:58:50.000,2026-02-04 18:59:00.000,2423,2026-02-04 18:58:55.599,2026-02-04 18:58:51.597,-4001.201,50.0190315246582,0
2026-02-04 18:58:50.000,2026-02-04 18:59:00.000,477,2026-02-04 18:58:55.699,2026-02-04 18:58:51.603,-4095.039,60.00876998901367,0
2026-02-04 18:58:50.000,2026-02-04 18:59:00.000,2108,2026-02-04 18:58:55.683,2026-02-04 18:58:51.613,-4069.527,60.00425720214844,0
2026-02-04 18:58:50.000,2026-02-04 18:59:00.000,2108,2026-02-04 18:58:55.699,2026-02-04 18:58:51.613,-4085.527,60.007591247558594,0
2026-02-04 18:58:50.000,2026-02-04 18:59:00.000,2423,2026-02-04 18:58:55.619,2026-02-04 18:58:51.617,-4001.522,50.019832611083984,0
2026-02-04 18:58:50.000,2026-02-04 18:59:00.000,2108,2026-02-04 18:58:55.716,2026-02-04 18:58:51.629,-4086.925,60.01258850097656,0
2026-02-04 18:58:50.000,2026-02-04 18:59:00.000,2423,2026-02-04 18:58:55.639,2026-02-04 18:58:51.637,-4001.406,50.02201461791992,0
2026-02-04 18:58:50.000,2026-02-04 18:59:00.000,2108,2026-02-04 18:58:55.733,2026-02-04 18:58:51.645,-4087.232,60.01346969604492,0
2026-02-04 18:58:50.000,2026-02-04 18:59:00.000,477,2026-02-04 18:58:55.716,2026-02-04 18:58:51.654,-4061.578,60.00925064086914,0
2026-02-04 18:58:50.000,2026-02-04 18:59:00.000,477,2026-02-04 18:58:55.733,2026-02-04 18:58:51.654,-4078.578,60.00934982299805,0
2026-02-04 18:58:50.000,2026-02-04 18:59:00.000,2423,2026-02-04 18:58:55.659,2026-02-04 18:58:51.658,-4000.567,50.02188491821289,0
2026-02-04 18:58:50.000,2026-02-04 18:59:00.000,477,2026-02-04 18:58:55.749,2026-02-04 18:58:51.658,-4090.575,60.00894546508789,0
2026-02-04 18:58:50.000,2026-02-04 18:59:00.000,2108,2026-02-04 18:58:55.749,2026-02-04 18:58:51.662,-4086.576,60.008060455322266,0
2026-02-04 18:58:50.000,2026-02-04 18:59:00.000,477,2026-02-04 18:58:55.766,2026-02-04 18:58:51.671,-4094.526,60.008567810058594,0
2026-02-04 18:58:50.000,2026-02-04 18:59:00.000,2423,2026-02-04 18:58:55.679,2026-02-04 18:58:51.679,-3999.714,50.021148681640625,0
2026-02-04 18:58:50.000,2026-02-04 18:59:00.000,477,2026-02-04 18:58:55.783,2026-02-04 18:58:51.687,-4095.635,60.00836944580078,0
2026-02-04 18:58:50.000,2026-02-04 18:59:00.000,2423,2026-02-04 18:58:55.699,2026-02-04 18:58:51.697,-4001.115,50.02252197265625,0
2026-02-04 18:58:50.000,2026-02-04 18:59:00.000,2108,2026-02-04 18:58:55.766,2026-02-04 18:58:51.703,-4062.614,60.00295639038086,0
2026-02-04 18:58:50.000,2026-02-04 18:59:00.000,2108,2026-02-04 18:58:55.783,2026-02-04 18:58:51.703,-4079.614,60.006473541259766,0
2026-02-04 18:58:50.000,2026-02-04 18:59:00.000,477,2026-02-04 18:58:55.799,2026-02-04 18:58:51.704,-4094.612,60.00861358642578,0
2026-02-04 18:58:50.000,2026-02-04 18:59:00.000,2108,2026-02-04 18:58:55.799,2026-02-04 18:58:51.716,-4082.487,60.01034927368164,0
2026-02-04 18:58:50.000,2026-02-04 18:59:00.000,2423,2026-02-04 18:58:55.719,2026-02-04 18:58:51.718,-4000.983,50.02317810058594,0
2026-02-04 18:58:50.000,2026-02-04 18:59:00.000,477,2026-02-04 18:58:55.816,2026-02-04 18:58:51.721,-4094.976,60.00908279418945,0
2026-02-04 18:58:50.000,2026-02-04 18:59:00.000,2108,2026-02-04 18:58:55.816,2026-02-04 18:58:51.728,-4087.466,60.007930755615234,0
2026-02-04 18:58:50.000,2026-02-04 18:59:00.000,2423,2026-02-04 18:58:55.739,2026-02-04 18:58:51.737,-4001.037,50.022552490234375,0
2026-02-04 18:58:50.000,2026-02-04 18:59:00.000,477,2026-02-04 18:58:55.833,2026-02-04 18:58:51.737,-4095.037,60.00920486450195,0
2026-02-04 18:58:50.000,2026-02-04 18:59:00.000,2108,2026-02-04 18:58:55.833,2026-02-04 18:58:51.745,-4087.521,60.00656509399414,0
2026-02-04 18:58:50.000,2026-02-04 18:59:00.000,477,2026-02-04 18:58:55.849,2026-02-04 18:58:51.754,-4094.012,60.00862503051758,0
2026-02-04 18:58:50.000,2026-02-04 18:59:00.000,2423,2026-02-04 18:58:55.759,2026-02-04 18:58:51.757,-4001.018,50.021728515625,0
2026-02-04 18:58:50.000,2026-02-04 18:59:00.000,2108,2026-02-04 18:58:55.849,2026-02-04 18:58:51.762,-4086.503,60.008697509765625,0
2026-02-04 18:58:50.000,2026-02-04 18:59:00.000,477,2026-02-04 18:58:55.866,2026-02-04 18:58:51.771,-4094.494,60.00797653198242,0
2026-02-04 18:58:50.000,2026-02-04 18:59:00.000,2423,2026-02-04 18:58:55.779,2026-02-04 18:58:51.777,-4001.184,50.019962310791016,0
2026-02-04 18:58:50.000,2026-02-04 18:59:00.000,2108,2026-02-04 18:58:55.866,2026-02-04 18:58:51.779,-4086.185,60.008644104003906,0
2026-02-04 18:58:50.000,2026-02-04 18:59:00.000,477,2026-02-04 18:58:55.883,2026-02-04 18:58:51.787,-4095.669,60.00813674926758,0
2026-02-04 18:58:50.000,2026-02-04 18:59:00.000,2108,2026-02-04 18:58:55.883,2026-02-04 18:58:51.795,-4087.161,60.00961685180664,0
2026-02-04 18:58:50.000,2026-02-04 18:59:00.000,2423,2026-02-04 18:58:55.799,2026-02-04 18:58:51.797,-4001.165,50.02021789550781,0
2026-02-04 18:58:50.000,2026-02-04 18:59:00.000,477,2026-02-04 18:58:55.899,2026-02-04 18:58:51.804,-4094.704,60.0086555480957,0
2026-02-04 18:58:50.000,2026-02-04 18:59:00.000,2108,2026-02-04 18:58:55.899,2026-02-04 18:58:51.812,-4086.578,60.01073455810547,0
2026-02-04 18:58:50.000,2026-02-04 18:59:00.000,2423,2026-02-04 18:58:55.819,2026-02-04 18:58:51.818,-4000.557,50.02134704589844,0
2026-02-04 18:58:50.000,2026-02-04 18:59:00.000,477,2026-02-04 18:58:55.916,2026-02-04 18:58:51.821,-4094.563,60.00907516479492,0
2026-02-04 18:58:50.000,2026-02-04 18:59:00.000,2108,2026-02-04 18:58:55.916,2026-02-04 18:58:51.828,-4087.466,60.00718307495117,0
2026-02-04 18:58:50.000,2026-02-04 18:59:00.000,477,2026-02-04 18:58:55.933,2026-02-04 18:58:51.837,-4095.440,60.00870895385742,0
2026-02-04 18:58:50.000,2026-02-04 18:59:00.000,2423,2026-02-04 18:58:55.839,2026-02-04 18:58:51.837,-4001.440,50.02076721191406,0
2026-02-04 18:58:50.000,2026-02-04 18:59:00.000,2108,2026-02-04 18:58:55.933,2026-02-04 18:58:51.845,-4087.418,60.006622314453125,0
2026-02-04 18:58:50.000,2026-02-04 18:59:00.000,477,2026-02-04 18:58:55.949,2026-02-04 18:58:51.854,-4094.354,60.00874710083008,0
2026-02-04 18:58:50.000,2026-02-04 18:59:00.000,2423,2026-02-04 18:58:55.859,2026-02-04 18:58:51.857,-4001.344,50.02004623413086,0
2026-02-04 18:58:50.000,2026-02-04 18:59:00.000,2108,2026-02-04 18:58:55.949,2026-02-04 18:58:51.862,-4086.356,60.00993728637695,0
2026-02-04 18:58:50.000,2026-02-04 18:59:00.000,477,2026-02-04 18:58:55.966,2026-02-04 18:58:51.870,-4095.022,60.00970458984375,0
2026-02-04 18:58:50.000,2026-02-04 18:59:00.000,2423,2026-02-04 18:58:55.879,2026-02-04 18:58:51.877,-4001.512,50.0205192565918,0
2026-02-04 18:58:50.000,2026-02-04 18:59:00.000,2108,2026-02-04 18:58:55.966,2026-02-04 18:58:51.878,-4087.512,60.01007080078125,0
2026-02-04 18:58:50.000,2026-02-04 18:59:00.000,477,2026-02-04 18:58:55.983,2026-02-04 18:58:51.887,-4095.294,60.00943374633789,0
2026-02-04 18:58:50.000,2026-02-04 18:59:00.000,2108,2026-02-04 18:58:55.983,2026-02-04 18:58:51.895,-4087.120,60.0071907043457,0
2026-02-04 18:58:50.000,2026-02-04 18:59:00.000,2423,2026-02-04 18:58:55.899,2026-02-04 18:58:51.897,-4001.113,50.02120590209961,0
2026-02-04 18:58:50.000,2026-02-04 18:59:00.000,477,2026-02-04 18:58:55.999,2026-02-04 18:58:51.904,-4094.606,60.00862121582031,0
2026-02-04 18:58:50.000,2026-02-04 18:59:00.000,2108,2026-02-04 18:58:55.999,2026-02-04 18:58:51.912,-4086.606,60.007293701171875,0
2026-02-04 18:58:50.000,2026-02-04 18:59:00.000,2423,2026-02-04 18:58:55.919,2026-02-04 18:58:51.917,-4001.267,50.02002716064453,0
2026-02-04 18:58:50.000,2026-02-04 18:59:00.000,477,2026-02-04 18:58:56.016,2026-02-04 18:58:51.921,-4094.261,60.00835418701172,0
2026-02-04 18:58:50.000,2026-02-04 18:59:00.000,2108,2026-02-04 18:58:56.016,2026-02-04 18:58:51.929,-4086.605,60.010101318359375,0
2026-02-04 18:58:50.000,2026-02-04 18:59:00.000,2423,2026-02-04 18:58:55.939,2026-02-04 18:58:51.937,-4001.123,50.01873016357422,0
2026-02-04 18:58:50.000,2026-02-04 18:59:00.000,477,2026-02-04 18:58:56.033,2026-02-04 18:58:51.938,-4094.126,60.0084114074707,0
2026-02-04 18:58:50.000,2026-02-04 18:59:00.000,2108,2026-02-04 18:58:56.033,2026-02-04 18:58:51.945,-4087.616,60.01138687133789,0
2026-02-04 18:58:50.000,2026-02-04 18:59:00.000,477,2026-02-04 18:58:56.049,2026-02-04 18:58:51.956,-4092.535,60.009010314941406,0
2026-02-04 18:58:50.000,2026-02-04 18:59:00.000,2423,2026-02-04 18:58:55.959,2026-02-04 18:58:51.958,-4000.544,50.02048873901367,0
2026-02-04 18:58:50.000,2026-02-04 18:59:00.000,2108,2026-02-04 18:58:56.049,2026-02-04 18:58:51.962,-4086.538,60.00992202758789,0
2026-02-04 18:58:50.000,2026-02-04 18:59:00.000,477,2026-02-04 18:58:56.066,2026-02-04 18:58:51.972,-4093.304,60.00927734375,0
2026-02-04 18:58:50.000,2026-02-04 18:59:00.000,2423,2026-02-04 18:58:55.979,2026-02-04 18:58:51.977,-4001.281,50.021766662597656,0
2026-02-04 18:58:50.000,2026-02-04 18:59:00.000,2108,2026-02-04 18:58:56.066,2026-02-04 18:58:51.978,-4087.282,60.00590515136719,0
2026-02-04 18:58:50.000,2026-02-04 18:59:00.000,477,2026-02-04 18:58:56.083,2026-02-04 18:58:51.987,-4095.134,60.00828170776367,0
2026-02-04 18:58:50.000,2026-02-04 18:59:00.000,2108,2026-02-04 18:58:56.083,2026-02-04 18:58:51.995,-4087.620,60.0073356628418,0
2026-02-04 18:58:50.000,2026-02-04 18:59:00.000,2423,2026-02-04 18:58:55.999,2026-02-04 18:58:51.997,-4001.625,50.021244049072266,0
2026-02-04 18:58:50.000,2026-02-04 18:59:00.000,477,2026-02-04 18:58:56.099,2026-02-04 18:58:52.004,-4094.512,60.008323669433594,0
2026-02-04 18:58:50.000,2026-02-04 18:59:00.000,2108,2026-02-04 18:58:56.099,2026-02-04 18:58:52.012,-4086.513,60.011287689208984,0
2026-02-04 18:58:50.000,2026-02-04 18:59:00.000,2423,2026-02-04 18:58:56.019,2026-02-04 18:58:52.017,-4001.297,50.02083969116211,0
2026-02-04 18:58:50.000,2026-02-04 18:59:00.000,477,2026-02-04 18:58:56.116,2026-02-04 18:58:52.021,-4094.277,60.00938415527344,0
2026-02-04 18:58:50.000,2026-02-04 18:59:00.000,2108,2026-02-04 18:58:56.116,2026-02-04 18:58:52.029,-4086.720,60.00978469848633,0
2026-02-04 18:58:50.000,2026-02-04 18:59:00.000,477,2026-02-04 18:58:56.133,2026-02-04 18:58:52.037,-4095.205,60.00897979736328,0
2026-02-04 18:58:50.000,2026-02-04 18:59:00.000,2423,2026-02-04 18:58:56.039,2026-02-04 18:58:52.037,-4001.205,50.02107620239258,0
2026-02-04 18:58:50.000,2026-02-04 18:59:00.000,2108,2026-02-04 18:58:56.133,2026-02-04 18:58:52.045,-4087.694,60.00844192504883,0
2026-02-04 18:58:50.000,2026-02-04 18:59:00.000,477,2026-02-04 18:58:56.149,2026-02-04 18:58:52.054,-4094.609,60.00867462158203,0
2026-02-04 18:58:50.000,2026-02-04 18:59:00.000,2423,2026-02-04 18:58:56.059,2026-02-04 18:58:52.057,-4001.602,50.020877838134766,0
2026-02-04 18:58:50.000,2026-02-04 18:59:00.000,2108,2026-02-04 18:58:56.149,2026-02-04 18:58:52.064,-4084.091,60.00837707519531,0
2026-02-04 18:58:50.000,2026-02-04 18:59:00.000,477,2026-02-04 18:58:56.166,2026-02-04 18:58:52.070,-4095.093,60.00883865356445,0
2026-02-04 18:58:50.000,2026-02-04 18:59:00.000,2423,2026-02-04 18:58:56.079,2026-02-04 18:58:52.077,-4001.579,50.01864242553711,0
2026-02-04 18:58:50.000,2026-02-04 18:59:00.000,2108,2026-02-04 18:58:56.166,2026-02-04 18:58:52.078,-4087.583,60.0084114074707,0
2026-02-04 18:58:50.000,2026-02-04 18:59:00.000,477,2026-02-04 18:58:56.183,2026-02-04 18:58:52.087,-4095.110,60.00775909423828,0
2026-02-04 18:58:50.000,2026-02-04 18:59:00.000,2108,2026-02-04 18:58:56.183,2026-02-04 18:58:52.095,-4087.600,60.00920486450195,0
2026-02-04 18:58:50.000,2026-02-04 18:59:00.000,2423,2026-02-04 18:58:56.099,2026-02-04 18:58:52.098,-4000.592,50.01899337768555,0
2026-02-04 18:58:50.000,2026-02-04 18:59:00.000,477,2026-02-04 18:58:56.199,2026-02-04 18:58:52.104,-4094.533,60.0066032409668,0
2026-02-04 18:58:50.000,2026-02-04 18:59:00.000,2108,2026-02-04 18:58:56.199,2026-02-04 18:58:52.112,-4086.529,60.00764465332031,0
2026-02-04 18:58:50.000,2026-02-04 18:59:00.000,2423,2026-02-04 18:58:56.119,2026-02-04 18:58:52.117,-4001.019,50.02128219604492,0
2026-02-04 18:58:50.000,2026-02-04 18:59:00.000,477,2026-02-04 18:58:56.216,2026-02-04 18:58:52.121,-4094.615,60.00722122192383,0
2026-02-04 18:58:50.000,2026-02-04 18:59:00.000,2108,2026-02-04 18:58:56.216,2026-02-04 18:58:52.128,-4087.575,60.005191802978516,0
2026-02-04 18:58:50.000,2026-02-04 18:59:00.000,2423,2026-02-04 18:58:56.139,2026-02-04 18:58:52.137,-4001.176,50.02120590209961,0
2026-02-04 18:58:50.000,2026-02-04 18:59:00.000,477,2026-02-04 18:58:56.233,2026-02-04 18:58:52.137,-4095.176,60.00814437866211,0
2026-02-04 18:58:50.000,2026-02-04 18:59:00.000,2108,2026-02-04 18:58:56.233,2026-02-04 18:58:52.146,-4086.664,60.007102966308594,0
2026-02-04 18:58:50.000,2026-02-04 18:59:00.000,477,2026-02-04 18:58:56.249,2026-02-04 18:58:52.154,-4094.625,60.00833511352539,0
2026-02-04 18:58:50.000,2026-02-04 18:59:00.000,2423,2026-02-04 18:58:56.159,2026-02-04 18:58:52.157,-4001.636,50.02047348022461,0
2026-02-04 18:58:50.000,2026-02-04 18:59:00.000,2108,2026-02-04 18:58:56.249,2026-02-04 18:58:52.162,-4086.627,60.009952545166016,0
2026-02-04 18:58:50.000,2026-02-04 18:59:00.000,477,2026-02-04 18:58:56.266,2026-02-04 18:58:52.170,-4095.136,60.008426666259766,0
2026-02-04 18:58:50.000,2026-02-04 18:59:00.000,2423,2026-02-04 18:58:56.179,2026-02-04 18:58:52.177,-4001.618,50.02002716064453,0
2026-02-04 18:58:50.000,2026-02-04 18:59:00.000,2108,2026-02-04 18:58:56.266,2026-02-04 18:58:52.178,-4087.619,60.01031494140625,0
2026-02-04 18:58:50.000,2026-02-04 18:59:00.000,477,2026-02-04 18:58:56.283,2026-02-04 18:58:52.187,-4095.599,60.00836944580078,0
2026-02-04 18:58:50.000,2026-02-04 18:59:00.000,2108,2026-02-04 18:58:56.283,2026-02-04 18:58:52.195,-4087.152,60.00771713256836,0
2026-02-04 18:58:50.000,2026-02-04 18:59:00.000,2423,2026-02-04 18:58:56.199,2026-02-04 18:58:52.197,-4001.158,50.02146911621094,0
2026-02-04 18:58:50.000,2026-02-04 18:59:00.000,477,2026-02-04 18:58:56.299,2026-02-04 18:58:52.204,-4094.637,60.00825500488281,0
2026-02-04 18:58:50.000,2026-02-04 18:59:00.000,2108,2026-02-04 18:58:56.299,2026-02-04 18:58:52.212,-4086.635,60.002750396728516,0
2026-02-04 18:58:50.000,2026-02-04 18:59:00.000,2423,2026-02-04 18:58:56.219,2026-02-04 18:58:52.218,-4000.954,50.02289962768555,0
2026-02-04 18:58:50.000,2026-02-04 18:59:00.000,477,2026-02-04 18:58:56.316,2026-02-04 18:58:52.226,-4089.328,60.00789260864258,0
2026-02-04 18:58:50.000,2026-02-04 18:59:00.000,2108,2026-02-04 18:58:56.316,2026-02-04 18:58:52.228,-4087.328,60.00545120239258,0
2026-02-04 18:58:50.000,2026-02-04 18:59:00.000,477,2026-02-04 18:58:56.333,2026-02-04 18:58:52.238,-4094.849,60.007606506347656,0
2026-02-04 18:58:50.000,2026-02-04 18:59:00.000,2423,2026-02-04 18:58:56.239,2026-02-04 18:58:52.238,-4000.849,50.01919174194336,0
2026-02-04 18:58:50.000,2026-02-04 18:59:00.000,2108,2026-02-04 18:58:56.333,2026-02-04 18:58:52.245,-4087.333,60.012752532958984,0
2026-02-04 18:58:50.000,2026-02-04 18:59:00.000,477,2026-02-04 18:58:56.349,2026-02-04 18:58:52.254,-4094.822,60.008033752441406,0
2026-02-04 18:58:50.000,2026-02-04 18:59:00.000,2423,2026-02-04 18:58:56.259,2026-02-04 18:58:52.258,-4000.814,50.016075134277344,0
2026-02-04 18:58:50.000,2026-02-04 18:59:00.000,2108,2026-02-04 18:58:56.349,2026-02-04 18:58:52.261,-4087.823,60.01181411743164,0
2026-02-04 18:58:50.000,2026-02-04 18:59:00.000,2423,2026-02-04 18:58:56.279,2026-02-04 18:58:52.277,-4001.282,50.01888656616211,0
2026-02-04 18:58:50.000,2026-02-04 18:59:00.000,2108,2026-02-04 18:58:56.366,2026-02-04 18:58:52.278,-4087.281,60.005714416503906,0
2026-02-04 18:58:50.000,2026-02-04 18:59:00.000,2108,2026-02-04 18:58:56.383,2026-02-04 18:58:52.295,-4087.493,60.00392532348633,0
2026-02-04 18:58:50.000,2026-02-04 18:59:00.000,2423,2026-02-04 18:58:56.299,2026-02-04 18:58:52.297,-4001.486,50.02149200439453,0
2026-02-04 18:58:50.000,2026-02-04 18:59:00.000,477,2026-02-04 18:58:56.366,2026-02-04 18:58:52.302,-4063.494,60.007957458496094,0
2026-02-04 18:58:50.000,2026-02-04 18:59:00.000,477,2026-02-04 18:58:56.383,2026-02-04 18:58:52.304,-4079.009,60.00697708129883,0
2026-02-04 18:58:50.000,2026-02-04 18:59:00.000,477,2026-02-04 18:58:56.399,2026-02-04 18:58:52.305,-4094.012,60.00673294067383,0
2026-02-04 18:58:50.000,2026-02-04 18:59:00.000,2108,2026-02-04 18:58:56.399,2026-02-04 18:58:52.312,-4086.507,60.00642395019531,0
2026-02-04 18:58:50.000,2026-02-04 18:59:00.000,2423,2026-02-04 18:58:56.319,2026-02-04 18:58:52.323,-3995.466,50.02031707763672,0
2026-02-04 18:58:50.000,2026-02-04 18:59:00.000,477,2026-02-04 18:58:56.416,2026-02-04 18:58:52.323,-4092.466,60.007049560546875,0
2026-02-04 18:58:50.000,2026-02-04 18:59:00.000,2108,2026-02-04 18:58:56.416,2026-02-04 18:58:52.328,-4087.465,60.0080451965332,0
2026-02-04 18:58:50.000,2026-02-04 18:59:00.000,477,2026-02-04 18:58:56.433,2026-02-04 18:58:52.343,-4089.426,60.00722122192383,0
2026-02-04 18:58:50.000,2026-02-04 18:59:00.000,2423,2026-02-04 18:58:56.339,2026-02-04 18:58:52.344,-3994.429,50.019073486328125,0
2026-02-04 18:58:50.000,2026-02-04 18:59:00.000,2108,2026-02-04 18:58:56.433,2026-02-04 18:58:52.358,-4074.908,60.008575439453125,0
2026-02-04 18:58:50.000,2026-02-04 18:59:00.000,477,2026-02-04 18:58:56.449,2026-02-04 18:58:52.359,-4089.911,60.00782012939453,0
2026-02-04 18:58:50.000,2026-02-04 18:59:00.000,2423,2026-02-04 18:58:56.359,2026-02-04 18:58:52.359,-3999.919,50.02124786376953,0
2026-02-04 18:58:50.000,2026-02-04 18:59:00.000,2108,2026-02-04 18:58:56.449,2026-02-04 18:58:52.362,-4086.405,60.0066032409668,0
2026-02-04 18:58:50.000,2026-02-04 18:59:00.000,477,2026-02-04 18:58:56.466,2026-02-04 18:58:52.371,-4094.391,60.0081672668457,0
2026-02-04 18:58:50.000,2026-02-04 18:59:00.000,2423,2026-02-04 18:58:56.379,2026-02-04 18:58:52.377,-4001.331,50.02251052856445,0
2026-02-04 18:58:50.000,2026-02-04 18:59:00.000,2108,2026-02-04 18:58:56.466,2026-02-04 18:58:52.378,-4087.331,60.00575637817383,0
2026-02-04 18:58:50.000,2026-02-04 18:59:00.000,477,2026-02-04 18:58:56.483,2026-02-04 18:58:52.396,-4086.765,60.007381439208984,0
2026-02-04 18:58:50.000,2026-02-04 18:59:00.000,2108,2026-02-04 18:58:56.483,2026-02-04 18:58:52.406,-4076.185,60.00815963745117,0
2026-02-04 18:58:50.000,2026-02-04 18:59:00.000,2423,2026-02-04 18:58:56.399,2026-02-04 18:58:52.406,-3992.193,50.01923751831055,0
2026-02-04 18:58:50.000,2026-02-04 18:59:00.000,477,2026-02-04 18:58:56.499,2026-02-04 18:58:52.406,-4092.185,60.00709915161133,0
2026-02-04 18:58:50.000,2026-02-04 18:59:00.000,2108,2026-02-04 18:58:56.499,2026-02-04 18:58:52.412,-4086.680,60.00856018066406,0
2026-02-04 18:58:50.000,2026-02-04 18:59:00.000,2423,2026-02-04 18:58:56.419,2026-02-04 18:58:52.417,-4001.169,50.01839065551758,0
2026-02-04 18:58:50.000,2026-02-04 18:59:00.000,477,2026-02-04 18:58:56.516,2026-02-04 18:58:52.420,-4095.168,60.00735855102539,0
2026-02-04 18:58:50.000,2026-02-04 18:59:00.000,2108,2026-02-04 18:58:56.516,2026-02-04 18:58:52.435,-4080.144,60.01033401489258,0
2026-02-04 18:58:50.000,2026-02-04 18:59:00.000,2423,2026-02-04 18:58:56.439,2026-02-04 18:58:52.439,-3999.145,50.02043533325195,0
2026-02-04 18:58:50.000,2026-02-04 18:59:00.000,477,2026-02-04 18:58:56.533,2026-02-04 18:58:52.440,-4092.145,60.0074577331543,0
2026-02-04 18:58:50.000,2026-02-04 18:59:00.000,2108,2026-02-04 18:58:56.533,2026-02-04 18:58:52.451,-4081.624,60.01042556762695,0
2026-02-04 18:58:50.000,2026-02-04 18:59:00.000,477,2026-02-04 18:58:56.549,2026-02-04 18:58:52.454,-4094.108,60.00807571411133,0
2026-02-04 18:58:50.000,2026-02-04 18:59:00.000,2423,2026-02-04 18:58:56.459,2026-02-04 18:58:52.466,-3992.587,50.01884841918945,0
2026-02-04 18:58:50.000,2026-02-04 18:59:00.000,2108,2026-02-04 18:58:56.549,2026-02-04 18:58:52.467,-4081.595,60.00482940673828,0
2026-02-04 18:58:50.000,2026-02-04 18:59:00.000,477,2026-02-04 18:58:56.566,2026-02-04 18:58:52.471,-4094.594,60.00766372680664,0
2026-02-04 18:58:50.000,2026-02-04 18:59:00.000,2423,2026-02-04 18:58:56.479,2026-02-04 18:58:52.477,-4001.086,50.01688766479492,0
2026-02-04 18:58:50.000,2026-02-04 18:59:00.000,2108,2026-02-04 18:58:56.566,2026-02-04 18:58:52.478,-4087.087,60.00490188598633,0
2026-02-04 18:58:50.000,2026-02-04 18:59:00.000,477,2026-02-04 18:58:56.583,2026-02-04 18:58:52.498,-4084.982,60.00673294067383,0
2026-02-04 18:58:50.000,2026-02-04 18:59:00.000,2108,2026-02-04 18:58:56.583,2026-02-04 18:58:52.499,-4083.976,60.008697509765625,0
2026-02-04 18:58:50.000,2026-02-04 18:59:00.000,2423,2026-02-04 18:58:56.499,2026-02-04 18:58:52.499,-3999.968,50.019229888916016,0
2026-02-04 18:58:50.000,2026-02-04 18:59:00.000,477,2026-02-04 18:58:56.599,2026-02-04 18:58:52.504,-4094.459,60.007225036621094,0
2026-02-04 18:58:50.000,2026-02-04 18:59:00.000,2108,2026-02-04 18:58:56.599,2026-02-04 18:58:52.513,-4085.946,60.00628662109375,0
2026-02-04 18:58:50.000,2026-02-04 18:59:00.000,2423,2026-02-04 18:58:56.519,2026-02-04 18:58:52.518,-4000.926,50.021968841552734,0
2026-02-04 18:58:50.000,2026-02-04 18:59:00.000,477,2026-02-04 18:58:56.616,2026-02-04 18:58:52.521,-4094.921,60.007408142089844,0
2026-02-04 18:58:50.000,2026-02-04 18:59:00.000,2108,2026-02-04 18:58:56.616,2026-02-04 18:58:52.529,-4086.842,60.00565719604492,0
2026-02-04 18:58:50.000,2026-02-04 18:59:00.000,477,2026-02-04 18:58:56.633,2026-02-04 18:58:52.544,-4088.207,60.00722885131836,0
2026-02-04 18:58:50.000,2026-02-04 18:59:00.000,2423,2026-02-04 18:58:56.539,2026-02-04 18:58:52.545,-3993.200,50.02132797241211,0
2026-02-04 18:58:50.000,2026-02-04 18:59:00.000,2108,2026-02-04 18:58:56.633,2026-02-04 18:58:52.553,-4079.687,60.007957458496094,0
2026-02-04 18:58:50.000,2026-02-04 18:59:00.000,477,2026-02-04 18:58:56.649,2026-02-04 18:58:52.560,-4088.166,60.00727462768555,0
2026-02-04 18:58:50.000,2026-02-04 18:59:00.000,2423,2026-02-04 18:58:56.559,2026-02-04 18:58:52.560,-3998.173,50.01898956298828,0
2026-02-04 18:58:50.000,2026-02-04 18:59:00.000,2108,2026-02-04 18:58:56.649,2026-02-04 18:58:52.562,-4086.659,60.00731658935547,0
2026-02-04 18:58:50.000,2026-02-04 18:59:00.000,477,2026-02-04 18:58:56.666,2026-02-04 18:58:52.572,-4093.620,60.006988525390625,0
2026-02-04 18:58:50.000,2026-02-04 18:59:00.000,2423,2026-02-04 18:58:56.579,2026-02-04 18:58:52.578,-4000.477,50.018310546875,0
2026-02-04 18:58:50.000,2026-02-04 18:59:00.000,2108,2026-02-04 18:58:56.666,2026-02-04 18:58:52.579,-4086.477,60.0073356628418,0
2026-02-04 18:58:50.000,2026-02-04 18:59:00.000,477,2026-02-04 18:58:56.683,2026-02-04 18:58:52.587,-4095.597,60.00722885131836,0
2026-02-04 18:58:50.000,2026-02-04 18:59:00.000,2108,2026-02-04 18:58:56.683,2026-02-04 18:58:52.595,-4087.228,60.00718307495117,0
2026-02-04 18:58:50.000,2026-02-04 18:59:00.000,2423,2026-02-04 18:58:56.599,2026-02-04 18:58:52.597,-4001.239,50.01972198486328,0
2026-02-04 18:58:50.000,2026-02-04 18:59:00.000,477,2026-02-04 18:58:56.699,2026-02-04 18:58:52.604,-4094.724,60.00791931152344,0
2026-02-04 18:58:50.000,2026-02-04 18:59:00.000,2108,2026-02-04 18:58:56.699,2026-02-04 18:58:52.612,-4086.220,60.00727844238281,0
2026-02-04 18:58:50.000,2026-02-04 18:59:00.000,2423,2026-02-04 18:58:56.619,2026-02-04 18:58:52.619,-3999.700,50.02010726928711,0
2026-02-04 18:58:50.000,2026-02-04 18:59:00.000,477,2026-02-04 18:58:56.716,2026-02-04 18:58:52.622,-4093.203,60.00733947753906,0
2026-02-04 18:58:50.000,2026-02-04 18:59:00.000,2108,2026-02-04 18:58:56.716,2026-02-04 18:58:52.628,-4087.198,60.007789611816406,0
2026-02-04 18:58:50.000,2026-02-04 18:59:00.000,2423,2026-02-04 18:58:56.639,2026-02-04 18:58:52.637,-4001.682,50.018890380859375,0
2026-02-04 18:58:50.000,2026-02-04 18:59:00.000,477,2026-02-04 18:58:56.733,2026-02-04 18:58:52.638,-4094.678,60.006309509277344,0
2026-02-04 18:58:50.000,2026-02-04 18:59:00.000,2108,2026-02-04 18:58:56.733,2026-02-04 18:58:52.645,-4087.531,60.00632095336914,0
2026-02-04 18:58:50.000,2026-02-04 18:59:00.000,477,2026-02-04 18:58:56.749,2026-02-04 18:58:52.654,-4094.330,60.00655746459961,0
2026-02-04 18:58:50.000,2026-02-04 18:59:00.000,2423,2026-02-04 18:58:56.659,2026-02-04 18:58:52.657,-4001.325,50.01905822753906,0
2026-02-04 18:58:50.000,2026-02-04 18:59:00.000,2108,2026-02-04 18:58:56.749,2026-02-04 18:58:52.662,-4086.331,60.00788497924805,0
2026-02-04 18:58:50.000,2026-02-04 18:59:00.000,477,2026-02-04 18:58:56.766,2026-02-04 18:58:52.671,-4094.821,60.00681686401367,0
2026-02-04 18:58:50.000,2026-02-04 18:59:00.000,2423,2026-02-04 18:58:56.679,2026-02-04 18:58:52.677,-4001.312,50.02203369140625,0
2026-02-04 18:58:50.000,2026-02-04 18:59:00.000,2108,2026-02-04 18:58:56.766,2026-02-04 18:58:52.678,-4087.312,60.01043701171875,0
2026-02-04 18:58:50.000,2026-02-04 18:59:00.000,477,2026-02-04 18:58:56.783,2026-02-04 18:58:52.687,-4095.182,60.00651550292969,0
2026-02-04 18:58:50.000,2026-02-04 18:59:00.000,2108,2026-02-04 18:58:56.783,2026-02-04 18:58:52.695,-4087.675,60.00773239135742,0
2026-02-04 18:58:50.000,2026-02-04 18:59:00.000,2423,2026-02-04 18:58:56.699,2026-02-04 18:58:52.698,-4000.662,50.022125244140625,0
2026-02-04 18:58:50.000,2026-02-04 18:59:00.000,477,2026-02-04 18:58:56.799,2026-02-04 18:58:52.704,-4094.648,60.006099700927734,0
2026-02-04 18:58:50.000,2026-02-04 18:59:00.000,2108,2026-02-04 18:58:56.799,2026-02-04 18:58:52.712,-4086.648,60.00480651855469,0
2026-02-04 18:58:50.000,2026-02-04 18:59:00.000,2423,2026-02-04 18:58:56.719,2026-02-04 18:58:52.718,-4000.634,50.01852798461914,0
2026-02-04 18:58:50.000,2026-02-04 18:59:00.000,477,2026-02-04 18:58:56.816,2026-02-04 18:58:52.721,-4094.629,60.005897521972656,0
2026-02-04 18:58:50.000,2026-02-04 18:59:00.000,2108,2026-02-04 18:58:56.816,2026-02-04 18:58:52.728,-4087.598,60.006351470947266,0
2026-02-04 18:58:50.000,2026-02-04 18:59:00.000,477,2026-02-04 18:58:56.833,2026-02-04 18:58:52.737,-4095.124,60.0062255859375,0
2026-02-04 18:58:50.000,2026-02-04 18:59:00.000,2423,2026-02-04 18:58:56.739,2026-02-04 18:58:52.737,-4001.124,50.01812744140625,0
2026-02-04 18:58:50.000,2026-02-04 18:59:00.000,2108,2026-02-04 18:58:56.833,2026-02-04 18:58:52.867,-3965.288,60.00653076171875,0
2026-02-04 18:58:50.000,2026-02-04 18:59:00.000,2423,2026-02-04 18:58:56.759,2026-02-04 18:58:52.867,-3891.296,50.02047348022461,0
2026-02-04 18:58:50.000,2026-02-04 18:59:00.000,477,2026-02-04 18:58:56.849,2026-02-04 18:58:52.867,-3981.288,60.00693130493164,0
2026-02-04 18:58:50.000,2026-02-04 18:59:00.000,2108,2026-02-04 18:58:56.849,2026-02-04 18:58:52.874,-3974.179,60.00688552856445,0
2026-02-04 18:58:50.000,2026-02-04 18:59:00.000,2108,2026-02-04 18:58:56.866,2026-02-04 18:58:52.874,-3991.179,60.010528564453125,0
2026-02-04 18:58:50.000,2026-02-04 18:59:00.000,2423,2026-02-04 18:58:56.779,2026-02-04 18:58:52.874,-3904.179,50.021583557128906,0
2026-02-04 18:58:50.000,2026-02-04 18:59:00.000,477,2026-02-04 18:58:56.866,2026-02-04 18:58:52.874,-3991.179,60.00728988647461,0
2026-02-04 18:58:50.000,2026-02-04 18:59:00.000,477,2026-02-04 18:58:56.883,2026-02-04 18:58:52.874,-4008.179,60.00679016113281,0
2026-02-04 18:58:50.000,2026-02-04 18:59:00.000,2108,2026-02-04 18:58:56.883,2026-02-04 18:58:52.875,-4007.178,60.010189056396484,0
2026-02-04 18:58:50.000,2026-02-04 18:59:00.000,2423,2026-02-04 18:58:56.799,2026-02-04 18:58:52.875,-3923.186,50.021034240722656,0
2026-02-04 18:58:50.000,2026-02-04 18:59:00.000,2423,2026-02-04 18:58:56.819,2026-02-04 18:58:52.875,-3943.178,50.02020263671875,0
2026-02-04 18:58:50.000,2026-02-04 18:59:00.000,477,2026-02-04 18:58:56.899,2026-02-04 18:58:52.875,-4023.178,60.00600051879883,0
2026-02-04 18:58:50.000,2026-02-04 18:59:00.000,2108,2026-02-04 18:58:56.899,2026-02-04 18:58:52.878,-4020.180,60.005393981933594,0
2026-02-04 18:58:50.000,2026-02-04 18:59:00.000,2423,2026-02-04 18:58:56.839,2026-02-04 18:58:52.878,-3960.188,50.020416259765625,0
2026-02-04 18:58:50.000,2026-02-04 18:59:00.000,477,2026-02-04 18:58:56.916,2026-02-04 18:58:52.878,-4037.189,60.00590133666992,0
2026-02-04 18:58:50.000,2026-02-04 18:59:00.000,2108,2026-02-04 18:58:56.916,2026-02-04 18:58:52.879,-4036.189,60.00197982788086,0
2026-02-04 18:58:50.000,2026-02-04 18:59:00.000,2423,2026-02-04 18:58:56.859,2026-02-04 18:58:52.879,-3979.181,50.02057647705078,0
2026-02-04 18:58:50.000,2026-02-04 18:59:00.000,477,2026-02-04 18:58:56.933,2026-02-04 18:58:52.879,-4053.189,60.00642395019531,0
2026-02-04 18:58:50.000,2026-02-04 18:59:00.000,2108,2026-02-04 18:58:56.933,2026-02-04 18:58:52.880,-4052.190,60.0040168762207,0
2026-02-04 18:58:50.000,2026-02-04 18:59:00.000,477,2026-02-04 18:58:56.949,2026-02-04 18:58:52.880,-4068.190,60.00699234008789,0
2026-02-04 18:58:50.000,2026-02-04 18:59:00.000,2108,2026-02-04 18:58:56.949,2026-02-04 18:58:52.880,-4068.190,60.009281158447266,0
2026-02-04 18:58:50.000,2026-02-04 18:59:00.000,477,2026-02-04 18:58:56.966,2026-02-04 18:58:52.882,-4083.108,60.007423400878906,0
2026-02-04 18:58:50.000,2026-02-04 18:59:00.000,2423,2026-02-04 18:58:56.879,2026-02-04 18:58:52.883,-3995.101,50.0194206237793,0
2026-02-04 18:58:50.000,2026-02-04 18:59:00.000,2108,2026-02-04 18:58:56.966,2026-02-04 18:58:52.883,-4082.101,60.01105880737305,0
2026-02-04 18:58:50.000,2026-02-04 18:59:00.000,477,2026-02-04 18:58:56.983,2026-02-04 18:58:52.887,-4095.096,60.00690460205078,0
2026-02-04 18:58:50.000,2026-02-04 18:59:00.000,2108,2026-02-04 18:58:56.983,2026-02-04 18:58:52.895,-4087.581,60.006927490234375,0
2026-02-04 18:58:50.000,2026-02-04 18:59:00.000,2423,2026-02-04 18:58:56.899,2026-02-04 18:58:52.898,-4000.573,50.01840591430664,0
2026-02-04 18:58:50.000,2026-02-04 18:59:00.000,477,2026-02-04 18:58:56.999,2026-02-04 18:58:52.904,-4094.490,60.00629806518555,0
2026-02-04 18:58:50.000,2026-02-04 18:59:00.000,2108,2026-02-04 18:58:56.999,2026-02-04 18:58:52.912,-4086.489,60.0040283203125,0
2026-02-04 18:58:50.000,2026-02-04 18:59:00.000,2423,2026-02-04 18:58:56.919,2026-02-04 18:58:52.917,-4001.977,50.01878356933594,0
2026-02-04 18:58:50.000,2026-02-04 18:59:00.000,477,2026-02-04 18:58:57.016,2026-02-04 18:58:52.924,-4091.956,60.006282806396484,0
2026-02-04 18:58:50.000,2026-02-04 18:59:00.000,2108,2026-02-04 18:58:57.016,2026-02-04 18:58:52.929,-4086.957,60.008445739746094,0
2026-02-04 18:58:50.000,2026-02-04 18:59:00.000,2423,2026-02-04 18:58:56.939,2026-02-04 18:58:52.937,-4001.433,50.0202522277832,0
2026-02-04 18:58:50.000,2026-02-04 18:59:00.000,477,2026-02-04 18:58:57.033,2026-02-04 18:58:52.938,-4094.439,60.006378173828125,0
2026-02-04 18:58:50.000,2026-02-04 18:59:00.000,2108,2026-02-04 18:58:57.033,2026-02-04 18:58:52.945,-4087.117,60.012516021728516,0
2026-02-04 18:58:50.000,2026-02-04 18:59:00.000,477,2026-02-04 18:58:57.049,2026-02-04 18:58:52.954,-4094.606,60.00676345825195,0
2026-02-04 18:58:50.000,2026-02-04 18:59:00.000,2423,2026-02-04 18:58:56.959,2026-02-04 18:58:52.958,-4000.613,50.02091979980469,0
2026-02-04 18:58:50.000,2026-02-04 18:59:00.000,2108,2026-02-04 18:58:57.049,2026-02-04 18:58:52.962,-4086.607,60.00956344604492,0
2026-02-04 18:58:50.000,2026-02-04 18:59:00.000,477,2026-02-04 18:58:57.066,2026-02-04 18:58:52.971,-4094.417,60.00738525390625,0
2026-02-04 18:58:50.000,2026-02-04 18:59:00.000,2423,2026-02-04 18:58:56.979,2026-02-04 18:58:52.977,-4001.731,50.02052307128906,0
2026-02-04 18:58:50.000,2026-02-04 18:59:00.000,2108,2026-02-04 18:58:57.066,2026-02-04 18:58:52.978,-4087.732,60.0046272277832,0
2026-02-04 18:58:50.000,2026-02-04 18:59:00.000,477,2026-02-04 18:58:57.083,2026-02-04 18:58:52.987,-4095.219,60.0072135925293,0
2026-02-04 18:58:50.000,2026-02-04 18:59:00.000,2108,2026-02-04 18:58:57.083,2026-02-04 18:58:52.996,-4086.957,60.003360748291016,0
2026-02-04 18:58:50.000,2026-02-04 18:59:00.000,2423,2026-02-04 18:58:56.999,2026-02-04 18:58:52.998,-4000.964,50.0213737487793,0
2026-02-04 18:58:50.000,2026-02-04 18:59:00.000,477,2026-02-04 18:58:57.099,2026-02-04 18:58:53.004,-4094.448,60.00625228881836,0
2026-02-04 18:58:50.000,2026-02-04 18:59:00.000,2108,2026-02-04 18:58:57.099,2026-02-04 18:58:53.012,-4086.447,60.00515365600586,0
2026-02-04 18:58:50.000,2026-02-04 18:59:00.000,2423,2026-02-04 18:58:57.019,2026-02-04 18:58:53.018,-4000.430,50.02235412597656,0
2026-02-04 18:58:50.000,2026-02-04 18:59:00.000,477,2026-02-04 18:58:57.116,2026-02-04 18:58:53.021,-4094.433,60.006141662597656,0
2026-02-04 18:58:50.000,2026-02-04 18:59:00.000,2108,2026-02-04 18:58:57.116,2026-02-04 18:58:53.029,-4086.823,60.00859832763672,0
2026-02-04 18:58:50.000,2026-02-04 18:59:00.000,2423,2026-02-04 18:58:57.039,2026-02-04 18:58:53.037,-4001.314,50.02078628540039,0
2026-02-04 18:58:50.000,2026-02-04 18:59:00.000,477,2026-02-04 18:58:57.133,2026-02-04 18:58:53.037,-4095.314,60.006500244140625,0
2026-02-04 18:58:50.000,2026-02-04 18:59:00.000,2108,2026-02-04 18:58:57.133,2026-02-04 18:58:53.046,-4086.799,60.008216857910156,0
2026-02-04 18:58:50.000,2026-02-04 18:59:00.000,477,2026-02-04 18:58:57.149,2026-02-04 18:58:53.054,-4094.289,60.00642776489258,0
2026-02-04 18:58:50.000,2026-02-04 18:59:00.000,2423,2026-02-04 18:58:57.059,2026-02-04 18:58:53.057,-4001.281,50.018463134765625,0
2026-02-04 18:58:50.000,2026-02-04 18:59:00.000,2108,2026-02-04 18:58:57.149,2026-02-04 18:58:53.061,-4087.286,60.00446319580078,0
2026-02-04 18:58:50.000,2026-02-04 18:59:00.000,477,2026-02-04 18:58:57.166,2026-02-04 18:58:53.071,-4094.780,60.00654220581055,0
2026-02-04 18:58:50.000,2026-02-04 18:59:00.000,2423,2026-02-04 18:58:57.079,2026-02-04 18:58:53.077,-4001.266,50.019222259521484,0
2026-02-04 18:58:50.000,2026-02-04 18:59:00.000,2108,2026-02-04 18:58:57.166,2026-02-04 18:58:53.078,-4087.265,60.004913330078125,0
2026-02-04 18:58:50.000,2026-02-04 18:59:00.000,477,2026-02-04 18:58:57.183,2026-02-04 18:58:53.088,-4094.682,60.006797790527344,0
2026-02-04 18:58:50.000,2026-02-04 18:59:00.000,2108,2026-02-04 18:58:57.183,2026-02-04 18:58:53.095,-4087.174,60.00619888305664,0
2026-02-04 18:58:50.000,2026-02-04 18:59:00.000,2423,2026-02-04 18:58:57.099,2026-02-04 18:58:53.097,-4001.162,50.02241897583008,0
2026-02-04 18:58:50.000,2026-02-04 18:59:00.000,477,2026-02-04 18:58:57.199,2026-02-04 18:58:53.104,-4094.666,60.00650405883789,0
2026-02-04 18:58:50.000,2026-02-04 18:59:00.000,2108,2026-02-04 18:58:57.199,2026-02-04 18:58:53.112,-4086.664,60.00631332397461,0
2026-02-04 18:58:50.000,2026-02-04 18:59:00.000,2423,2026-02-04 18:58:57.119,2026-02-04 18:58:53.117,-4001.590,50.02314376831055,0
2026-02-04 18:58:50.000,2026-02-04 18:59:00.000,477,2026-02-04 18:58:57.216,2026-02-04 18:58:53.122,-4093.567,60.006431579589844,0
2026-02-04 18:58:50.000,2026-02-04 18:59:00.000,2108,2026-02-04 18:58:57.216,2026-02-04 18:58:53.128,-4087.047,60.00674819946289,0
2026-02-04 18:58:50.000,2026-02-04 18:59:00.000,477,2026-02-04 18:58:57.233,2026-02-04 18:58:53.138,-4094.967,60.006866455078125,0
2026-02-04 18:58:50.000,2026-02-04 18:59:00.000,2423,2026-02-04 18:58:57.139,2026-02-04 18:58:53.138,-4000.968,50.02091598510742,0
2026-02-04 18:58:50.000,2026-02-04 18:59:00.000,2108,2026-02-04 18:58:57.233,2026-02-04 18:58:53.145,-4087.454,60.005271911621094,0
2026-02-04 18:58:50.000,2026-02-04 18:59:00.000,477,2026-02-04 18:58:57.249,2026-02-04 18:58:53.155,-4093.940,60.006778717041016,0
2026-02-04 18:58:50.000,2026-02-04 18:59:00.000,2423,2026-02-04 18:58:57.159,2026-02-04 18:58:53.158,-4000.951,50.019832611083984,0
2026-02-04 18:58:50.000,2026-02-04 18:59:00.000,2108,2026-02-04 18:58:57.249,2026-02-04 18:58:53.162,-4086.441,60.00571060180664,0
2026-02-04 18:58:50.000,2026-02-04 18:59:00.000,477,2026-02-04 18:58:57.266,2026-02-04 18:58:53.171,-4094.428,60.005943298339844,0
2026-02-04 18:58:50.000,2026-02-04 18:59:00.000,2423,2026-02-04 18:58:57.179,2026-02-04 18:58:53.177,-4001.331,50.01991653442383,0
2026-02-04 18:58:50.000,2026-02-04 18:59:00.000,2108,2026-02-04 18:58:57.266,2026-02-04 18:58:53.178,-4087.331,60.00709915161133,0
2026-02-04 18:58:50.000,2026-02-04 18:59:00.000,477,2026-02-04 18:58:57.283,2026-02-04 18:58:53.187,-4095.613,60.00565719604492,0
2026-02-04 18:58:50.000,2026-02-04 18:59:00.000,2108,2026-02-04 18:58:57.283,2026-02-04 18:58:53.195,-4087.448,60.00384521484375,0
2026-02-04 18:58:50.000,2026-02-04 18:59:00.000,2423,2026-02-04 18:58:57.199,2026-02-04 18:58:53.198,-4000.912,50.019195556640625,0
2026-02-04 18:58:50.000,2026-02-04 18:59:00.000,477,2026-02-04 18:58:57.299,2026-02-04 18:58:53.204,-4094.388,60.0064697265625,0
2026-02-04 18:58:50.000,2026-02-04 18:59:00.000,2108,2026-02-04 18:58:57.299,2026-02-04 18:58:53.212,-4086.388,60.00297927856445,0
2026-02-04 18:58:50.000,2026-02-04 18:59:00.000,2423,2026-02-04 18:58:57.219,2026-02-04 18:58:53.217,-4001.329,50.01964569091797,0
2026-02-04 18:58:50.000,2026-02-04 18:59:00.000,477,2026-02-04 18:58:57.316,2026-02-04 18:58:53.222,-4093.287,60.00710678100586,0
2026-02-04 18:58:50.000,2026-02-04 18:59:00.000,2108,2026-02-04 18:58:57.316,2026-02-04 18:58:53.228,-4087.240,60.007904052734375,0
2026-02-04 18:58:50.000,2026-02-04 18:59:00.000,477,2026-02-04 18:58:57.333,2026-02-04 18:58:53.237,-4095.200,60.006492614746094,0
2026-02-04 18:58:50.000,2026-02-04 18:59:00.000,2423,2026-02-04 18:58:57.239,2026-02-04 18:58:53.238,-4000.200,50.02210998535156,0
2026-02-04 18:58:50.000,2026-02-04 18:59:00.000,2108,2026-02-04 18:58:57.333,2026-02-04 18:58:53.245,-4087.680,60.009117126464844,0
2026-02-04 18:58:50.000,2026-02-04 18:59:00.000,477,2026-02-04 18:58:57.349,2026-02-04 18:58:53.254,-4094.244,60.006080627441406,0
2026-02-04 18:58:50.000,2026-02-04 18:59:00.000,2423,2026-02-04 18:58:57.259,2026-02-04 18:58:53.257,-4001.236,50.022979736328125,0
2026-02-04 18:58:50.000,2026-02-04 18:59:00.000,2108,2026-02-04 18:58:57.349,2026-02-04 18:58:53.262,-4086.244,60.00800323486328,0
2026-02-04 18:58:50.000,2026-02-04 18:59:00.000,477,2026-02-04 18:58:57.366,2026-02-04 18:58:53.271,-4094.815,60.006004333496094,0
2026-02-04 18:58:50.000,2026-02-04 18:59:00.000,2423,2026-02-04 18:58:57.279,2026-02-04 18:58:53.278,-4000.302,50.021766662597656,0
2026-02-04 18:58:50.000,2026-02-04 18:59:00.000,2108,2026-02-04 18:58:57.366,2026-02-04 18:58:53.278,-4087.302,60.007843017578125,0
2026-02-04 18:58:50.000,2026-02-04 18:59:00.000,477,2026-02-04 18:58:57.383,2026-02-04 18:58:53.289,-4093.135,60.00565719604492,0
2026-02-04 18:58:50.000,2026-02-04 18:59:00.000,2108,2026-02-04 18:58:57.383,2026-02-04 18:58:53.295,-4087.623,60.00518035888672,0
2026-02-04 18:58:50.000,2026-02-04 18:59:00.000,2423,2026-02-04 18:58:57.299,2026-02-04 18:58:53.297,-4001.612,50.02096176147461,0
2026-02-04 18:58:50.000,2026-02-04 18:59:00.000,477,2026-02-04 18:58:57.399,2026-02-04 18:58:53.304,-4094.532,60.00613021850586,0
2026-02-04 18:58:50.000,2026-02-04 18:59:00.000,2108,2026-02-04 18:58:57.399,2026-02-04 18:58:53.312,-4086.531,60.00529861450195,0
2026-02-04 18:58:50.000,2026-02-04 18:59:00.000,2423,2026-02-04 18:58:57.319,2026-02-04 18:58:53.318,-4000.487,50.02253723144531,0
2026-02-04 18:58:50.000,2026-02-04 18:59:00.000,477,2026-02-04 18:58:57.416,2026-02-04 18:58:53.321,-4094.340,60.00679397583008,0
2026-02-04 18:58:50.000,2026-02-04 18:59:00.000,2108,2026-02-04 18:58:57.416,2026-02-04 18:58:53.329,-4086.834,60.00825500488281,0
2026-02-04 18:58:50.000,2026-02-04 18:59:00.000,2423,2026-02-04 18:58:57.339,2026-02-04 18:58:53.337,-4001.307,50.0243034362793,0
2026-02-04 18:58:50.000,2026-02-04 18:59:00.000,477,2026-02-04 18:58:57.433,2026-02-04 18:58:53.337,-4095.307,60.00682067871094,0
2026-02-04 18:58:50.000,2026-02-04 18:59:00.000,2108,2026-02-04 18:58:57.433,2026-02-04 18:58:53.345,-4087.841,60.00939178466797,0
2026-02-04 18:58:50.000,2026-02-04 18:59:00.000,477,2026-02-04 18:58:57.449,2026-02-04 18:58:53.354,-4094.775,60.00680160522461,0
2026-02-04 18:58:50.000,2026-02-04 18:59:00.000,2423,2026-02-04 18:58:57.359,2026-02-04 18:58:53.358,-4000.784,50.02259063720703,0
2026-02-04 18:58:50.000,2026-02-04 18:59:00.000,2108,2026-02-04 18:58:57.449,2026-02-04 18:58:53.361,-4087.776,60.007469177246094,0
2026-02-04 18:58:50.000,2026-02-04 18:59:00.000,477,2026-02-04 18:58:57.466,2026-02-04 18:58:53.371,-4094.261,60.00637435913086,0
2026-02-04 18:58:50.000,2026-02-04 18:59:00.000,2423,2026-02-04 18:58:57.379,2026-02-04 18:58:53.378,-4001.001,50.01863479614258,0
2026-02-04 18:58:50.000,2026-02-04 18:59:00.000,2108,2026-02-04 18:58:57.466,2026-02-04 18:58:53.379,-4087.001,60.005863189697266,0
2026-02-04 18:58:50.000,2026-02-04 18:59:00.000,477,2026-02-04 18:58:57.483,2026-02-04 18:58:53.387,-4095.481,60.006282806396484,0
2026-02-04 18:58:50.000,2026-02-04 18:59:00.000,2108,2026-02-04 18:58:57.483,2026-02-04 18:58:53.396,-4086.972,60.007110595703125,0
2026-02-04 18:58:50.000,2026-02-04 18:59:00.000,2423,2026-02-04 18:58:57.399,2026-02-04 18:58:53.398,-4000.981,50.0180778503418,0
2026-02-04 18:58:50.000,2026-02-04 18:59:00.000,477,2026-02-04 18:58:57.499,2026-02-04 18:58:53.404,-4094.453,60.00688171386719,0
2026-02-04 18:58:50.000,2026-02-04 18:59:00.000,2108,2026-02-04 18:58:57.499,2026-02-04 18:58:53.412,-4086.453,60.00693130493164,0
2026-02-04 18:58:50.000,2026-02-04 18:59:00.000,2423,2026-02-04 18:58:57.419,2026-02-04 18:58:53.422,-3996.646,50.02272415161133,0
2026-02-04 18:58:50.000,2026-02-04 18:59:00.000,477,2026-02-04 18:58:57.516,2026-02-04 18:58:53.422,-4093.654,60.006019592285156,0
2026-02-04 18:58:50.000,2026-02-04 18:59:00.000,2108,2026-02-04 18:58:57.516,2026-02-04 18:58:53.428,-4087.646,60.00495147705078,0
2026-02-04 18:58:50.000,2026-02-04 18:59:00.000,2423,2026-02-04 18:58:57.439,2026-02-04 18:58:53.437,-4001.331,50.02442169189453,0
2026-02-04 18:58:50.000,2026-02-04 18:59:00.000,477,2026-02-04 18:58:57.533,2026-02-04 18:58:53.437,-4095.331,60.005218505859375,0
2026-02-04 18:58:50.000,2026-02-04 18:59:00.000,2108,2026-02-04 18:58:57.533,2026-02-04 18:58:53.446,-4086.824,60.00362014770508,0
2026-02-04 18:58:50.000,2026-02-04 18:59:00.000,477,2026-02-04 18:58:57.549,2026-02-04 18:58:53.454,-4094.159,60.00627899169922,0
2026-02-04 18:58:50.000,2026-02-04 18:59:00.000,2423,2026-02-04 18:58:57.459,2026-02-04 18:58:53.458,-4000.917,50.02109909057617,0
2026-02-04 18:58:50.000,2026-02-04 18:59:00.000,2108,2026-02-04 18:58:57.549,2026-02-04 18:58:53.462,-4086.126,60.00455856323242,0
2026-02-04 18:58:50.000,2026-02-04 18:59:00.000,477,2026-02-04 18:58:57.566,2026-02-04 18:58:53.471,-4094.547,60.007354736328125,0
2026-02-04 18:58:50.000,2026-02-04 18:59:00.000,2423,2026-02-04 18:58:57.479,2026-02-04 18:58:53.478,-4000.618,50.02018737792969,0
2026-02-04 18:58:50.000,2026-02-04 18:59:00.000,2108,2026-02-04 18:58:57.566,2026-02-04 18:58:53.479,-4086.568,60.00639724731445,0
2026-02-04 18:58:50.000,2026-02-04 18:59:00.000,477,2026-02-04 18:58:57.583,2026-02-04 18:58:53.488,-4095.001,60.00713348388672,0
2026-02-04 18:58:50.000,2026-02-04 18:59:00.000,2108,2026-02-04 18:58:57.583,2026-02-04 18:58:53.495,-4087.286,60.007022857666016,0
2026-02-04 18:58:50.000,2026-02-04 18:59:00.000,2423,2026-02-04 18:58:57.499,2026-02-04 18:58:53.497,-4001.270,50.021724700927734,0
2026-02-04 18:58:50.000,2026-02-04 18:59:00.000,477,2026-02-04 18:58:57.599,2026-02-04 18:58:53.504,-4094.127,60.006961822509766,0
2026-02-04 18:58:50.000,2026-02-04 18:59:00.000,2108,2026-02-04 18:58:57.599,2026-02-04 18:58:53.512,-4086.621,60.006099700927734,0
2026-02-04 18:58:50.000,2026-02-04 18:59:00.000,2423,2026-02-04 18:58:57.519,2026-02-04 18:58:53.517,-4001.614,50.02145004272461,0
2026-02-04 18:58:50.000,2026-02-04 18:59:00.000,477,2026-02-04 18:58:57.616,2026-02-04 18:58:53.522,-4093.599,60.007110595703125,0
2026-02-04 18:58:50.000,2026-02-04 18:59:00.000,2108,2026-02-04 18:58:57.616,2026-02-04 18:58:53.528,-4087.588,60.00576400756836,0
2026-02-04 18:58:50.000,2026-02-04 18:59:00.000,477,2026-02-04 18:58:57.633,2026-02-04 18:58:53.538,-4094.374,60.00703811645508,0
2026-02-04 18:58:50.000,2026-02-04 18:59:00.000,2423,2026-02-04 18:58:57.539,2026-02-04 18:58:53.538,-4000.374,50.02119064331055,0
2026-02-04 18:58:50.000,2026-02-04 18:59:00.000,2108,2026-02-04 18:58:57.633,2026-02-04 18:58:53.545,-4087.865,60.00810241699219,0
2026-02-04 18:58:50.000,2026-02-04 18:59:00.000,2423,2026-02-04 18:58:57.559,2026-02-04 18:58:53.557,-4001.359,50.02336502075195,0
2026-02-04 18:58:50.000,2026-02-04 18:59:00.000,2108,2026-02-04 18:58:57.649,2026-02-04 18:58:53.561,-4087.277,60.00931167602539,0
2026-02-04 18:58:50.000,2026-02-04 18:59:00.000,477,2026-02-04 18:58:57.649,2026-02-04 18:58:53.573,-4075.139,60.007301330566406,0
2026-02-04 18:58:50.000,2026-02-04 18:59:00.000,477,2026-02-04 18:58:57.666,2026-02-04 18:58:53.574,-4091.574,60.00729751586914,0
2026-02-04 18:58:50.000,2026-02-04 18:59:00.000,2423,2026-02-04 18:58:57.579,2026-02-04 18:58:53.578,-4000.564,50.02299118041992,0
2026-02-04 18:58:50.000,2026-02-04 18:59:00.000,2108,2026-02-04 18:58:57.666,2026-02-04 18:58:53.578,-4087.564,60.00568389892578,0
2026-02-04 18:58:50.000,2026-02-04 18:59:00.000,477,2026-02-04 18:58:57.683,2026-02-04 18:58:53.588,-4094.972,60.00693893432617,0
2026-02-04 18:58:50.000,2026-02-04 18:59:00.000,2108,2026-02-04 18:58:57.683,2026-02-04 18:58:53.595,-4087.146,60.00096893310547,0
2026-02-04 18:58:50.000,2026-02-04 18:59:00.000,2423,2026-02-04 18:58:57.599,2026-02-04 18:58:53.597,-4001.154,50.020137786865234,0
2026-02-04 18:58:50.000,2026-02-04 18:59:00.000,477,2026-02-04 18:58:57.699,2026-02-04 18:58:53.606,-4092.629,60.00636672973633,0
2026-02-04 18:58:50.000,2026-02-04 18:59:00.000,2423,2026-02-04 18:58:57.619,2026-02-04 18:58:53.617,-4001.122,50.02164077758789,0
2026-02-04 18:58:50.000,2026-02-04 18:59:00.000,477,2026-02-04 18:58:57.716,2026-02-04 18:58:53.622,-4093.584,60.00587844848633,0
2026-02-04 18:58:50.000,2026-02-04 18:59:00.000,2108,2026-02-04 18:58:57.699,2026-02-04 18:58:53.633,-4065.483,60.00259780883789,0
2026-02-04 18:58:50.000,2026-02-04 18:59:00.000,2108,2026-02-04 18:58:57.716,2026-02-04 18:58:53.633,-4082.491,60.006568908691406,0
2026-02-04 18:58:50.000,2026-02-04 18:59:00.000,2423,2026-02-04 18:58:57.639,2026-02-04 18:58:53.637,-4001.488,50.02363586425781,0
2026-02-04 18:58:50.000,2026-02-04 18:59:00.000,477,2026-02-04 18:58:57.733,2026-02-04 18:58:53.638,-4094.491,60.00616455078125,0
2026-02-04 18:58:50.000,2026-02-04 18:59:00.000,2108,2026-02-04 18:58:57.733,2026-02-04 18:58:53.645,-4087.373,60.00736618041992,0
2026-02-04 18:58:50.000,2026-02-04 18:59:00.000,2423,2026-02-04 18:58:57.659,2026-02-04 18:58:53.658,-4000.854,50.02250289916992,0
2026-02-04 18:58:50.000,2026-02-04 18:59:00.000,2108,2026-02-04 18:58:57.749,2026-02-04 18:58:53.661,-4087.862,60.007904052734375,0
2026-02-04 18:58:50.000,2026-02-04 18:59:00.000,477,2026-02-04 18:58:57.749,2026-02-04 18:58:53.673,-4075.904,60.006710052490234,0
2026-02-04 18:58:50.000,2026-02-04 18:59:00.000,477,2026-02-04 18:58:57.766,2026-02-04 18:58:53.674,-4091.847,60.00664520263672,0
2026-02-04 18:58:50.000,2026-02-04 18:59:00.000,2423,2026-02-04 18:58:57.679,2026-02-04 18:58:53.678,-4000.847,50.020633697509766,0
2026-02-04 18:58:50.000,2026-02-04 18:59:00.000,2108,2026-02-04 18:58:57.766,2026-02-04 18:58:53.679,-4086.847,60.006797790527344,0
2026-02-04 18:58:50.000,2026-02-04 18:59:00.000,477,2026-02-04 18:58:57.783,2026-02-04 18:58:53.687,-4095.332,60.006690979003906,0
2026-02-04 18:58:50.000,2026-02-04 18:59:00.000,2423,2026-02-04 18:58:57.699,2026-02-04 18:58:53.697,-4001.095,50.01945495605469,0
2026-02-04 18:58:50.000,2026-02-04 18:59:00.000,477,2026-02-04 18:58:57.799,2026-02-04 18:58:53.704,-4094.590,60.0066032409668,0
2026-02-04 18:58:50.000,2026-02-04 18:59:00.000,2423,2026-02-04 18:58:57.719,2026-02-04 18:58:53.717,-4001.515,50.02186965942383,0
2026-02-04 18:58:50.000,2026-02-04 18:59:00.000,477,2026-02-04 18:58:57.816,2026-02-04 18:58:53.721,-4095.002,60.00604248046875,0
2026-02-04 18:58:50.000,2026-02-04 18:59:00.000,2108,2026-02-04 18:58:57.783,2026-02-04 18:58:53.723,-4059.489,60.005027770996094,0
2026-02-04 18:58:50.000,2026-02-04 18:59:00.000,2108,2026-02-04 18:58:57.799,2026-02-04 18:58:53.723,-4075.490,60.00580596923828,0
2026-02-04 18:58:50.000,2026-02-04 18:59:00.000,2108,2026-02-04 18:58:57.816,2026-02-04 18:58:53.729,-4086.487,60.00639343261719,0
2026-02-04 18:58:50.000,2026-02-04 18:59:00.000,477,2026-02-04 18:58:57.833,2026-02-04 18:58:53.737,-4095.382,60.0063591003418,0
2026-02-04 18:58:50.000,2026-02-04 18:59:00.000,2423,2026-02-04 18:58:57.739,2026-02-04 18:58:53.738,-4000.382,50.023468017578125,0
2026-02-04 18:58:50.000,2026-02-04 18:59:00.000,2108,2026-02-04 18:58:57.833,2026-02-04 18:58:53.746,-4086.156,60.00474548339844,0
2026-02-04 18:58:50.000,2026-02-04 18:59:00.000,477,2026-02-04 18:58:57.849,2026-02-04 18:58:53.754,-4094.646,60.0067024230957,0
2026-02-04 18:58:50.000,2026-02-04 18:59:00.000,2423,2026-02-04 18:58:57.759,2026-02-04 18:58:53.758,-4000.652,50.02122497558594,0
2026-02-04 18:58:50.000,2026-02-04 18:59:00.000,2108,2026-02-04 18:58:57.849,2026-02-04 18:58:53.762,-4086.646,60.00479507446289,0
2026-02-04 18:58:50.000,2026-02-04 18:59:00.000,477,2026-02-04 18:58:57.866,2026-02-04 18:58:53.771,-4094.324,60.006221771240234,0
2026-02-04 18:58:50.000,2026-02-04 18:59:00.000,2423,2026-02-04 18:58:57.779,2026-02-04 18:58:53.778,-4000.823,50.021949768066406,0
2026-02-04 18:58:50.000,2026-02-04 18:59:00.000,2108,2026-02-04 18:58:57.866,2026-02-04 18:58:53.779,-4086.823,60.006710052490234,0
2026-02-04 18:58:50.000,2026-02-04 18:59:00.000,477,2026-02-04 18:58:57.883,2026-02-04 18:58:53.787,-4095.311,60.00634002685547,0
2026-02-04 18:58:50.000,2026-02-04 18:59:00.000,2108,2026-02-04 18:58:57.883,2026-02-04 18:58:53.795,-4087.245,60.0074462890625,0
2026-02-04 18:58:50.000,2026-02-04 18:59:00.000,2423,2026-02-04 18:58:57.799,2026-02-04 18:58:53.798,-4000.253,50.02498245239258,0
2026-02-04 18:58:50.000,2026-02-04 18:59:00.000,477,2026-02-04 18:58:57.899,2026-02-04 18:58:53.803,-4095.049,60.0067253112793,0
2026-02-04 18:58:50.000,2026-02-04 18:59:00.000,2108,2026-02-04 18:58:57.899,2026-02-04 18:58:53.812,-4086.542,60.009464263916016,0
2026-02-04 18:58:50.000,2026-02-04 18:59:00.000,2423,2026-02-04 18:58:57.819,2026-02-04 18:58:53.817,-4001.536,50.02449035644531,0
2026-02-04 18:58:50.000,2026-02-04 18:59:00.000,477,2026-02-04 18:58:57.916,2026-02-04 18:58:53.820,-4095.029,60.00626754760742,0
2026-02-04 18:58:50.000,2026-02-04 18:59:00.000,2108,2026-02-04 18:58:57.916,2026-02-04 18:58:53.828,-4087.512,60.00767517089844,0
2026-02-04 18:58:50.000,2026-02-04 18:59:00.000,2423,2026-02-04 18:58:57.839,2026-02-04 18:58:53.837,-4001.436,50.021297454833984,0
2026-02-04 18:58:50.000,2026-02-04 18:59:00.000,477,2026-02-04 18:58:57.933,2026-02-04 18:58:53.838,-4094.436,60.00602340698242,0
2026-02-04 18:58:50.000,2026-02-04 18:59:00.000,2108,2026-02-04 18:58:57.933,2026-02-04 18:58:53.853,-4079.844,60.0028190612793,0
2026-02-04 18:58:50.000,2026-02-04 18:59:00.000,477,2026-02-04 18:58:57.949,2026-02-04 18:58:53.854,-4094.842,60.006412506103516,0
2026-02-04 18:58:50.000,2026-02-04 18:59:00.000,2423,2026-02-04 18:58:57.859,2026-02-04 18:58:53.859,-3999.830,50.01919937133789,0
2026-02-04 18:58:50.000,2026-02-04 18:59:00.000,2108,2026-02-04 18:58:57.949,2026-02-04 18:58:53.862,-4086.336,60.004512786865234,0
2026-02-04 18:58:50.000,2026-02-04 18:59:00.000,2423,2026-02-04 18:58:57.879,2026-02-04 18:58:53.877,-4001.284,50.0203857421875,0
2026-02-04 18:58:50.000,2026-02-04 18:59:00.000,2108,2026-02-04 18:58:57.966,2026-02-04 18:58:53.878,-4087.286,60.00650405883789,0
2026-02-04 18:58:50.000,2026-02-04 18:59:00.000,477,2026-02-04 18:58:57.966,2026-02-04 18:58:53.882,-4083.286,60.00650405883789,0
2026-02-04 18:58:50.000,2026-02-04 18:59:00.000,477,2026-02-04 18:58:57.983,2026-02-04 18:58:53.894,-4088.312,60.006126403808594,0
2026-02-04 18:58:50.000,2026-02-04 18:59:00.000,2108,2026-02-04 18:58:57.983,2026-02-04 18:58:53.895,-4087.316,60.00437927246094,0
2026-02-04 18:58:50.000,2026-02-04 18:59:00.000,2423,2026-02-04 18:58:57.899,2026-02-04 18:58:53.897,-4001.307,50.022090911865234,0
2026-02-04 18:58:50.000,2026-02-04 18:59:00.000,477,2026-02-04 18:58:57.999,2026-02-04 18:58:53.908,-4090.273,60.0059814453125,0
2026-02-04 18:58:50.000,2026-02-04 18:59:00.000,2108,2026-02-04 18:58:57.999,2026-02-04 18:58:53.911,-4087.272,60.005943298339844,0
2026-02-04 18:58:50.000,2026-02-04 18:59:00.000,2423,2026-02-04 18:58:57.919,2026-02-04 18:58:53.918,-4000.761,50.02115249633789,0
2026-02-04 18:58:50.000,2026-02-04 18:59:00.000,2108,2026-02-04 18:58:58.016,2026-02-04 18:58:53.928,-4087.413,60.0092887878418,0
2026-02-04 18:58:50.000,2026-02-04 18:59:00.000,477,2026-02-04 18:58:58.016,2026-02-04 18:58:53.933,-4082.908,60.00641632080078,0
2026-02-04 18:58:50.000,2026-02-04 18:59:00.000,2423,2026-02-04 18:58:57.939,2026-02-04 18:58:53.938,-4000.894,50.019622802734375,0
2026-02-04 18:58:50.000,2026-02-04 18:59:00.000,477,2026-02-04 18:58:58.033,2026-02-04 18:58:53.938,-4094.894,60.007083892822266,0
2026-02-04 18:58:50.000,2026-02-04 18:59:00.000,2108,2026-02-04 18:58:58.033,2026-02-04 18:58:53.945,-4087.373,60.00831604003906,0
2026-02-04 18:58:50.000,2026-02-04 18:59:00.000,477,2026-02-04 18:58:58.049,2026-02-04 18:58:53.954,-4094.090,60.00669479370117,0
2026-02-04 18:58:50.000,2026-02-04 18:59:00.000,2423,2026-02-04 18:58:57.959,2026-02-04 18:58:53.957,-4001.098,50.02113342285156,0
2026-02-04 18:58:50.000,2026-02-04 18:59:00.000,2108,2026-02-04 18:58:58.049,2026-02-04 18:58:53.962,-4086.585,60.00431823730469,0
2026-02-04 18:58:50.000,2026-02-04 18:59:00.000,477,2026-02-04 18:58:58.066,2026-02-04 18:58:53.971,-4094.580,60.005733489990234,0
2026-02-04 18:58:50.000,2026-02-04 18:59:00.000,2423,2026-02-04 18:58:57.979,2026-02-04 18:58:53.977,-4001.135,50.02365493774414,0
2026-02-04 18:58:50.000,2026-02-04 18:59:00.000,2108,2026-02-04 18:58:58.066,2026-02-04 18:58:53.978,-4087.128,60.00117111206055,0
2026-02-04 18:58:50.000,2026-02-04 18:59:00.000,477,2026-02-04 18:58:58.083,2026-02-04 18:58:53.987,-4095.617,60.006378173828125,0
2026-02-04 18:58:50.000,2026-02-04 18:59:00.000,2108,2026-02-04 18:58:58.083,2026-02-04 18:58:53.995,-4087.437,60.00330352783203,0
2026-02-04 18:58:50.000,2026-02-04 18:59:00.000,2423,2026-02-04 18:58:57.999,2026-02-04 18:58:53.997,-4001.446,50.02235412597656,0
2026-02-04 18:58:50.000,2026-02-04 18:59:00.000,477,2026-02-04 18:58:58.099,2026-02-04 18:58:54.005,-4093.926,60.00666427612305,0
2026-02-04 18:58:50.000,2026-02-04 18:59:00.000,2108,2026-02-04 18:58:58.099,2026-02-04 18:58:54.012,-4086.315,60.00667953491211,0
2026-02-04 18:58:50.000,2026-02-04 18:59:00.000,2423,2026-02-04 18:58:58.019,2026-02-04 18:58:54.017,-4001.307,50.019962310791016,0
2026-02-04 18:58:50.000,2026-02-04 18:59:00.000,477,2026-02-04 18:58:58.116,2026-02-04 18:58:54.021,-4094.805,60.00543975830078,0
2026-02-04 18:58:50.000,2026-02-04 18:59:00.000,2108,2026-02-04 18:58:58.116,2026-02-04 18:58:54.028,-4087.295,60.007572174072266,0
2026-02-04 18:58:50.000,2026-02-04 18:59:00.000,477,2026-02-04 18:58:58.133,2026-02-04 18:58:54.038,-4094.781,60.0052604675293,0
2026-02-04 18:58:50.000,2026-02-04 18:59:00.000,2423,2026-02-04 18:58:58.039,2026-02-04 18:58:54.038,-4000.781,50.02005386352539,0
2026-02-04 18:58:50.000,2026-02-04 18:59:00.000,2108,2026-02-04 18:58:58.133,2026-02-04 18:58:54.045,-4087.270,60.00808334350586,0
2026-02-04 18:58:50.000,2026-02-04 18:59:00.000,477,2026-02-04 18:58:58.149,2026-02-04 18:58:54.054,-4094.222,60.005455017089844,0
2026-02-04 18:58:50.000,2026-02-04 18:59:00.000,2423,2026-02-04 18:58:58.059,2026-02-04 18:58:54.058,-4000.212,50.02098846435547,0
2026-02-04 18:58:50.000,2026-02-04 18:59:00.000,2108,2026-02-04 18:58:58.149,2026-02-04 18:58:54.062,-4086.721,60.00400924682617,0
2026-02-04 18:58:50.000,2026-02-04 18:59:00.000,477,2026-02-04 18:58:58.166,2026-02-04 18:58:54.071,-4094.715,60.00529479980469,0
2026-02-04 18:58:50.000,2026-02-04 18:59:00.000,2423,2026-02-04 18:58:58.079,2026-02-04 18:58:54.077,-4001.475,50.02266311645508,0
2026-02-04 18:58:50.000,2026-02-04 18:59:00.000,2108,2026-02-04 18:58:58.166,2026-02-04 18:58:54.078,-4087.475,60.0012092590332,0
2026-02-04 18:58:50.000,2026-02-04 18:59:00.000,477,2026-02-04 18:58:58.183,2026-02-04 18:58:54.090,-4092.641,60.005802154541016,0
2026-02-04 18:58:50.000,2026-02-04 18:59:00.000,2108,2026-02-04 18:58:58.183,2026-02-04 18:58:54.094,-4088.135,60.008445739746094,0
2026-02-04 18:58:50.000,2026-02-04 18:59:00.000,2423,2026-02-04 18:58:58.099,2026-02-04 18:58:54.097,-4001.126,50.023494720458984,0
2026-02-04 18:58:50.000,2026-02-04 18:59:00.000,477,2026-02-04 18:58:58.199,2026-02-04 18:58:54.104,-4094.623,60.00593566894531,0
2026-02-04 18:58:50.000,2026-02-04 18:59:00.000,2108,2026-02-04 18:58:58.199,2026-02-04 18:58:54.112,-4086.622,60.0130500793457,0
2026-02-04 18:58:50.000,2026-02-04 18:59:00.000,2423,2026-02-04 18:58:58.119,2026-02-04 18:58:54.117,-4001.329,50.021663665771484,0
2026-02-04 18:58:50.000,2026-02-04 18:59:00.000,477,2026-02-04 18:58:58.216,2026-02-04 18:58:54.121,-4094.816,60.0048713684082,0
2026-02-04 18:58:50.000,2026-02-04 18:59:00.000,2108,2026-02-04 18:58:58.216,2026-02-04 18:58:54.129,-4086.304,60.00618362426758,0
2026-02-04 18:58:50.000,2026-02-04 18:59:00.000,2423,2026-02-04 18:58:58.139,2026-02-04 18:58:54.138,-4000.257,50.02074432373047,0
2026-02-04 18:58:50.000,2026-02-04 18:59:00.000,477,2026-02-04 18:58:58.233,2026-02-04 18:58:54.138,-4094.257,60.00448989868164,0
2026-02-04 18:58:50.000,2026-02-04 18:59:00.000,2108,2026-02-04 18:58:58.233,2026-02-04 18:58:54.145,-4087.114,60.001121520996094,0
2026-02-04 18:58:50.000,2026-02-04 18:59:00.000,477,2026-02-04 18:58:58.249,2026-02-04 18:58:54.154,-4094.601,60.005069732666016,0
2026-02-04 18:58:50.000,2026-02-04 18:59:00.000,2423,2026-02-04 18:58:58.159,2026-02-04 18:58:54.157,-4001.595,50.02199935913086,0
2026-02-04 18:58:50.000,2026-02-04 18:59:00.000,2108,2026-02-04 18:58:58.249,2026-02-04 18:58:54.162,-4086.564,60.00447463989258,0
2026-02-04 18:58:50.000,2026-02-04 18:59:00.000,477,2026-02-04 18:58:58.266,2026-02-04 18:58:54.171,-4094.264,60.005332946777344,0
2026-02-04 18:58:50.000,2026-02-04 18:59:00.000,2423,2026-02-04 18:58:58.179,2026-02-04 18:58:54.177,-4001.073,50.0218620300293,0
2026-02-04 18:58:50.000,2026-02-04 18:59:00.000,2108,2026-02-04 18:58:58.266,2026-02-04 18:58:54.178,-4087.074,60.00753402709961,0
2026-02-04 18:58:50.000,2026-02-04 18:59:00.000,477,2026-02-04 18:58:58.283,2026-02-04 18:58:54.187,-4095.556,60.005409240722656,0
2026-02-04 18:58:50.000,2026-02-04 18:59:00.000,2108,2026-02-04 18:58:58.283,2026-02-04 18:58:54.195,-4087.461,60.007713317871094,0
2026-02-04 18:58:50.000,2026-02-04 18:59:00.000,2423,2026-02-04 18:58:58.199,2026-02-04 18:58:54.197,-4001.468,50.02020263671875,0
2026-02-04 18:58:50.000,2026-02-04 18:59:00.000,477,2026-02-04 18:58:58.299,2026-02-04 18:58:54.204,-4094.183,60.004859924316406,0
2026-02-04 18:58:50.000,2026-02-04 18:59:00.000,2108,2026-02-04 18:58:58.299,2026-02-04 18:58:54.212,-4086.679,60.005523681640625,0
2026-02-04 18:58:50.000,2026-02-04 18:59:00.000,2423,2026-02-04 18:58:58.219,2026-02-04 18:58:54.218,-4000.674,50.020416259765625,0
2026-02-04 18:58:50.000,2026-02-04 18:59:00.000,477,2026-02-04 18:58:58.316,2026-02-04 18:58:54.224,-4091.558,60.004783630371094,0
2026-02-04 18:58:50.000,2026-02-04 18:59:00.000,2108,2026-02-04 18:58:58.316,2026-02-04 18:58:54.228,-4087.560,60.00373840332031,0
2026-02-04 18:58:50.000,2026-02-04 18:59:00.000,2423,2026-02-04 18:58:58.239,2026-02-04 18:58:54.237,-4001.313,50.02146530151367,0
2026-02-04 18:58:50.000,2026-02-04 18:59:00.000,477,2026-02-04 18:58:58.333,2026-02-04 18:58:54.237,-4095.313,60.005271911621094,0
2026-02-04 18:58:50.000,2026-02-04 18:59:00.000,2108,2026-02-04 18:58:58.333,2026-02-04 18:58:54.245,-4087.795,60.00558090209961,0
2026-02-04 18:58:50.000,2026-02-04 18:59:00.000,477,2026-02-04 18:58:58.349,2026-02-04 18:58:54.254,-4094.284,60.00477981567383,0
2026-02-04 18:58:50.000,2026-02-04 18:59:00.000,2423,2026-02-04 18:58:58.259,2026-02-04 18:58:54.258,-4000.733,50.02043914794922,0
2026-02-04 18:58:50.000,2026-02-04 18:59:00.000,2108,2026-02-04 18:58:58.349,2026-02-04 18:58:54.262,-4086.232,60.005802154541016,0
2026-02-04 18:58:50.000,2026-02-04 18:59:00.000,477,2026-02-04 18:58:58.366,2026-02-04 18:58:54.270,-4095.225,60.00448989868164,0
2026-02-04 18:58:50.000,2026-02-04 18:59:00.000,2423,2026-02-04 18:58:58.279,2026-02-04 18:58:54.277,-4001.210,50.020320892333984,0
2026-02-04 18:58:50.000,2026-02-04 18:59:00.000,2108,2026-02-04 18:58:58.366,2026-02-04 18:58:54.278,-4087.211,60.003379821777344,0
2026-02-04 18:58:50.000,2026-02-04 18:59:00.000,477,2026-02-04 18:58:58.383,2026-02-04 18:58:54.287,-4095.695,60.004966735839844,0
2026-02-04 18:58:50.000,2026-02-04 18:59:00.000,2108,2026-02-04 18:58:58.383,2026-02-04 18:58:54.296,-4086.991,60.003196716308594,0
2026-02-04 18:58:50.000,2026-02-04 18:59:00.000,2423,2026-02-04 18:58:58.299,2026-02-04 18:58:54.298,-4000.982,50.021324157714844,0
2026-02-04 18:58:50.000,2026-02-04 18:59:00.000,477,2026-02-04 18:58:58.399,2026-02-04 18:58:54.304,-4094.891,60.005184173583984,0
2026-02-04 18:58:50.000,2026-02-04 18:59:00.000,2108,2026-02-04 18:58:58.399,2026-02-04 18:58:54.312,-4086.386,60.005645751953125,0
2026-02-04 18:58:50.000,2026-02-04 18:59:00.000,2423,2026-02-04 18:58:58.319,2026-02-04 18:58:54.317,-4001.379,50.01957702636719,0
2026-02-04 18:58:50.000,2026-02-04 18:59:00.000,477,2026-02-04 18:58:58.416,2026-02-04 18:58:54.321,-4094.860,60.00507354736328,0
2026-02-04 18:58:50.000,2026-02-04 18:59:00.000,2108,2026-02-04 18:58:58.416,2026-02-04 18:58:54.330,-4085.836,60.00597381591797,0
2026-02-04 18:58:50.000,2026-02-04 18:59:00.000,477,2026-02-04 18:58:58.433,2026-02-04 18:58:54.338,-4094.731,60.005104064941406,0
2026-02-04 18:58:50.000,2026-02-04 18:59:00.000,2423,2026-02-04 18:58:58.339,2026-02-04 18:58:54.338,-4000.731,50.01883316040039,0
2026-02-04 18:58:50.000,2026-02-04 18:59:00.000,2108,2026-02-04 18:58:58.433,2026-02-04 18:58:54.345,-4087.221,60.0067253112793,0
2026-02-04 18:58:50.000,2026-02-04 18:59:00.000,477,2026-02-04 18:58:58.449,2026-02-04 18:58:54.354,-4094.707,60.0054817199707,0
2026-02-04 18:58:50.000,2026-02-04 18:59:00.000,2423,2026-02-04 18:58:58.359,2026-02-04 18:58:54.357,-4001.717,50.02095031738281,0
2026-02-04 18:58:50.000,2026-02-04 18:59:00.000,2108,2026-02-04 18:58:58.449,2026-02-04 18:58:54.362,-4086.695,60.00800704956055,0
2026-02-04 18:58:50.000,2026-02-04 18:59:00.000,477,2026-02-04 18:58:58.466,2026-02-04 18:58:54.373,-4092.576,60.005340576171875,0
2026-02-04 18:58:50.000,2026-02-04 18:59:00.000,2423,2026-02-04 18:58:58.379,2026-02-04 18:58:54.378,-4000.574,50.02054214477539,0
2026-02-04 18:58:50.000,2026-02-04 18:59:00.000,2108,2026-02-04 18:58:58.466,2026-02-04 18:58:54.378,-4087.574,60.00521469116211,0
2026-02-04 18:58:50.000,2026-02-04 18:59:00.000,477,2026-02-04 18:58:58.483,2026-02-04 18:58:54.387,-4095.214,60.004669189453125,0
2026-02-04 18:58:50.000,2026-02-04 18:59:00.000,2108,2026-02-04 18:58:58.483,2026-02-04 18:58:54.395,-4087.703,60.00386047363281,0
2026-02-04 18:58:50.000,2026-02-04 18:59:00.000,2423,2026-02-04 18:58:58.399,2026-02-04 18:58:54.398,-4000.710,50.01919174194336,0
2026-02-04 18:58:50.000,2026-02-04 18:59:00.000,477,2026-02-04 18:58:58.499,2026-02-04 18:58:54.408,-4090.191,60.00424575805664,0
2026-02-04 18:58:50.000,2026-02-04 18:59:00.000,2108,2026-02-04 18:58:58.499,2026-02-04 18:58:54.413,-4085.675,60.00441360473633,0
2026-02-04 18:58:50.000,2026-02-04 18:59:00.000,2423,2026-02-04 18:58:58.419,2026-02-04 18:58:54.424,-3994.644,50.019935607910156,0
2026-02-04 18:58:50.000,2026-02-04 18:59:00.000,477,2026-02-04 18:58:58.516,2026-02-04 18:58:54.425,-4090.645,60.00394821166992,0
2026-02-04 18:58:50.000,2026-02-04 18:59:00.000,2108,2026-02-04 18:58:58.516,2026-02-04 18:58:54.435,-4080.562,60.00295639038086,0
2026-02-04 18:58:50.000,2026-02-04 18:59:00.000,2423,2026-02-04 18:58:58.439,2026-02-04 18:58:54.438,-4000.564,50.02057647705078,0
2026-02-04 18:58:50.000,2026-02-04 18:59:00.000,477,2026-02-04 18:58:58.533,2026-02-04 18:58:54.439,-4093.562,60.00443649291992,0
2026-02-04 18:58:50.000,2026-02-04 18:59:00.000,2108,2026-02-04 18:58:58.533,2026-02-04 18:58:54.456,-4076.309,60.001930236816406,0
2026-02-04 18:58:50.000,2026-02-04 18:59:00.000,477,2026-02-04 18:58:58.549,2026-02-04 18:58:54.457,-4091.312,60.00507354736328,0
2026-02-04 18:58:50.000,2026-02-04 18:59:00.000,2423,2026-02-04 18:58:58.459,2026-02-04 18:58:54.475,-3983.331,50.02088928222656,0
2026-02-04 18:58:50.000,2026-02-04 18:59:00.000,2108,2026-02-04 18:58:58.549,2026-02-04 18:58:54.475,-4073.339,60.00430679321289,0
2026-02-04 18:58:50.000,2026-02-04 18:59:00.000,477,2026-02-04 18:58:58.566,2026-02-04 18:58:54.476,-4089.340,60.004947662353516,0
2026-02-04 18:58:50.000,2026-02-04 18:59:00.000,2423,2026-02-04 18:58:58.479,2026-02-04 18:58:54.477,-4001.341,50.02096939086914,0
2026-02-04 18:58:50.000,2026-02-04 18:59:00.000,2108,2026-02-04 18:58:58.566,2026-02-04 18:58:54.478,-4087.342,60.00648498535156,0
2026-02-04 18:58:50.000,2026-02-04 18:59:00.000,477,2026-02-04 18:58:58.583,2026-02-04 18:58:54.488,-4094.845,60.00474548339844,0
2026-02-04 18:58:50.000,2026-02-04 18:59:00.000,2108,2026-02-04 18:58:58.583,2026-02-04 18:58:54.495,-4087.328,60.00638198852539,0
2026-02-04 18:58:50.000,2026-02-04 18:59:00.000,2423,2026-02-04 18:58:58.499,2026-02-04 18:58:54.497,-4001.321,50.01982498168945,0
2026-02-04 18:58:50.000,2026-02-04 18:59:00.000,477,2026-02-04 18:58:58.599,2026-02-04 18:58:54.515,-4083.442,60.004573822021484,0
2026-02-04 18:58:50.000,2026-02-04 18:59:00.000,2108,2026-02-04 18:58:58.599,2026-02-04 18:58:54.517,-4081.440,60.004642486572266,0
2026-02-04 18:58:50.000,2026-02-04 18:59:00.000,2423,2026-02-04 18:58:58.519,2026-02-04 18:58:54.518,-4000.442,50.020565032958984,0
2026-02-04 18:58:50.000,2026-02-04 18:59:00.000,477,2026-02-04 18:58:58.616,2026-02-04 18:58:54.532,-4083.419,60.004920959472656,0
2026-02-04 18:58:50.000,2026-02-04 18:59:00.000,2108,2026-02-04 18:58:58.616,2026-02-04 18:58:54.533,-4082.366,60.00232696533203,0
2026-02-04 18:58:50.000,2026-02-04 18:59:00.000,477,2026-02-04 18:58:58.633,2026-02-04 18:58:54.542,-4090.362,60.00514602661133,0
2026-02-04 18:58:50.000,2026-02-04 18:59:00.000,2423,2026-02-04 18:58:58.539,2026-02-04 18:58:54.543,-3995.856,50.02229309082031,0
2026-02-04 18:58:50.000,2026-02-04 18:59:00.000,2108,2026-02-04 18:58:58.633,2026-02-04 18:58:54.545,-4087.850,60.004207611083984,0
2026-02-04 18:58:50.000,2026-02-04 18:59:00.000,477,2026-02-04 18:58:58.649,2026-02-04 18:58:54.554,-4094.333,60.004127502441406,0
2026-02-04 18:58:50.000,2026-02-04 18:59:00.000,2423,2026-02-04 18:58:58.559,2026-02-04 18:58:54.558,-4000.835,50.02051544189453,0
2026-02-04 18:58:50.000,2026-02-04 18:59:00.000,2108,2026-02-04 18:58:58.649,2026-02-04 18:58:54.562,-4086.683,60.0054817199707,0
2026-02-04 18:58:50.000,2026-02-04 18:59:00.000,477,2026-02-04 18:58:58.666,2026-02-04 18:58:54.570,-4095.164,60.00410461425781,0
2026-02-04 18:58:50.000,2026-02-04 18:59:00.000,2423,2026-02-04 18:58:58.579,2026-02-04 18:58:54.578,-4000.082,50.02016830444336,0
2026-02-04 18:58:50.000,2026-02-04 18:59:00.000,2108,2026-02-04 18:58:58.666,2026-02-04 18:58:54.578,-4087.082,60.00413131713867,0
2026-02-04 18:58:50.000,2026-02-04 18:59:00.000,477,2026-02-04 18:58:58.683,2026-02-04 18:58:54.587,-4095.565,60.00529098510742,0
2026-02-04 18:58:50.000,2026-02-04 18:59:00.000,2108,2026-02-04 18:58:58.683,2026-02-04 18:58:54.601,-4081.507,60.00495529174805,0
2026-02-04 18:58:50.000,2026-02-04 18:59:00.000,2423,2026-02-04 18:58:58.599,2026-02-04 18:58:54.601,-3997.515,50.02252960205078,0
2026-02-04 18:58:50.000,2026-02-04 18:59:00.000,477,2026-02-04 18:58:58.699,2026-02-04 18:58:54.605,-4093.988,60.004974365234375,0
2026-02-04 18:58:50.000,2026-02-04 18:59:00.000,2108,2026-02-04 18:58:58.699,2026-02-04 18:58:54.613,-4085.969,60.004886627197266,0
2026-02-04 18:58:50.000,2026-02-04 18:59:00.000,2423,2026-02-04 18:58:58.619,2026-02-04 18:58:54.621,-3997.447,50.0217399597168,0
2026-02-04 18:58:50.000,2026-02-04 18:59:00.000,477,2026-02-04 18:58:58.716,2026-02-04 18:58:54.622,-4093.458,60.00364303588867,0
2026-02-04 18:58:50.000,2026-02-04 18:59:00.000,2108,2026-02-04 18:58:58.716,2026-02-04 18:58:54.637,-4078.919,60.005348205566406,0
2026-02-04 18:58:50.000,2026-02-04 18:59:00.000,2423,2026-02-04 18:58:58.639,2026-02-04 18:58:54.638,-4000.920,50.01791763305664,0
2026-02-04 18:58:50.000,2026-02-04 18:59:00.000,477,2026-02-04 18:58:58.733,2026-02-04 18:58:54.638,-4094.920,60.00312423706055,0
2026-02-04 18:58:50.000,2026-02-04 18:59:00.000,2108,2026-02-04 18:58:58.733,2026-02-04 18:58:54.646,-4086.406,60.00553512573242,0
2026-02-04 18:58:50.000,2026-02-04 18:59:00.000,477,2026-02-04 18:58:58.749,2026-02-04 18:58:54.654,-4094.284,60.00313949584961,0
2026-02-04 18:58:50.000,2026-02-04 18:59:00.000,2423,2026-02-04 18:58:58.659,2026-02-04 18:58:54.657,-4001.276,50.01718521118164,0
2026-02-04 18:58:50.000,2026-02-04 18:59:00.000,2108,2026-02-04 18:58:58.749,2026-02-04 18:58:54.661,-4087.283,60.0042610168457,0
2026-02-04 18:58:50.000,2026-02-04 18:59:00.000,477,2026-02-04 18:58:58.766,2026-02-04 18:58:54.671,-4094.774,60.00341033935547,0
2026-02-04 18:58:50.000,2026-02-04 18:59:00.000,2423,2026-02-04 18:58:58.679,2026-02-04 18:58:54.677,-4001.261,50.02019119262695,0
2026-02-04 18:58:50.000,2026-02-04 18:59:00.000,2108,2026-02-04 18:58:58.766,2026-02-04 18:58:54.678,-4087.261,60.00367736816406,0
2026-02-04 18:58:50.000,2026-02-04 18:59:00.000,477,2026-02-04 18:58:58.783,2026-02-04 18:58:54.688,-4094.690,60.00400161743164,0
2026-02-04 18:58:50.000,2026-02-04 18:59:00.000,2108,2026-02-04 18:58:58.783,2026-02-04 18:58:54.695,-4087.334,60.00510787963867,0
2026-02-04 18:58:50.000,2026-02-04 18:59:00.000,2423,2026-02-04 18:58:58.699,2026-02-04 18:58:54.697,-4001.327,50.02177047729492,0
2026-02-04 18:58:50.000,2026-02-04 18:59:00.000,477,2026-02-04 18:58:58.799,2026-02-04 18:58:54.704,-4094.846,60.0045280456543,0
2026-02-04 18:58:50.000,2026-02-04 18:59:00.000,2108,2026-02-04 18:58:58.799,2026-02-04 18:58:54.712,-4086.343,60.00765609741211,0
2026-02-04 18:58:50.000,2026-02-04 18:59:00.000,2423,2026-02-04 18:58:58.719,2026-02-04 18:58:54.717,-4001.337,50.02064895629883,0
2026-02-04 18:58:50.000,2026-02-04 18:59:00.000,477,2026-02-04 18:58:58.816,2026-02-04 18:58:54.721,-4094.848,60.004703521728516,0
2026-02-04 18:58:50.000,2026-02-04 18:59:00.000,2108,2026-02-04 18:58:58.816,2026-02-04 18:58:54.728,-4087.332,60.00599670410156,0
2026-02-04 18:58:50.000,2026-02-04 18:59:00.000,2423,2026-02-04 18:58:58.739,2026-02-04 18:58:54.738,-4000.264,50.01853942871094,0
2026-02-04 18:58:50.000,2026-02-04 18:59:00.000,477,2026-02-04 18:58:58.833,2026-02-04 18:58:54.738,-4094.264,60.00480270385742,0
2026-02-04 18:58:50.000,2026-02-04 18:59:00.000,2108,2026-02-04 18:58:58.833,2026-02-04 18:58:54.746,-4086.236,60.0007438659668,0
2026-02-04 18:58:50.000,2026-02-04 18:59:00.000,477,2026-02-04 18:58:58.849,2026-02-04 18:58:54.756,-4092.628,60.00440216064453,0
2026-02-04 18:58:50.000,2026-02-04 18:59:00.000,2423,2026-02-04 18:58:58.759,2026-02-04 18:58:54.758,-4000.640,50.01960372924805,0
2026-02-04 18:58:50.000,2026-02-04 18:59:00.000,2108,2026-02-04 18:58:58.849,2026-02-04 18:58:54.762,-4086.629,59.99738693237305,0
2026-02-04 18:58:50.000,2026-02-04 18:59:00.000,477,2026-02-04 18:58:58.866,2026-02-04 18:58:54.771,-4094.567,60.003570556640625,0
2026-02-04 18:58:50.000,2026-02-04 18:59:00.000,2423,2026-02-04 18:58:58.779,2026-02-04 18:58:54.779,-4000.004,50.02217483520508,0
2026-02-04 18:58:50.000,2026-02-04 18:59:00.000,2108,2026-02-04 18:58:58.866,2026-02-04 18:58:54.779,-4087.004,60.00228500366211,0
2026-02-04 18:58:50.000,2026-02-04 18:59:00.000,477,2026-02-04 18:58:58.883,2026-02-04 18:58:54.788,-4094.488,60.003150939941406,0
2026-02-04 18:58:50.000,2026-02-04 18:59:00.000,2108,2026-02-04 18:58:58.883,2026-02-04 18:58:54.795,-4087.147,60.0086784362793,0
2026-02-04 18:58:50.000,2026-02-04 18:59:00.000,2423,2026-02-04 18:58:58.799,2026-02-04 18:58:54.797,-4001.156,50.021568298339844,0
2026-02-04 18:58:50.000,2026-02-04 18:59:00.000,477,2026-02-04 18:58:58.899,2026-02-04 18:58:54.804,-4094.634,60.0032958984375,0
2026-02-04 18:58:50.000,2026-02-04 18:59:00.000,2108,2026-02-04 18:58:58.899,2026-02-04 18:58:54.812,-4086.636,60.006961822509766,0
2026-02-04 18:58:50.000,2026-02-04 18:59:00.000,2423,2026-02-04 18:58:58.819,2026-02-04 18:58:54.818,-4000.523,50.01925277709961,0
2026-02-04 18:58:50.000,2026-02-04 18:59:00.000,477,2026-02-04 18:58:58.916,2026-02-04 18:58:54.820,-4095.021,60.00386428833008,0
2026-02-04 18:58:50.000,2026-02-04 18:59:00.000,2108,2026-02-04 18:58:58.916,2026-02-04 18:58:54.828,-4087.506,60.001914978027344,0
2026-02-04 18:58:50.000,2026-02-04 18:59:00.000,2423,2026-02-04 18:58:58.839,2026-02-04 18:58:54.838,-4000.382,50.02010726928711,0
2026-02-04 18:58:50.000,2026-02-04 18:59:00.000,477,2026-02-04 18:58:58.933,2026-02-04 18:58:54.838,-4094.382,60.00387954711914,0
2026-02-04 18:58:50.000,2026-02-04 18:59:00.000,2108,2026-02-04 18:58:58.933,2026-02-04 18:58:54.846,-4086.876,60.001338958740234,0
2026-02-04 18:58:50.000,2026-02-04 18:59:00.000,477,2026-02-04 18:58:58.949,2026-02-04 18:58:54.855,-4093.358,60.0031852722168,0
2026-02-04 18:58:50.000,2026-02-04 18:59:00.000,2423,2026-02-04 18:58:58.859,2026-02-04 18:58:54.859,-3999.349,50.023460388183594,0
2026-02-04 18:58:50.000,2026-02-04 18:59:00.000,2108,2026-02-04 18:58:58.949,2026-02-04 18:58:54.865,-4083.306,60.00412368774414,0
2026-02-04 18:58:50.000,2026-02-04 18:59:00.000,477,2026-02-04 18:58:58.966,2026-02-04 18:58:54.870,-4095.305,60.00334930419922,0
2026-02-04 18:58:50.000,2026-02-04 18:59:00.000,2423,2026-02-04 18:58:58.879,2026-02-04 18:58:54.877,-4001.190,50.02290344238281,0
2026-02-04 18:58:50.000,2026-02-04 18:59:00.000,2108,2026-02-04 18:58:58.966,2026-02-04 18:58:54.878,-4087.193,60.00545883178711,0
2026-02-04 18:58:50.000,2026-02-04 18:59:00.000,477,2026-02-04 18:58:58.983,2026-02-04 18:58:54.887,-4095.678,60.00433349609375,0
2026-02-04 18:58:50.000,2026-02-04 18:59:00.000,2108,2026-02-04 18:58:58.983,2026-02-04 18:58:54.895,-4087.168,60.003517150878906,0
2026-02-04 18:58:50.000,2026-02-04 18:59:00.000,2423,2026-02-04 18:58:58.899,2026-02-04 18:58:54.897,-4001.161,50.0203742980957,0
2026-02-04 18:58:50.000,2026-02-04 18:59:00.000,477,2026-02-04 18:58:58.999,2026-02-04 18:58:54.904,-4094.659,60.00468063354492,0
2026-02-04 18:58:50.000,2026-02-04 18:59:00.000,2108,2026-02-04 18:58:58.999,2026-02-04 18:58:54.912,-4086.657,59.998538970947266,0
2026-02-04 18:58:50.000,2026-02-04 18:59:00.000,2423,2026-02-04 18:58:58.919,2026-02-04 18:58:54.917,-4001.430,50.021114349365234,0
2026-02-04 18:58:50.000,2026-02-04 18:59:00.000,477,2026-02-04 18:58:59.016,2026-02-04 18:58:54.921,-4094.972,60.004066467285156,0
2026-02-04 18:58:50.000,2026-02-04 18:59:00.000,2108,2026-02-04 18:58:59.016,2026-02-04 18:58:54.928,-4087.454,59.99856948852539,0
2026-02-04 18:58:50.000,2026-02-04 18:59:00.000,477,2026-02-04 18:58:59.033,2026-02-04 18:58:54.937,-4095.624,60.00346374511719,0
2026-02-04 18:58:50.000,2026-02-04 18:59:00.000,2423,2026-02-04 18:58:58.939,2026-02-04 18:58:54.938,-4000.625,50.021392822265625,0
2026-02-04 18:58:50.000,2026-02-04 18:59:00.000,2108,2026-02-04 18:58:59.033,2026-02-04 18:58:54.952,-4080.595,60.004695892333984,0
2026-02-04 18:58:50.000,2026-02-04 18:59:00.000,477,2026-02-04 18:58:59.049,2026-02-04 18:58:54.954,-4094.566,60.00295639038086,0
2026-02-04 18:58:50.000,2026-02-04 18:59:00.000,2423,2026-02-04 18:58:58.959,2026-02-04 18:58:54.957,-4001.573,50.01911926269531,0
2026-02-04 18:58:50.000,2026-02-04 18:59:00.000,2108,2026-02-04 18:58:59.049,2026-02-04 18:58:54.965,-4083.540,60.0069694519043,0
2026-02-04 18:58:50.000,2026-02-04 18:59:00.000,477,2026-02-04 18:58:59.066,2026-02-04 18:58:54.971,-4094.542,60.0028076171875,0
2026-02-04 18:58:50.000,2026-02-04 18:59:00.000,2423,2026-02-04 18:58:58.979,2026-02-04 18:58:54.977,-4001.503,50.01922607421875,0
2026-02-04 18:58:50.000,2026-02-04 18:59:00.000,2108,2026-02-04 18:58:59.066,2026-02-04 18:58:54.985,-4080.468,60.00487518310547,0
2026-02-04 18:58:50.000,2026-02-04 18:59:00.000,477,2026-02-04 18:58:59.083,2026-02-04 18:58:54.987,-4095.468,60.00323486328125,0
2026-02-04 18:58:50.000,2026-02-04 18:59:00.000,2108,2026-02-04 18:58:59.083,2026-02-04 18:58:54.995,-4087.165,60.00318145751953,0
2026-02-04 18:58:50.000,2026-02-04 18:59:00.000,2423,2026-02-04 18:58:58.999,2026-02-04 18:58:54.997,-4001.172,50.02268600463867,0
2026-02-04 18:58:50.000,2026-02-04 18:59:00.000,477,2026-02-04 18:58:59.099,2026-02-04 18:58:55.004,-4094.654,60.00346374511719,0
2026-02-04 18:58:50.000,2026-02-04 18:59:00.000,2108,2026-02-04 18:58:59.099,2026-02-04 18:58:55.012,-4086.147,60.00323486328125,0
2026-02-04 18:58:50.000,2026-02-04 18:59:00.000,2423,2026-02-04 18:58:59.019,2026-02-04 18:58:55.017,-4001.140,50.02442169189453,0
2026-02-04 18:58:50.000,2026-02-04 18:59:00.000,477,2026-02-04 18:58:59.116,2026-02-04 18:58:55.021,-4094.855,60.003353118896484,0
2026-02-04 18:58:50.000,2026-02-04 18:59:00.000,2108,2026-02-04 18:58:59.116,2026-02-04 18:58:55.029,-4086.342,60.00484848022461,0
2026-02-04 18:58:50.000,2026-02-04 18:59:00.000,2423,2026-02-04 18:58:59.039,2026-02-04 18:58:55.038,-4000.853,50.021949768066406,0
2026-02-04 18:58:50.000,2026-02-04 18:59:00.000,477,2026-02-04 18:58:59.133,2026-02-04 18:58:55.038,-4094.853,60.00307083129883,0
2026-02-04 18:58:50.000,2026-02-04 18:59:00.000,2108,2026-02-04 18:58:59.133,2026-02-04 18:58:55.046,-4086.340,60.00323486328125,0
2026-02-04 18:58:50.000,2026-02-04 18:59:00.000,477,2026-02-04 18:58:59.149,2026-02-04 18:58:55.054,-4094.827,60.00245666503906,0
2026-02-04 18:58:50.000,2026-02-04 18:59:00.000,2423,2026-02-04 18:58:59.059,2026-02-04 18:58:55.058,-4000.820,50.020442962646484,0
2026-02-04 18:58:50.000,2026-02-04 18:59:00.000,2108,2026-02-04 18:58:59.149,2026-02-04 18:58:55.062,-4086.321,59.997989654541016,0
2026-02-04 18:58:50.000,2026-02-04 18:59:00.000,477,2026-02-04 18:58:59.166,2026-02-04 18:58:55.071,-4094.312,60.00248718261719,0
2026-02-04 18:58:50.000,2026-02-04 18:59:00.000,2423,2026-02-04 18:58:59.079,2026-02-04 18:58:55.078,-4000.806,50.0225944519043,0
2026-02-04 18:58:50.000,2026-02-04 18:59:00.000,2108,2026-02-04 18:58:59.166,2026-02-04 18:58:55.078,-4087.806,59.99936294555664,0
2026-02-04 18:58:50.000,2026-02-04 18:59:00.000,477,2026-02-04 18:58:59.183,2026-02-04 18:58:55.087,-4095.242,60.00288391113281,0
2026-02-04 18:58:50.000,2026-02-04 18:59:00.000,2108,2026-02-04 18:58:59.183,2026-02-04 18:58:55.095,-4087.731,60.006752014160156,0
2026-02-04 18:58:50.000,2026-02-04 18:59:00.000,2423,2026-02-04 18:58:59.099,2026-02-04 18:58:55.098,-4000.721,50.022640228271484,0
2026-02-04 18:58:50.000,2026-02-04 18:59:00.000,477,2026-02-04 18:58:59.199,2026-02-04 18:58:55.104,-4094.573,60.00239562988281,0
2026-02-04 18:58:50.000,2026-02-04 18:59:00.000,2108,2026-02-04 18:58:59.199,2026-02-04 18:58:55.112,-4086.518,60.00587844848633,0
2026-02-04 18:58:50.000,2026-02-04 18:59:00.000,2423,2026-02-04 18:58:59.119,2026-02-04 18:58:55.117,-4001.471,50.018524169921875,0
2026-02-04 18:58:50.000,2026-02-04 18:59:00.000,477,2026-02-04 18:58:59.216,2026-02-04 18:58:55.121,-4094.962,60.002281188964844,0
2026-02-04 18:58:50.000,2026-02-04 18:59:00.000,2108,2026-02-04 18:58:59.216,2026-02-04 18:58:55.129,-4086.919,59.99991989135742,0
2026-02-04 18:58:50.000,2026-02-04 18:59:00.000,2423,2026-02-04 18:58:59.139,2026-02-04 18:58:55.137,-4001.396,50.01734161376953,0
2026-02-04 18:58:50.000,2026-02-04 18:59:00.000,477,2026-02-04 18:58:59.233,2026-02-04 18:58:55.138,-4094.397,60.00279235839844,0
2026-02-04 18:58:50.000,2026-02-04 18:59:00.000,2108,2026-02-04 18:58:59.233,2026-02-04 18:58:55.145,-4087.902,59.99986267089844,0
2026-02-04 18:58:50.000,2026-02-04 18:59:00.000,477,2026-02-04 18:58:59.249,2026-02-04 18:58:55.154,-4094.379,60.00271224975586,0
2026-02-04 18:58:50.000,2026-02-04 18:59:00.000,2423,2026-02-04 18:58:59.159,2026-02-04 18:58:55.157,-4001.388,50.020084381103516,0
2026-02-04 18:58:50.000,2026-02-04 18:59:00.000,2108,2026-02-04 18:58:59.249,2026-02-04 18:58:55.162,-4086.380,60.00229263305664,0
2026-02-04 18:58:50.000,2026-02-04 18:59:00.000,477,2026-02-04 18:58:59.266,2026-02-04 18:58:55.170,-4095.220,60.00271224975586,0
2026-02-04 18:58:50.000,2026-02-04 18:59:00.000,2423,2026-02-04 18:58:59.179,2026-02-04 18:58:55.178,-4000.556,50.0218505859375,0
2026-02-04 18:58:50.000,2026-02-04 18:59:00.000,2108,2026-02-04 18:58:59.266,2026-02-04 18:58:55.178,-4087.556,60.002410888671875,0
2026-02-04 18:58:50.000,2026-02-04 18:59:00.000,477,2026-02-04 18:58:59.283,2026-02-04 18:58:55.187,-4095.329,60.002986907958984,0
2026-02-04 18:58:50.000,2026-02-04 18:59:00.000,2108,2026-02-04 18:58:59.283,2026-02-04 18:58:55.195,-4087.659,60.00270462036133,0
2026-02-04 18:58:50.000,2026-02-04 18:59:00.000,2423,2026-02-04 18:58:59.199,2026-02-04 18:58:55.197,-4001.667,50.02138137817383,0
2026-02-04 18:58:50.000,2026-02-04 18:59:00.000,477,2026-02-04 18:58:59.299,2026-02-04 18:58:55.205,-4093.632,60.002323150634766,0
2026-02-04 18:58:50.000,2026-02-04 18:59:00.000,2108,2026-02-04 18:58:59.299,2026-02-04 18:58:55.212,-4086.630,60.00300216674805,0
2026-02-04 18:58:50.000,2026-02-04 18:59:00.000,2423,2026-02-04 18:58:59.219,2026-02-04 18:58:55.217,-4001.605,50.02153396606445,0
2026-02-04 18:58:50.000,2026-02-04 18:59:00.000,477,2026-02-04 18:58:59.316,2026-02-04 18:58:55.222,-4093.596,60.00250244140625,0
2026-02-04 18:58:50.000,2026-02-04 18:59:00.000,2108,2026-02-04 18:58:59.316,2026-02-04 18:58:55.228,-4087.590,60.00136947631836,0
2026-02-04 18:58:50.000,2026-02-04 18:59:00.000,477,2026-02-04 18:58:59.333,2026-02-04 18:58:55.237,-4095.482,60.0033073425293,0
2026-02-04 18:58:50.000,2026-02-04 18:59:00.000,2423,2026-02-04 18:58:59.239,2026-02-04 18:58:55.238,-4000.482,50.025054931640625,0
2026-02-04 18:58:50.000,2026-02-04 18:59:00.000,2108,2026-02-04 18:58:59.333,2026-02-04 18:58:55.245,-4087.970,60.00236129760742,0
2026-02-04 18:58:50.000,2026-02-04 18:59:00.000,477,2026-02-04 18:58:59.349,2026-02-04 18:58:55.254,-4094.455,60.003150939941406,0
2026-02-04 18:58:50.000,2026-02-04 18:59:00.000,2423,2026-02-04 18:58:59.259,2026-02-04 18:58:55.258,-4000.443,50.025169372558594,0
2026-02-04 18:58:50.000,2026-02-04 18:59:00.000,2108,2026-02-04 18:58:59.349,2026-02-04 18:58:55.262,-4086.453,60.00578308105469,0
2026-02-04 18:58:50.000,2026-02-04 18:59:00.000,477,2026-02-04 18:58:59.366,2026-02-04 18:58:55.270,-4095.039,60.00264358520508,0
2026-02-04 18:58:50.000,2026-02-04 18:59:00.000,2423,2026-02-04 18:58:59.279,2026-02-04 18:58:55.277,-4001.524,50.01985549926758,0
2026-02-04 18:58:50.000,2026-02-04 18:59:00.000,2108,2026-02-04 18:58:59.366,2026-02-04 18:58:55.278,-4087.524,60.00529098510742,0
2026-02-04 18:58:50.000,2026-02-04 18:59:00.000,477,2026-02-04 18:58:59.383,2026-02-04 18:58:55.290,-4093.006,60.00205993652344,0
2026-02-04 18:58:50.000,2026-02-04 18:59:00.000,2108,2026-02-04 18:58:59.383,2026-02-04 18:58:55.295,-4087.492,60.00150680541992,0
2026-02-04 18:58:50.000,2026-02-04 18:59:00.000,2423,2026-02-04 18:58:59.299,2026-02-04 18:58:55.298,-4000.483,50.01809310913086,0
2026-02-04 18:58:50.000,2026-02-04 18:59:00.000,477,2026-02-04 18:58:59.399,2026-02-04 18:58:55.304,-4094.981,60.00223922729492,0
2026-02-04 18:58:50.000,2026-02-04 18:59:00.000,2108,2026-02-04 18:58:59.399,2026-02-04 18:58:55.312,-4086.461,60.000972747802734,0
2026-02-04 18:58:50.000,2026-02-04 18:59:00.000,2423,2026-02-04 18:58:59.319,2026-02-04 18:58:55.317,-4001.449,50.02116775512695,0
2026-02-04 18:58:50.000,2026-02-04 18:59:00.000,477,2026-02-04 18:58:59.416,2026-02-04 18:58:55.321,-4094.934,60.002830505371094,0
2026-02-04 18:58:50.000,2026-02-04 18:59:00.000,2108,2026-02-04 18:58:59.416,2026-02-04 18:58:55.328,-4087.415,60.00446319580078,0
2026-02-04 18:58:50.000,2026-02-04 18:59:00.000,477,2026-02-04 18:58:59.433,2026-02-04 18:58:55.338,-4094.903,60.00265121459961,0
2026-02-04 18:58:50.000,2026-02-04 18:59:00.000,2423,2026-02-04 18:58:59.339,2026-02-04 18:58:55.338,-4000.903,50.02210235595703,0
2026-02-04 18:58:50.000,2026-02-04 18:59:00.000,2108,2026-02-04 18:58:59.433,2026-02-04 18:58:55.345,-4087.393,60.006282806396484,0
2026-02-04 18:58:50.000,2026-02-04 18:59:00.000,477,2026-02-04 18:58:59.449,2026-02-04 18:58:55.354,-4094.363,60.00235366821289,0
2026-02-04 18:58:50.000,2026-02-04 18:59:00.000,2423,2026-02-04 18:58:59.359,2026-02-04 18:58:55.358,-4000.372,50.020816802978516,0
2026-02-04 18:58:50.000,2026-02-04 18:59:00.000,2108,2026-02-04 18:58:59.449,2026-02-04 18:58:55.362,-4086.364,60.00212860107422,0
2026-02-04 18:58:50.000,2026-02-04 18:59:00.000,477,2026-02-04 18:58:59.466,2026-02-04 18:58:55.370,-4095.157,60.00270462036133,0
2026-02-04 18:58:50.000,2026-02-04 18:59:00.000,2423,2026-02-04 18:58:59.379,2026-02-04 18:58:55.378,-4000.567,50.0218391418457,0
2026-02-04 18:58:50.000,2026-02-04 18:59:00.000,2108,2026-02-04 18:58:59.466,2026-02-04 18:58:55.378,-4087.567,59.99724197387695,0
2026-02-04 18:58:50.000,2026-02-04 18:59:00.000,477,2026-02-04 18:58:59.483,2026-02-04 18:58:55.387,-4095.192,60.00283432006836,0
2026-02-04 18:58:50.000,2026-02-04 18:59:00.000,2108,2026-02-04 18:58:59.483,2026-02-04 18:58:55.395,-4087.676,59.99850845336914,0
2026-02-04 18:58:50.000,2026-02-04 18:59:00.000,2423,2026-02-04 18:58:59.399,2026-02-04 18:58:55.398,-4000.681,50.02358627319336,0
2026-02-04 18:58:50.000,2026-02-04 18:59:00.000,477,2026-02-04 18:58:59.499,2026-02-04 18:58:55.405,-4093.426,60.00249099731445,0
2026-02-04 18:58:50.000,2026-02-04 18:59:00.000,2108,2026-02-04 18:58:59.499,2026-02-04 18:58:55.412,-4086.426,60.003082275390625,0
2026-02-04 18:58:50.000,2026-02-04 18:59:00.000,2423,2026-02-04 18:58:59.419,2026-02-04 18:58:55.420,-3998.888,50.02303695678711,0
2026-02-04 18:58:50.000,2026-02-04 18:59:00.000,477,2026-02-04 18:58:59.516,2026-02-04 18:58:55.421,-4094.888,60.00265121459961,0
2026-02-04 18:58:50.000,2026-02-04 18:59:00.000,2108,2026-02-04 18:58:59.516,2026-02-04 18:58:55.428,-4087.376,60.00846481323242,0
2026-02-04 18:58:50.000,2026-02-04 18:59:00.000,477,2026-02-04 18:58:59.533,2026-02-04 18:58:55.437,-4095.104,60.002479553222656,0
2026-02-04 18:58:50.000,2026-02-04 18:59:00.000,2423,2026-02-04 18:58:59.439,2026-02-04 18:58:55.437,-4001.104,50.020626068115234,0
2026-02-04 18:58:50.000,2026-02-04 18:59:00.000,2108,2026-02-04 18:58:59.533,2026-02-04 18:58:55.445,-4087.588,60.0068359375,0
2026-02-04 18:58:50.000,2026-02-04 18:59:00.000,477,2026-02-04 18:58:59.549,2026-02-04 18:58:55.454,-4094.333,60.00194549560547,0
2026-02-04 18:58:50.000,2026-02-04 18:59:00.000,2423,2026-02-04 18:58:59.459,2026-02-04 18:58:55.459,-3999.324,50.020328521728516,0
2026-02-04 18:58:50.000,2026-02-04 18:59:00.000,2108,2026-02-04 18:58:59.549,2026-02-04 18:58:55.462,-4086.332,59.99964141845703,0
2026-02-04 18:58:50.000,2026-02-04 18:59:00.000,477,2026-02-04 18:58:59.566,2026-02-04 18:58:55.471,-4094.821,60.00197982788086,0
2026-02-04 18:58:50.000,2026-02-04 18:59:00.000,2423,2026-02-04 18:58:59.479,2026-02-04 18:58:55.477,-4001.311,50.02265930175781,0
2026-02-04 18:58:50.000,2026-02-04 18:59:00.000,2108,2026-02-04 18:58:59.566,2026-02-04 18:58:55.479,-4086.309,60.00157928466797,0
2026-02-04 18:58:50.000,2026-02-04 18:59:00.000,477,2026-02-04 18:58:59.583,2026-02-04 18:58:55.487,-4095.194,60.00178146362305,0
2026-02-04 18:58:50.000,2026-02-04 18:59:00.000,2108,2026-02-04 18:58:59.583,2026-02-04 18:58:55.495,-4087.676,60.004329681396484,0
2026-02-04 18:58:50.000,2026-02-04 18:59:00.000,2423,2026-02-04 18:58:59.499,2026-02-04 18:58:55.497,-4001.666,50.02327346801758,0
2026-02-04 18:58:50.000,2026-02-04 18:59:00.000,477,2026-02-04 18:58:59.599,2026-02-04 18:58:55.504,-4094.577,60.00141906738281,0
2026-02-04 18:58:50.000,2026-02-04 18:59:00.000,2108,2026-02-04 18:58:59.599,2026-02-04 18:58:55.512,-4086.580,60.00114822387695,0
2026-02-04 18:58:50.000,2026-02-04 18:59:00.000,2423,2026-02-04 18:58:59.519,2026-02-04 18:58:55.517,-4001.067,50.021507263183594,0
2026-02-04 18:58:50.000,2026-02-04 18:59:00.000,477,2026-02-04 18:58:59.616,2026-02-04 18:58:55.521,-4094.924,60.00214767456055,0
2026-02-04 18:58:50.000,2026-02-04 18:59:00.000,2108,2026-02-04 18:58:59.616,2026-02-04 18:58:55.528,-4087.415,60.00066375732422,0
2026-02-04 18:58:50.000,2026-02-04 18:59:00.000,477,2026-02-04 18:58:59.633,2026-02-04 18:58:55.537,-4095.213,60.00316619873047,0
2026-02-04 18:58:50.000,2026-02-04 18:59:00.000,2423,2026-02-04 18:58:59.539,2026-02-04 18:58:55.537,-4001.213,50.01951217651367,0
2026-02-04 18:58:50.000,2026-02-04 18:59:00.000,2108,2026-02-04 18:58:59.633,2026-02-04 18:58:55.545,-4087.703,60.001365661621094,0
2026-02-04 18:58:50.000,2026-02-04 18:59:00.000,477,2026-02-04 18:58:59.649,2026-02-04 18:58:55.554,-4094.599,60.00288391113281,0
2026-02-04 18:58:50.000,2026-02-04 18:59:00.000,2423,2026-02-04 18:58:59.559,2026-02-04 18:58:55.558,-4000.607,50.02138900756836,0
2026-02-04 18:58:50.000,2026-02-04 18:59:00.000,2108,2026-02-04 18:58:59.649,2026-02-04 18:58:55.562,-4086.435,60.00104522705078,0
2026-02-04 18:58:50.000,2026-02-04 18:59:00.000,477,2026-02-04 18:58:59.666,2026-02-04 18:58:55.571,-4094.865,60.002159118652344,0
2026-02-04 18:58:50.000,2026-02-04 18:59:00.000,2423,2026-02-04 18:58:59.579,2026-02-04 18:58:55.577,-4001.348,50.02490234375,0
2026-02-04 18:58:50.000,2026-02-04 18:59:00.000,2108,2026-02-04 18:58:59.666,2026-02-04 18:58:55.578,-4087.346,60.002113342285156,0
2026-02-04 18:58:50.000,2026-02-04 18:59:00.000,477,2026-02-04 18:58:59.683,2026-02-04 18:58:55.587,-4095.318,60.00177001953125,0
2026-02-04 18:58:50.000,2026-02-04 18:59:00.000,2108,2026-02-04 18:58:59.683,2026-02-04 18:58:55.595,-4087.746,60.00177001953125,0
2026-02-04 18:58:50.000,2026-02-04 18:59:00.000,2423,2026-02-04 18:58:59.599,2026-02-04 18:58:55.600,-3998.752,50.0236930847168,0
2026-02-04 18:58:50.000,2026-02-04 18:59:00.000,477,2026-02-04 18:58:59.699,2026-02-04 18:58:55.604,-4094.578,60.00127029418945,0
2026-02-04 18:58:50.000,2026-02-04 18:59:00.000,2108,2026-02-04 18:58:59.699,2026-02-04 18:58:55.612,-4086.578,59.999691009521484,0
2026-02-04 18:58:50.000,2026-02-04 18:59:00.000,2423,2026-02-04 18:58:59.619,2026-02-04 18:58:55.618,-4000.555,50.021183013916016,0
2026-02-04 18:58:50.000,2026-02-04 18:59:00.000,477,2026-02-04 18:58:59.716,2026-02-04 18:58:55.620,-4095.051,60.00130081176758,0
2026-02-04 18:58:50.000,2026-02-04 18:59:00.000,2108,2026-02-04 18:58:59.716,2026-02-04 18:58:55.628,-4087.026,60.00182342529297,0
2026-02-04 18:58:50.000,2026-02-04 18:59:00.000,477,2026-02-04 18:58:59.733,2026-02-04 18:58:55.637,-4095.510,60.00180435180664,0
2026-02-04 18:58:50.000,2026-02-04 18:59:00.000,2423,2026-02-04 18:58:59.639,2026-02-04 18:58:55.638,-4000.510,50.02043914794922,0
2026-02-04 18:58:50.000,2026-02-04 18:59:00.000,2108,2026-02-04 18:58:59.733,2026-02-04 18:58:55.645,-4087.151,60.00404357910156,0
2026-02-04 18:58:50.000,2026-02-04 18:59:00.000,477,2026-02-04 18:58:59.749,2026-02-04 18:58:55.654,-4094.629,60.00166702270508,0
2026-02-04 18:58:50.000,2026-02-04 18:59:00.000,2423,2026-02-04 18:58:59.659,2026-02-04 18:58:55.658,-4000.627,50.02206039428711,0
2026-02-04 18:58:50.000,2026-02-04 18:59:00.000,2108,2026-02-04 18:58:59.749,2026-02-04 18:58:55.662,-4086.635,60.002197265625,0
2026-02-04 18:58:50.000,2026-02-04 18:59:00.000,477,2026-02-04 18:58:59.766,2026-02-04 18:58:55.672,-4093.080,60.00101089477539,0
2026-02-04 18:58:50.000,2026-02-04 18:59:00.000,2423,2026-02-04 18:58:59.679,2026-02-04 18:58:55.678,-4000.223,50.02399444580078,0
2026-02-04 18:58:50.000,2026-02-04 18:59:00.000,2108,2026-02-04 18:58:59.766,2026-02-04 18:58:55.679,-4086.698,60.00048828125,0
2026-02-04 18:58:50.000,2026-02-04 18:59:00.000,477,2026-02-04 18:58:59.783,2026-02-04 18:58:55.688,-4094.517,60.00071716308594,0
2026-02-04 18:58:50.000,2026-02-04 18:59:00.000,2108,2026-02-04 18:58:59.783,2026-02-04 18:58:55.707,-4075.312,60.001644134521484,0
2026-02-04 18:58:50.000,2026-02-04 18:59:00.000,2423,2026-02-04 18:58:59.699,2026-02-04 18:58:55.708,-3990.747,50.02299499511719,0
2026-02-04 18:58:50.000,2026-02-04 18:59:00.000,477,2026-02-04 18:58:59.799,2026-02-04 18:58:55.708,-4090.229,60.00114059448242,0
2026-02-04 18:58:50.000,2026-02-04 18:59:00.000,2108,2026-02-04 18:58:59.799,2026-02-04 18:58:55.712,-4086.431,60.0037956237793,0
2026-02-04 18:58:50.000,2026-02-04 18:59:00.000,2423,2026-02-04 18:58:59.719,2026-02-04 18:58:55.721,-3997.909,50.02252960205078,0
2026-02-04 18:58:50.000,2026-02-04 18:59:00.000,477,2026-02-04 18:58:59.816,2026-02-04 18:58:55.722,-4093.404,60.001617431640625,0
2026-02-04 18:58:50.000,2026-02-04 18:59:00.000,2108,2026-02-04 18:58:59.816,2026-02-04 18:58:55.728,-4087.390,60.00275421142578,0
2026-02-04 18:58:50.000,2026-02-04 18:59:00.000,2423,2026-02-04 18:58:59.739,2026-02-04 18:58:55.737,-4001.335,50.023616790771484,0
2026-02-04 18:58:50.000,2026-02-04 18:59:00.000,477,2026-02-04 18:58:59.833,2026-02-04 18:58:55.738,-4094.335,60.00124740600586,0
2026-02-04 18:58:50.000,2026-02-04 18:59:00.000,2108,2026-02-04 18:58:59.833,2026-02-04 18:58:55.745,-4088.002,59.9996223449707,0
2026-02-04 18:58:50.000,2026-02-04 18:59:00.000,477,2026-02-04 18:58:59.849,2026-02-04 18:58:55.754,-4094.488,60.00110626220703,0
2026-02-04 18:58:50.000,2026-02-04 18:59:00.000,2423,2026-02-04 18:58:59.759,2026-02-04 18:58:55.758,-4000.989,50.0233039855957,0
2026-02-04 18:58:50.000,2026-02-04 18:59:00.000,2108,2026-02-04 18:58:59.849,2026-02-04 18:58:55.762,-4086.468,59.9985466003418,0
2026-02-04 18:58:50.000,2026-02-04 18:59:00.000,477,2026-02-04 18:58:59.866,2026-02-04 18:58:55.771,-4094.877,60.001564025878906,0
2026-02-04 18:58:50.000,2026-02-04 18:59:00.000,2423,2026-02-04 18:58:59.779,2026-02-04 18:58:55.777,-4001.367,50.020912170410156,0
2026-02-04 18:58:50.000,2026-02-04 18:59:00.000,2108,2026-02-04 18:58:59.866,2026-02-04 18:58:55.778,-4087.367,60.0016975402832,0
2026-02-04 18:58:50.000,2026-02-04 18:59:00.000,477,2026-02-04 18:58:59.883,2026-02-04 18:58:55.787,-4095.187,60.00153350830078,0
2026-02-04 18:58:50.000,2026-02-04 18:59:00.000,2108,2026-02-04 18:58:59.883,2026-02-04 18:58:55.795,-4087.674,60.002281188964844,0
2026-02-04 18:58:50.000,2026-02-04 18:59:00.000,2423,2026-02-04 18:58:59.799,2026-02-04 18:58:55.797,-4001.677,50.02042770385742,0
2026-02-04 18:58:50.000,2026-02-04 18:59:00.000,477,2026-02-04 18:58:59.899,2026-02-04 18:58:55.804,-4094.445,60.000389099121094,0
2026-02-04 18:58:50.000,2026-02-04 18:59:00.000,2108,2026-02-04 18:58:59.899,2026-02-04 18:58:55.812,-4086.414,59.999481201171875,0
2026-02-04 18:58:50.000,2026-02-04 18:59:00.000,2423,2026-02-04 18:58:59.819,2026-02-04 18:58:55.817,-4001.077,50.022804260253906,0
2026-02-04 18:58:50.000,2026-02-04 18:59:00.000,477,2026-02-04 18:58:59.916,2026-02-04 18:58:55.820,-4095.027,59.99991226196289,0
2026-02-04 18:58:50.000,2026-02-04 18:59:00.000,2108,2026-02-04 18:58:59.916,2026-02-04 18:58:55.830,-4085.511,59.998714447021484,0
2026-02-04 18:58:50.000,2026-02-04 18:59:00.000,477,2026-02-04 18:58:59.933,2026-02-04 18:58:55.837,-4095.049,60.00098419189453,0
2026-02-04 18:58:50.000,2026-02-04 18:59:00.000,2423,2026-02-04 18:58:59.839,2026-02-04 18:58:55.837,-4001.049,50.023109436035156,0
2026-02-04 18:58:50.000,2026-02-04 18:59:00.000,2108,2026-02-04 18:58:59.933,2026-02-04 18:58:55.845,-4087.539,59.999210357666016,0
2026-02-04 18:58:50.000,2026-02-04 18:59:00.000,477,2026-02-04 18:58:59.949,2026-02-04 18:58:55.854,-4094.027,60.001487731933594,0
2026-02-04 18:58:50.000,2026-02-04 18:59:00.000,2423,2026-02-04 18:58:59.859,2026-02-04 18:58:55.857,-4001.019,50.021507263183594,0
2026-02-04 18:58:50.000,2026-02-04 18:59:00.000,2108,2026-02-04 18:58:59.949,2026-02-04 18:58:55.862,-4086.521,60.00245666503906,0
2026-02-04 18:58:50.000,2026-02-04 18:59:00.000,477,2026-02-04 18:58:59.966,2026-02-04 18:58:55.871,-4094.516,60.00099182128906,0
2026-02-04 18:58:50.000,2026-02-04 18:59:00.000,2423,2026-02-04 18:58:59.879,2026-02-04 18:58:55.878,-4001.006,50.02256393432617,0
2026-02-04 18:58:50.000,2026-02-04 18:59:00.000,2108,2026-02-04 18:58:59.966,2026-02-04 18:58:55.879,-4087.004,60.005882263183594,0
2026-02-04 18:58:50.000,2026-02-04 18:59:00.000,477,2026-02-04 18:58:59.983,2026-02-04 18:58:55.887,-4095.489,60.00040054321289,0
2026-02-04 18:58:50.000,2026-02-04 18:59:00.000,2108,2026-02-04 18:58:59.983,2026-02-04 18:58:55.895,-4087.234,60.00251770019531,0
2026-02-04 18:58:50.000,2026-02-04 18:59:00.000,2423,2026-02-04 18:58:59.899,2026-02-04 18:58:55.897,-4001.225,50.02442932128906,0
2026-02-04 18:58:50.000,2026-02-04 18:59:00.000,477,2026-02-04 18:58:59.999,2026-02-04 18:58:55.904,-4094.718,60.00010299682617,0
2026-02-04 18:58:50.000,2026-02-04 18:59:00.000,2108,2026-02-04 18:58:59.999,2026-02-04 18:58:55.912,-4086.678,59.99504089355469,0
2026-02-04 18:58:50.000,2026-02-04 18:59:00.000,2423,2026-02-04 18:58:59.919,2026-02-04 18:58:55.918,-4000.668,50.02268600463867,0
2026-02-04 18:58:50.000,2026-02-04 18:59:00.000,477,2026-02-04 18:59:00.016,2026-02-04 18:58:55.920,-4095.159,59.99979019165039,0
2026-02-04 18:58:50.000,2026-02-04 18:59:00.000,2108,2026-02-04 18:59:00.016,2026-02-04 18:58:55.929,-4086.649,59.99631118774414,0
2026-02-04 18:58:50.000,2026-02-04 18:59:00.000,477,2026-02-04 18:59:00.033,2026-02-04 18:58:55.937,-4095.144,60.00014877319336,0
2026-02-04 18:58:50.000,2026-02-04 18:59:00.000,2423,2026-02-04 18:58:59.939,2026-02-04 18:58:55.937,-4001.144,50.02153396606445,0
2026-02-04 18:58:50.000,2026-02-04 18:59:00.000,2108,2026-02-04 18:59:00.033,2026-02-04 18:58:55.951,-4081.630,60.00402069091797,0
2026-02-04 18:58:50.000,2026-02-04 18:59:00.000,477,2026-02-04 18:59:00.049,2026-02-04 18:58:55.954,-4094.125,60.00075912475586,0
2026-02-04 18:58:50.000,2026-02-04 18:59:00.000,2423,2026-02-04 18:58:59.959,2026-02-04 18:58:55.957,-4001.132,50.0235710144043,0
2026-02-04 18:58:50.000,2026-02-04 18:59:00.000,2108,2026-02-04 18:59:00.049,2026-02-04 18:58:55.962,-4086.621,60.004695892333984,0
2026-02-04 18:58:50.000,2026-02-04 18:59:00.000,477,2026-02-04 18:59:00.066,2026-02-04 18:58:55.971,-4094.615,60.00126647949219,0
2026-02-04 18:58:50.000,2026-02-04 18:59:00.000,2423,2026-02-04 18:58:59.979,2026-02-04 18:58:55.977,-4001.545,50.023521423339844,0
2026-02-04 18:58:50.000,2026-02-04 18:59:00.000,2108,2026-02-04 18:59:00.066,2026-02-04 18:58:55.978,-4087.543,60.0017204284668,0
2026-02-04 18:58:50.000,2026-02-04 18:59:00.000,477,2026-02-04 18:59:00.083,2026-02-04 18:58:55.987,-4095.437,60.00164794921875,0
2026-02-04 18:58:50.000,2026-02-04 18:59:00.000,2108,2026-02-04 18:59:00.083,2026-02-04 18:58:55.995,-4087.161,60.00065612792969,0
2026-02-04 18:58:50.000,2026-02-04 18:59:00.000,2423,2026-02-04 18:58:59.999,2026-02-04 18:58:55.998,-4000.169,50.02112579345703,0
2026-02-04 18:58:50.000,2026-02-04 18:59:00.000,477,2026-02-04 18:59:00.099,2026-02-04 18:58:56.004,-4094.630,60.001243591308594,0
2026-02-04 18:58:50.000,2026-02-04 18:59:00.000,2108,2026-02-04 18:59:00.099,2026-02-04 18:58:56.012,-4086.630,60.000850677490234,0
2026-02-04 18:58:50.000,2026-02-04 18:59:00.000,2423,2026-02-04 18:59:00.019,2026-02-04 18:58:56.018,-4000.380,50.02057647705078,0
2026-02-04 18:58:50.000,2026-02-04 18:59:00.000,477,2026-02-04 18:59:00.116,2026-02-04 18:58:56.021,-4094.874,60.00111389160156,0
2026-02-04 18:58:50.000,2026-02-04 18:59:00.000,2108,2026-02-04 18:59:00.116,2026-02-04 18:58:56.029,-4086.848,60.00252914428711,0
2026-02-04 18:58:50.000,2026-02-04 18:59:00.000,2423,2026-02-04 18:59:00.039,2026-02-04 18:58:56.037,-4001.338,50.02183151245117,0
2026-02-04 18:58:50.000,2026-02-04 18:59:00.000,477,2026-02-04 18:59:00.133,2026-02-04 18:58:56.037,-4095.339,60.00089645385742,0
2026-02-04 18:58:50.000,2026-02-04 18:59:00.000,2108,2026-02-04 18:59:00.133,2026-02-04 18:58:56.045,-4087.530,60.00131607055664,0
2026-02-04 18:58:50.000,2026-02-04 18:59:00.000,477,2026-02-04 18:59:00.149,2026-02-04 18:58:56.055,-4094.012,60.0003662109375,0
2026-02-04 18:58:50.000,2026-02-04 18:59:00.000,2423,2026-02-04 18:59:00.059,2026-02-04 18:58:56.058,-4001.003,50.02168273925781,0
2026-02-04 18:58:50.000,2026-02-04 18:59:00.000,2108,2026-02-04 18:59:00.149,2026-02-04 18:58:56.062,-4086.506,59.996585845947266,0
2026-02-04 18:58:50.000,2026-02-04 18:59:00.000,477,2026-02-04 18:59:00.166,2026-02-04 18:58:56.071,-4094.497,60.000518798828125,0
2026-02-04 18:58:50.000,2026-02-04 18:59:00.000,2423,2026-02-04 18:59:00.079,2026-02-04 18:58:56.077,-4001.352,50.02034378051758,0
2026-02-04 18:58:50.000,2026-02-04 18:59:00.000,2108,2026-02-04 18:59:00.166,2026-02-04 18:58:56.078,-4087.355,59.99382400512695,0
2026-02-04 18:58:50.000,2026-02-04 18:59:00.000,477,2026-02-04 18:59:00.183,2026-02-04 18:58:56.087,-4095.335,60.00039291381836,0
2026-02-04 18:58:50.000,2026-02-04 18:59:00.000,2108,2026-02-04 18:59:00.183,2026-02-04 18:58:56.095,-4087.824,59.994991302490234,0
2026-02-04 18:58:50.000,2026-02-04 18:59:00.000,2423,2026-02-04 18:59:00.099,2026-02-04 18:58:56.098,-4000.815,50.02113342285156,0
2026-02-04 18:58:50.000,2026-02-04 18:59:00.000,477,2026-02-04 18:59:00.199,2026-02-04 18:58:56.104,-4094.313,59.999881744384766,0
2026-02-04 18:58:50.000,2026-02-04 18:59:00.000,2108,2026-02-04 18:59:00.199,2026-02-04 18:58:56.112,-4086.683,60.00043869018555,0
2026-02-04 18:58:50.000,2026-02-04 18:59:00.000,2423,2026-02-04 18:59:00.119,2026-02-04 18:58:56.117,-4001.157,50.023502349853516,0
2026-02-04 18:58:50.000,2026-02-04 18:59:00.000,477,2026-02-04 18:59:00.216,2026-02-04 18:58:56.121,-4094.649,60.00019073486328,0
2026-02-04 18:58:50.000,2026-02-04 18:59:00.000,2108,2026-02-04 18:59:00.216,2026-02-04 18:58:56.128,-4087.590,60.004730224609375,0
2026-02-04 18:58:50.000,2026-02-04 18:59:00.000,2423,2026-02-04 18:59:00.139,2026-02-04 18:58:56.137,-4001.072,50.023765563964844,0
2026-02-04 18:58:50.000,2026-02-04 18:59:00.000,477,2026-02-04 18:59:00.233,2026-02-04 18:58:56.137,-4095.072,60.0003776550293,0
2026-02-04 18:58:50.000,2026-02-04 18:59:00.000,2108,2026-02-04 18:59:00.233,2026-02-04 18:58:56.145,-4087.563,60.000831604003906,0
2026-02-04 18:58:50.000,2026-02-04 18:59:00.000,477,2026-02-04 18:59:00.249,2026-02-04 18:58:56.154,-4094.258,59.99957275390625,0
2026-02-04 18:58:50.000,2026-02-04 18:59:00.000,2423,2026-02-04 18:59:00.159,2026-02-04 18:58:56.157,-4001.268,50.021636962890625,0
2026-02-04 18:58:50.000,2026-02-04 18:59:00.000,2108,2026-02-04 18:59:00.249,2026-02-04 18:58:56.161,-4087.260,59.998653411865234,0
2026-02-04 18:58:50.000,2026-02-04 18:59:00.000,477,2026-02-04 18:59:00.266,2026-02-04 18:58:56.171,-4094.437,59.999088287353516,0
2026-02-04 18:58:50.000,2026-02-04 18:59:00.000,2423,2026-02-04 18:59:00.179,2026-02-04 18:58:56.178,-4000.950,50.02117156982422,0
2026-02-04 18:58:50.000,2026-02-04 18:59:00.000,2108,2026-02-04 18:59:00.266,2026-02-04 18:58:56.179,-4086.950,60.00041198730469,0
2026-02-04 18:58:50.000,2026-02-04 18:59:00.000,477,2026-02-04 18:59:00.283,2026-02-04 18:58:56.187,-4095.011,59.99947738647461,0
2026-02-04 18:58:50.000,2026-02-04 18:59:00.000,2108,2026-02-04 18:59:00.283,2026-02-04 18:58:56.195,-4087.492,59.99956512451172,0
2026-02-04 18:58:50.000,2026-02-04 18:59:00.000,2423,2026-02-04 18:59:00.199,2026-02-04 18:58:56.197,-4001.502,50.02360916137695,0
2026-02-04 18:58:50.000,2026-02-04 18:59:00.000,477,2026-02-04 18:59:00.299,2026-02-04 18:58:56.204,-4094.193,59.99964141845703,0
2026-02-04 18:58:50.000,2026-02-04 18:59:00.000,2108,2026-02-04 18:59:00.299,2026-02-04 18:58:56.212,-4086.684,59.99959945678711,0
2026-02-04 18:58:50.000,2026-02-04 18:59:00.000,2423,2026-02-04 18:59:00.219,2026-02-04 18:58:56.218,-4000.679,50.0239143371582,0
2026-02-04 18:58:50.000,2026-02-04 18:59:00.000,477,2026-02-04 18:59:00.316,2026-02-04 18:58:56.222,-4093.263,59.999412536621094,0
2026-02-04 18:58:50.000,2026-02-04 18:59:00.000,2108,2026-02-04 18:59:00.316,2026-02-04 18:58:56.232,-4083.728,59.998992919921875,0
2026-02-04 18:58:50.000,2026-02-04 18:59:00.000,2423,2026-02-04 18:59:00.239,2026-02-04 18:58:56.237,-4001.718,50.02133560180664,0
2026-02-04 18:58:50.000,2026-02-04 18:59:00.000,477,2026-02-04 18:59:00.333,2026-02-04 18:58:56.238,-4094.714,59.999420166015625,0
2026-02-04 18:58:50.000,2026-02-04 18:59:00.000,2108,2026-02-04 18:59:00.333,2026-02-04 18:58:56.245,-4087.675,59.99890899658203,0
2026-02-04 18:58:50.000,2026-02-04 18:59:00.000,477,2026-02-04 18:59:00.349,2026-02-04 18:58:56.254,-4094.418,59.99965286254883,0
2026-02-04 18:58:50.000,2026-02-04 18:59:00.000,2423,2026-02-04 18:59:00.259,2026-02-04 18:58:56.258,-4000.411,50.02030944824219,0
2026-02-04 18:58:50.000,2026-02-04 18:59:00.000,2108,2026-02-04 18:59:00.349,2026-02-04 18:58:56.262,-4086.419,60.00254440307617,0
2026-02-04 18:58:50.000,2026-02-04 18:59:00.000,477,2026-02-04 18:59:00.366,2026-02-04 18:58:56.270,-4095.198,59.99999237060547,0
2026-02-04 18:58:50.000,2026-02-04 18:59:00.000,2423,2026-02-04 18:59:00.279,2026-02-04 18:58:56.278,-4000.684,50.0211181640625,0
2026-02-04 18:58:50.000,2026-02-04 18:59:00.000,2108,2026-02-04 18:59:00.366,2026-02-04 18:58:56.279,-4086.683,60.0022087097168,0
2026-02-04 18:58:50.000,2026-02-04 18:59:00.000,477,2026-02-04 18:59:00.383,2026-02-04 18:58:56.288,-4094.597,59.99905776977539,0
2026-02-04 18:58:50.000,2026-02-04 18:59:00.000,2108,2026-02-04 18:59:00.383,2026-02-04 18:58:56.295,-4087.570,59.9958381652832,0
2026-02-04 18:58:50.000,2026-02-04 18:59:00.000,2423,2026-02-04 18:59:00.299,2026-02-04 18:58:56.297,-4001.561,50.022308349609375,0
2026-02-04 18:58:50.000,2026-02-04 18:59:00.000,477,2026-02-04 18:59:00.399,2026-02-04 18:58:56.304,-4094.507,59.9974365234375,0
2026-02-04 18:58:50.000,2026-02-04 18:59:00.000,2108,2026-02-04 18:59:00.399,2026-02-04 18:58:56.312,-4086.509,59.994632720947266,0
2026-02-04 18:58:50.000,2026-02-04 18:59:00.000,2423,2026-02-04 18:59:00.319,2026-02-04 18:58:56.317,-4001.236,50.02274703979492,0
2026-02-04 18:58:50.000,2026-02-04 18:59:00.000,477,2026-02-04 18:59:00.416,2026-02-04 18:58:56.321,-4094.724,59.997886657714844,0
2026-02-04 18:58:50.000,2026-02-04 18:59:00.000,2108,2026-02-04 18:59:00.416,2026-02-04 18:58:56.329,-4086.659,60.0,0
2026-02-04 18:58:50.000,2026-02-04 18:59:00.000,2423,2026-02-04 18:59:00.339,2026-02-04 18:58:56.337,-4001.135,50.02190017700195,0
2026-02-04 18:58:50.000,2026-02-04 18:59:00.000,477,2026-02-04 18:59:00.433,2026-02-04 18:58:56.337,-4095.135,59.999080657958984,0
2026-02-04 18:58:50.000,2026-02-04 18:59:00.000,2108,2026-02-04 18:59:00.433,2026-02-04 18:58:56.345,-4087.623,60.002838134765625,0
2026-02-04 18:58:50.000,2026-02-04 18:59:00.000,477,2026-02-04 18:59:00.449,2026-02-04 18:58:56.356,-4092.546,59.99907684326172,0
2026-02-04 18:58:50.000,2026-02-04 18:59:00.000,2423,2026-02-04 18:59:00.359,2026-02-04 18:58:56.357,-4001.555,50.021034240722656,0
2026-02-04 18:58:50.000,2026-02-04 18:59:00.000,2108,2026-02-04 18:59:00.449,2026-02-04 18:58:56.362,-4086.548,60.00008010864258,0
2026-02-04 18:58:50.000,2026-02-04 18:59:00.000,477,2026-02-04 18:59:00.466,2026-02-04 18:58:56.370,-4095.126,59.99909591674805,0
2026-02-04 18:58:50.000,2026-02-04 18:59:00.000,2423,2026-02-04 18:59:00.379,2026-02-04 18:58:56.378,-4000.612,50.02155685424805,0
2026-02-04 18:58:50.000,2026-02-04 18:59:00.000,2108,2026-02-04 18:59:00.466,2026-02-04 18:58:56.379,-4086.611,59.996524810791016,0
2026-02-04 18:58:50.000,2026-02-04 18:59:00.000,477,2026-02-04 18:59:00.483,2026-02-04 18:58:56.387,-4095.567,59.99958038330078,0
2026-02-04 18:58:50.000,2026-02-04 18:59:00.000,2108,2026-02-04 18:59:00.483,2026-02-04 18:58:56.396,-4086.398,59.99823760986328,0
2026-02-04 18:58:50.000,2026-02-04 18:59:00.000,2423,2026-02-04 18:59:00.399,2026-02-04 18:58:56.418,-3980.996,50.02093505859375,0
2026-02-04 18:58:50.000,2026-02-04 18:59:00.000,477,2026-02-04 18:59:00.499,2026-02-04 18:58:56.419,-4079.988,59.99970626831055,0
2026-02-04 18:58:50.000,2026-02-04 18:59:00.000,2108,2026-02-04 18:59:00.499,2026-02-04 18:58:56.420,-4078.481,60.00323486328125,0
2026-02-04 18:58:50.000,2026-02-04 18:59:00.000,2423,2026-02-04 18:59:00.419,2026-02-04 18:58:56.421,-3997.474,50.018497467041016,0
2026-02-04 18:58:50.000,2026-02-04 18:59:00.000,477,2026-02-04 18:59:00.516,2026-02-04 18:58:56.421,-4094.482,59.99971389770508,0
2026-02-04 18:58:50.000,2026-02-04 18:59:00.000,2108,2026-02-04 18:59:00.516,2026-02-04 18:58:56.433,-4082.711,60.0042839050293,0
2026-02-04 18:58:50.000,2026-02-04 18:59:00.000,2423,2026-02-04 18:59:00.439,2026-02-04 18:58:56.449,-3989.666,50.019798278808594,0
2026-02-04 18:58:50.000,2026-02-04 18:59:00.000,2108,2026-02-04 18:59:00.533,2026-02-04 18:58:56.450,-4082.663,59.99678421020508,0
2026-02-04 18:58:50.000,2026-02-04 18:59:00.000,2423,2026-02-04 18:59:00.459,2026-02-04 18:58:56.464,-3994.552,50.02256774902344,0
2026-02-04 18:58:50.000,2026-02-04 18:59:00.000,2108,2026-02-04 18:59:00.549,2026-02-04 18:58:56.465,-4083.560,59.992000579833984,0
2026-02-04 18:58:50.000,2026-02-04 18:59:00.000,477,2026-02-04 18:59:00.533,2026-02-04 18:58:56.465,-4067.560,59.99912643432617,0
2026-02-04 18:58:50.000,2026-02-04 18:59:00.000,477,2026-02-04 18:59:00.549,2026-02-04 18:58:56.466,-4082.560,59.99858093261719,0
2026-02-04 18:58:50.000,2026-02-04 18:59:00.000,477,2026-02-04 18:59:00.566,2026-02-04 18:58:56.471,-4094.372,59.99958038330078,0
2026-02-04 18:58:50.000,2026-02-04 18:59:00.000,2423,2026-02-04 18:59:00.479,2026-02-04 18:58:56.478,-4000.880,50.020164489746094,0
2026-02-04 18:58:50.000,2026-02-04 18:59:00.000,2108,2026-02-04 18:59:00.566,2026-02-04 18:58:56.479,-4086.880,59.99828338623047,0
2026-02-04 18:58:50.000,2026-02-04 18:59:00.000,477,2026-02-04 18:59:00.583,2026-02-04 18:58:56.494,-4088.355,59.99955368041992,0
2026-02-04 18:58:50.000,2026-02-04 18:59:00.000,2108,2026-02-04 18:59:00.583,2026-02-04 18:58:56.496,-4086.353,60.001708984375,0
2026-02-04 18:58:50.000,2026-02-04 18:59:00.000,2423,2026-02-04 18:59:00.499,2026-02-04 18:58:56.498,-4000.344,50.01813507080078,0
2026-02-04 18:58:50.000,2026-02-04 18:59:00.000,477,2026-02-04 18:59:00.599,2026-02-04 18:58:56.505,-4093.050,59.99862289428711,0
2026-02-04 18:58:50.000,2026-02-04 18:59:00.000,2108,2026-02-04 18:59:00.599,2026-02-04 18:58:56.512,-4086.544,59.99945068359375,0
2026-02-04 18:58:50.000,2026-02-04 18:59:00.000,2423,2026-02-04 18:59:00.519,2026-02-04 18:58:56.518,-4000.536,50.020782470703125,0
2026-02-04 18:58:50.000,2026-02-04 18:59:00.000,477,2026-02-04 18:59:00.616,2026-02-04 18:58:56.523,-4092.515,59.998878479003906,0
2026-02-04 18:58:50.000,2026-02-04 18:59:00.000,2108,2026-02-04 18:59:00.616,2026-02-04 18:58:56.528,-4087.508,59.997779846191406,0
2026-02-04 18:58:50.000,2026-02-04 18:59:00.000,2423,2026-02-04 18:59:00.539,2026-02-04 18:58:56.540,-3998.247,50.02273178100586,0
2026-02-04 18:58:50.000,2026-02-04 18:59:00.000,477,2026-02-04 18:59:00.633,2026-02-04 18:58:56.540,-4092.247,59.998809814453125,0
2026-02-04 18:58:50.000,2026-02-04 18:59:00.000,2108,2026-02-04 18:59:00.633,2026-02-04 18:58:56.552,-4080.726,59.996219635009766,0
2026-02-04 18:58:50.000,2026-02-04 18:59:00.000,477,2026-02-04 18:59:00.649,2026-02-04 18:58:56.555,-4093.205,59.997535705566406,0
2026-02-04 18:58:50.000,2026-02-04 18:59:00.000,2423,2026-02-04 18:59:00.559,2026-02-04 18:58:56.557,-4001.214,50.02027893066406,0
2026-02-04 18:58:50.000,2026-02-04 18:59:00.000,2108,2026-02-04 18:59:00.649,2026-02-04 18:58:56.562,-4086.694,59.998435974121094,0
2026-02-04 18:58:50.000,2026-02-04 18:59:00.000,477,2026-02-04 18:59:00.666,2026-02-04 18:58:56.575,-4090.154,59.9972038269043,0
2026-02-04 18:58:50.000,2026-02-04 18:59:00.000,2423,2026-02-04 18:59:00.579,2026-02-04 18:58:56.585,-3993.119,50.018157958984375,0
2026-02-04 18:58:50.000,2026-02-04 18:59:00.000,2108,2026-02-04 18:59:00.666,2026-02-04 18:58:56.586,-4079.118,60.00203323364258,0
2026-02-04 18:58:50.000,2026-02-04 18:59:00.000,477,2026-02-04 18:59:00.683,2026-02-04 18:58:56.587,-4095.119,59.99820327758789,0
2026-02-04 18:58:50.000,2026-02-04 18:59:00.000,2108,2026-02-04 18:59:00.683,2026-02-04 18:58:56.595,-4087.591,59.99983596801758,0
2026-02-04 18:58:50.000,2026-02-04 18:59:00.000,2423,2026-02-04 18:59:00.599,2026-02-04 18:58:56.598,-4000.600,50.021244049072266,0
2026-02-04 18:58:50.000,2026-02-04 18:59:00.000,477,2026-02-04 18:59:00.699,2026-02-04 18:58:56.604,-4094.535,59.99907302856445,0
2026-02-04 18:58:50.000,2026-02-04 18:59:00.000,2108,2026-02-04 18:59:00.699,2026-02-04 18:58:56.612,-4086.501,59.99629211425781,0
2026-02-04 18:58:50.000,2026-02-04 18:59:00.000,2423,2026-02-04 18:59:00.619,2026-02-04 18:58:56.618,-4000.494,50.02304458618164,0
2026-02-04 18:58:50.000,2026-02-04 18:59:00.000,477,2026-02-04 18:59:00.716,2026-02-04 18:58:56.623,-4092.960,59.99909591674805,0
2026-02-04 18:58:50.000,2026-02-04 18:59:00.000,2108,2026-02-04 18:59:00.716,2026-02-04 18:58:56.629,-4086.951,59.99776077270508,0
2026-02-04 18:58:50.000,2026-02-04 18:59:00.000,477,2026-02-04 18:59:00.733,2026-02-04 18:58:56.638,-4094.437,59.998165130615234,0
2026-02-04 18:58:50.000,2026-02-04 18:59:00.000,2423,2026-02-04 18:59:00.639,2026-02-04 18:58:56.638,-4000.437,50.020118713378906,0
2026-02-04 18:58:50.000,2026-02-04 18:59:00.000,2108,2026-02-04 18:59:00.733,2026-02-04 18:58:56.645,-4087.381,59.99940872192383,0
2026-02-04 18:58:50.000,2026-02-04 18:59:00.000,477,2026-02-04 18:59:00.749,2026-02-04 18:58:56.655,-4093.871,59.997772216796875,0
2026-02-04 18:58:50.000,2026-02-04 18:59:00.000,2423,2026-02-04 18:59:00.659,2026-02-04 18:58:56.658,-4000.862,50.01905822753906,0
2026-02-04 18:58:50.000,2026-02-04 18:59:00.000,2108,2026-02-04 18:59:00.749,2026-02-04 18:58:56.662,-4086.364,59.99821853637695,0
2026-02-04 18:58:50.000,2026-02-04 18:59:00.000,2423,2026-02-04 18:59:00.679,2026-02-04 18:58:56.678,-4000.159,50.020774841308594,0
2026-02-04 18:58:50.000,2026-02-04 18:59:00.000,2108,2026-02-04 18:59:00.766,2026-02-04 18:58:56.678,-4087.159,59.99736404418945,0
2026-02-04 18:58:50.000,2026-02-04 18:59:00.000,477,2026-02-04 18:59:00.766,2026-02-04 18:58:56.693,-4072.142,59.99787902832031,0
2026-02-04 18:58:50.000,2026-02-04 18:59:00.000,477,2026-02-04 18:59:00.783,2026-02-04 18:58:56.694,-4088.140,59.997928619384766,0
2026-02-04 18:58:50.000,2026-02-04 18:59:00.000,2108,2026-02-04 18:59:00.783,2026-02-04 18:58:56.695,-4087.142,59.99745559692383,0
2026-02-04 18:58:50.000,2026-02-04 18:59:00.000,2423,2026-02-04 18:59:00.699,2026-02-04 18:58:56.697,-4001.132,50.01987838745117,0
2026-02-04 18:58:50.000,2026-02-04 18:59:00.000,477,2026-02-04 18:59:00.799,2026-02-04 18:58:56.704,-4094.631,59.99774169921875,0
2026-02-04 18:58:50.000,2026-02-04 18:59:00.000,2108,2026-02-04 18:59:00.799,2026-02-04 18:58:56.712,-4086.630,59.999656677246094,0
2026-02-04 18:58:50.000,2026-02-04 18:59:00.000,2423,2026-02-04 18:59:00.719,2026-02-04 18:58:56.718,-4000.558,50.01756286621094,0
2026-02-04 18:58:50.000,2026-02-04 18:59:00.000,477,2026-02-04 18:59:00.816,2026-02-04 18:58:56.721,-4094.511,59.99739074707031,0
2026-02-04 18:58:50.000,2026-02-04 18:59:00.000,2108,2026-02-04 18:59:00.816,2026-02-04 18:58:56.729,-4087.000,59.9999885559082,0
2026-02-04 18:58:50.000,2026-02-04 18:59:00.000,477,2026-02-04 18:59:00.833,2026-02-04 18:58:56.737,-4095.474,59.99795150756836,0
2026-02-04 18:58:50.000,2026-02-04 18:59:00.000,2423,2026-02-04 18:59:00.739,2026-02-04 18:58:56.738,-4000.475,50.018035888671875,0
2026-02-04 18:58:50.000,2026-02-04 18:59:00.000,2108,2026-02-04 18:59:00.833,2026-02-04 18:58:56.745,-4087.960,59.99711227416992,0
2026-02-04 18:58:50.000,2026-02-04 18:59:00.000,477,2026-02-04 18:59:00.849,2026-02-04 18:58:56.754,-4094.447,59.99871063232422,0
2026-02-04 18:58:50.000,2026-02-04 18:59:00.000,2423,2026-02-04 18:59:00.759,2026-02-04 18:58:56.758,-4000.455,50.0213623046875,0
2026-02-04 18:58:50.000,2026-02-04 18:59:00.000,2108,2026-02-04 18:59:00.849,2026-02-04 18:58:56.762,-4086.449,59.99533462524414,0
2026-02-04 18:58:50.000,2026-02-04 18:59:00.000,477,2026-02-04 18:59:00.866,2026-02-04 18:58:56.771,-4094.872,59.99808883666992,0
2026-02-04 18:58:50.000,2026-02-04 18:59:00.000,2423,2026-02-04 18:59:00.779,2026-02-04 18:58:56.777,-4001.353,50.02336120605469,0
2026-02-04 18:58:50.000,2026-02-04 18:59:00.000,2108,2026-02-04 18:59:00.866,2026-02-04 18:58:56.778,-4087.355,59.99708557128906,0
2026-02-04 18:58:50.000,2026-02-04 18:59:00.000,477,2026-02-04 18:59:00.883,2026-02-04 18:58:56.788,-4094.866,59.99723815917969,0
2026-02-04 18:58:50.000,2026-02-04 18:59:00.000,2108,2026-02-04 18:59:00.883,2026-02-04 18:58:56.795,-4087.348,60.00064468383789,0
2026-02-04 18:58:50.000,2026-02-04 18:59:00.000,2423,2026-02-04 18:59:00.799,2026-02-04 18:58:56.797,-4001.357,50.019840240478516,0
2026-02-04 18:58:50.000,2026-02-04 18:59:00.000,477,2026-02-04 18:59:00.899,2026-02-04 18:58:56.804,-4094.831,59.997535705566406,0
2026-02-04 18:58:50.000,2026-02-04 18:59:00.000,2108,2026-02-04 18:59:00.899,2026-02-04 18:58:56.811,-4087.834,60.001407623291016,0
2026-02-04 18:58:50.000,2026-02-04 18:59:00.000,2423,2026-02-04 18:59:00.819,2026-02-04 18:58:56.817,-4001.323,50.01700973510742,0
2026-02-04 18:58:50.000,2026-02-04 18:59:00.000,477,2026-02-04 18:59:00.916,2026-02-04 18:58:56.821,-4094.104,59.99802017211914,0
2026-02-04 18:58:50.000,2026-02-04 18:59:00.000,2108,2026-02-04 18:59:00.916,2026-02-04 18:58:56.829,-4086.594,59.998313903808594,0
2026-02-04 18:58:50.000,2026-02-04 18:59:00.000,477,2026-02-04 18:59:00.933,2026-02-04 18:58:56.837,-4095.567,59.99779510498047,0
2026-02-04 18:58:50.000,2026-02-04 18:59:00.000,2423,2026-02-04 18:59:00.839,2026-02-04 18:58:56.838,-4000.569,50.01980209350586,0
2026-02-04 18:58:50.000,2026-02-04 18:59:00.000,2108,2026-02-04 18:59:00.933,2026-02-04 18:58:56.845,-4087.145,59.99416732788086,0
2026-02-04 18:58:50.000,2026-02-04 18:59:00.000,477,2026-02-04 18:59:00.949,2026-02-04 18:58:56.854,-4094.635,59.99739456176758,0
2026-02-04 18:58:50.000,2026-02-04 18:59:00.000,2423,2026-02-04 18:59:00.859,2026-02-04 18:58:56.857,-4001.624,50.02131652832031,0
2026-02-04 18:58:50.000,2026-02-04 18:59:00.000,2108,2026-02-04 18:59:00.949,2026-02-04 18:58:56.863,-4085.168,59.99451446533203,0
2026-02-04 18:58:50.000,2026-02-04 18:59:00.000,2423,2026-02-04 18:59:00.879,2026-02-04 18:58:56.880,-3998.651,50.01958084106445,0
2026-02-04 18:58:50.000,2026-02-04 18:59:00.000,2108,2026-02-04 18:59:00.966,2026-02-04 18:58:56.880,-4085.651,59.99924087524414,0
2026-02-04 18:58:50.000,2026-02-04 18:59:00.000,2108,2026-02-04 18:59:00.983,2026-02-04 18:58:56.895,-4087.085,60.000213623046875,0
2026-02-04 18:58:50.000,2026-02-04 18:59:00.000,2423,2026-02-04 18:59:00.899,2026-02-04 18:58:56.899,-3999.563,50.018131256103516,0
2026-02-04 18:58:50.000,2026-02-04 18:59:00.000,477,2026-02-04 18:59:00.966,2026-02-04 18:58:56.905,-4060.280,59.99681854248047,0
2026-02-04 18:58:50.000,2026-02-04 18:59:00.000,477,2026-02-04 18:59:00.983,2026-02-04 18:58:56.905,-4077.280,59.996646881103516,0
2026-02-04 18:58:50.000,2026-02-04 18:59:00.000,477,2026-02-04 18:59:00.999,2026-02-04 18:58:56.924,-4074.526,59.99738693237305,0
2026-02-04 18:58:50.000,2026-02-04 18:59:00.000,2108,2026-02-04 18:59:00.999,2026-02-04 18:58:56.925,-4073.529,59.99748992919922,0
2026-02-04 18:58:50.000,2026-02-04 18:59:00.000,2423,2026-02-04 18:59:00.919,2026-02-04 18:58:56.926,-3992.531,50.0174674987793,0
2026-02-04 18:58:50.000,2026-02-04 18:59:00.000,477,2026-02-04 18:59:01.016,2026-02-04 18:58:56.926,-4089.531,59.99770736694336,0
2026-02-04 18:58:50.000,2026-02-04 18:59:00.000,2108,2026-02-04 18:59:01.016,2026-02-04 18:58:56.930,-4085.528,59.99674987792969,0
2026-02-04 18:58:50.000,2026-02-04 18:59:00.000,477,2026-02-04 18:59:01.033,2026-02-04 18:58:56.938,-4094.135,59.99696350097656,0
2026-02-04 18:58:50.000,2026-02-04 18:59:00.000,2423,2026-02-04 18:59:00.939,2026-02-04 18:58:56.939,-3999.135,50.0182991027832,0
2026-02-04 18:58:50.000,2026-02-04 18:59:00.000,2108,2026-02-04 18:59:01.033,2026-02-04 18:58:56.950,-4082.621,59.99654006958008,0
2026-02-04 18:58:50.000,2026-02-04 18:59:00.000,477,2026-02-04 18:59:01.049,2026-02-04 18:58:56.955,-4093.534,59.99647903442383,0
2026-02-04 18:58:50.000,2026-02-04 18:59:00.000,2423,2026-02-04 18:59:00.959,2026-02-04 18:58:56.957,-4001.543,50.01951599121094,0
2026-02-04 18:58:50.000,2026-02-04 18:59:00.000,2108,2026-02-04 18:59:01.049,2026-02-04 18:58:56.962,-4086.534,59.996150970458984,0
2026-02-04 18:58:50.000,2026-02-04 18:59:00.000,477,2026-02-04 18:59:01.066,2026-02-04 18:58:56.972,-4093.513,59.997013092041016,0
2026-02-04 18:58:50.000,2026-02-04 18:59:00.000,2423,2026-02-04 18:59:00.979,2026-02-04 18:58:56.986,-3992.836,50.019569396972656,0
2026-02-04 18:58:50.000,2026-02-04 18:59:00.000,2108,2026-02-04 18:59:01.066,2026-02-04 18:58:56.986,-4079.138,59.998023986816406,0
2026-02-04 18:58:50.000,2026-02-04 18:59:00.000,477,2026-02-04 18:59:01.083,2026-02-04 18:58:56.990,-4092.628,59.99752426147461,0
2026-02-04 18:58:50.000,2026-02-04 18:59:00.000,2108,2026-02-04 18:59:01.083,2026-02-04 18:58:56.995,-4087.582,59.996978759765625,0
2026-02-04 18:58:50.000,2026-02-04 18:59:00.000,2423,2026-02-04 18:59:00.999,2026-02-04 18:58:56.998,-4000.590,50.018951416015625,0
2026-02-04 18:58:50.000,2026-02-04 18:59:00.000,477,2026-02-04 18:59:01.099,2026-02-04 18:58:57.004,-4094.201,59.997615814208984,0
2026-02-04 18:58:50.000,2026-02-04 18:59:00.000,2108,2026-02-04 18:59:01.099,2026-02-04 18:58:57.012,-4086.695,59.99549865722656,0
2026-02-04 18:58:50.000,2026-02-04 18:59:00.000,2423,2026-02-04 18:59:01.019,2026-02-04 18:58:57.026,-3992.652,50.01945495605469,0
2026-02-04 18:58:50.000,2026-02-04 18:59:00.000,477,2026-02-04 18:59:01.116,2026-02-04 18:58:57.027,-4088.661,59.997962951660156,0
2026-02-04 18:58:50.000,2026-02-04 18:59:00.000,2108,2026-02-04 18:59:01.116,2026-02-04 18:58:57.029,-4086.658,59.99870300292969,0
2026-02-04 18:58:50.000,2026-02-04 18:59:00.000,2423,2026-02-04 18:59:01.039,2026-02-04 18:58:57.038,-4000.592,50.020599365234375,0
2026-02-04 18:58:50.000,2026-02-04 18:59:00.000,477,2026-02-04 18:59:01.133,2026-02-04 18:58:57.038,-4094.593,59.99761199951172,0
2026-02-04 18:58:50.000,2026-02-04 18:59:00.000,2108,2026-02-04 18:59:01.133,2026-02-04 18:58:57.045,-4087.085,59.99863052368164,0
2026-02-04 18:58:50.000,2026-02-04 18:59:00.000,477,2026-02-04 18:59:01.149,2026-02-04 18:58:57.054,-4094.068,59.99665069580078,0
2026-02-04 18:58:50.000,2026-02-04 18:59:00.000,2423,2026-02-04 18:59:01.059,2026-02-04 18:58:57.057,-4001.053,50.019432067871094,0
2026-02-04 18:58:50.000,2026-02-04 18:59:00.000,2108,2026-02-04 18:59:01.149,2026-02-04 18:58:57.062,-4086.556,59.995033264160156,0
2026-02-04 18:58:50.000,2026-02-04 18:59:00.000,477,2026-02-04 18:59:01.166,2026-02-04 18:58:57.071,-4094.551,59.996585845947266,0
2026-02-04 18:58:50.000,2026-02-04 18:59:00.000,2423,2026-02-04 18:59:01.079,2026-02-04 18:58:57.077,-4001.039,50.01986312866211,0
2026-02-04 18:58:50.000,2026-02-04 18:59:00.000,2108,2026-02-04 18:59:01.166,2026-02-04 18:58:57.078,-4087.040,59.993892669677734,0
2026-02-04 18:58:50.000,2026-02-04 18:59:00.000,477,2026-02-04 18:59:01.183,2026-02-04 18:58:57.087,-4095.262,59.997215270996094,0
2026-02-04 18:58:50.000,2026-02-04 18:59:00.000,2108,2026-02-04 18:59:01.183,2026-02-04 18:58:57.096,-4086.750,59.997127532958984,0
2026-02-04 18:58:50.000,2026-02-04 18:59:00.000,2423,2026-02-04 18:59:01.099,2026-02-04 18:58:57.098,-4000.741,50.021976470947266,0
2026-02-04 18:58:50.000,2026-02-04 18:59:00.000,477,2026-02-04 18:59:01.199,2026-02-04 18:58:57.104,-4094.197,59.997562408447266,0
2026-02-04 18:58:50.000,2026-02-04 18:59:00.000,2108,2026-02-04 18:59:01.199,2026-02-04 18:58:57.112,-4086.692,59.99897766113281,0
2026-02-04 18:58:50.000,2026-02-04 18:59:00.000,2423,2026-02-04 18:59:01.119,2026-02-04 18:58:57.118,-4000.686,50.019718170166016,0
2026-02-04 18:58:50.000,2026-02-04 18:59:00.000,477,2026-02-04 18:59:01.216,2026-02-04 18:58:57.122,-4093.650,59.996795654296875,0
2026-02-04 18:58:50.000,2026-02-04 18:59:00.000,2108,2026-02-04 18:59:01.216,2026-02-04 18:58:57.132,-4083.638,59.996002197265625,0
2026-02-04 18:58:50.000,2026-02-04 18:59:00.000,2423,2026-02-04 18:59:01.139,2026-02-04 18:58:57.137,-4001.604,50.018463134765625,0
2026-02-04 18:58:50.000,2026-02-04 18:59:00.000,477,2026-02-04 18:59:01.233,2026-02-04 18:58:57.138,-4094.602,59.996524810791016,0
2026-02-04 18:58:50.000,2026-02-04 18:59:00.000,2108,2026-02-04 18:59:01.233,2026-02-04 18:58:57.145,-4087.502,59.99420166015625,0
2026-02-04 18:58:50.000,2026-02-04 18:59:00.000,477,2026-02-04 18:59:01.249,2026-02-04 18:58:57.154,-4094.200,59.99712371826172,0
2026-02-04 18:58:50.000,2026-02-04 18:59:00.000,2423,2026-02-04 18:59:01.159,2026-02-04 18:58:57.157,-4001.209,50.02070236206055,0
2026-02-04 18:58:50.000,2026-02-04 18:59:00.000,2108,2026-02-04 18:59:01.249,2026-02-04 18:58:57.162,-4086.691,59.99635696411133,0
2026-02-04 18:58:50.000,2026-02-04 18:59:00.000,477,2026-02-04 18:59:01.266,2026-02-04 18:58:57.171,-4094.686,59.99688720703125,0
2026-02-04 18:58:50.000,2026-02-04 18:59:00.000,2423,2026-02-04 18:59:01.179,2026-02-04 18:58:57.177,-4001.170,50.02016830444336,0
2026-02-04 18:58:50.000,2026-02-04 18:59:00.000,2108,2026-02-04 18:59:01.266,2026-02-04 18:58:57.178,-4087.171,59.997764587402344,0
2026-02-04 18:58:50.000,2026-02-04 18:59:00.000,477,2026-02-04 18:59:01.283,2026-02-04 18:58:57.187,-4095.658,59.99599075317383,0
2026-02-04 18:58:50.000,2026-02-04 18:59:00.000,2108,2026-02-04 18:59:01.283,2026-02-04 18:58:57.195,-4087.147,59.996131896972656,0
2026-02-04 18:58:50.000,2026-02-04 18:59:00.000,2423,2026-02-04 18:59:01.199,2026-02-04 18:58:57.197,-4001.155,50.018802642822266,0
2026-02-04 18:58:50.000,2026-02-04 18:59:00.000,477,2026-02-04 18:59:01.299,2026-02-04 18:58:57.204,-4094.636,59.99512481689453,0
2026-02-04 18:58:50.000,2026-02-04 18:59:00.000,2108,2026-02-04 18:59:01.299,2026-02-04 18:58:57.212,-4086.636,59.99501037597656,0
2026-02-04 18:58:50.000,2026-02-04 18:59:00.000,2423,2026-02-04 18:59:01.219,2026-02-04 18:58:57.218,-4000.599,50.01960372924805,0
2026-02-04 18:58:50.000,2026-02-04 18:59:00.000,477,2026-02-04 18:59:01.316,2026-02-04 18:58:57.222,-4093.575,59.99523162841797,0
2026-02-04 18:58:50.000,2026-02-04 18:59:00.000,2108,2026-02-04 18:59:01.316,2026-02-04 18:58:57.228,-4087.567,59.99307632446289,0
2026-02-04 18:58:50.000,2026-02-04 18:59:00.000,2423,2026-02-04 18:59:01.239,2026-02-04 18:58:57.237,-4001.046,50.01945495605469,0
2026-02-04 18:58:50.000,2026-02-04 18:59:00.000,477,2026-02-04 18:59:01.333,2026-02-04 18:58:57.237,-4095.046,59.99642562866211,0
2026-02-04 18:58:50.000,2026-02-04 18:59:00.000,2108,2026-02-04 18:59:01.333,2026-02-04 18:58:57.247,-4085.535,59.99262619018555,0
2026-02-04 18:58:50.000,2026-02-04 18:59:00.000,477,2026-02-04 18:59:01.349,2026-02-04 18:58:57.254,-4094.362,59.99739456176758,0
2026-02-04 18:58:50.000,2026-02-04 18:59:00.000,2423,2026-02-04 18:59:01.259,2026-02-04 18:58:57.258,-4000.354,50.02024459838867,0
2026-02-04 18:58:50.000,2026-02-04 18:59:00.000,2108,2026-02-04 18:59:01.349,2026-02-04 18:58:57.262,-4086.362,59.997161865234375,0
2026-02-04 18:58:50.000,2026-02-04 18:59:00.000,477,2026-02-04 18:59:01.366,2026-02-04 18:58:57.270,-4095.279,59.99706268310547,0
2026-02-04 18:58:50.000,2026-02-04 18:59:00.000,2423,2026-02-04 18:59:01.279,2026-02-04 18:58:57.278,-4000.910,50.022071838378906,0
2026-02-04 18:58:50.000,2026-02-04 18:59:00.000,2108,2026-02-04 18:59:01.366,2026-02-04 18:58:57.279,-4086.910,59.9997673034668,0
2026-02-04 18:58:50.000,2026-02-04 18:59:00.000,477,2026-02-04 18:59:01.383,2026-02-04 18:58:57.287,-4095.394,59.99620056152344,0
2026-02-04 18:58:50.000,2026-02-04 18:59:00.000,2108,2026-02-04 18:59:01.383,2026-02-04 18:58:57.295,-4087.279,59.9970588684082,0
2026-02-04 18:58:50.000,2026-02-04 18:59:00.000,2423,2026-02-04 18:59:01.299,2026-02-04 18:58:57.297,-4001.271,50.02035903930664,0
2026-02-04 18:58:50.000,2026-02-04 18:59:00.000,477,2026-02-04 18:59:01.399,2026-02-04 18:58:57.304,-4094.760,59.99578094482422,0
2026-02-04 18:58:50.000,2026-02-04 18:59:00.000,2108,2026-02-04 18:59:01.399,2026-02-04 18:58:57.312,-4086.726,59.99454879760742,0
2026-02-04 18:58:50.000,2026-02-04 18:59:00.000,2423,2026-02-04 18:59:01.319,2026-02-04 18:58:57.318,-4000.690,50.019161224365234,0
2026-02-04 18:58:50.000,2026-02-04 18:59:00.000,477,2026-02-04 18:59:01.416,2026-02-04 18:58:57.320,-4095.186,59.996273040771484,0
2026-02-04 18:58:50.000,2026-02-04 18:59:00.000,2108,2026-02-04 18:59:01.416,2026-02-04 18:58:57.329,-4086.654,59.996158599853516,0
2026-02-04 18:58:50.000,2026-02-04 18:59:00.000,2423,2026-02-04 18:59:01.339,2026-02-04 18:58:57.338,-4000.513,50.02151870727539,0
2026-02-04 18:58:50.000,2026-02-04 18:59:00.000,477,2026-02-04 18:59:01.433,2026-02-04 18:58:57.338,-4094.513,59.996707916259766,0
2026-02-04 18:58:50.000,2026-02-04 18:59:00.000,2108,2026-02-04 18:59:01.433,2026-02-04 18:58:57.346,-4086.996,59.99715042114258,0
2026-02-04 18:58:50.000,2026-02-04 18:59:00.000,477,2026-02-04 18:59:01.449,2026-02-04 18:58:57.355,-4093.971,59.99599838256836,0
2026-02-04 18:58:50.000,2026-02-04 18:59:00.000,2423,2026-02-04 18:59:01.359,2026-02-04 18:58:57.357,-4001.475,50.021583557128906,0
2026-02-04 18:58:50.000,2026-02-04 18:59:00.000,2108,2026-02-04 18:59:01.449,2026-02-04 18:58:57.362,-4086.460,59.9951171875,0
2026-02-04 18:58:50.000,2026-02-04 18:59:00.000,477,2026-02-04 18:59:01.466,2026-02-04 18:58:57.371,-4094.941,59.99531936645508,0
2026-02-04 18:58:50.000,2026-02-04 18:59:00.000,2423,2026-02-04 18:59:01.379,2026-02-04 18:58:57.377,-4001.426,50.019012451171875,0
2026-02-04 18:58:50.000,2026-02-04 18:59:00.000,2108,2026-02-04 18:59:01.466,2026-02-04 18:58:57.378,-4087.423,59.994998931884766,0
2026-02-04 18:58:50.000,2026-02-04 18:59:00.000,477,2026-02-04 18:59:01.483,2026-02-04 18:58:57.388,-4094.958,59.995845794677734,0
2026-02-04 18:58:50.000,2026-02-04 18:59:00.000,2108,2026-02-04 18:59:01.483,2026-02-04 18:58:57.395,-4087.447,59.99644470214844,0
2026-02-04 18:58:50.000,2026-02-04 18:59:00.000,2423,2026-02-04 18:59:01.399,2026-02-04 18:58:57.397,-4001.454,50.020469665527344,0
2026-02-04 18:58:50.000,2026-02-04 18:59:00.000,477,2026-02-04 18:59:01.499,2026-02-04 18:58:57.404,-4094.407,59.996646881103516,0
2026-02-04 18:58:50.000,2026-02-04 18:59:00.000,2108,2026-02-04 18:59:01.499,2026-02-04 18:58:57.411,-4087.408,59.99778366088867,0
2026-02-04 18:58:50.000,2026-02-04 18:59:00.000,2423,2026-02-04 18:59:01.419,2026-02-04 18:58:57.420,-3998.895,50.022682189941406,0
2026-02-04 18:58:50.000,2026-02-04 18:59:00.000,477,2026-02-04 18:59:01.516,2026-02-04 18:58:57.421,-4094.397,59.99631881713867,0
2026-02-04 18:58:50.000,2026-02-04 18:59:00.000,2108,2026-02-04 18:59:01.516,2026-02-04 18:58:57.428,-4087.380,59.999420166015625,0
2026-02-04 18:58:50.000,2026-02-04 18:59:00.000,2423,2026-02-04 18:59:01.439,2026-02-04 18:58:57.437,-4001.258,50.02104187011719,0
2026-02-04 18:58:50.000,2026-02-04 18:59:00.000,477,2026-02-04 18:59:01.533,2026-02-04 18:58:57.437,-4095.258,59.99567794799805,0
2026-02-04 18:58:50.000,2026-02-04 18:59:00.000,2108,2026-02-04 18:59:01.533,2026-02-04 18:58:57.445,-4087.229,59.99694061279297,0
2026-02-04 18:58:50.000,2026-02-04 18:59:00.000,477,2026-02-04 18:59:01.549,2026-02-04 18:58:57.454,-4094.718,59.99546432495117,0
2026-02-04 18:58:50.000,2026-02-04 18:59:00.000,2423,2026-02-04 18:59:01.459,2026-02-04 18:58:57.458,-4000.685,50.02048110961914,0
2026-02-04 18:58:50.000,2026-02-04 18:59:00.000,2108,2026-02-04 18:59:01.549,2026-02-04 18:58:57.462,-4086.690,59.992095947265625,0
2026-02-04 18:58:50.000,2026-02-04 18:59:00.000,477,2026-02-04 18:59:01.566,2026-02-04 18:58:57.471,-4094.607,59.99525451660156,0
2026-02-04 18:58:50.000,2026-02-04 18:59:00.000,2423,2026-02-04 18:59:01.479,2026-02-04 18:58:57.479,-3999.589,50.02158737182617,0
2026-02-04 18:58:50.000,2026-02-04 18:59:00.000,2108,2026-02-04 18:59:01.566,2026-02-04 18:58:57.479,-4086.589,59.99287796020508,0
2026-02-04 18:58:50.000,2026-02-04 18:59:00.000,477,2026-02-04 18:59:01.583,2026-02-04 18:58:57.487,-4095.032,59.99476623535156,0
2026-02-04 18:58:50.000,2026-02-04 18:59:00.000,2108,2026-02-04 18:59:01.583,2026-02-04 18:58:57.495,-4087.511,59.995941162109375,0
2026-02-04 18:58:50.000,2026-02-04 18:59:00.000,2423,2026-02-04 18:59:01.499,2026-02-04 18:58:57.497,-4001.504,50.02078628540039,0
2026-02-04 18:58:50.000,2026-02-04 18:59:00.000,477,2026-02-04 18:59:01.599,2026-02-04 18:58:57.504,-4095.004,59.99437713623047,0
2026-02-04 18:58:50.000,2026-02-04 18:59:00.000,2108,2026-02-04 18:59:01.599,2026-02-04 18:58:57.512,-4086.500,59.996665954589844,0
2026-02-04 18:58:50.000,2026-02-04 18:59:00.000,2423,2026-02-04 18:59:01.519,2026-02-04 18:58:57.517,-4001.495,50.01908493041992,0
2026-02-04 18:58:50.000,2026-02-04 18:59:00.000,477,2026-02-04 18:59:01.616,2026-02-04 18:58:57.521,-4094.991,59.994873046875,0
2026-02-04 18:58:50.000,2026-02-04 18:59:00.000,2108,2026-02-04 18:59:01.616,2026-02-04 18:58:57.528,-4087.461,59.99689865112305,0
2026-02-04 18:58:50.000,2026-02-04 18:59:00.000,477,2026-02-04 18:59:01.633,2026-02-04 18:58:57.537,-4095.422,59.99558639526367,0
2026-02-04 18:58:50.000,2026-02-04 18:59:00.000,2423,2026-02-04 18:59:01.539,2026-02-04 18:58:57.538,-4000.423,50.01900863647461,0
2026-02-04 18:58:50.000,2026-02-04 18:59:00.000,2108,2026-02-04 18:59:01.633,2026-02-04 18:58:57.545,-4087.267,59.99436569213867,0
2026-02-04 18:58:50.000,2026-02-04 18:59:00.000,2423,2026-02-04 18:59:01.559,2026-02-04 18:58:57.558,-4000.763,50.02161407470703,0
2026-02-04 18:58:50.000,2026-02-04 18:59:00.000,2108,2026-02-04 18:59:01.649,2026-02-04 18:58:57.562,-4086.741,59.99336624145508,0
2026-02-04 18:58:50.000,2026-02-04 18:59:00.000,477,2026-02-04 18:59:01.649,2026-02-04 18:58:57.574,-4074.293,59.995819091796875,0
2026-02-04 18:58:50.000,2026-02-04 18:59:00.000,477,2026-02-04 18:59:01.666,2026-02-04 18:58:57.574,-4091.293,59.99584197998047,0
2026-02-04 18:58:50.000,2026-02-04 18:59:00.000,2423,2026-02-04 18:59:01.579,2026-02-04 18:58:57.577,-4001.293,50.02222442626953,0
2026-02-04 18:58:50.000,2026-02-04 18:59:00.000,2108,2026-02-04 18:59:01.666,2026-02-04 18:58:57.579,-4086.787,59.998348236083984,0
2026-02-04 18:58:50.000,2026-02-04 18:59:00.000,477,2026-02-04 18:59:01.683,2026-02-04 18:58:57.588,-4094.269,59.99538803100586,0
2026-02-04 18:58:50.000,2026-02-04 18:59:00.000,2108,2026-02-04 18:59:01.683,2026-02-04 18:58:57.595,-4087.275,60.0001106262207,0
2026-02-04 18:58:50.000,2026-02-04 18:59:00.000,2423,2026-02-04 18:59:01.599,2026-02-04 18:58:57.597,-4001.283,50.01979064941406,0
2026-02-04 18:58:50.000,2026-02-04 18:59:00.000,477,2026-02-04 18:59:01.699,2026-02-04 18:58:57.604,-4094.760,59.99479675292969,0
2026-02-04 18:58:50.000,2026-02-04 18:59:00.000,2423,2026-02-04 18:59:01.619,2026-02-04 18:58:57.618,-4000.443,50.01982498168945,0
2026-02-04 18:58:50.000,2026-02-04 18:59:00.000,477,2026-02-04 18:59:01.716,2026-02-04 18:58:57.621,-4094.947,59.995025634765625,0
2026-02-04 18:58:50.000,2026-02-04 18:59:00.000,2108,2026-02-04 18:59:01.699,2026-02-04 18:58:57.632,-4066.405,59.994140625,0
2026-02-04 18:58:50.000,2026-02-04 18:59:00.000,2108,2026-02-04 18:59:01.716,2026-02-04 18:58:57.633,-4082.209,59.991092681884766,0
2026-02-04 18:58:50.000,2026-02-04 18:59:00.000,2423,2026-02-04 18:59:01.639,2026-02-04 18:58:57.637,-4001.209,50.022037506103516,0
2026-02-04 18:58:50.000,2026-02-04 18:59:00.000,477,2026-02-04 18:59:01.733,2026-02-04 18:58:57.637,-4095.209,59.99543762207031,0
2026-02-04 18:58:50.000,2026-02-04 18:59:00.000,2108,2026-02-04 18:59:01.733,2026-02-04 18:58:57.645,-4087.699,59.99422836303711,0
2026-02-04 18:58:50.000,2026-02-04 18:59:00.000,2423,2026-02-04 18:59:01.659,2026-02-04 18:58:57.658,-4000.195,50.02254104614258,0
2026-02-04 18:58:50.000,2026-02-04 18:59:00.000,2108,2026-02-04 18:59:01.749,2026-02-04 18:58:57.662,-4086.699,59.9949951171875,0
2026-02-04 18:58:50.000,2026-02-04 18:59:00.000,477,2026-02-04 18:59:01.749,2026-02-04 18:58:57.675,-4073.370,59.9954948425293,0
2026-02-04 18:58:50.000,2026-02-04 18:59:00.000,477,2026-02-04 18:59:01.766,2026-02-04 18:58:57.675,-4090.370,59.995262145996094,0
2026-02-04 18:58:50.000,2026-02-04 18:59:00.000,2423,2026-02-04 18:59:01.679,2026-02-04 18:58:57.677,-4001.368,50.01979064941406,0
2026-02-04 18:58:50.000,2026-02-04 18:59:00.000,2108,2026-02-04 18:59:01.766,2026-02-04 18:58:57.678,-4087.371,59.993019104003906,0
2026-02-04 18:58:50.000,2026-02-04 18:59:00.000,477,2026-02-04 18:59:01.783,2026-02-04 18:58:57.688,-4094.860,59.994991302490234,0
2026-02-04 18:58:50.000,2026-02-04 18:59:00.000,2423,2026-02-04 18:59:01.699,2026-02-04 18:58:57.697,-4001.335,50.01966094970703,0
2026-02-04 18:58:50.000,2026-02-04 18:59:00.000,477,2026-02-04 18:59:01.799,2026-02-04 18:58:57.704,-4094.832,59.99311065673828,0
2026-02-04 18:58:50.000,2026-02-04 18:59:00.000,2423,2026-02-04 18:59:01.719,2026-02-04 18:58:57.717,-4001.320,50.02360916137695,0
2026-02-04 18:58:50.000,2026-02-04 18:59:00.000,477,2026-02-04 18:59:01.816,2026-02-04 18:58:57.721,-4094.814,59.992286682128906,0
2026-02-04 18:58:50.000,2026-02-04 18:59:00.000,2108,2026-02-04 18:59:01.783,2026-02-04 18:58:57.723,-4059.240,59.991146087646484,0
2026-02-04 18:58:50.000,2026-02-04 18:59:00.000,2108,2026-02-04 18:59:01.799,2026-02-04 18:58:57.723,-4075.240,59.993106842041016,0
2026-02-04 18:58:50.000,2026-02-04 18:59:00.000,2108,2026-02-04 18:59:01.816,2026-02-04 18:58:57.729,-4086.808,59.998714447021484,0
2026-02-04 18:58:50.000,2026-02-04 18:59:00.000,477,2026-02-04 18:59:01.833,2026-02-04 18:58:57.737,-4095.285,59.99592971801758,0
2026-02-04 18:58:50.000,2026-02-04 18:59:00.000,2423,2026-02-04 18:59:01.739,2026-02-04 18:58:57.738,-4000.284,50.02294921875,0
2026-02-04 18:58:50.000,2026-02-04 18:59:00.000,2108,2026-02-04 18:59:01.833,2026-02-04 18:58:57.745,-4087.043,59.998409271240234,0
2026-02-04 18:58:50.000,2026-02-04 18:59:00.000,477,2026-02-04 18:59:01.849,2026-02-04 18:58:57.754,-4094.102,59.99722671508789,0
2026-02-04 18:58:50.000,2026-02-04 18:59:00.000,2423,2026-02-04 18:59:01.759,2026-02-04 18:58:57.757,-4001.109,50.01899719238281,0
2026-02-04 18:58:50.000,2026-02-04 18:59:00.000,2108,2026-02-04 18:59:01.849,2026-02-04 18:58:57.762,-4086.598,59.99192810058594,0
2026-02-04 18:58:50.000,2026-02-04 18:59:00.000,477,2026-02-04 18:59:01.866,2026-02-04 18:58:57.771,-4094.591,59.99507522583008,0
2026-02-04 18:58:50.000,2026-02-04 18:59:00.000,2423,2026-02-04 18:59:01.779,2026-02-04 18:58:57.778,-4000.081,50.019805908203125,0
2026-02-04 18:58:50.000,2026-02-04 18:59:00.000,2108,2026-02-04 18:59:01.866,2026-02-04 18:58:57.778,-4087.081,59.99060821533203,0
2026-02-04 18:58:50.000,2026-02-04 18:59:00.000,477,2026-02-04 18:59:01.883,2026-02-04 18:58:57.787,-4095.569,59.993934631347656,0
2026-02-04 18:58:50.000,2026-02-04 18:59:00.000,2108,2026-02-04 18:59:01.883,2026-02-04 18:58:57.795,-4087.209,59.995445251464844,0
2026-02-04 18:58:50.000,2026-02-04 18:59:00.000,2423,2026-02-04 18:59:01.799,2026-02-04 18:58:57.797,-4001.215,50.02224349975586,0
2026-02-04 18:58:50.000,2026-02-04 18:59:00.000,477,2026-02-04 18:59:01.899,2026-02-04 18:58:57.804,-4094.697,59.99334716796875,0
2026-02-04 18:58:50.000,2026-02-04 18:59:00.000,2108,2026-02-04 18:59:01.899,2026-02-04 18:58:57.812,-4086.698,59.99802017211914,0
2026-02-04 18:58:50.000,2026-02-04 18:59:00.000,2423,2026-02-04 18:59:01.819,2026-02-04 18:58:57.818,-4000.399,50.022674560546875,0
2026-02-04 18:58:50.000,2026-02-04 18:59:00.000,477,2026-02-04 18:59:01.916,2026-02-04 18:58:57.821,-4094.898,59.99391174316406,0
2026-02-04 18:58:50.000,2026-02-04 18:59:00.000,2108,2026-02-04 18:59:01.916,2026-02-04 18:58:57.828,-4087.372,59.99610900878906,0
2026-02-04 18:58:50.000,2026-02-04 18:59:00.000,477,2026-02-04 18:59:01.933,2026-02-04 18:58:57.838,-4094.859,59.994483947753906,0
2026-02-04 18:58:50.000,2026-02-04 18:59:00.000,2423,2026-02-04 18:59:01.839,2026-02-04 18:58:57.838,-4000.859,50.020835876464844,0
2026-02-04 18:58:50.000,2026-02-04 18:59:00.000,2108,2026-02-04 18:59:01.933,2026-02-04 18:58:57.845,-4087.839,59.991722106933594,0
2026-02-04 18:58:50.000,2026-02-04 18:59:00.000,477,2026-02-04 18:59:01.949,2026-02-04 18:58:57.854,-4094.326,59.99401092529297,0
2026-02-04 18:58:50.000,2026-02-04 18:59:00.000,2423,2026-02-04 18:59:01.859,2026-02-04 18:58:57.857,-4001.317,50.01831817626953,0
2026-02-04 18:58:50.000,2026-02-04 18:59:00.000,2108,2026-02-04 18:59:01.949,2026-02-04 18:58:57.861,-4087.328,59.992332458496094,0
2026-02-04 18:58:50.000,2026-02-04 18:59:00.000,477,2026-02-04 18:59:01.966,2026-02-04 18:58:57.871,-4094.476,59.9940299987793,0
2026-02-04 18:58:50.000,2026-02-04 18:59:00.000,2423,2026-02-04 18:59:01.879,2026-02-04 18:58:57.878,-4000.962,50.02083969116211,0
2026-02-04 18:58:50.000,2026-02-04 18:59:00.000,2108,2026-02-04 18:59:01.966,2026-02-04 18:58:57.879,-4086.962,59.999412536621094,0
2026-02-04 18:58:50.000,2026-02-04 18:59:00.000,477,2026-02-04 18:59:01.983,2026-02-04 18:58:57.887,-4095.179,59.99483108520508,0
2026-02-04 18:58:50.000,2026-02-04 18:59:00.000,2108,2026-02-04 18:59:01.983,2026-02-04 18:58:57.895,-4087.153,59.99955749511719,0
2026-02-04 18:58:50.000,2026-02-04 18:59:00.000,2423,2026-02-04 18:59:01.899,2026-02-04 18:58:57.904,-3994.682,50.02437210083008,0
2026-02-04 18:58:50.000,2026-02-04 18:59:00.000,477,2026-02-04 18:59:01.999,2026-02-04 18:58:57.904,-4094.147,59.994842529296875,0
2026-02-04 18:58:50.000,2026-02-04 18:59:00.000,2108,2026-02-04 18:59:01.999,2026-02-04 18:58:57.912,-4086.710,59.99155807495117,0
2026-02-04 18:58:50.000,2026-02-04 18:59:00.000,2423,2026-02-04 18:59:01.919,2026-02-04 18:58:57.917,-4001.043,50.021636962890625,0
2026-02-04 18:58:50.000,2026-02-04 18:59:00.000,477,2026-02-04 18:59:02.016,2026-02-04 18:58:57.921,-4094.783,59.99419021606445,0
2026-02-04 18:58:50.000,2026-02-04 18:59:00.000,2108,2026-02-04 18:59:02.016,2026-02-04 18:58:57.928,-4087.251,59.99021911621094,0
2026-02-04 18:58:50.000,2026-02-04 18:59:00.000,2423,2026-02-04 18:59:01.939,2026-02-04 18:58:57.938,-4000.733,50.018985748291016,0
2026-02-04 18:58:50.000,2026-02-04 18:59:00.000,477,2026-02-04 18:59:02.033,2026-02-04 18:58:57.938,-4094.733,59.993873596191406,0
2026-02-04 18:58:50.000,2026-02-04 18:59:00.000,2108,2026-02-04 18:59:02.033,2026-02-04 18:58:57.945,-4087.317,59.99585723876953,0
2026-02-04 18:58:50.000,2026-02-04 18:59:00.000,477,2026-02-04 18:59:02.049,2026-02-04 18:58:57.954,-4094.280,59.9940071105957,0
2026-02-04 18:58:50.000,2026-02-04 18:59:00.000,2423,2026-02-04 18:59:01.959,2026-02-04 18:58:57.957,-4001.287,50.021934509277344,0
2026-02-04 18:58:50.000,2026-02-04 18:59:00.000,2108,2026-02-04 18:59:02.049,2026-02-04 18:58:57.962,-4086.771,59.997684478759766,0
2026-02-04 18:58:50.000,2026-02-04 18:59:00.000,477,2026-02-04 18:59:02.066,2026-02-04 18:58:57.970,-4095.256,59.99417495727539,0
2026-02-04 18:58:50.000,2026-02-04 18:59:00.000,2423,2026-02-04 18:59:01.979,2026-02-04 18:58:57.978,-4000.744,50.02362060546875,0
2026-02-04 18:58:50.000,2026-02-04 18:59:00.000,2108,2026-02-04 18:59:02.066,2026-02-04 18:58:57.979,-4086.742,59.99627685546875,0
2026-02-04 18:58:50.000,2026-02-04 18:59:00.000,477,2026-02-04 18:59:02.083,2026-02-04 18:58:57.987,-4095.670,59.99394226074219,0
2026-02-04 18:58:50.000,2026-02-04 18:59:00.000,2108,2026-02-04 18:59:02.083,2026-02-04 18:58:57.995,-4087.211,59.99276351928711,0
2026-02-04 18:58:50.000,2026-02-04 18:59:00.000,2423,2026-02-04 18:59:01.999,2026-02-04 18:58:57.997,-4001.216,50.02097702026367,0
2026-02-04 18:58:50.000,2026-02-04 18:59:00.000,477,2026-02-04 18:59:02.099,2026-02-04 18:58:58.004,-4094.696,59.994049072265625,0
2026-02-04 18:58:50.000,2026-02-04 18:59:00.000,2108,2026-02-04 18:59:02.099,2026-02-04 18:58:58.012,-4086.696,59.98949432373047,0
2026-02-04 18:58:50.000,2026-02-04 18:59:00.000,2423,2026-02-04 18:59:02.019,2026-02-04 18:58:58.017,-4001.077,50.019412994384766,0
2026-02-04 18:58:50.000,2026-02-04 18:59:00.000,477,2026-02-04 18:59:02.116,2026-02-04 18:58:58.021,-4094.574,59.994384765625,0
2026-02-04 18:58:50.000,2026-02-04 18:59:00.000,2108,2026-02-04 18:59:02.116,2026-02-04 18:58:58.028,-4087.445,59.993019104003906,0
2026-02-04 18:58:50.000,2026-02-04 18:59:00.000,2423,2026-02-04 18:59:02.039,2026-02-04 18:58:58.037,-4001.185,50.022682189941406,0
2026-02-04 18:58:50.000,2026-02-04 18:59:00.000,477,2026-02-04 18:59:02.133,2026-02-04 18:58:58.037,-4095.185,59.99455261230469,0
2026-02-04 18:58:50.000,2026-02-04 18:59:00.000,2108,2026-02-04 18:59:02.133,2026-02-04 18:58:58.045,-4087.664,59.99721145629883,0
2026-02-04 18:58:50.000,2026-02-04 18:59:00.000,477,2026-02-04 18:59:02.149,2026-02-04 18:58:58.054,-4094.388,59.99442672729492,0
2026-02-04 18:58:50.000,2026-02-04 18:59:00.000,2423,2026-02-04 18:59:02.059,2026-02-04 18:58:58.057,-4001.380,50.02486801147461,0
2026-02-04 18:58:50.000,2026-02-04 18:59:00.000,2108,2026-02-04 18:59:02.149,2026-02-04 18:58:58.062,-4086.388,59.99573516845703,0
2026-02-04 18:58:50.000,2026-02-04 18:59:00.000,477,2026-02-04 18:59:02.166,2026-02-04 18:58:58.070,-4095.133,59.99393844604492,0
2026-02-04 18:58:50.000,2026-02-04 18:59:00.000,2423,2026-02-04 18:59:02.079,2026-02-04 18:58:58.077,-4001.621,50.02098083496094,0
2026-02-04 18:58:50.000,2026-02-04 18:59:00.000,2108,2026-02-04 18:59:02.166,2026-02-04 18:58:58.079,-4086.622,59.99146270751953,0
2026-02-04 18:58:50.000,2026-02-04 18:59:00.000,477,2026-02-04 18:59:02.183,2026-02-04 18:58:58.088,-4094.488,59.99337387084961,0
2026-02-04 18:58:50.000,2026-02-04 18:59:00.000,2108,2026-02-04 18:59:02.183,2026-02-04 18:58:58.095,-4087.089,59.990352630615234,0
2026-02-04 18:58:50.000,2026-02-04 18:59:00.000,2423,2026-02-04 18:59:02.099,2026-02-04 18:58:58.097,-4001.082,50.018733978271484,0
2026-02-04 18:58:50.000,2026-02-04 18:59:00.000,477,2026-02-04 18:59:02.199,2026-02-04 18:58:58.104,-4094.514,59.99382019042969,0
2026-02-04 18:58:50.000,2026-02-04 18:59:00.000,2108,2026-02-04 18:59:02.199,2026-02-04 18:58:58.112,-4086.512,59.99452209472656,0
2026-02-04 18:58:50.000,2026-02-04 18:59:00.000,2423,2026-02-04 18:59:02.119,2026-02-04 18:58:58.118,-4001.000,50.02269744873047,0
2026-02-04 18:58:50.000,2026-02-04 18:59:00.000,477,2026-02-04 18:59:02.216,2026-02-04 18:58:58.121,-4094.494,59.99420928955078,0
2026-02-04 18:58:50.000,2026-02-04 18:59:00.000,2108,2026-02-04 18:59:02.216,2026-02-04 18:58:58.129,-4086.977,59.99782943725586,0
2026-02-04 18:58:50.000,2026-02-04 18:59:00.000,2423,2026-02-04 18:59:02.139,2026-02-04 18:58:58.137,-4001.461,50.025028228759766,0
2026-02-04 18:58:50.000,2026-02-04 18:59:00.000,477,2026-02-04 18:59:02.233,2026-02-04 18:58:58.138,-4094.460,59.993919372558594,0
2026-02-04 18:58:50.000,2026-02-04 18:59:00.000,2108,2026-02-04 18:59:02.233,2026-02-04 18:58:58.145,-4087.951,59.994300842285156,0
2026-02-04 18:58:50.000,2026-02-04 18:59:00.000,477,2026-02-04 18:59:02.249,2026-02-04 18:58:58.154,-4094.439,59.99359893798828,0
2026-02-04 18:58:50.000,2026-02-04 18:59:00.000,2423,2026-02-04 18:59:02.159,2026-02-04 18:58:58.157,-4001.448,50.0217399597168,0
2026-02-04 18:58:50.000,2026-02-04 18:59:00.000,2108,2026-02-04 18:59:02.249,2026-02-04 18:58:58.162,-4086.438,59.989219665527344,0
2026-02-04 18:58:50.000,2026-02-04 18:59:00.000,477,2026-02-04 18:59:02.266,2026-02-04 18:58:58.170,-4095.192,59.993106842041016,0
2026-02-04 18:58:50.000,2026-02-04 18:59:00.000,2423,2026-02-04 18:59:02.179,2026-02-04 18:58:58.178,-4000.679,50.01999282836914,0
2026-02-04 18:58:50.000,2026-02-04 18:59:00.000,2108,2026-02-04 18:59:02.266,2026-02-04 18:58:58.178,-4087.679,59.99065017700195,0
2026-02-04 18:58:50.000,2026-02-04 18:59:00.000,477,2026-02-04 18:59:02.283,2026-02-04 18:58:58.187,-4095.598,59.993186950683594,0
2026-02-04 18:58:50.000,2026-02-04 18:59:00.000,2108,2026-02-04 18:59:02.283,2026-02-04 18:58:58.195,-4087.087,59.994441986083984,0
2026-02-04 18:58:50.000,2026-02-04 18:59:00.000,2423,2026-02-04 18:59:02.199,2026-02-04 18:58:58.197,-4001.095,50.022342681884766,0
2026-02-04 18:58:50.000,2026-02-04 18:59:00.000,477,2026-02-04 18:59:02.299,2026-02-04 18:58:58.204,-4094.574,59.99369430541992,0
2026-02-04 18:58:50.000,2026-02-04 18:59:00.000,2108,2026-02-04 18:59:02.299,2026-02-04 18:58:58.212,-4086.552,59.99531173706055,0
2026-02-04 18:58:50.000,2026-02-04 18:59:00.000,2423,2026-02-04 18:59:02.219,2026-02-04 18:58:58.218,-4000.542,50.022789001464844,0
2026-02-04 18:58:50.000,2026-02-04 18:59:00.000,477,2026-02-04 18:59:02.316,2026-02-04 18:58:58.223,-4092.497,59.99358367919922,0
2026-02-04 18:58:50.000,2026-02-04 18:59:00.000,2108,2026-02-04 18:59:02.316,2026-02-04 18:58:58.229,-4086.983,59.993438720703125,0
2026-02-04 18:58:50.000,2026-02-04 18:59:00.000,2108,2026-02-04 18:59:02.333,2026-02-04 18:58:58.339,-3993.621,59.99247360229492,0
2026-02-04 18:58:50.000,2026-02-04 18:59:00.000,2423,2026-02-04 18:59:02.239,2026-02-04 18:58:58.339,-3899.621,50.021854400634766,0
2026-02-04 18:58:50.000,2026-02-04 18:59:00.000,2108,2026-02-04 18:59:02.349,2026-02-04 18:58:58.340,-4008.621,59.99363708496094,0
2026-02-04 18:58:50.000,2026-02-04 18:59:00.000,2423,2026-02-04 18:59:02.259,2026-02-04 18:58:58.340,-3918.613,50.021976470947266,0
2026-02-04 18:58:50.000,2026-02-04 18:59:00.000,2108,2026-02-04 18:59:02.366,2026-02-04 18:58:58.340,-4025.621,59.995906829833984,0
2026-02-04 18:58:50.000,2026-02-04 18:59:00.000,2423,2026-02-04 18:59:02.279,2026-02-04 18:58:58.340,-3938.621,50.02147674560547,0
2026-02-04 18:58:50.000,2026-02-04 18:59:00.000,2108,2026-02-04 18:59:02.383,2026-02-04 18:58:58.341,-4041.621,59.998470306396484,0
2026-02-04 18:58:50.000,2026-02-04 18:59:00.000,2108,2026-02-04 18:59:02.399,2026-02-04 18:58:58.341,-4057.621,59.99488067626953,0
2026-02-04 18:58:50.000,2026-02-04 18:59:00.000,2108,2026-02-04 18:59:02.416,2026-02-04 18:58:58.341,-4074.621,59.99137496948242,0
2026-02-04 18:58:50.000,2026-02-04 18:59:00.000,2423,2026-02-04 18:59:02.299,2026-02-04 18:58:58.341,-3957.613,50.02132797241211,0
2026-02-04 18:58:50.000,2026-02-04 18:59:00.000,2423,2026-02-04 18:59:02.319,2026-02-04 18:58:58.341,-3977.621,50.02156066894531,0
2026-02-04 18:58:50.000,2026-02-04 18:59:00.000,2423,2026-02-04 18:59:02.339,2026-02-04 18:58:58.341,-3997.613,50.02157974243164,0
2026-02-04 18:58:50.000,2026-02-04 18:59:00.000,477,2026-02-04 18:59:02.333,2026-02-04 18:58:58.346,-3986.112,59.993343353271484,0
2026-02-04 18:58:50.000,2026-02-04 18:59:00.000,477,2026-02-04 18:59:02.349,2026-02-04 18:58:58.346,-4002.112,59.99364471435547,0
2026-02-04 18:58:50.000,2026-02-04 18:59:00.000,477,2026-02-04 18:59:02.366,2026-02-04 18:58:58.347,-4018.112,59.99360275268555,0
2026-02-04 18:58:50.000,2026-02-04 18:59:00.000,477,2026-02-04 18:59:02.383,2026-02-04 18:58:58.347,-4035.112,59.99386215209961,0
2026-02-04 18:58:50.000,2026-02-04 18:59:00.000,2108,2026-02-04 18:59:02.433,2026-02-04 18:58:58.348,-4084.105,59.993499755859375,0
2026-02-04 18:58:50.000,2026-02-04 18:59:00.000,477,2026-02-04 18:59:02.399,2026-02-04 18:58:58.348,-4050.112,59.994361877441406,0
2026-02-04 18:58:50.000,2026-02-04 18:59:00.000,477,2026-02-04 18:59:02.416,2026-02-04 18:58:58.348,-4067.113,59.99393844604492,0
2026-02-04 18:58:50.000,2026-02-04 18:59:00.000,477,2026-02-04 18:59:02.433,2026-02-04 18:58:58.348,-4084.105,59.993797302246094,0
2026-02-04 18:58:50.000,2026-02-04 18:59:00.000,477,2026-02-04 18:59:02.449,2026-02-04 18:58:58.357,-4091.522,59.994014739990234,0
2026-02-04 18:58:50.000,2026-02-04 18:59:00.000,2423,2026-02-04 18:59:02.359,2026-02-04 18:58:58.359,-3999.534,50.02324676513672,0
2026-02-04 18:58:50.000,2026-02-04 18:59:00.000,2108,2026-02-04 18:59:02.449,2026-02-04 18:58:58.362,-4086.525,59.99257278442383,0
2026-02-04 18:58:50.000,2026-02-04 18:59:00.000,477,2026-02-04 18:59:02.466,2026-02-04 18:58:58.371,-4094.473,59.99372482299805,0
2026-02-04 18:58:50.000,2026-02-04 18:59:00.000,2423,2026-02-04 18:59:02.379,2026-02-04 18:58:58.377,-4001.447,50.0235595703125,0
2026-02-04 18:58:50.000,2026-02-04 18:59:00.000,2108,2026-02-04 18:59:02.466,2026-02-04 18:58:58.378,-4087.446,59.99040222167969,0
2026-02-04 18:58:50.000,2026-02-04 18:59:00.000,477,2026-02-04 18:59:02.483,2026-02-04 18:58:58.388,-4094.935,59.99363708496094,0
2026-02-04 18:58:50.000,2026-02-04 18:59:00.000,2108,2026-02-04 18:59:02.483,2026-02-04 18:58:58.394,-4088.423,59.990989685058594,0
2026-02-04 18:58:50.000,2026-02-04 18:59:00.000,2423,2026-02-04 18:59:02.399,2026-02-04 18:58:58.400,-3998.965,50.02180480957031,0
2026-02-04 18:58:50.000,2026-02-04 18:59:00.000,477,2026-02-04 18:59:02.499,2026-02-04 18:58:58.416,-4082.930,59.99329376220703,0
2026-02-04 18:58:50.000,2026-02-04 18:59:00.000,2108,2026-02-04 18:59:02.499,2026-02-04 18:58:58.418,-4080.930,59.993804931640625,0
2026-02-04 18:58:50.000,2026-02-04 18:59:00.000,2423,2026-02-04 18:59:02.419,2026-02-04 18:58:58.418,-4000.930,50.02357864379883,0
2026-02-04 18:58:50.000,2026-02-04 18:59:00.000,477,2026-02-04 18:59:02.516,2026-02-04 18:58:58.421,-4094.432,59.99250030517578,0
2026-02-04 18:58:50.000,2026-02-04 18:59:00.000,2108,2026-02-04 18:59:02.516,2026-02-04 18:58:58.431,-4084.912,59.995819091796875,0
2026-02-04 18:58:50.000,2026-02-04 18:59:00.000,2423,2026-02-04 18:59:02.439,2026-02-04 18:58:58.437,-4001.397,50.02607345581055,0
2026-02-04 18:58:50.000,2026-02-04 18:59:00.000,477,2026-02-04 18:59:02.533,2026-02-04 18:58:58.437,-4095.397,59.99252700805664,0
2026-02-04 18:58:50.000,2026-02-04 18:59:00.000,2108,2026-02-04 18:59:02.533,2026-02-04 18:58:58.445,-4087.880,59.99240493774414,0
2026-02-04 18:58:50.000,2026-02-04 18:59:00.000,477,2026-02-04 18:59:02.549,2026-02-04 18:58:58.454,-4094.362,59.99324035644531,0
2026-02-04 18:58:50.000,2026-02-04 18:59:00.000,2423,2026-02-04 18:59:02.459,2026-02-04 18:58:58.457,-4001.354,50.02351760864258,0
2026-02-04 18:58:50.000,2026-02-04 18:59:00.000,2108,2026-02-04 18:59:02.549,2026-02-04 18:58:58.462,-4086.362,59.9887580871582,0
2026-02-04 18:58:50.000,2026-02-04 18:59:00.000,2423,2026-02-04 18:59:02.479,2026-02-04 18:58:58.477,-4001.382,50.01926803588867,0
2026-02-04 18:58:50.000,2026-02-04 18:59:00.000,2108,2026-02-04 18:59:02.566,2026-02-04 18:58:58.479,-4086.381,59.99193572998047,0
2026-02-04 18:58:50.000,2026-02-04 18:59:00.000,477,2026-02-04 18:59:02.566,2026-02-04 18:58:58.492,-4073.329,59.99384307861328,0
2026-02-04 18:58:50.000,2026-02-04 18:59:00.000,477,2026-02-04 18:59:02.583,2026-02-04 18:58:58.492,-4090.329,59.99409866333008,0
2026-02-04 18:58:50.000,2026-02-04 18:59:00.000,2108,2026-02-04 18:59:02.583,2026-02-04 18:58:58.495,-4087.072,59.996498107910156,0
2026-02-04 18:58:50.000,2026-02-04 18:59:00.000,2423,2026-02-04 18:59:02.499,2026-02-04 18:58:58.506,-3992.551,50.019474029541016,0
2026-02-04 18:58:50.000,2026-02-04 18:59:00.000,477,2026-02-04 18:59:02.599,2026-02-04 18:58:58.506,-4092.559,59.993629455566406,0
2026-02-04 18:58:50.000,2026-02-04 18:59:00.000,2108,2026-02-04 18:59:02.599,2026-02-04 18:58:58.512,-4086.559,59.99543762207031,0
2026-02-04 18:58:50.000,2026-02-04 18:59:00.000,2423,2026-02-04 18:59:02.519,2026-02-04 18:58:58.520,-3998.490,50.021366119384766,0
2026-02-04 18:58:50.000,2026-02-04 18:59:00.000,477,2026-02-04 18:59:02.616,2026-02-04 18:58:58.526,-4089.468,59.99320602416992,0
2026-02-04 18:58:50.000,2026-02-04 18:59:00.000,2108,2026-02-04 18:59:02.616,2026-02-04 18:58:58.542,-4073.445,59.992122650146484,0
2026-02-04 18:58:50.000,2026-02-04 18:59:00.000,2423,2026-02-04 18:59:02.539,2026-02-04 18:58:58.543,-3995.430,50.0217170715332,0
2026-02-04 18:58:50.000,2026-02-04 18:59:00.000,477,2026-02-04 18:59:02.633,2026-02-04 18:58:58.543,-4089.430,59.99325942993164,0
2026-02-04 18:58:50.000,2026-02-04 18:59:00.000,2108,2026-02-04 18:59:02.633,2026-02-04 18:58:58.545,-4087.423,59.98915100097656,0
2026-02-04 18:58:50.000,2026-02-04 18:59:00.000,477,2026-02-04 18:59:02.649,2026-02-04 18:58:58.554,-4094.913,59.992698669433594,0
2026-02-04 18:58:50.000,2026-02-04 18:59:00.000,2423,2026-02-04 18:59:02.559,2026-02-04 18:58:58.558,-4000.921,50.022151947021484,0
2026-02-04 18:58:50.000,2026-02-04 18:59:00.000,2108,2026-02-04 18:59:02.649,2026-02-04 18:58:58.562,-4086.397,59.988861083984375,0
2026-02-04 18:58:50.000,2026-02-04 18:59:00.000,477,2026-02-04 18:59:02.666,2026-02-04 18:58:58.571,-4094.791,59.991973876953125,0
2026-02-04 18:58:50.000,2026-02-04 18:59:00.000,2423,2026-02-04 18:59:02.579,2026-02-04 18:58:58.577,-4001.277,50.02183151245117,0
2026-02-04 18:58:50.000,2026-02-04 18:59:00.000,2108,2026-02-04 18:59:02.666,2026-02-04 18:58:58.578,-4087.279,59.9937858581543,0
2026-02-04 18:58:50.000,2026-02-04 18:59:00.000,477,2026-02-04 18:59:02.683,2026-02-04 18:58:58.587,-4095.246,59.99179458618164,0
2026-02-04 18:58:50.000,2026-02-04 18:59:00.000,2108,2026-02-04 18:59:02.683,2026-02-04 18:58:58.595,-4087.288,59.99709701538086,0
2026-02-04 18:58:50.000,2026-02-04 18:59:00.000,2423,2026-02-04 18:59:02.599,2026-02-04 18:58:58.597,-4001.295,50.021820068359375,0
2026-02-04 18:58:50.000,2026-02-04 18:59:00.000,477,2026-02-04 18:59:02.699,2026-02-04 18:58:58.604,-4094.772,59.99243927001953,0
2026-02-04 18:58:50.000,2026-02-04 18:59:00.000,2108,2026-02-04 18:59:02.699,2026-02-04 18:58:58.612,-4086.265,59.99310302734375,0
2026-02-04 18:58:50.000,2026-02-04 18:59:00.000,2423,2026-02-04 18:59:02.619,2026-02-04 18:58:58.618,-4000.250,50.02219009399414,0
2026-02-04 18:58:50.000,2026-02-04 18:59:00.000,477,2026-02-04 18:59:02.716,2026-02-04 18:58:58.622,-4093.754,59.9930419921875,0
2026-02-04 18:58:50.000,2026-02-04 18:59:00.000,2108,2026-02-04 18:59:02.716,2026-02-04 18:58:58.631,-4084.747,59.99088668823242,0
2026-02-04 18:58:50.000,2026-02-04 18:59:00.000,477,2026-02-04 18:59:02.733,2026-02-04 18:58:58.638,-4094.235,59.992584228515625,0
2026-02-04 18:58:50.000,2026-02-04 18:59:00.000,2423,2026-02-04 18:59:02.639,2026-02-04 18:58:58.639,-3999.236,50.021392822265625,0
2026-02-04 18:58:50.000,2026-02-04 18:59:00.000,2108,2026-02-04 18:59:02.733,2026-02-04 18:58:58.645,-4087.722,59.99489974975586,0
2026-02-04 18:58:50.000,2026-02-04 18:59:00.000,477,2026-02-04 18:59:02.749,2026-02-04 18:58:58.654,-4094.615,59.99182891845703,0
2026-02-04 18:58:50.000,2026-02-04 18:59:00.000,2423,2026-02-04 18:59:02.659,2026-02-04 18:58:58.658,-4000.607,50.020870208740234,0
2026-02-04 18:58:50.000,2026-02-04 18:59:00.000,2108,2026-02-04 18:59:02.749,2026-02-04 18:58:58.662,-4086.614,59.9951286315918,0
2026-02-04 18:58:50.000,2026-02-04 18:59:00.000,2423,2026-02-04 18:59:02.679,2026-02-04 18:58:58.677,-4001.136,50.0213508605957,0
2026-02-04 18:58:50.000,2026-02-04 18:59:00.000,2108,2026-02-04 18:59:02.766,2026-02-04 18:58:58.678,-4087.134,59.99265670776367,0
2026-02-04 18:58:50.000,2026-02-04 18:59:00.000,2108,2026-02-04 18:59:02.783,2026-02-04 18:58:58.695,-4087.469,59.990966796875,0
2026-02-04 18:58:50.000,2026-02-04 18:59:00.000,2423,2026-02-04 18:59:02.699,2026-02-04 18:58:58.697,-4001.461,50.021942138671875,0
2026-02-04 18:58:50.000,2026-02-04 18:59:00.000,477,2026-02-04 18:59:02.766,2026-02-04 18:58:58.705,-4060.959,59.991661071777344,0
2026-02-04 18:58:50.000,2026-02-04 18:59:00.000,477,2026-02-04 18:59:02.783,2026-02-04 18:58:58.705,-4077.959,59.99163055419922,0
2026-02-04 18:58:50.000,2026-02-04 18:59:00.000,477,2026-02-04 18:59:02.799,2026-02-04 18:58:58.706,-4092.960,59.99167251586914,0
2026-02-04 18:58:50.000,2026-02-04 18:59:00.000,2108,2026-02-04 18:59:02.799,2026-02-04 18:58:58.712,-4086.453,59.990699768066406,0
2026-02-04 18:58:50.000,2026-02-04 18:59:00.000,2423,2026-02-04 18:59:02.719,2026-02-04 18:58:58.718,-4000.936,50.02216720581055,0
2026-02-04 18:58:50.000,2026-02-04 18:59:00.000,477,2026-02-04 18:59:02.816,2026-02-04 18:58:58.721,-4094.431,59.992286682128906,0
2026-02-04 18:58:50.000,2026-02-04 18:59:00.000,2108,2026-02-04 18:59:02.816,2026-02-04 18:58:58.729,-4086.951,59.99354553222656,0
2026-02-04 18:58:50.000,2026-02-04 18:59:00.000,2423,2026-02-04 18:59:02.739,2026-02-04 18:58:58.739,-3999.919,50.02217102050781,0
2026-02-04 18:58:50.000,2026-02-04 18:59:00.000,477,2026-02-04 18:59:02.833,2026-02-04 18:58:58.739,-4093.919,59.992713928222656,0
2026-02-04 18:58:50.000,2026-02-04 18:59:00.000,2108,2026-02-04 18:59:02.833,2026-02-04 18:58:58.745,-4087.402,59.99510192871094,0
2026-02-04 18:58:50.000,2026-02-04 18:59:00.000,477,2026-02-04 18:59:02.849,2026-02-04 18:58:58.755,-4093.901,59.992469787597656,0
2026-02-04 18:58:50.000,2026-02-04 18:59:00.000,2423,2026-02-04 18:59:02.759,2026-02-04 18:58:58.758,-4000.909,50.02253723144531,0
2026-02-04 18:58:50.000,2026-02-04 18:59:00.000,2108,2026-02-04 18:59:02.849,2026-02-04 18:58:58.762,-4086.395,59.99302673339844,0
2026-02-04 18:58:50.000,2026-02-04 18:59:00.000,477,2026-02-04 18:59:02.866,2026-02-04 18:58:58.770,-4095.388,59.99168014526367,0
2026-02-04 18:58:50.000,2026-02-04 18:59:00.000,2423,2026-02-04 18:59:02.779,2026-02-04 18:58:58.777,-4001.056,50.02297592163086,0
2026-02-04 18:58:50.000,2026-02-04 18:59:00.000,2108,2026-02-04 18:59:02.866,2026-02-04 18:58:58.778,-4087.056,59.990638732910156,0
2026-02-04 18:58:50.000,2026-02-04 18:59:00.000,477,2026-02-04 18:59:02.883,2026-02-04 18:58:58.787,-4095.543,59.991310119628906,0
2026-02-04 18:58:50.000,2026-02-04 18:59:00.000,2108,2026-02-04 18:59:02.883,2026-02-04 18:58:58.795,-4087.203,59.991943359375,0
2026-02-04 18:58:50.000,2026-02-04 18:59:00.000,2423,2026-02-04 18:59:02.799,2026-02-04 18:58:58.797,-4001.212,50.02152633666992,0
2026-02-04 18:58:50.000,2026-02-04 18:59:00.000,477,2026-02-04 18:59:02.899,2026-02-04 18:58:58.804,-4094.693,59.99140167236328,0
2026-02-04 18:58:50.000,2026-02-04 18:59:00.000,2108,2026-02-04 18:59:02.899,2026-02-04 18:58:58.812,-4086.692,59.993377685546875,0
2026-02-04 18:58:50.000,2026-02-04 18:59:00.000,2423,2026-02-04 18:59:02.819,2026-02-04 18:58:58.817,-4001.183,50.020206451416016,0
2026-02-04 18:58:50.000,2026-02-04 18:59:00.000,477,2026-02-04 18:59:02.916,2026-02-04 18:58:58.820,-4095.189,59.99140167236328,0
2026-02-04 18:58:50.000,2026-02-04 18:59:00.000,2108,2026-02-04 18:59:02.916,2026-02-04 18:58:58.828,-4087.170,59.99146270751953,0
2026-02-04 18:58:50.000,2026-02-04 18:59:00.000,477,2026-02-04 18:59:02.933,2026-02-04 18:58:58.837,-4095.659,59.991722106933594,0
2026-02-04 18:58:50.000,2026-02-04 18:59:00.000,2423,2026-02-04 18:59:02.839,2026-02-04 18:58:58.838,-4000.657,50.02165603637695,0
2026-02-04 18:58:50.000,2026-02-04 18:59:00.000,2108,2026-02-04 18:59:02.933,2026-02-04 18:58:58.845,-4087.627,59.990577697753906,0
2026-02-04 18:58:50.000,2026-02-04 18:59:00.000,477,2026-02-04 18:59:02.949,2026-02-04 18:58:58.854,-4094.540,59.9921875,0
2026-02-04 18:58:50.000,2026-02-04 18:59:00.000,2423,2026-02-04 18:59:02.859,2026-02-04 18:58:58.857,-4001.532,50.02286911010742,0
2026-02-04 18:58:50.000,2026-02-04 18:59:00.000,2108,2026-02-04 18:59:02.949,2026-02-04 18:58:58.862,-4086.540,59.9923210144043,0
2026-02-04 18:58:50.000,2026-02-04 18:59:00.000,477,2026-02-04 18:59:02.966,2026-02-04 18:58:58.870,-4095.118,59.991943359375,0
2026-02-04 18:58:50.000,2026-02-04 18:59:00.000,2423,2026-02-04 18:59:02.879,2026-02-04 18:58:58.877,-4001.607,50.02166748046875,0
2026-02-04 18:58:50.000,2026-02-04 18:59:00.000,2108,2026-02-04 18:59:02.966,2026-02-04 18:58:58.878,-4087.605,59.99372863769531,0
2026-02-04 18:58:50.000,2026-02-04 18:59:00.000,477,2026-02-04 18:59:02.983,2026-02-04 18:58:58.887,-4095.555,59.992027282714844,0
2026-02-04 18:58:50.000,2026-02-04 18:59:00.000,2108,2026-02-04 18:59:02.983,2026-02-04 18:58:58.895,-4087.169,59.99369430541992,0
2026-02-04 18:58:50.000,2026-02-04 18:59:00.000,2423,2026-02-04 18:59:02.899,2026-02-04 18:58:58.897,-4001.161,50.0213508605957,0
2026-02-04 18:58:50.000,2026-02-04 18:59:00.000,477,2026-02-04 18:59:02.999,2026-02-04 18:58:58.904,-4094.659,59.992576599121094,0
2026-02-04 18:58:50.000,2026-02-04 18:59:00.000,2108,2026-02-04 18:59:02.999,2026-02-04 18:58:58.912,-4086.658,59.99202346801758,0
2026-02-04 18:58:50.000,2026-02-04 18:59:00.000,2423,2026-02-04 18:59:02.919,2026-02-04 18:58:58.918,-4000.635,50.02341079711914,0
2026-02-04 18:58:50.000,2026-02-04 18:59:00.000,477,2026-02-04 18:59:03.016,2026-02-04 18:58:58.920,-4095.637,59.991973876953125,0
2026-02-04 18:58:50.000,2026-02-04 18:59:00.000,2108,2026-02-04 18:59:03.016,2026-02-04 18:58:58.932,-4083.736,59.98861312866211,0
2026-02-04 18:58:50.000,2026-02-04 18:59:00.000,2423,2026-02-04 18:59:02.939,2026-02-04 18:58:58.937,-4001.209,50.02351760864258,0
2026-02-04 18:58:50.000,2026-02-04 18:59:00.000,477,2026-02-04 18:59:03.033,2026-02-04 18:58:58.943,-4089.693,59.99131393432617,0
2026-02-04 18:58:50.000,2026-02-04 18:59:00.000,2108,2026-02-04 18:59:03.033,2026-02-04 18:58:58.946,-4086.689,59.99076843261719,0
2026-02-04 18:58:50.000,2026-02-04 18:59:00.000,477,2026-02-04 18:59:03.049,2026-02-04 18:58:58.954,-4094.177,59.991920471191406,0
2026-02-04 18:58:50.000,2026-02-04 18:59:00.000,2423,2026-02-04 18:59:02.959,2026-02-04 18:58:58.958,-4000.765,50.019691467285156,0
2026-02-04 18:58:50.000,2026-02-04 18:59:00.000,2108,2026-02-04 18:59:03.049,2026-02-04 18:58:58.963,-4085.624,59.99625778198242,0
2026-02-04 18:58:50.000,2026-02-04 18:59:00.000,2423,2026-02-04 18:59:02.979,2026-02-04 18:58:58.983,-3995.963,50.018653869628906,0
2026-02-04 18:58:50.000,2026-02-04 18:59:00.000,2108,2026-02-04 18:59:03.066,2026-02-04 18:58:58.984,-4081.955,59.99612808227539,0
2026-02-04 18:58:50.000,2026-02-04 18:59:00.000,477,2026-02-04 18:59:03.066,2026-02-04 18:58:58.984,-4081.955,59.99239730834961,0
2026-02-04 18:58:50.000,2026-02-04 18:59:00.000,477,2026-02-04 18:59:03.083,2026-02-04 18:58:58.993,-4089.433,59.99180221557617,0
2026-02-04 18:58:50.000,2026-02-04 18:59:00.000,2108,2026-02-04 18:59:03.083,2026-02-04 18:58:58.995,-4087.427,59.992244720458984,0
2026-02-04 18:58:50.000,2026-02-04 18:59:00.000,2423,2026-02-04 18:59:02.999,2026-02-04 18:58:58.998,-4000.436,50.02137756347656,0
2026-02-04 18:58:50.000,2026-02-04 18:59:00.000,477,2026-02-04 18:59:03.099,2026-02-04 18:58:59.004,-4094.913,59.9913330078125,0
2026-02-04 18:58:50.000,2026-02-04 18:59:00.000,2108,2026-02-04 18:59:03.099,2026-02-04 18:58:59.012,-4086.398,59.987815856933594,0
2026-02-04 18:58:50.000,2026-02-04 18:59:00.000,2423,2026-02-04 18:59:03.019,2026-02-04 18:58:59.018,-4000.390,50.02206802368164,0
2026-02-04 18:58:50.000,2026-02-04 18:59:00.000,477,2026-02-04 18:59:03.116,2026-02-04 18:58:59.020,-4095.398,59.991432189941406,0
2026-02-04 18:58:50.000,2026-02-04 18:59:00.000,2108,2026-02-04 18:59:03.116,2026-02-04 18:58:59.028,-4087.350,59.98858642578125,0
2026-02-04 18:58:50.000,2026-02-04 18:59:00.000,2423,2026-02-04 18:59:03.039,2026-02-04 18:58:59.037,-4001.017,50.02073669433594,0
2026-02-04 18:58:50.000,2026-02-04 18:59:00.000,477,2026-02-04 18:59:03.133,2026-02-04 18:58:59.037,-4095.017,59.99164581298828,0
2026-02-04 18:58:50.000,2026-02-04 18:59:00.000,2108,2026-02-04 18:59:03.133,2026-02-04 18:58:59.045,-4087.496,59.99274444580078,0
2026-02-04 18:58:50.000,2026-02-04 18:59:00.000,477,2026-02-04 18:59:03.149,2026-02-04 18:58:59.054,-4094.446,59.99169921875,0
2026-02-04 18:58:50.000,2026-02-04 18:59:00.000,2423,2026-02-04 18:59:03.059,2026-02-04 18:58:59.057,-4001.439,50.02012634277344,0
2026-02-04 18:58:50.000,2026-02-04 18:59:00.000,2108,2026-02-04 18:59:03.149,2026-02-04 18:58:59.062,-4086.447,59.99283981323242,0
2026-02-04 18:58:50.000,2026-02-04 18:59:00.000,477,2026-02-04 18:59:03.166,2026-02-04 18:58:59.071,-4094.937,59.991249084472656,0
2026-02-04 18:58:50.000,2026-02-04 18:59:00.000,2423,2026-02-04 18:59:03.079,2026-02-04 18:58:59.077,-4001.427,50.02205276489258,0
2026-02-04 18:58:50.000,2026-02-04 18:59:00.000,2108,2026-02-04 18:59:03.166,2026-02-04 18:58:59.078,-4087.425,59.98888397216797,0
2026-02-04 18:58:50.000,2026-02-04 18:59:00.000,477,2026-02-04 18:59:03.183,2026-02-04 18:58:59.100,-4082.354,59.991127014160156,0
2026-02-04 18:58:50.000,2026-02-04 18:59:00.000,2108,2026-02-04 18:59:03.183,2026-02-04 18:58:59.101,-4081.355,59.98846435546875,0
2026-02-04 18:58:50.000,2026-02-04 18:59:00.000,2423,2026-02-04 18:59:03.099,2026-02-04 18:58:59.102,-3996.348,50.02271270751953,0
2026-02-04 18:58:50.000,2026-02-04 18:59:00.000,477,2026-02-04 18:59:03.199,2026-02-04 18:58:59.104,-4094.844,59.99172592163086,0
2026-02-04 18:58:50.000,2026-02-04 18:59:00.000,2108,2026-02-04 18:59:03.199,2026-02-04 18:58:59.112,-4086.793,59.99281692504883,0
2026-02-04 18:58:50.000,2026-02-04 18:59:00.000,2423,2026-02-04 18:59:03.119,2026-02-04 18:58:59.118,-4000.424,50.020790100097656,0
2026-02-04 18:58:50.000,2026-02-04 18:59:00.000,477,2026-02-04 18:59:03.216,2026-02-04 18:58:59.120,-4095.424,59.99219512939453,0
2026-02-04 18:58:50.000,2026-02-04 18:59:00.000,2108,2026-02-04 18:59:03.216,2026-02-04 18:58:59.128,-4087.376,59.995365142822266,0
2026-02-04 18:58:50.000,2026-02-04 18:59:00.000,477,2026-02-04 18:59:03.233,2026-02-04 18:58:59.137,-4095.181,59.9921875,0
2026-02-04 18:58:50.000,2026-02-04 18:59:00.000,2423,2026-02-04 18:59:03.139,2026-02-04 18:58:59.137,-4001.181,50.02067565917969,0
2026-02-04 18:58:50.000,2026-02-04 18:59:00.000,2108,2026-02-04 18:59:03.233,2026-02-04 18:58:59.145,-4087.666,59.99513244628906,0
2026-02-04 18:58:50.000,2026-02-04 18:59:00.000,477,2026-02-04 18:59:03.249,2026-02-04 18:58:59.154,-4094.210,59.991939544677734,0
2026-02-04 18:58:50.000,2026-02-04 18:59:00.000,2423,2026-02-04 18:59:03.159,2026-02-04 18:58:59.157,-4001.209,50.02103042602539,0
2026-02-04 18:58:50.000,2026-02-04 18:59:00.000,2108,2026-02-04 18:59:03.249,2026-02-04 18:58:59.162,-4086.704,59.99195098876953,0
2026-02-04 18:58:50.000,2026-02-04 18:59:00.000,477,2026-02-04 18:59:03.266,2026-02-04 18:58:59.172,-4093.678,59.991615295410156,0
2026-02-04 18:58:50.000,2026-02-04 18:59:00.000,2423,2026-02-04 18:59:03.179,2026-02-04 18:58:59.177,-4001.673,50.02082061767578,0
2026-02-04 18:58:50.000,2026-02-04 18:59:00.000,2108,2026-02-04 18:59:03.266,2026-02-04 18:58:59.178,-4087.667,59.98697280883789,0
2026-02-04 18:58:50.000,2026-02-04 18:59:00.000,477,2026-02-04 18:59:03.283,2026-02-04 18:58:59.187,-4095.112,59.99144744873047,0
2026-02-04 18:58:50.000,2026-02-04 18:59:00.000,2108,2026-02-04 18:59:03.283,2026-02-04 18:58:59.195,-4087.603,59.98712158203125,0
2026-02-04 18:58:50.000,2026-02-04 18:59:00.000,2423,2026-02-04 18:59:03.199,2026-02-04 18:58:59.197,-4001.611,50.0225715637207,0
2026-02-04 18:58:50.000,2026-02-04 18:59:00.000,477,2026-02-04 18:59:03.299,2026-02-04 18:58:59.204,-4094.489,59.99210739135742,0
2026-02-04 18:58:50.000,2026-02-04 18:59:00.000,2108,2026-02-04 18:59:03.299,2026-02-04 18:58:59.212,-4086.490,59.993656158447266,0
2026-02-04 18:58:50.000,2026-02-04 18:59:00.000,2423,2026-02-04 18:59:03.219,2026-02-04 18:58:59.217,-4001.362,50.02353286743164,0
2026-02-04 18:58:50.000,2026-02-04 18:59:00.000,477,2026-02-04 18:59:03.316,2026-02-04 18:58:59.224,-4091.561,59.99245834350586,0
2026-02-04 18:58:50.000,2026-02-04 18:59:00.000,2108,2026-02-04 18:59:03.316,2026-02-04 18:58:59.228,-4087.561,59.99599075317383,0
2026-02-04 18:58:50.000,2026-02-04 18:59:00.000,477,2026-02-04 18:59:03.333,2026-02-04 18:58:59.237,-4095.308,59.99211883544922,0
2026-02-04 18:58:50.000,2026-02-04 18:59:00.000,2423,2026-02-04 18:59:03.239,2026-02-04 18:58:59.238,-4000.307,50.021453857421875,0
2026-02-04 18:58:50.000,2026-02-04 18:59:00.000,2108,2026-02-04 18:59:03.333,2026-02-04 18:58:59.245,-4087.253,59.993499755859375,0
2026-02-04 18:58:50.000,2026-02-04 18:59:00.000,477,2026-02-04 18:59:03.349,2026-02-04 18:58:59.254,-4094.732,59.99219512939453,0
2026-02-04 18:58:50.000,2026-02-04 18:59:00.000,2423,2026-02-04 18:59:03.259,2026-02-04 18:58:59.258,-4000.731,50.020118713378906,0
2026-02-04 18:58:50.000,2026-02-04 18:59:00.000,2108,2026-02-04 18:59:03.349,2026-02-04 18:58:59.262,-4086.739,59.993064880371094,0
2026-02-04 18:58:50.000,2026-02-04 18:59:00.000,477,2026-02-04 18:59:03.366,2026-02-04 18:58:59.271,-4094.622,59.99243927001953,0
2026-02-04 18:58:50.000,2026-02-04 18:59:00.000,2423,2026-02-04 18:59:03.279,2026-02-04 18:58:59.277,-4001.305,50.019981384277344,0
2026-02-04 18:58:50.000,2026-02-04 18:59:00.000,2108,2026-02-04 18:59:03.366,2026-02-04 18:58:59.278,-4087.305,59.994319915771484,0
2026-02-04 18:58:50.000,2026-02-04 18:59:00.000,477,2026-02-04 18:59:03.383,2026-02-04 18:58:59.287,-4095.793,59.992332458496094,0
2026-02-04 18:58:50.000,2026-02-04 18:59:00.000,2108,2026-02-04 18:59:03.383,2026-02-04 18:58:59.295,-4087.283,59.99474334716797,0
2026-02-04 18:58:50.000,2026-02-04 18:59:00.000,2423,2026-02-04 18:59:03.299,2026-02-04 18:58:59.297,-4001.275,50.02070617675781,0
2026-02-04 18:58:50.000,2026-02-04 18:59:00.000,477,2026-02-04 18:59:03.399,2026-02-04 18:58:59.304,-4094.769,59.99181365966797,0
2026-02-04 18:58:50.000,2026-02-04 18:59:00.000,2108,2026-02-04 18:59:03.399,2026-02-04 18:58:59.312,-4086.765,59.99062728881836,0
2026-02-04 18:58:50.000,2026-02-04 18:59:00.000,2423,2026-02-04 18:59:03.319,2026-02-04 18:58:59.318,-4000.484,50.02278518676758,0
2026-02-04 18:58:50.000,2026-02-04 18:59:00.000,477,2026-02-04 18:59:03.416,2026-02-04 18:58:59.320,-4095.486,59.99168014526367,0
2026-02-04 18:58:50.000,2026-02-04 18:59:00.000,2108,2026-02-04 18:59:03.416,2026-02-04 18:58:59.328,-4087.560,59.98753356933594,0
2026-02-04 18:58:50.000,2026-02-04 18:59:00.000,2423,2026-02-04 18:59:03.339,2026-02-04 18:58:59.337,-4001.049,50.02235412597656,0
2026-02-04 18:58:50.000,2026-02-04 18:59:00.000,477,2026-02-04 18:59:03.433,2026-02-04 18:58:59.337,-4095.049,59.99256134033203,0
2026-02-04 18:58:50.000,2026-02-04 18:59:00.000,2108,2026-02-04 18:59:03.433,2026-02-04 18:58:59.345,-4087.534,59.99103927612305,0
2026-02-04 18:58:50.000,2026-02-04 18:59:00.000,2423,2026-02-04 18:59:03.359,2026-02-04 18:58:59.362,-3996.470,50.020015716552734,0
2026-02-04 18:58:50.000,2026-02-04 18:59:00.000,2108,2026-02-04 18:59:03.449,2026-02-04 18:58:59.363,-4085.279,59.992942810058594,0
2026-02-04 18:58:50.000,2026-02-04 18:59:00.000,2423,2026-02-04 18:59:03.379,2026-02-04 18:58:59.378,-4000.486,50.021141052246094,0
2026-02-04 18:58:50.000,2026-02-04 18:59:00.000,2108,2026-02-04 18:59:03.466,2026-02-04 18:58:59.378,-4087.486,59.990501403808594,0
2026-02-04 18:58:50.000,2026-02-04 18:59:00.000,477,2026-02-04 18:59:03.449,2026-02-04 18:58:59.383,-4065.978,59.99263381958008,0
2026-02-04 18:58:50.000,2026-02-04 18:59:00.000,477,2026-02-04 18:59:03.466,2026-02-04 18:58:59.384,-4081.976,59.99110794067383,0
2026-02-04 18:58:50.000,2026-02-04 18:59:00.000,477,2026-02-04 18:59:03.483,2026-02-04 18:58:59.388,-4094.976,59.99092102050781,0
2026-02-04 18:58:50.000,2026-02-04 18:59:00.000,2108,2026-02-04 18:59:03.483,2026-02-04 18:58:59.395,-4087.463,59.99065017700195,0
2026-02-04 18:58:50.000,2026-02-04 18:59:00.000,2423,2026-02-04 18:59:03.399,2026-02-04 18:58:59.397,-4001.472,50.024906158447266,0
2026-02-04 18:58:50.000,2026-02-04 18:59:00.000,477,2026-02-04 18:59:03.499,2026-02-04 18:58:59.404,-4094.154,59.991783142089844,0
2026-02-04 18:58:50.000,2026-02-04 18:59:00.000,2108,2026-02-04 18:59:03.499,2026-02-04 18:58:59.413,-4085.643,59.99436950683594,0
2026-02-04 18:58:50.000,2026-02-04 18:59:00.000,2423,2026-02-04 18:59:03.419,2026-02-04 18:58:59.418,-4000.643,50.024253845214844,0
2026-02-04 18:58:50.000,2026-02-04 18:59:00.000,477,2026-02-04 18:59:03.516,2026-02-04 18:58:59.420,-4095.651,59.9918098449707,0
2026-02-04 18:58:50.000,2026-02-04 18:59:00.000,2108,2026-02-04 18:59:03.516,2026-02-04 18:58:59.429,-4086.608,59.99488830566406,0
2026-02-04 18:58:50.000,2026-02-04 18:59:00.000,2423,2026-02-04 18:59:03.439,2026-02-04 18:58:59.443,-3995.511,50.020389556884766,0
2026-02-04 18:58:50.000,2026-02-04 18:59:00.000,477,2026-02-04 18:59:03.533,2026-02-04 18:58:59.443,-4089.511,59.99188995361328,0
2026-02-04 18:58:50.000,2026-02-04 18:59:00.000,2108,2026-02-04 18:59:03.533,2026-02-04 18:58:59.445,-4087.509,59.99250793457031,0
2026-02-04 18:58:50.000,2026-02-04 18:59:00.000,477,2026-02-04 18:59:03.549,2026-02-04 18:58:59.455,-4093.452,59.99208450317383,0
2026-02-04 18:58:50.000,2026-02-04 18:59:00.000,2423,2026-02-04 18:59:03.459,2026-02-04 18:58:59.457,-4001.444,50.02032470703125,0
2026-02-04 18:58:50.000,2026-02-04 18:59:00.000,2108,2026-02-04 18:59:03.549,2026-02-04 18:58:59.462,-4086.375,59.989498138427734,0
2026-02-04 18:58:50.000,2026-02-04 18:59:00.000,477,2026-02-04 18:59:03.566,2026-02-04 18:58:59.471,-4094.368,59.99202346801758,0
2026-02-04 18:58:50.000,2026-02-04 18:59:00.000,2423,2026-02-04 18:59:03.479,2026-02-04 18:58:59.478,-4000.804,50.021461486816406,0
2026-02-04 18:58:50.000,2026-02-04 18:59:00.000,2108,2026-02-04 18:59:03.566,2026-02-04 18:58:59.478,-4087.804,59.98832702636719,0
2026-02-04 18:58:50.000,2026-02-04 18:59:00.000,477,2026-02-04 18:59:03.583,2026-02-04 18:58:59.510,-4072.892,59.992286682128906,0
2026-02-04 18:58:50.000,2026-02-04 18:59:00.000,2108,2026-02-04 18:59:03.583,2026-02-04 18:58:59.512,-4070.386,59.99363708496094,0
2026-02-04 18:58:50.000,2026-02-04 18:59:00.000,2423,2026-02-04 18:59:03.499,2026-02-04 18:58:59.512,-3986.378,50.021888732910156,0
2026-02-04 18:58:50.000,2026-02-04 18:59:00.000,477,2026-02-04 18:59:03.599,2026-02-04 18:58:59.513,-4085.379,59.99249267578125,0
2026-02-04 18:58:50.000,2026-02-04 18:59:00.000,2108,2026-02-04 18:59:03.599,2026-02-04 18:58:59.514,-4084.378,59.99650192260742,0
2026-02-04 18:58:50.000,2026-02-04 18:59:00.000,2423,2026-02-04 18:59:03.519,2026-02-04 18:58:59.536,-3982.793,50.02298355102539,0
2026-02-04 18:58:50.000,2026-02-04 18:59:00.000,477,2026-02-04 18:59:03.616,2026-02-04 18:58:59.536,-4079.793,59.992027282714844,0
2026-02-04 18:58:50.000,2026-02-04 18:59:00.000,2108,2026-02-04 18:59:03.616,2026-02-04 18:58:59.547,-4068.730,59.992000579833984,0
2026-02-04 18:58:50.000,2026-02-04 18:59:00.000,477,2026-02-04 18:59:03.633,2026-02-04 18:58:59.548,-4084.723,59.99224090576172,0
2026-02-04 18:58:50.000,2026-02-04 18:59:00.000,2423,2026-02-04 18:59:03.539,2026-02-04 18:58:59.548,-3990.723,50.02281188964844,0
2026-02-04 18:58:50.000,2026-02-04 18:59:00.000,2108,2026-02-04 18:59:03.633,2026-02-04 18:58:59.549,-4083.722,59.98796844482422,0
2026-02-04 18:58:50.000,2026-02-04 18:59:00.000,477,2026-02-04 18:59:03.649,2026-02-04 18:58:59.554,-4094.486,59.99238967895508,0
2026-02-04 18:58:50.000,2026-02-04 18:59:00.000,2423,2026-02-04 18:59:03.559,2026-02-04 18:58:59.557,-4001.494,50.022621154785156,0
2026-02-04 18:58:50.000,2026-02-04 18:59:00.000,2108,2026-02-04 18:59:03.649,2026-02-04 18:58:59.562,-4086.456,59.98945617675781,0
2026-02-04 18:58:50.000,2026-02-04 18:59:00.000,477,2026-02-04 18:59:03.666,2026-02-04 18:58:59.572,-4093.344,59.99146270751953,0
2026-02-04 18:58:50.000,2026-02-04 18:59:00.000,2423,2026-02-04 18:59:03.579,2026-02-04 18:58:59.578,-4000.930,50.02216339111328,0
2026-02-04 18:58:50.000,2026-02-04 18:59:00.000,2108,2026-02-04 18:59:03.666,2026-02-04 18:58:59.579,-4086.934,59.99216079711914,0
2026-02-04 18:58:50.000,2026-02-04 18:59:00.000,2108,2026-02-04 18:59:03.683,2026-02-04 18:58:59.595,-4087.389,59.99374008178711,0
2026-02-04 18:58:50.000,2026-02-04 18:59:00.000,2423,2026-02-04 18:59:03.599,2026-02-04 18:58:59.597,-4001.395,50.018985748291016,0
2026-02-04 18:58:50.000,2026-02-04 18:59:00.000,2108,2026-02-04 18:59:03.699,2026-02-04 18:58:59.612,-4086.222,59.9924201965332,0
2026-02-04 18:58:50.000,2026-02-04 18:59:00.000,477,2026-02-04 18:59:03.683,2026-02-04 18:58:59.614,-4068.215,59.99123001098633,0
2026-02-04 18:58:50.000,2026-02-04 18:59:00.000,477,2026-02-04 18:59:03.699,2026-02-04 18:58:59.614,-4084.215,59.99203109741211,0
2026-02-04 18:58:50.000,2026-02-04 18:59:00.000,2423,2026-02-04 18:59:03.619,2026-02-04 18:58:59.618,-4000.216,50.01834487915039,0
2026-02-04 18:58:50.000,2026-02-04 18:59:00.000,477,2026-02-04 18:59:03.716,2026-02-04 18:58:59.620,-4095.223,59.992218017578125,0
2026-02-04 18:58:50.000,2026-02-04 18:59:00.000,2108,2026-02-04 18:59:03.716,2026-02-04 18:58:59.629,-4086.706,59.986732482910156,0
2026-02-04 18:58:50.000,2026-02-04 18:59:00.000,477,2026-02-04 18:59:03.733,2026-02-04 18:58:59.637,-4095.600,59.992095947265625,0
2026-02-04 18:58:50.000,2026-02-04 18:59:00.000,2423,2026-02-04 18:59:03.639,2026-02-04 18:58:59.638,-4000.598,50.022064208984375,0
2026-02-04 18:58:50.000,2026-02-04 18:59:00.000,2108,2026-02-04 18:59:03.733,2026-02-04 18:58:59.645,-4087.498,59.98860549926758,0
2026-02-04 18:58:50.000,2026-02-04 18:59:00.000,477,2026-02-04 18:59:03.749,2026-02-04 18:58:59.654,-4094.330,59.99188995361328,0
2026-02-04 18:58:50.000,2026-02-04 18:59:00.000,2423,2026-02-04 18:59:03.659,2026-02-04 18:58:59.657,-4001.322,50.023502349853516,0
2026-02-04 18:58:50.000,2026-02-04 18:59:00.000,2108,2026-02-04 18:59:03.749,2026-02-04 18:58:59.661,-4087.330,59.99643325805664,0
2026-02-04 18:58:50.000,2026-02-04 18:59:00.000,477,2026-02-04 18:59:03.766,2026-02-04 18:58:59.671,-4094.818,59.99163055419922,0
2026-02-04 18:58:50.000,2026-02-04 18:59:00.000,2423,2026-02-04 18:59:03.679,2026-02-04 18:58:59.677,-4001.307,50.021480560302734,0
2026-02-04 18:58:50.000,2026-02-04 18:59:00.000,2108,2026-02-04 18:59:03.766,2026-02-04 18:58:59.680,-4085.796,59.9970703125,0
2026-02-04 18:58:50.000,2026-02-04 18:59:00.000,477,2026-02-04 18:59:03.783,2026-02-04 18:58:59.687,-4095.684,59.99179458618164,0
2026-02-04 18:58:50.000,2026-02-04 18:59:00.000,2108,2026-02-04 18:59:03.783,2026-02-04 18:58:59.695,-4087.655,59.993019104003906,0
2026-02-04 18:58:50.000,2026-02-04 18:59:00.000,2423,2026-02-04 18:59:03.699,2026-02-04 18:58:59.698,-4000.650,50.020286560058594,0
2026-02-04 18:58:50.000,2026-02-04 18:59:00.000,477,2026-02-04 18:59:03.799,2026-02-04 18:58:59.704,-4094.325,59.99205780029297,0
2026-02-04 18:58:50.000,2026-02-04 18:59:00.000,2108,2026-02-04 18:59:03.799,2026-02-04 18:58:59.711,-4087.324,59.991153717041016,0
2026-02-04 18:58:50.000,2026-02-04 18:59:00.000,2423,2026-02-04 18:59:03.719,2026-02-04 18:58:59.718,-4000.815,50.02285385131836,0
2026-02-04 18:58:50.000,2026-02-04 18:59:00.000,477,2026-02-04 18:59:03.816,2026-02-04 18:58:59.721,-4094.814,59.992427825927734,0
2026-02-04 18:58:50.000,2026-02-04 18:59:00.000,2108,2026-02-04 18:59:03.816,2026-02-04 18:58:59.728,-4087.299,59.99237060546875,0
2026-02-04 18:58:50.000,2026-02-04 18:59:00.000,477,2026-02-04 18:59:03.833,2026-02-04 18:58:59.737,-4095.781,59.99288558959961,0
2026-02-04 18:58:50.000,2026-02-04 18:59:00.000,2423,2026-02-04 18:59:03.739,2026-02-04 18:58:59.738,-4000.779,50.02531051635742,0
2026-02-04 18:58:50.000,2026-02-04 18:59:00.000,2108,2026-02-04 18:59:03.833,2026-02-04 18:58:59.745,-4087.264,59.99407958984375,0
2026-02-04 18:58:50.000,2026-02-04 18:59:00.000,477,2026-02-04 18:59:03.849,2026-02-04 18:58:59.754,-4094.748,59.99282455444336,0
2026-02-04 18:58:50.000,2026-02-04 18:59:00.000,2423,2026-02-04 18:59:03.759,2026-02-04 18:58:59.758,-4000.755,50.02333450317383,0
2026-02-04 18:58:50.000,2026-02-04 18:59:00.000,2108,2026-02-04 18:59:03.849,2026-02-04 18:58:59.762,-4086.748,59.9914665222168,0
2026-02-04 18:58:50.000,2026-02-04 18:59:00.000,477,2026-02-04 18:59:03.866,2026-02-04 18:58:59.770,-4095.235,59.9923095703125,0
2026-02-04 18:58:50.000,2026-02-04 18:59:00.000,2423,2026-02-04 18:59:03.779,2026-02-04 18:58:59.778,-4000.724,50.02051544189453,0
2026-02-04 18:58:50.000,2026-02-04 18:59:00.000,2108,2026-02-04 18:59:03.866,2026-02-04 18:58:59.778,-4087.724,59.98794174194336,0
2026-02-04 18:58:50.000,2026-02-04 18:59:00.000,477,2026-02-04 18:59:03.883,2026-02-04 18:58:59.787,-4095.210,59.991966247558594,0
2026-02-04 18:58:50.000,2026-02-04 18:59:00.000,2108,2026-02-04 18:59:03.883,2026-02-04 18:58:59.795,-4087.691,59.990196228027344,0
2026-02-04 18:58:50.000,2026-02-04 18:59:00.000,2423,2026-02-04 18:59:03.799,2026-02-04 18:58:59.797,-4001.700,50.02106475830078,0
2026-02-04 18:58:50.000,2026-02-04 18:59:00.000,2108,2026-02-04 18:59:03.899,2026-02-04 18:58:59.811,-4087.806,59.99308776855469,0
2026-02-04 18:58:50.000,2026-02-04 18:59:00.000,2423,2026-02-04 18:59:03.819,2026-02-04 18:58:59.820,-3998.295,50.02284240722656,0
2026-02-04 18:58:50.000,2026-02-04 18:59:00.000,477,2026-02-04 18:59:03.899,2026-02-04 18:58:59.824,-4074.781,59.991554260253906,0
2026-02-04 18:58:50.000,2026-02-04 18:59:00.000,477,2026-02-04 18:59:03.916,2026-02-04 18:58:59.825,-4090.791,59.99152374267578,0
2026-02-04 18:58:50.000,2026-02-04 18:59:00.000,2108,2026-02-04 18:59:03.916,2026-02-04 18:58:59.828,-4087.280,59.994384765625,0
2026-02-04 18:58:50.000,2026-02-04 18:59:00.000,477,2026-02-04 18:59:03.933,2026-02-04 18:58:59.838,-4094.769,59.99246597290039,0
2026-02-04 18:58:50.000,2026-02-04 18:59:00.000,2423,2026-02-04 18:59:03.839,2026-02-04 18:58:59.838,-4000.769,50.02222442626953,0
2026-02-04 18:58:50.000,2026-02-04 18:59:00.000,2108,2026-02-04 18:59:03.933,2026-02-04 18:58:59.845,-4087.680,59.995361328125,0
2026-02-04 18:58:50.000,2026-02-04 18:59:00.000,477,2026-02-04 18:59:03.949,2026-02-04 18:58:59.854,-4094.606,59.99275588989258,0
2026-02-04 18:58:50.000,2026-02-04 18:59:00.000,2423,2026-02-04 18:59:03.859,2026-02-04 18:58:59.857,-4001.596,50.021629333496094,0
2026-02-04 18:58:50.000,2026-02-04 18:59:00.000,2108,2026-02-04 18:59:03.949,2026-02-04 18:58:59.862,-4086.605,59.99159622192383,0
2026-02-04 18:58:50.000,2026-02-04 18:59:00.000,477,2026-02-04 18:59:03.966,2026-02-04 18:58:59.871,-4094.450,59.99165725708008,0
2026-02-04 18:58:50.000,2026-02-04 18:59:00.000,2423,2026-02-04 18:59:03.879,2026-02-04 18:58:59.878,-4000.945,50.0230827331543,0
2026-02-04 18:58:50.000,2026-02-04 18:59:00.000,2108,2026-02-04 18:59:03.966,2026-02-04 18:58:59.880,-4085.945,59.98793411254883,0
2026-02-04 18:58:50.000,2026-02-04 18:59:00.000,477,2026-02-04 18:59:03.983,2026-02-04 18:58:59.887,-4095.432,59.990997314453125,0
2026-02-04 18:58:50.000,2026-02-04 18:59:00.000,2108,2026-02-04 18:59:03.983,2026-02-04 18:58:59.895,-4087.093,59.98979568481445,0
2026-02-04 18:58:50.000,2026-02-04 18:59:00.000,2423,2026-02-04 18:59:03.899,2026-02-04 18:58:59.897,-4001.085,50.02389144897461,0
2026-02-04 18:58:50.000,2026-02-04 18:59:00.000,477,2026-02-04 18:59:03.999,2026-02-04 18:58:59.904,-4094.408,59.99190902709961,0
2026-02-04 18:58:50.000,2026-02-04 18:59:00.000,2108,2026-02-04 18:59:03.999,2026-02-04 18:58:59.912,-4086.408,59.99246597290039,0
2026-02-04 18:58:50.000,2026-02-04 18:59:00.000,2423,2026-02-04 18:59:03.919,2026-02-04 18:58:59.918,-4000.923,50.02265548706055,0
2026-02-04 18:58:50.000,2026-02-04 18:59:00.000,477,2026-02-04 18:59:04.016,2026-02-04 18:58:59.922,-4093.827,59.99266052246094,0
2026-02-04 18:58:50.000,2026-02-04 18:59:00.000,2108,2026-02-04 18:59:04.016,2026-02-04 18:58:59.928,-4087.313,59.99184036254883,0
2026-02-04 18:58:50.000,2026-02-04 18:59:00.000,477,2026-02-04 18:59:04.033,2026-02-04 18:58:59.938,-4094.274,59.991966247558594,0
2026-02-04 18:58:50.000,2026-02-04 18:59:00.000,2423,2026-02-04 18:59:03.939,2026-02-04 18:58:59.938,-4000.274,50.021644592285156,0
2026-02-04 18:58:50.000,2026-02-04 18:59:00.000,2108,2026-02-04 18:59:04.033,2026-02-04 18:58:59.945,-4087.766,59.99297332763672,0
2026-02-04 18:58:50.000,2026-02-04 18:59:00.000,477,2026-02-04 18:59:04.049,2026-02-04 18:58:59.954,-4094.663,59.991363525390625,0
2026-02-04 18:58:50.000,2026-02-04 18:59:00.000,2423,2026-02-04 18:59:03.959,2026-02-04 18:58:59.957,-4001.671,50.0228271484375,0
2026-02-04 18:58:50.000,2026-02-04 18:59:00.000,2108,2026-02-04 18:59:04.049,2026-02-04 18:58:59.962,-4086.663,59.99692916870117,0
2026-02-04 18:58:50.000,2026-02-04 18:59:00.000,477,2026-02-04 18:59:04.066,2026-02-04 18:58:59.971,-4094.924,59.99138259887695,0
2026-02-04 18:58:50.000,2026-02-04 18:59:00.000,2423,2026-02-04 18:59:03.979,2026-02-04 18:58:59.977,-4001.413,50.02347946166992,0
2026-02-04 18:58:50.000,2026-02-04 18:59:00.000,2108,2026-02-04 18:59:04.066,2026-02-04 18:58:59.978,-4087.413,59.99489212036133,0
2026-02-04 18:58:50.000,2026-02-04 18:59:00.000,477,2026-02-04 18:59:04.083,2026-02-04 18:58:59.988,-4094.926,59.991424560546875,0
2026-02-04 18:58:50.000,2026-02-04 18:59:00.000,2423,2026-02-04 18:59:03.999,2026-02-04 18:58:59.997,-4001.422,50.02240753173828,0
