window_start_utc,window_end_utc,ppa,utc_measurement,utc_arrival,delta_ms,value,flags
2026-02-04 18:58:20.000,2026-02-04 18:58:30.000,477,2026-02-04 18:58:24.099,2026-02-04 18:58:20.004,-4095.299,60.03696060180664,0
2026-02-04 18:58:20.000,2026-02-04 18:58:30.000,2108,2026-02-04 18:58:24.099,2026-02-04 18:58:20.031,-4068.289,60.03858184814453,0
2026-02-04 18:58:20.000,2026-02-04 18:58:30.000,2423,2026-02-04 18:58:24.019,2026-02-04 18:58:20.031,-3988.289,50.02012634277344,0
2026-02-04 18:58:20.000,2026-02-04 18:58:30.000,477,2026-02-04 18:58:24.116,2026-02-04 18:58:20.032,-4084.435,60.03738784790039,0
2026-02-04 18:58:20.000,2026-02-04 18:58:30.000,2108,2026-02-04 18:58:24.116,2026-02-04 18:58:20.034,-4082.365,60.04251480102539,0
2026-02-04 18:58:20.000,2026-02-04 18:58:30.000,477,2026-02-04 18:58:24.133,2026-02-04 18:58:20.039,-4094.234,60.03694152832031,0
2026-02-04 18:58:20.000,2026-02-04 18:58:30.000,2423,2026-02-04 18:58:24.040,2026-02-04 18:58:20.039,-4000.898,50.018409729003906,0
2026-02-04 18:58:20.000,2026-02-04 18:58:30.000,2108,2026-02-04 18:58:24.133,2026-02-04 18:58:20.051,-4081.512,60.038307189941406,0
2026-02-04 18:58:20.000,2026-02-04 18:58:30.000,477,2026-02-04 18:58:24.150,2026-02-04 18:58:20.054,-4095.538,60.036399841308594,0
2026-02-04 18:58:20.000,2026-02-04 18:58:30.000,2423,2026-02-04 18:58:24.060,2026-02-04 18:58:20.058,-4001.287,50.020381927490234,0
2026-02-04 18:58:20.000,2026-02-04 18:58:30.000,2108,2026-02-04 18:58:24.150,2026-02-04 18:58:20.062,-4087.512,60.030242919921875,0
2026-02-04 18:58:20.000,2026-02-04 18:58:30.000,477,2026-02-04 18:58:24.166,2026-02-04 18:58:20.071,-4095.075,60.03644943237305,0
2026-02-04 18:58:20.000,2026-02-04 18:58:30.000,2423,2026-02-04 18:58:24.080,2026-02-04 18:58:20.078,-4001.889,50.02030563354492,0
2026-02-04 18:58:20.000,2026-02-04 18:58:30.000,2108,2026-02-04 18:58:24.166,2026-02-04 18:58:20.079,-4087.562,60.02826690673828,0
2026-02-04 18:58:20.000,2026-02-04 18:58:30.000,477,2026-02-04 18:58:24.183,2026-02-04 18:58:20.089,-4093.669,60.03644561767578,0
2026-02-04 18:58:20.000,2026-02-04 18:58:30.000,2108,2026-02-04 18:58:24.183,2026-02-04 18:58:20.096,-4087.159,60.033203125,0
2026-02-04 18:58:20.000,2026-02-04 18:58:30.000,2423,2026-02-04 18:58:24.099,2026-02-04 18:58:20.098,-4001.750,50.01771545410156,0
2026-02-04 18:58:20.000,2026-02-04 18:58:30.000,477,2026-02-04 18:58:24.200,2026-02-04 18:58:20.106,-4093.448,60.0369758605957,0
2026-02-04 18:58:20.000,2026-02-04 18:58:30.000,2108,2026-02-04 18:58:24.200,2026-02-04 18:58:20.111,-4088.449,60.03868865966797,0
2026-02-04 18:58:20.000,2026-02-04 18:58:30.000,2423,2026-02-04 18:58:24.120,2026-02-04 18:58:20.117,-4002.077,50.01895523071289,0
2026-02-04 18:58:20.000,2026-02-04 18:58:30.000,477,2026-02-04 18:58:24.216,2026-02-04 18:58:20.121,-4094.747,60.037879943847656,0
2026-02-04 18:58:20.000,2026-02-04 18:58:30.000,2108,2026-02-04 18:58:24.216,2026-02-04 18:58:20.128,-4087.676,60.03882598876953,0
2026-02-04 18:58:20.000,2026-02-04 18:58:30.000,477,2026-02-04 18:58:24.233,2026-02-04 18:58:20.138,-4095.315,60.03737258911133,0
2026-02-04 18:58:20.000,2026-02-04 18:58:30.000,2423,2026-02-04 18:58:24.140,2026-02-04 18:58:20.138,-4001.995,50.020538330078125,0
2026-02-04 18:58:20.000,2026-02-04 18:58:30.000,2108,2026-02-04 18:58:24.233,2026-02-04 18:58:20.145,-4087.438,60.034786224365234,0
2026-02-04 18:58:20.000,2026-02-04 18:58:30.000,477,2026-02-04 18:58:24.250,2026-02-04 18:58:20.154,-4095.598,60.036991119384766,0
2026-02-04 18:58:20.000,2026-02-04 18:58:30.000,2423,2026-02-04 18:58:24.160,2026-02-04 18:58:20.157,-4002.601,50.02012634277344,0
2026-02-04 18:58:20.000,2026-02-04 18:58:30.000,2108,2026-02-04 18:58:24.250,2026-02-04 18:58:20.161,-4088.094,60.03652572631836,0
2026-02-04 18:58:20.000,2026-02-04 18:58:30.000,477,2026-02-04 18:58:24.266,2026-02-04 18:58:20.171,-4095.237,60.03822326660156,0
2026-02-04 18:58:20.000,2026-02-04 18:58:30.000,2423,2026-02-04 18:58:24.179,2026-02-04 18:58:20.177,-4002.055,50.0225944519043,0
2026-02-04 18:58:20.000,2026-02-04 18:58:30.000,2108,2026-02-04 18:58:24.266,2026-02-04 18:58:20.178,-4087.727,60.04167556762695,0
2026-02-04 18:58:20.000,2026-02-04 18:58:30.000,477,2026-02-04 18:58:24.283,2026-02-04 18:58:20.188,-4095.328,60.038387298583984,0
2026-02-04 18:58:20.000,2026-02-04 18:58:30.000,2108,2026-02-04 18:58:24.283,2026-02-04 18:58:20.196,-4087.304,60.040870666503906,0
2026-02-04 18:58:20.000,2026-02-04 18:58:30.000,2423,2026-02-04 18:58:24.200,2026-02-04 18:58:20.197,-4002.542,50.02213668823242,0
2026-02-04 18:58:20.000,2026-02-04 18:58:30.000,477,2026-02-04 18:58:24.300,2026-02-04 18:58:20.205,-4094.924,60.03706741333008,0
2026-02-04 18:58:20.000,2026-02-04 18:58:30.000,2108,2026-02-04 18:58:24.300,2026-02-04 18:58:20.212,-4087.923,60.03520965576172,0
2026-02-04 18:58:20.000,2026-02-04 18:58:30.000,2423,2026-02-04 18:58:24.220,2026-02-04 18:58:20.218,-4001.747,50.01808547973633,0
2026-02-04 18:58:20.000,2026-02-04 18:58:30.000,477,2026-02-04 18:58:24.316,2026-02-04 18:58:20.221,-4095.406,60.036922454833984,0
2026-02-04 18:58:20.000,2026-02-04 18:58:30.000,2108,2026-02-04 18:58:24.316,2026-02-04 18:58:20.230,-4085.893,60.0282096862793,0
2026-02-04 18:58:20.000,2026-02-04 18:58:30.000,2423,2026-02-04 18:58:24.240,2026-02-04 18:58:20.237,-4002.018,50.018009185791016,0
2026-02-04 18:58:20.000,2026-02-04 18:58:30.000,477,2026-02-04 18:58:24.333,2026-02-04 18:58:20.237,-4095.354,60.03709030151367,0
2026-02-04 18:58:20.000,2026-02-04 18:58:30.000,2108,2026-02-04 18:58:24.333,2026-02-04 18:58:20.246,-4087.296,60.02886199951172,0
2026-02-04 18:58:20.000,2026-02-04 18:58:30.000,477,2026-02-04 18:58:24.350,2026-02-04 18:58:20.254,-4095.450,60.03667068481445,0
2026-02-04 18:58:20.000,2026-02-04 18:58:30.000,2423,2026-02-04 18:58:24.259,2026-02-04 18:58:20.258,-4001.436,50.01863098144531,0
2026-02-04 18:58:20.000,2026-02-04 18:58:30.000,2108,2026-02-04 18:58:24.350,2026-02-04 18:58:20.263,-4086.939,60.037696838378906,0
2026-02-04 18:58:20.000,2026-02-04 18:58:30.000,477,2026-02-04 18:58:24.366,2026-02-04 18:58:20.271,-4095.605,60.03658676147461,0
2026-02-04 18:58:20.000,2026-02-04 18:58:30.000,2423,2026-02-04 18:58:24.280,2026-02-04 18:58:20.278,-4001.657,50.019439697265625,0
2026-02-04 18:58:20.000,2026-02-04 18:58:30.000,2108,2026-02-04 18:58:24.366,2026-02-04 18:58:20.278,-4088.330,60.04154968261719,0
2026-02-04 18:58:20.000,2026-02-04 18:58:30.000,477,2026-02-04 18:58:24.383,2026-02-04 18:58:20.287,-4095.483,60.03669357299805,0
2026-02-04 18:58:20.000,2026-02-04 18:58:30.000,2108,2026-02-04 18:58:24.383,2026-02-04 18:58:20.295,-4088.134,60.036842346191406,0
2026-02-04 18:58:20.000,2026-02-04 18:58:30.000,2423,2026-02-04 18:58:24.300,2026-02-04 18:58:20.297,-4002.302,50.02165222167969,0
2026-02-04 18:58:20.000,2026-02-04 18:58:30.000,477,2026-02-04 18:58:24.400,2026-02-04 18:58:20.315,-4084.620,60.03716278076172,0
2026-02-04 18:58:20.000,2026-02-04 18:58:30.000,2108,2026-02-04 18:58:24.400,2026-02-04 18:58:20.320,-4079.621,60.033748626708984,0
2026-02-04 18:58:20.000,2026-02-04 18:58:30.000,2423,2026-02-04 18:58:24.320,2026-02-04 18:58:20.321,-3998.621,50.02092742919922,0
2026-02-04 18:58:20.000,2026-02-04 18:58:30.000,477,2026-02-04 18:58:24.416,2026-02-04 18:58:20.321,-4095.285,60.03749084472656,0
2026-02-04 18:58:20.000,2026-02-04 18:58:30.000,2108,2026-02-04 18:58:24.416,2026-02-04 18:58:20.329,-4086.766,60.03586196899414,0
2026-02-04 18:58:20.000,2026-02-04 18:58:30.000,477,2026-02-04 18:58:24.433,2026-02-04 18:58:20.344,-4088.888,60.03730392456055,0
2026-02-04 18:58:20.000,2026-02-04 18:58:30.000,2423,2026-02-04 18:58:24.339,2026-02-04 18:58:20.344,-3995.003,50.017860412597656,0
2026-02-04 18:58:20.000,2026-02-04 18:58:30.000,2108,2026-02-04 18:58:24.433,2026-02-04 18:58:20.346,-4086.331,60.03841781616211,0
2026-02-04 18:58:20.000,2026-02-04 18:58:30.000,477,2026-02-04 18:58:24.450,2026-02-04 18:58:20.354,-4095.492,60.03699493408203,0
2026-02-04 18:58:20.000,2026-02-04 18:58:30.000,2423,2026-02-04 18:58:24.360,2026-02-04 18:58:20.360,-3999.493,50.01773452758789,0
2026-02-04 18:58:20.000,2026-02-04 18:58:30.000,2108,2026-02-04 18:58:24.450,2026-02-04 18:58:20.361,-4088.493,60.039268493652344,0
2026-02-04 18:58:20.000,2026-02-04 18:58:30.000,477,2026-02-04 18:58:24.466,2026-02-04 18:58:20.371,-4095.642,60.03661346435547,0
2026-02-04 18:58:20.000,2026-02-04 18:58:30.000,2423,2026-02-04 18:58:24.380,2026-02-04 18:58:20.378,-4001.595,50.020652770996094,0
2026-02-04 18:58:20.000,2026-02-04 18:58:30.000,2108,2026-02-04 18:58:24.466,2026-02-04 18:58:20.379,-4087.250,60.03664779663086,0
2026-02-04 18:58:20.000,2026-02-04 18:58:30.000,477,2026-02-04 18:58:24.483,2026-02-04 18:58:20.387,-4095.402,60.036170959472656,0
2026-02-04 18:58:20.000,2026-02-04 18:58:30.000,2108,2026-02-04 18:58:24.483,2026-02-04 18:58:20.395,-4087.874,60.03395080566406,0
2026-02-04 18:58:20.000,2026-02-04 18:58:30.000,2423,2026-02-04 18:58:24.400,2026-02-04 18:58:20.398,-4001.463,50.02088165283203,0
2026-02-04 18:58:20.000,2026-02-04 18:58:30.000,477,2026-02-04 18:58:24.499,2026-02-04 18:58:20.405,-4094.944,60.03618240356445,0
2026-02-04 18:58:20.000,2026-02-04 18:58:30.000,2108,2026-02-04 18:58:24.499,2026-02-04 18:58:20.422,-4077.883,60.034324645996094,0
2026-02-04 18:58:20.000,2026-02-04 18:58:30.000,2423,2026-02-04 18:58:24.419,2026-02-04 18:58:20.423,-3996.882,50.01879119873047,0
2026-02-04 18:58:20.000,2026-02-04 18:58:30.000,477,2026-02-04 18:58:24.516,2026-02-04 18:58:20.423,-4093.056,60.03605651855469,0
2026-02-04 18:58:20.000,2026-02-04 18:58:30.000,2108,2026-02-04 18:58:24.516,2026-02-04 18:58:20.428,-4088.049,60.035545349121094,0
2026-02-04 18:58:20.000,2026-02-04 18:58:30.000,2423,2026-02-04 18:58:24.440,2026-02-04 18:58:20.439,-4000.856,50.01879119873047,0
2026-02-04 18:58:20.000,2026-02-04 18:58:30.000,477,2026-02-04 18:58:24.533,2026-02-04 18:58:20.439,-4094.192,60.03594970703125,0
2026-02-04 18:58:20.000,2026-02-04 18:58:30.000,2108,2026-02-04 18:58:24.533,2026-02-04 18:58:20.455,-4078.156,60.036407470703125,0
2026-02-04 18:58:20.000,2026-02-04 18:58:30.000,477,2026-02-04 18:58:24.550,2026-02-04 18:58:20.456,-4093.819,60.03617858886719,0
2026-02-04 18:58:20.000,2026-02-04 18:58:30.000,2423,2026-02-04 18:58:24.460,2026-02-04 18:58:20.458,-4001.829,50.01962661743164,0
2026-02-04 18:58:20.000,2026-02-04 18:58:30.000,2108,2026-02-04 18:58:24.550,2026-02-04 18:58:20.467,-4082.746,60.03487777709961,0
2026-02-04 18:58:20.000,2026-02-04 18:58:30.000,477,2026-02-04 18:58:24.566,2026-02-04 18:58:20.471,-4095.411,60.03579330444336,0
2026-02-04 18:58:20.000,2026-02-04 18:58:30.000,2423,2026-02-04 18:58:24.480,2026-02-04 18:58:20.477,-4002.229,50.0200080871582,0
2026-02-04 18:58:20.000,2026-02-04 18:58:30.000,2108,2026-02-04 18:58:24.566,2026-02-04 18:58:20.478,-4087.898,60.03471755981445,0
2026-02-04 18:58:20.000,2026-02-04 18:58:30.000,477,2026-02-04 18:58:24.583,2026-02-04 18:58:20.491,-4092.051,60.035526275634766,0
2026-02-04 18:58:20.000,2026-02-04 18:58:30.000,2108,2026-02-04 18:58:24.583,2026-02-04 18:58:20.495,-4087.540,60.03822708129883,0
2026-02-04 18:58:20.000,2026-02-04 18:58:30.000,2423,2026-02-04 18:58:24.499,2026-02-04 18:58:20.498,-4001.681,50.02075958251953,0
2026-02-04 18:58:20.000,2026-02-04 18:58:30.000,477,2026-02-04 18:58:24.600,2026-02-04 18:58:20.512,-4087.178,60.03636932373047,0
2026-02-04 18:58:20.000,2026-02-04 18:58:30.000,2108,2026-02-04 18:58:24.600,2026-02-04 18:58:20.513,-4086.072,60.039039611816406,0
2026-02-04 18:58:20.000,2026-02-04 18:58:30.000,2423,2026-02-04 18:58:24.520,2026-02-04 18:58:20.517,-4002.072,50.02060317993164,0
2026-02-04 18:58:20.000,2026-02-04 18:58:30.000,477,2026-02-04 18:58:24.616,2026-02-04 18:58:20.524,-4091.997,60.036720275878906,0
2026-02-04 18:58:20.000,2026-02-04 18:58:30.000,2108,2026-02-04 18:58:24.616,2026-02-04 18:58:20.538,-4077.914,60.03559875488281,0
2026-02-04 18:58:20.000,2026-02-04 18:58:30.000,2423,2026-02-04 18:58:24.540,2026-02-04 18:58:20.538,-4001.258,50.02006530761719,0
2026-02-04 18:58:20.000,2026-02-04 18:58:30.000,477,2026-02-04 18:58:24.633,2026-02-04 18:58:20.539,-4093.579,60.03623580932617,0
2026-02-04 18:58:20.000,2026-02-04 18:58:30.000,2108,2026-02-04 18:58:24.633,2026-02-04 18:58:20.545,-4088.068,60.03444290161133,0
2026-02-04 18:58:20.000,2026-02-04 18:58:30.000,477,2026-02-04 18:58:24.650,2026-02-04 18:58:20.554,-4095.976,60.03622055053711,0
2026-02-04 18:58:20.000,2026-02-04 18:58:30.000,2423,2026-02-04 18:58:24.560,2026-02-04 18:58:20.558,-4001.885,50.02080154418945,0
2026-02-04 18:58:20.000,2026-02-04 18:58:30.000,2108,2026-02-04 18:58:24.650,2026-02-04 18:58:20.562,-4087.877,60.034889221191406,0
2026-02-04 18:58:20.000,2026-02-04 18:58:30.000,477,2026-02-04 18:58:24.666,2026-02-04 18:58:20.571,-4095.330,60.036441802978516,0
2026-02-04 18:58:20.000,2026-02-04 18:58:30.000,2423,2026-02-04 18:58:24.579,2026-02-04 18:58:20.578,-4001.138,50.0201416015625,0
2026-02-04 18:58:20.000,2026-02-04 18:58:30.000,2108,2026-02-04 18:58:24.666,2026-02-04 18:58:20.579,-4086.811,60.03556823730469,0
2026-02-04 18:58:20.000,2026-02-04 18:58:30.000,477,2026-02-04 18:58:24.683,2026-02-04 18:58:20.587,-4095.447,60.036415100097656,0
2026-02-04 18:58:20.000,2026-02-04 18:58:30.000,2108,2026-02-04 18:58:24.683,2026-02-04 18:58:20.595,-4087.374,60.037757873535156,0
2026-02-04 18:58:20.000,2026-02-04 18:58:30.000,2423,2026-02-04 18:58:24.600,2026-02-04 18:58:20.598,-4001.532,50.01845169067383,0
2026-02-04 18:58:20.000,2026-02-04 18:58:30.000,477,2026-02-04 18:58:24.700,2026-02-04 18:58:20.604,-4095.029,60.036048889160156,0
2026-02-04 18:58:20.000,2026-02-04 18:58:30.000,2108,2026-02-04 18:58:24.700,2026-02-04 18:58:20.611,-4088.519,60.036869049072266,0
2026-02-04 18:58:20.000,2026-02-04 18:58:30.000,2423,2026-02-04 18:58:24.620,2026-02-04 18:58:20.618,-4001.722,50.018951416015625,0
2026-02-04 18:58:20.000,2026-02-04 18:58:30.000,477,2026-02-04 18:58:24.716,2026-02-04 18:58:20.621,-4094.828,60.03579330444336,0
2026-02-04 18:58:20.000,2026-02-04 18:58:30.000,2108,2026-02-04 18:58:24.716,2026-02-04 18:58:20.629,-4087.320,60.03691101074219,0
2026-02-04 18:58:20.000,2026-02-04 18:58:30.000,2423,2026-02-04 18:58:24.640,2026-02-04 18:58:20.637,-4002.134,50.01980209350586,0
2026-02-04 18:58:20.000,2026-02-04 18:58:30.000,477,2026-02-04 18:58:24.733,2026-02-04 18:58:20.638,-4094.469,60.03594970703125,0
2026-02-04 18:58:20.000,2026-02-04 18:58:30.000,2108,2026-02-04 18:58:24.733,2026-02-04 18:58:20.645,-4087.386,60.038848876953125,0
2026-02-04 18:58:20.000,2026-02-04 18:58:30.000,477,2026-02-04 18:58:24.750,2026-02-04 18:58:20.654,-4095.541,60.035560607910156,0
2026-02-04 18:58:20.000,2026-02-04 18:58:30.000,2423,2026-02-04 18:58:24.659,2026-02-04 18:58:20.658,-4001.533,50.019649505615234,0
2026-02-04 18:58:20.000,2026-02-04 18:58:30.000,2108,2026-02-04 18:58:24.750,2026-02-04 18:58:20.661,-4088.535,60.035823822021484,0
2026-02-04 18:58:20.000,2026-02-04 18:58:30.000,477,2026-02-04 18:58:24.766,2026-02-04 18:58:20.670,-4095.693,60.03493118286133,0
2026-02-04 18:58:20.000,2026-02-04 18:58:30.000,2423,2026-02-04 18:58:24.680,2026-02-04 18:58:20.678,-4001.619,50.02027893066406,0
2026-02-04 18:58:20.000,2026-02-04 18:58:30.000,2108,2026-02-04 18:58:24.766,2026-02-04 18:58:20.679,-4087.289,60.03055191040039,0
2026-02-04 18:58:20.000,2026-02-04 18:58:30.000,477,2026-02-04 18:58:24.783,2026-02-04 18:58:20.687,-4095.444,60.035213470458984,0
2026-02-04 18:58:20.000,2026-02-04 18:58:30.000,2108,2026-02-04 18:58:24.783,2026-02-04 18:58:20.695,-4087.375,60.030548095703125,0
2026-02-04 18:58:20.000,2026-02-04 18:58:30.000,2423,2026-02-04 18:58:24.700,2026-02-04 18:58:20.697,-4002.541,50.021488189697266,0
2026-02-04 18:58:20.000,2026-02-04 18:58:30.000,477,2026-02-04 18:58:24.800,2026-02-04 18:58:20.704,-4095.017,60.036354064941406,0
2026-02-04 18:58:20.000,2026-02-04 18:58:30.000,2108,2026-02-04 18:58:24.800,2026-02-04 18:58:20.714,-4085.912,60.03668212890625,0
2026-02-04 18:58:20.000,2026-02-04 18:58:30.000,2423,2026-02-04 18:58:24.720,2026-02-04 18:58:20.718,-4001.916,50.020389556884766,0
2026-02-04 18:58:20.000,2026-02-04 18:58:30.000,477,2026-02-04 18:58:24.816,2026-02-04 18:58:20.721,-4095.580,60.03695297241211,0
2026-02-04 18:58:20.000,2026-02-04 18:58:30.000,2108,2026-02-04 18:58:24.816,2026-02-04 18:58:20.729,-4087.274,60.04139709472656,0
2026-02-04 18:58:20.000,2026-02-04 18:58:30.000,477,2026-02-04 18:58:24.833,2026-02-04 18:58:20.737,-4095.359,60.036190032958984,0
2026-02-04 18:58:20.000,2026-02-04 18:58:30.000,2423,2026-02-04 18:58:24.739,2026-02-04 18:58:20.738,-4001.024,50.01800537109375,0
2026-02-04 18:58:20.000,2026-02-04 18:58:30.000,2108,2026-02-04 18:58:24.833,2026-02-04 18:58:20.746,-4087.278,60.03948211669922,0
2026-02-04 18:58:20.000,2026-02-04 18:58:30.000,477,2026-02-04 18:58:24.850,2026-02-04 18:58:20.754,-4095.439,60.035728454589844,0
2026-02-04 18:58:20.000,2026-02-04 18:58:30.000,2423,2026-02-04 18:58:24.760,2026-02-04 18:58:20.757,-4002.441,50.01813507080078,0
2026-02-04 18:58:20.000,2026-02-04 18:58:30.000,2108,2026-02-04 18:58:24.850,2026-02-04 18:58:20.761,-4088.441,60.034671783447266,0
2026-02-04 18:58:20.000,2026-02-04 18:58:30.000,477,2026-02-04 18:58:24.866,2026-02-04 18:58:20.771,-4095.596,60.03584289550781,0
2026-02-04 18:58:20.000,2026-02-04 18:58:30.000,2423,2026-02-04 18:58:24.780,2026-02-04 18:58:20.778,-4001.896,50.02039337158203,0
2026-02-04 18:58:20.000,2026-02-04 18:58:30.000,2108,2026-02-04 18:58:24.866,2026-02-04 18:58:20.779,-4087.548,60.03348159790039,0
2026-02-04 18:58:20.000,2026-02-04 18:58:30.000,477,2026-02-04 18:58:24.883,2026-02-04 18:58:20.788,-4095.152,60.03474044799805,0
2026-02-04 18:58:20.000,2026-02-04 18:58:30.000,2108,2026-02-04 18:58:24.883,2026-02-04 18:58:20.795,-4088.080,60.03602600097656,0
2026-02-04 18:58:20.000,2026-02-04 18:58:30.000,2423,2026-02-04 18:58:24.800,2026-02-04 18:58:20.797,-4002.247,50.02035140991211,0
2026-02-04 18:58:20.000,2026-02-04 18:58:30.000,477,2026-02-04 18:58:24.899,2026-02-04 18:58:20.804,-4095.872,60.03428268432617,0
2026-02-04 18:58:20.000,2026-02-04 18:58:30.000,2108,2026-02-04 18:58:24.899,2026-02-04 18:58:20.812,-4087.877,60.039554595947266,0
2026-02-04 18:58:20.000,2026-02-04 18:58:30.000,2423,2026-02-04 18:58:24.819,2026-02-04 18:58:20.817,-4002.401,50.01959991455078,0
2026-02-04 18:58:20.000,2026-02-04 18:58:30.000,477,2026-02-04 18:58:24.916,2026-02-04 18:58:20.821,-4095.080,60.03593444824219,0
2026-02-04 18:58:20.000,2026-02-04 18:58:30.000,2108,2026-02-04 18:58:24.916,2026-02-04 18:58:20.829,-4087.565,60.03879165649414,0
2026-02-04 18:58:20.000,2026-02-04 18:58:30.000,2423,2026-02-04 18:58:24.840,2026-02-04 18:58:20.837,-4002.375,50.021453857421875,0
2026-02-04 18:58:20.000,2026-02-04 18:58:30.000,477,2026-02-04 18:58:24.933,2026-02-04 18:58:20.838,-4094.711,60.036617279052734,0
2026-02-04 18:58:20.000,2026-02-04 18:58:30.000,2108,2026-02-04 18:58:24.933,2026-02-04 18:58:20.847,-4086.199,60.03184509277344,0
2026-02-04 18:58:20.000,2026-02-04 18:58:30.000,477,2026-02-04 18:58:24.950,2026-02-04 18:58:20.854,-4095.812,60.03581237792969,0
2026-02-04 18:58:20.000,2026-02-04 18:58:30.000,2423,2026-02-04 18:58:24.860,2026-02-04 18:58:20.858,-4001.818,50.02253341674805,0
2026-02-04 18:58:20.000,2026-02-04 18:58:30.000,2108,2026-02-04 18:58:24.950,2026-02-04 18:58:20.862,-4087.811,60.03023147583008,0
2026-02-04 18:58:20.000,2026-02-04 18:58:30.000,477,2026-02-04 18:58:24.966,2026-02-04 18:58:20.871,-4094.965,60.03530502319336,0
2026-02-04 18:58:20.000,2026-02-04 18:58:30.000,2423,2026-02-04 18:58:24.880,2026-02-04 18:58:20.878,-4001.775,50.020484924316406,0
2026-02-04 18:58:20.000,2026-02-04 18:58:30.000,2108,2026-02-04 18:58:24.966,2026-02-04 18:58:20.879,-4087.447,60.03475570678711,0
2026-02-04 18:58:20.000,2026-02-04 18:58:30.000,477,2026-02-04 18:58:24.983,2026-02-04 18:58:20.888,-4094.996,60.034881591796875,0
2026-02-04 18:58:20.000,2026-02-04 18:58:30.000,2108,2026-02-04 18:58:24.983,2026-02-04 18:58:20.895,-4087.489,60.0367431640625,0
2026-02-04 18:58:20.000,2026-02-04 18:58:30.000,2423,2026-02-04 18:58:24.899,2026-02-04 18:58:20.897,-4002.144,50.01800537109375,0
2026-02-04 18:58:20.000,2026-02-04 18:58:30.000,477,2026-02-04 18:58:25.000,2026-02-04 18:58:20.904,-4095.041,60.034934997558594,0
2026-02-04 18:58:20.000,2026-02-04 18:58:30.000,2108,2026-02-04 18:58:25.000,2026-02-04 18:58:20.912,-4087.044,60.03584289550781,0
2026-02-04 18:58:20.000,2026-02-04 18:58:30.000,2423,2026-02-04 18:58:24.920,2026-02-04 18:58:20.918,-4001.934,50.01781463623047,0
2026-02-04 18:58:20.000,2026-02-04 18:58:30.000,477,2026-02-04 18:58:25.016,2026-02-04 18:58:20.921,-4095.596,60.0350227355957,0
2026-02-04 18:58:20.000,2026-02-04 18:58:30.000,2108,2026-02-04 18:58:25.016,2026-02-04 18:58:20.929,-4087.511,60.0346565246582,0
2026-02-04 18:58:20.000,2026-02-04 18:58:30.000,2423,2026-02-04 18:58:24.940,2026-02-04 18:58:20.938,-4001.788,50.01836013793945,0
2026-02-04 18:58:20.000,2026-02-04 18:58:30.000,477,2026-02-04 18:58:25.033,2026-02-04 18:58:20.938,-4095.108,60.0343132019043,0
2026-02-04 18:58:20.000,2026-02-04 18:58:30.000,2108,2026-02-04 18:58:25.033,2026-02-04 18:58:20.945,-4088.064,60.0345573425293,0
2026-02-04 18:58:20.000,2026-02-04 18:58:30.000,477,2026-02-04 18:58:25.050,2026-02-04 18:58:20.954,-4095.226,60.03413391113281,0
2026-02-04 18:58:20.000,2026-02-04 18:58:30.000,2423,2026-02-04 18:58:24.960,2026-02-04 18:58:20.957,-4002.226,50.01911544799805,0
2026-02-04 18:58:20.000,2026-02-04 18:58:30.000,2108,2026-02-04 18:58:25.050,2026-02-04 18:58:20.962,-4087.225,60.03583526611328,0
2026-02-04 18:58:20.000,2026-02-04 18:58:30.000,477,2026-02-04 18:58:25.066,2026-02-04 18:58:20.974,-4092.564,60.0350227355957,0
2026-02-04 18:58:20.000,2026-02-04 18:58:30.000,2423,2026-02-04 18:58:24.979,2026-02-04 18:58:20.980,-3999.322,50.02131271362305,0
2026-02-04 18:58:20.000,2026-02-04 18:58:30.000,2108,2026-02-04 18:58:25.066,2026-02-04 18:58:20.981,-4084.993,60.0375862121582,0
2026-02-04 18:58:20.000,2026-02-04 18:58:30.000,477,2026-02-04 18:58:25.083,2026-02-04 18:58:20.988,-4095.137,60.03550338745117,0
2026-02-04 18:58:20.000,2026-02-04 18:58:30.000,2108,2026-02-04 18:58:25.083,2026-02-04 18:58:21.001,-4081.410,60.036251068115234,0
2026-02-04 18:58:20.000,2026-02-04 18:58:30.000,2423,2026-02-04 18:58:25.000,2026-02-04 18:58:21.001,-3998.082,50.022117614746094,0
2026-02-04 18:58:20.000,2026-02-04 18:58:30.000,477,2026-02-04 18:58:25.100,2026-02-04 18:58:21.004,-4095.582,60.03554153442383,0
2026-02-04 18:58:20.000,2026-02-04 18:58:30.000,2108,2026-02-04 18:58:25.100,2026-02-04 18:58:21.012,-4087.078,60.03386688232422,0
2026-02-04 18:58:20.000,2026-02-04 18:58:30.000,2423,2026-02-04 18:58:25.020,2026-02-04 18:58:21.017,-4002.072,50.02046585083008,0
2026-02-04 18:58:20.000,2026-02-04 18:58:30.000,477,2026-02-04 18:58:25.116,2026-02-04 18:58:21.021,-4094.732,60.03507995605469,0
2026-02-04 18:58:20.000,2026-02-04 18:58:30.000,2108,2026-02-04 18:58:25.116,2026-02-04 18:58:21.028,-4087.695,60.0355339050293,0
2026-02-04 18:58:20.000,2026-02-04 18:58:30.000,2423,2026-02-04 18:58:25.040,2026-02-04 18:58:21.038,-4001.949,50.0192756652832,0
2026-02-04 18:58:20.000,2026-02-04 18:58:30.000,477,2026-02-04 18:58:25.133,2026-02-04 18:58:21.038,-4095.285,60.034610748291016,0
2026-02-04 18:58:20.000,2026-02-04 18:58:30.000,2108,2026-02-04 18:58:25.133,2026-02-04 18:58:21.045,-4088.248,60.039283752441406,0
2026-02-04 18:58:20.000,2026-02-04 18:58:30.000,477,2026-02-04 18:58:25.150,2026-02-04 18:58:21.054,-4095.454,60.03520965576172,0
2026-02-04 18:58:20.000,2026-02-04 18:58:30.000,2423,2026-02-04 18:58:25.059,2026-02-04 18:58:21.058,-4001.444,50.017982482910156,0
2026-02-04 18:58:20.000,2026-02-04 18:58:30.000,2108,2026-02-04 18:58:25.150,2026-02-04 18:58:21.063,-4086.946,60.035911560058594,0
2026-02-04 18:58:20.000,2026-02-04 18:58:30.000,477,2026-02-04 18:58:25.166,2026-02-04 18:58:21.071,-4095.606,60.03497314453125,0
2026-02-04 18:58:20.000,2026-02-04 18:58:30.000,2423,2026-02-04 18:58:25.080,2026-02-04 18:58:21.078,-4001.898,50.018035888671875,0
2026-02-04 18:58:20.000,2026-02-04 18:58:30.000,2108,2026-02-04 18:58:25.166,2026-02-04 18:58:21.079,-4087.569,60.027584075927734,0
2026-02-04 18:58:20.000,2026-02-04 18:58:30.000,477,2026-02-04 18:58:25.183,2026-02-04 18:58:21.087,-4095.713,60.033878326416016,0
2026-02-04 18:58:20.000,2026-02-04 18:58:30.000,2108,2026-02-04 18:58:25.183,2026-02-04 18:58:21.096,-4087.196,60.030540466308594,0
2026-02-04 18:58:20.000,2026-02-04 18:58:30.000,2423,2026-02-04 18:58:25.100,2026-02-04 18:58:21.098,-4001.869,50.02006149291992,0
2026-02-04 18:58:20.000,2026-02-04 18:58:30.000,477,2026-02-04 18:58:25.200,2026-02-04 18:58:21.104,-4095.499,60.0339469909668,0
2026-02-04 18:58:20.000,2026-02-04 18:58:30.000,2108,2026-02-04 18:58:25.200,2026-02-04 18:58:21.111,-4088.499,60.038509368896484,0
2026-02-04 18:58:20.000,2026-02-04 18:58:30.000,2423,2026-02-04 18:58:25.120,2026-02-04 18:58:21.118,-4001.981,50.02124786376953,0
2026-02-04 18:58:20.000,2026-02-04 18:58:30.000,477,2026-02-04 18:58:25.216,2026-02-04 18:58:21.121,-4095.643,60.034446716308594,0
2026-02-04 18:58:20.000,2026-02-04 18:58:30.000,2108,2026-02-04 18:58:25.216,2026-02-04 18:58:21.130,-4086.527,60.03811264038086,0
2026-02-04 18:58:20.000,2026-02-04 18:58:30.000,2423,2026-02-04 18:58:25.139,2026-02-04 18:58:21.138,-4001.805,50.02093505859375,0
2026-02-04 18:58:20.000,2026-02-04 18:58:30.000,477,2026-02-04 18:58:25.233,2026-02-04 18:58:21.138,-4095.141,60.03395080566406,0
2026-02-04 18:58:20.000,2026-02-04 18:58:30.000,2108,2026-02-04 18:58:25.233,2026-02-04 18:58:21.146,-4087.106,60.0347785949707,0
2026-02-04 18:58:20.000,2026-02-04 18:58:30.000,477,2026-02-04 18:58:25.250,2026-02-04 18:58:21.155,-4094.597,60.033687591552734,0
2026-02-04 18:58:20.000,2026-02-04 18:58:30.000,2423,2026-02-04 18:58:25.160,2026-02-04 18:58:21.158,-4001.598,50.019256591796875,0
2026-02-04 18:58:20.000,2026-02-04 18:58:30.000,2108,2026-02-04 18:58:25.250,2026-02-04 18:58:21.163,-4086.087,60.03520584106445,0
2026-02-04 18:58:20.000,2026-02-04 18:58:30.000,477,2026-02-04 18:58:25.266,2026-02-04 18:58:21.173,-4092.712,60.03375244140625,0
2026-02-04 18:58:20.000,2026-02-04 18:58:30.000,2423,2026-02-04 18:58:25.180,2026-02-04 18:58:21.177,-4002.057,50.01909637451172,0
2026-02-04 18:58:20.000,2026-02-04 18:58:30.000,2108,2026-02-04 18:58:25.266,2026-02-04 18:58:21.179,-4086.715,60.03760528564453,0
2026-02-04 18:58:20.000,2026-02-04 18:58:30.000,477,2026-02-04 18:58:25.283,2026-02-04 18:58:21.187,-4095.336,60.03376770019531,0
2026-02-04 18:58:20.000,2026-02-04 18:58:30.000,2108,2026-02-04 18:58:25.283,2026-02-04 18:58:21.196,-4087.309,60.036102294921875,0
2026-02-04 18:58:20.000,2026-02-04 18:58:30.000,2423,2026-02-04 18:58:25.200,2026-02-04 18:58:21.198,-4001.982,50.02084732055664,0
2026-02-04 18:58:20.000,2026-02-04 18:58:30.000,477,2026-02-04 18:58:25.299,2026-02-04 18:58:21.205,-4094.949,60.03403091430664,0
2026-02-04 18:58:20.000,2026-02-04 18:58:30.000,2108,2026-02-04 18:58:25.299,2026-02-04 18:58:21.212,-4087.949,60.03179168701172,0
2026-02-04 18:58:20.000,2026-02-04 18:58:30.000,2423,2026-02-04 18:58:25.219,2026-02-04 18:58:21.218,-4001.442,50.021156311035156,0
2026-02-04 18:58:20.000,2026-02-04 18:58:30.000,477,2026-02-04 18:58:25.316,2026-02-04 18:58:21.221,-4095.121,60.03411102294922,0
2026-02-04 18:58:20.000,2026-02-04 18:58:30.000,2108,2026-02-04 18:58:25.316,2026-02-04 18:58:21.229,-4087.605,60.03158950805664,0
2026-02-04 18:58:20.000,2026-02-04 18:58:30.000,2423,2026-02-04 18:58:25.240,2026-02-04 18:58:21.238,-4001.764,50.01962661743164,0
2026-02-04 18:58:20.000,2026-02-04 18:58:30.000,477,2026-02-04 18:58:25.333,2026-02-04 18:58:21.238,-4095.100,60.03458023071289,0
2026-02-04 18:58:20.000,2026-02-04 18:58:30.000,2108,2026-02-04 18:58:25.333,2026-02-04 18:58:21.245,-4087.587,60.036800384521484,0
2026-02-04 18:58:20.000,2026-02-04 18:58:30.000,477,2026-02-04 18:58:25.350,2026-02-04 18:58:21.254,-4095.889,60.03540802001953,0
2026-02-04 18:58:20.000,2026-02-04 18:58:30.000,2423,2026-02-04 18:58:25.260,2026-02-04 18:58:21.259,-4000.899,50.01820373535156,0
2026-02-04 18:58:20.000,2026-02-04 18:58:30.000,2108,2026-02-04 18:58:25.350,2026-02-04 18:58:21.262,-4087.890,60.039180755615234,0
2026-02-04 18:58:20.000,2026-02-04 18:58:30.000,477,2026-02-04 18:58:25.366,2026-02-04 18:58:21.270,-4095.758,60.035118103027344,0
2026-02-04 18:58:20.000,2026-02-04 18:58:30.000,2423,2026-02-04 18:58:25.280,2026-02-04 18:58:21.277,-4002.030,50.01993179321289,0
2026-02-04 18:58:20.000,2026-02-04 18:58:30.000,2108,2026-02-04 18:58:25.366,2026-02-04 18:58:21.278,-4087.702,60.036373138427734,0
2026-02-04 18:58:20.000,2026-02-04 18:58:30.000,477,2026-02-04 18:58:25.383,2026-02-04 18:58:21.288,-4095.263,60.03419876098633,0
2026-02-04 18:58:20.000,2026-02-04 18:58:30.000,2108,2026-02-04 18:58:25.383,2026-02-04 18:58:21.296,-4087.216,60.03302764892578,0
2026-02-04 18:58:20.000,2026-02-04 18:58:30.000,2423,2026-02-04 18:58:25.299,2026-02-04 18:58:21.298,-4001.870,50.02141571044922,0
2026-02-04 18:58:20.000,2026-02-04 18:58:30.000,477,2026-02-04 18:58:25.400,2026-02-04 18:58:21.304,-4095.491,60.03431701660156,0
2026-02-04 18:58:20.000,2026-02-04 18:58:30.000,2108,2026-02-04 18:58:25.400,2026-02-04 18:58:21.314,-4085.977,60.02994155883789,0
2026-02-04 18:58:20.000,2026-02-04 18:58:30.000,2423,2026-02-04 18:58:25.320,2026-02-04 18:58:21.341,-3978.955,50.01911544799805,0
2026-02-04 18:58:20.000,2026-02-04 18:58:30.000,477,2026-02-04 18:58:25.416,2026-02-04 18:58:21.341,-4075.619,60.034149169921875,0
2026-02-04 18:58:20.000,2026-02-04 18:58:30.000,2108,2026-02-04 18:58:25.416,2026-02-04 18:58:21.343,-4073.617,60.0308837890625,0
2026-02-04 18:58:20.000,2026-02-04 18:58:30.000,2423,2026-02-04 18:58:25.340,2026-02-04 18:58:21.343,-3996.454,50.0186767578125,0
2026-02-04 18:58:20.000,2026-02-04 18:58:30.000,477,2026-02-04 18:58:25.433,2026-02-04 18:58:21.343,-4089.774,60.03385925292969,0
2026-02-04 18:58:20.000,2026-02-04 18:58:30.000,2108,2026-02-04 18:58:25.433,2026-02-04 18:58:21.345,-4087.762,60.03396224975586,0
2026-02-04 18:58:20.000,2026-02-04 18:58:30.000,477,2026-02-04 18:58:25.450,2026-02-04 18:58:21.361,-4088.921,60.03486251831055,0
2026-02-04 18:58:20.000,2026-02-04 18:58:30.000,2423,2026-02-04 18:58:25.360,2026-02-04 18:58:21.361,-3998.921,50.01947021484375,0
2026-02-04 18:58:20.000,2026-02-04 18:58:30.000,2108,2026-02-04 18:58:25.450,2026-02-04 18:58:21.362,-4087.923,60.03602600097656,0
2026-02-04 18:58:20.000,2026-02-04 18:58:30.000,477,2026-02-04 18:58:25.466,2026-02-04 18:58:21.373,-4092.759,60.03511428833008,0
2026-02-04 18:58:20.000,2026-02-04 18:58:30.000,2423,2026-02-04 18:58:25.379,2026-02-04 18:58:21.378,-4001.087,50.01765441894531,0
2026-02-04 18:58:20.000,2026-02-04 18:58:30.000,2108,2026-02-04 18:58:25.466,2026-02-04 18:58:21.378,-4087.759,60.03557205200195,0
2026-02-04 18:58:20.000,2026-02-04 18:58:30.000,477,2026-02-04 18:58:25.483,2026-02-04 18:58:21.391,-4091.915,60.03444290161133,0
2026-02-04 18:58:20.000,2026-02-04 18:58:30.000,2108,2026-02-04 18:58:25.483,2026-02-04 18:58:21.395,-4087.401,60.03382110595703,0
2026-02-04 18:58:20.000,2026-02-04 18:58:30.000,2423,2026-02-04 18:58:25.400,2026-02-04 18:58:21.405,-3994.524,50.01842498779297,0
2026-02-04 18:58:20.000,2026-02-04 18:58:30.000,477,2026-02-04 18:58:25.500,2026-02-04 18:58:21.406,-4093.531,60.03496170043945,0
2026-02-04 18:58:20.000,2026-02-04 18:58:30.000,2108,2026-02-04 18:58:25.500,2026-02-04 18:58:21.414,-4085.016,60.03706359863281,0
2026-02-04 18:58:20.000,2026-02-04 18:58:30.000,2423,2026-02-04 18:58:25.420,2026-02-04 18:58:21.417,-4002.019,50.02214050292969,0
2026-02-04 18:58:20.000,2026-02-04 18:58:30.000,477,2026-02-04 18:58:25.516,2026-02-04 18:58:21.421,-4094.682,60.03517532348633,0
2026-02-04 18:58:20.000,2026-02-04 18:58:30.000,2108,2026-02-04 18:58:25.516,2026-02-04 18:58:21.429,-4087.240,60.03943634033203,0
2026-02-04 18:58:20.000,2026-02-04 18:58:30.000,477,2026-02-04 18:58:25.533,2026-02-04 18:58:21.438,-4094.395,60.034366607666016,0
2026-02-04 18:58:20.000,2026-02-04 18:58:30.000,2423,2026-02-04 18:58:25.440,2026-02-04 18:58:21.438,-4001.059,50.02286148071289,0
2026-02-04 18:58:20.000,2026-02-04 18:58:30.000,2108,2026-02-04 18:58:25.533,2026-02-04 18:58:21.446,-4087.330,60.03338623046875,0
2026-02-04 18:58:20.000,2026-02-04 18:58:30.000,477,2026-02-04 18:58:25.550,2026-02-04 18:58:21.454,-4095.539,60.034339904785156,0
2026-02-04 18:58:20.000,2026-02-04 18:58:30.000,2423,2026-02-04 18:58:25.459,2026-02-04 18:58:21.458,-4001.528,50.019554138183594,0
2026-02-04 18:58:20.000,2026-02-04 18:58:30.000,2108,2026-02-04 18:58:25.550,2026-02-04 18:58:21.461,-4088.539,60.02731704711914,0
2026-02-04 18:58:20.000,2026-02-04 18:58:30.000,477,2026-02-04 18:58:25.566,2026-02-04 18:58:21.471,-4094.699,60.03403854370117,0
2026-02-04 18:58:20.000,2026-02-04 18:58:30.000,2423,2026-02-04 18:58:25.480,2026-02-04 18:58:21.477,-4002.002,50.01747131347656,0
2026-02-04 18:58:20.000,2026-02-04 18:58:30.000,2108,2026-02-04 18:58:25.566,2026-02-04 18:58:21.478,-4087.673,60.02987289428711,0
2026-02-04 18:58:20.000,2026-02-04 18:58:30.000,477,2026-02-04 18:58:25.583,2026-02-04 18:58:21.488,-4095.287,60.033103942871094,0
2026-02-04 18:58:20.000,2026-02-04 18:58:30.000,2108,2026-02-04 18:58:25.583,2026-02-04 18:58:21.495,-4088.258,60.03464889526367,0
2026-02-04 18:58:20.000,2026-02-04 18:58:30.000,2423,2026-02-04 18:58:25.500,2026-02-04 18:58:21.498,-4001.929,50.02046585083008,0
2026-02-04 18:58:20.000,2026-02-04 18:58:30.000,477,2026-02-04 18:58:25.600,2026-02-04 18:58:21.504,-4095.544,60.03361892700195,0
2026-02-04 18:58:20.000,2026-02-04 18:58:30.000,2108,2026-02-04 18:58:25.600,2026-02-04 18:58:21.511,-4088.544,60.038116455078125,0
2026-02-04 18:58:20.000,2026-02-04 18:58:30.000,2423,2026-02-04 18:58:25.520,2026-02-04 18:58:21.517,-4002.030,50.02226257324219,0
2026-02-04 18:58:20.000,2026-02-04 18:58:30.000,477,2026-02-04 18:58:25.616,2026-02-04 18:58:21.520,-4095.694,60.034339904785156,0
2026-02-04 18:58:20.000,2026-02-04 18:58:30.000,2108,2026-02-04 18:58:25.616,2026-02-04 18:58:21.529,-4087.651,60.03785705566406,0
2026-02-04 18:58:20.000,2026-02-04 18:58:30.000,477,2026-02-04 18:58:25.633,2026-02-04 18:58:21.538,-4095.267,60.034305572509766,0
2026-02-04 18:58:20.000,2026-02-04 18:58:30.000,2423,2026-02-04 18:58:25.539,2026-02-04 18:58:21.538,-4001.931,50.02001190185547,0
2026-02-04 18:58:20.000,2026-02-04 18:58:30.000,2108,2026-02-04 18:58:25.633,2026-02-04 18:58:21.545,-4088.167,60.03293991088867,0
2026-02-04 18:58:20.000,2026-02-04 18:58:30.000,477,2026-02-04 18:58:25.650,2026-02-04 18:58:21.554,-4095.820,60.03430938720703,0
2026-02-04 18:58:20.000,2026-02-04 18:58:30.000,2423,2026-02-04 18:58:25.560,2026-02-04 18:58:21.558,-4001.756,50.01888656616211,0
2026-02-04 18:58:20.000,2026-02-04 18:58:30.000,2108,2026-02-04 18:58:25.650,2026-02-04 18:58:21.562,-4087.244,60.032249450683594,0
2026-02-04 18:58:20.000,2026-02-04 18:58:30.000,477,2026-02-04 18:58:25.666,2026-02-04 18:58:21.571,-4094.902,60.033931732177734,0
2026-02-04 18:58:20.000,2026-02-04 18:58:30.000,2423,2026-02-04 18:58:25.580,2026-02-04 18:58:21.578,-4001.937,50.019981384277344,0
2026-02-04 18:58:20.000,2026-02-04 18:58:30.000,2108,2026-02-04 18:58:25.666,2026-02-04 18:58:21.579,-4087.591,60.034095764160156,0
2026-02-04 18:58:20.000,2026-02-04 18:58:30.000,477,2026-02-04 18:58:25.683,2026-02-04 18:58:21.588,-4095.130,60.033424377441406,0
2026-02-04 18:58:20.000,2026-02-04 18:58:30.000,2108,2026-02-04 18:58:25.683,2026-02-04 18:58:21.595,-4087.398,60.03334426879883,0
2026-02-04 18:58:20.000,2026-02-04 18:58:30.000,2423,2026-02-04 18:58:25.600,2026-02-04 18:58:21.597,-4002.067,50.0208740234375,0
2026-02-04 18:58:20.000,2026-02-04 18:58:30.000,477,2026-02-04 18:58:25.699,2026-02-04 18:58:21.604,-4095.749,60.03377914428711,0
2026-02-04 18:58:20.000,2026-02-04 18:58:30.000,2108,2026-02-04 18:58:25.699,2026-02-04 18:58:21.619,-4080.239,60.032772064208984,0
2026-02-04 18:58:20.000,2026-02-04 18:58:30.000,2423,2026-02-04 18:58:25.619,2026-02-04 18:58:21.620,-3999.238,50.02113342285156,0
2026-02-04 18:58:20.000,2026-02-04 18:58:30.000,477,2026-02-04 18:58:25.716,2026-02-04 18:58:21.621,-4094.919,60.034358978271484,0
2026-02-04 18:58:20.000,2026-02-04 18:58:30.000,2108,2026-02-04 18:58:25.716,2026-02-04 18:58:21.629,-4086.823,60.03309631347656,0
2026-02-04 18:58:20.000,2026-02-04 18:58:30.000,477,2026-02-04 18:58:25.733,2026-02-04 18:58:21.637,-4095.451,60.034568786621094,0
2026-02-04 18:58:20.000,2026-02-04 18:58:30.000,2423,2026-02-04 18:58:25.640,2026-02-04 18:58:21.637,-4002.115,50.020423889160156,0
2026-02-04 18:58:20.000,2026-02-04 18:58:30.000,2108,2026-02-04 18:58:25.733,2026-02-04 18:58:21.743,-3990.156,60.03545379638672,0
2026-02-04 18:58:20.000,2026-02-04 18:58:30.000,2108,2026-02-04 18:58:25.750,2026-02-04 18:58:21.744,-4005.812,60.03798294067383,0
2026-02-04 18:58:20.000,2026-02-04 18:58:30.000,477,2026-02-04 18:58:25.750,2026-02-04 18:58:21.744,-4005.812,60.03510284423828,0
2026-02-04 18:58:20.000,2026-02-04 18:58:30.000,477,2026-02-04 18:58:25.766,2026-02-04 18:58:21.744,-4022.484,60.03469467163086,0
2026-02-04 18:58:20.000,2026-02-04 18:58:30.000,2108,2026-02-04 18:58:25.766,2026-02-04 18:58:21.744,-4022.484,60.03483963012695,0
2026-02-04 18:58:20.000,2026-02-04 18:58:30.000,477,2026-02-04 18:58:25.783,2026-02-04 18:58:21.749,-4034.151,60.03383255004883,0
2026-02-04 18:58:20.000,2026-02-04 18:58:30.000,2108,2026-02-04 18:58:25.783,2026-02-04 18:58:21.749,-4034.151,60.03091812133789,0
2026-02-04 18:58:20.000,2026-02-04 18:58:30.000,477,2026-02-04 18:58:25.800,2026-02-04 18:58:21.749,-4050.815,60.03370666503906,0
2026-02-04 18:58:20.000,2026-02-04 18:58:30.000,2108,2026-02-04 18:58:25.800,2026-02-04 18:58:21.750,-4049.814,60.03219223022461,0
2026-02-04 18:58:20.000,2026-02-04 18:58:30.000,2423,2026-02-04 18:58:25.660,2026-02-04 18:58:21.750,-3909.822,50.019447326660156,0
2026-02-04 18:58:20.000,2026-02-04 18:58:30.000,2423,2026-02-04 18:58:25.680,2026-02-04 18:58:21.750,-3929.814,50.019874572753906,0
2026-02-04 18:58:20.000,2026-02-04 18:58:30.000,477,2026-02-04 18:58:25.816,2026-02-04 18:58:21.750,-4066.478,60.033966064453125,0
2026-02-04 18:58:20.000,2026-02-04 18:58:30.000,2108,2026-02-04 18:58:25.816,2026-02-04 18:58:21.752,-4064.476,60.03550720214844,0
2026-02-04 18:58:20.000,2026-02-04 18:58:30.000,477,2026-02-04 18:58:25.833,2026-02-04 18:58:21.752,-4081.141,60.03431701660156,0
2026-02-04 18:58:20.000,2026-02-04 18:58:30.000,2108,2026-02-04 18:58:25.833,2026-02-04 18:58:21.753,-4080.141,60.03539276123047,0
2026-02-04 18:58:20.000,2026-02-04 18:58:30.000,2423,2026-02-04 18:58:25.699,2026-02-04 18:58:21.753,-3946.299,50.01960754394531,0
2026-02-04 18:58:20.000,2026-02-04 18:58:30.000,2423,2026-02-04 18:58:25.720,2026-02-04 18:58:21.753,-3966.307,50.01873779296875,0
2026-02-04 18:58:20.000,2026-02-04 18:58:30.000,2423,2026-02-04 18:58:25.740,2026-02-04 18:58:21.754,-3985.309,50.019378662109375,0
2026-02-04 18:58:20.000,2026-02-04 18:58:30.000,477,2026-02-04 18:58:25.850,2026-02-04 18:58:21.756,-4093.298,60.03441619873047,0
2026-02-04 18:58:20.000,2026-02-04 18:58:30.000,2423,2026-02-04 18:58:25.760,2026-02-04 18:58:21.759,-4000.300,50.0212516784668,0
2026-02-04 18:58:20.000,2026-02-04 18:58:30.000,2108,2026-02-04 18:58:25.850,2026-02-04 18:58:21.761,-4088.299,60.0308952331543,0
2026-02-04 18:58:20.000,2026-02-04 18:58:30.000,477,2026-02-04 18:58:25.866,2026-02-04 18:58:21.771,-4095.448,60.034305572509766,0
2026-02-04 18:58:20.000,2026-02-04 18:58:30.000,2423,2026-02-04 18:58:25.779,2026-02-04 18:58:21.777,-4002.269,50.02195358276367,0
2026-02-04 18:58:20.000,2026-02-04 18:58:30.000,2108,2026-02-04 18:58:25.866,2026-02-04 18:58:21.778,-4087.941,60.029483795166016,0
2026-02-04 18:58:20.000,2026-02-04 18:58:30.000,477,2026-02-04 18:58:25.883,2026-02-04 18:58:21.788,-4095.093,60.0341796875,0
2026-02-04 18:58:20.000,2026-02-04 18:58:30.000,2108,2026-02-04 18:58:25.883,2026-02-04 18:58:21.795,-4087.580,60.03517532348633,0
2026-02-04 18:58:20.000,2026-02-04 18:58:30.000,2423,2026-02-04 18:58:25.800,2026-02-04 18:58:21.797,-4002.253,50.020477294921875,0
2026-02-04 18:58:20.000,2026-02-04 18:58:30.000,477,2026-02-04 18:58:25.900,2026-02-04 18:58:21.804,-4095.649,60.03413772583008,0
2026-02-04 18:58:20.000,2026-02-04 18:58:30.000,2108,2026-02-04 18:58:25.900,2026-02-04 18:58:21.812,-4087.144,60.03978729248047,0
2026-02-04 18:58:20.000,2026-02-04 18:58:30.000,2423,2026-02-04 18:58:25.820,2026-02-04 18:58:21.817,-4002.137,50.02035903930664,0
2026-02-04 18:58:20.000,2026-02-04 18:58:30.000,477,2026-02-04 18:58:25.916,2026-02-04 18:58:21.820,-4095.801,60.033973693847656,0
2026-02-04 18:58:20.000,2026-02-04 18:58:30.000,2108,2026-02-04 18:58:25.916,2026-02-04 18:58:21.828,-4087.698,60.03554916381836,0
2026-02-04 18:58:20.000,2026-02-04 18:58:30.000,2423,2026-02-04 18:58:25.840,2026-02-04 18:58:21.838,-4001.905,50.02159118652344,0
2026-02-04 18:58:20.000,2026-02-04 18:58:30.000,477,2026-02-04 18:58:25.933,2026-02-04 18:58:21.838,-4095.241,60.03404998779297,0
2026-02-04 18:58:20.000,2026-02-04 18:58:30.000,2108,2026-02-04 18:58:25.933,2026-02-04 18:58:21.846,-4087.133,60.02866744995117,0
2026-02-04 18:58:20.000,2026-02-04 18:58:30.000,477,2026-02-04 18:58:25.950,2026-02-04 18:58:21.854,-4095.289,60.0340576171875,0
2026-02-04 18:58:20.000,2026-02-04 18:58:30.000,2423,2026-02-04 18:58:25.859,2026-02-04 18:58:21.857,-4002.280,50.0205078125,0
2026-02-04 18:58:20.000,2026-02-04 18:58:30.000,2108,2026-02-04 18:58:25.950,2026-02-04 18:58:21.861,-4088.289,60.030086517333984,0
2026-02-04 18:58:20.000,2026-02-04 18:58:30.000,477,2026-02-04 18:58:25.966,2026-02-04 18:58:21.871,-4095.451,60.0334358215332,0
2026-02-04 18:58:20.000,2026-02-04 18:58:30.000,2423,2026-02-04 18:58:25.880,2026-02-04 18:58:21.878,-4001.759,50.01906204223633,0
2026-02-04 18:58:20.000,2026-02-04 18:58:30.000,2108,2026-02-04 18:58:25.966,2026-02-04 18:58:21.879,-4087.430,60.03504943847656,0
2026-02-04 18:58:20.000,2026-02-04 18:58:30.000,477,2026-02-04 18:58:25.983,2026-02-04 18:58:21.887,-4095.520,60.03319549560547,0
2026-02-04 18:58:20.000,2026-02-04 18:58:30.000,2108,2026-02-04 18:58:25.983,2026-02-04 18:58:21.895,-4088.139,60.03594207763672,0
2026-02-04 18:58:20.000,2026-02-04 18:58:30.000,2423,2026-02-04 18:58:25.900,2026-02-04 18:58:21.897,-4002.308,50.021183013916016,0
2026-02-04 18:58:20.000,2026-02-04 18:58:30.000,477,2026-02-04 18:58:26.000,2026-02-04 18:58:21.904,-4095.781,60.03374099731445,0
2026-02-04 18:58:20.000,2026-02-04 18:58:30.000,2108,2026-02-04 18:58:26.000,2026-02-04 18:58:21.912,-4087.782,60.035736083984375,0
2026-02-04 18:58:20.000,2026-02-04 18:58:30.000,2423,2026-02-04 18:58:25.920,2026-02-04 18:58:21.918,-4001.694,50.0223274230957,0
2026-02-04 18:58:20.000,2026-02-04 18:58:30.000,477,2026-02-04 18:58:26.016,2026-02-04 18:58:21.921,-4095.357,60.03373336791992,0
2026-02-04 18:58:20.000,2026-02-04 18:58:30.000,2108,2026-02-04 18:58:26.016,2026-02-04 18:58:21.928,-4087.845,60.03504180908203,0
2026-02-04 18:58:20.000,2026-02-04 18:58:30.000,2423,2026-02-04 18:58:25.939,2026-02-04 18:58:21.939,-4000.930,50.02059555053711,0
2026-02-04 18:58:20.000,2026-02-04 18:58:30.000,2108,2026-02-04 18:58:26.033,2026-02-04 18:58:21.946,-4087.170,60.03495788574219,0
2026-02-04 18:58:20.000,2026-02-04 18:58:30.000,2423,2026-02-04 18:58:25.960,2026-02-04 18:58:21.958,-4001.505,50.02058410644531,0
2026-02-04 18:58:20.000,2026-02-04 18:58:30.000,2108,2026-02-04 18:58:26.050,2026-02-04 18:58:21.961,-4088.507,60.03505325317383,0
2026-02-04 18:58:20.000,2026-02-04 18:58:30.000,477,2026-02-04 18:58:26.033,2026-02-04 18:58:21.964,-4069.319,60.033382415771484,0
2026-02-04 18:58:20.000,2026-02-04 18:58:30.000,477,2026-02-04 18:58:26.050,2026-02-04 18:58:21.964,-4085.991,60.03342056274414,0
2026-02-04 18:58:20.000,2026-02-04 18:58:30.000,477,2026-02-04 18:58:26.066,2026-02-04 18:58:21.971,-4095.654,60.03362274169922,0
2026-02-04 18:58:20.000,2026-02-04 18:58:30.000,2423,2026-02-04 18:58:25.980,2026-02-04 18:58:21.978,-4001.945,50.022254943847656,0
2026-02-04 18:58:20.000,2026-02-04 18:58:30.000,2108,2026-02-04 18:58:26.066,2026-02-04 18:58:21.979,-4087.601,60.03432846069336,0
2026-02-04 18:58:20.000,2026-02-04 18:58:30.000,477,2026-02-04 18:58:26.083,2026-02-04 18:58:21.988,-4095.196,60.033935546875,0
2026-02-04 18:58:20.000,2026-02-04 18:58:30.000,2108,2026-02-04 18:58:26.083,2026-02-04 18:58:21.996,-4087.157,60.03394317626953,0
2026-02-04 18:58:20.000,2026-02-04 18:58:30.000,2423,2026-02-04 18:58:26.000,2026-02-04 18:58:21.997,-4002.324,50.02235412597656,0
2026-02-04 18:58:20.000,2026-02-04 18:58:30.000,477,2026-02-04 18:58:26.099,2026-02-04 18:58:22.004,-4095.801,60.03386688232422,0
2026-02-04 18:58:20.000,2026-02-04 18:58:30.000,2108,2026-02-04 18:58:26.099,2026-02-04 18:58:22.012,-4087.795,60.032691955566406,0
2026-02-04 18:58:20.000,2026-02-04 18:58:30.000,2423,2026-02-04 18:58:26.019,2026-02-04 18:58:22.018,-4001.756,50.01901626586914,0
2026-02-04 18:58:20.000,2026-02-04 18:58:30.000,477,2026-02-04 18:58:26.116,2026-02-04 18:58:22.021,-4095.437,60.033199310302734,0
2026-02-04 18:58:20.000,2026-02-04 18:58:30.000,2108,2026-02-04 18:58:26.116,2026-02-04 18:58:22.028,-4087.926,60.03086853027344,0
2026-02-04 18:58:20.000,2026-02-04 18:58:30.000,477,2026-02-04 18:58:26.133,2026-02-04 18:58:22.038,-4095.154,60.0328369140625,0
2026-02-04 18:58:20.000,2026-02-04 18:58:30.000,2423,2026-02-04 18:58:26.040,2026-02-04 18:58:22.038,-4001.818,50.01780700683594,0
2026-02-04 18:58:20.000,2026-02-04 18:58:30.000,2108,2026-02-04 18:58:26.133,2026-02-04 18:58:22.045,-4087.639,60.03144836425781,0
2026-02-04 18:58:20.000,2026-02-04 18:58:30.000,477,2026-02-04 18:58:26.150,2026-02-04 18:58:22.055,-4094.271,60.0333366394043,0
2026-02-04 18:58:20.000,2026-02-04 18:58:30.000,2423,2026-02-04 18:58:26.060,2026-02-04 18:58:22.058,-4001.280,50.02168273925781,0
2026-02-04 18:58:20.000,2026-02-04 18:58:30.000,2108,2026-02-04 18:58:26.150,2026-02-04 18:58:22.061,-4088.767,60.03287124633789,0
2026-02-04 18:58:20.000,2026-02-04 18:58:30.000,477,2026-02-04 18:58:26.166,2026-02-04 18:58:22.071,-4095.378,60.03400802612305,0
2026-02-04 18:58:20.000,2026-02-04 18:58:30.000,2423,2026-02-04 18:58:26.080,2026-02-04 18:58:22.077,-4002.196,50.02333450317383,0
2026-02-04 18:58:20.000,2026-02-04 18:58:30.000,2108,2026-02-04 18:58:26.166,2026-02-04 18:58:22.078,-4087.865,60.03211975097656,0
2026-02-04 18:58:20.000,2026-02-04 18:58:30.000,477,2026-02-04 18:58:26.183,2026-02-04 18:58:22.088,-4094.848,60.034366607666016,0
2026-02-04 18:58:20.000,2026-02-04 18:58:30.000,2108,2026-02-04 18:58:26.183,2026-02-04 18:58:22.095,-4087.796,60.034297943115234,0
2026-02-04 18:58:20.000,2026-02-04 18:58:30.000,2423,2026-02-04 18:58:26.099,2026-02-04 18:58:22.097,-4002.446,50.02096939086914,0
2026-02-04 18:58:20.000,2026-02-04 18:58:30.000,477,2026-02-04 18:58:26.200,2026-02-04 18:58:22.105,-4094.830,60.03388977050781,0
2026-02-04 18:58:20.000,2026-02-04 18:58:30.000,2108,2026-02-04 18:58:26.200,2026-02-04 18:58:22.113,-4086.829,60.03831481933594,0
2026-02-04 18:58:20.000,2026-02-04 18:58:30.000,2423,2026-02-04 18:58:26.120,2026-02-04 18:58:22.118,-4001.776,50.020240783691406,0
2026-02-04 18:58:20.000,2026-02-04 18:58:30.000,477,2026-02-04 18:58:26.216,2026-02-04 18:58:22.121,-4095.443,60.033058166503906,0
2026-02-04 18:58:20.000,2026-02-04 18:58:30.000,2108,2026-02-04 18:58:26.216,2026-02-04 18:58:22.128,-4087.934,60.03759765625,0
2026-02-04 18:58:20.000,2026-02-04 18:58:30.000,2423,2026-02-04 18:58:26.140,2026-02-04 18:58:22.137,-4002.023,50.02193832397461,0
2026-02-04 18:58:20.000,2026-02-04 18:58:30.000,477,2026-02-04 18:58:26.233,2026-02-04 18:58:22.137,-4095.343,60.03327941894531,0
2026-02-04 18:58:20.000,2026-02-04 18:58:30.000,2108,2026-02-04 18:58:26.233,2026-02-04 18:58:22.145,-4088.034,60.03363037109375,0
2026-02-04 18:58:20.000,2026-02-04 18:58:30.000,477,2026-02-04 18:58:26.250,2026-02-04 18:58:22.154,-4095.194,60.03378677368164,0
2026-02-04 18:58:20.000,2026-02-04 18:58:30.000,2423,2026-02-04 18:58:26.160,2026-02-04 18:58:22.157,-4002.194,50.02164840698242,0
2026-02-04 18:58:20.000,2026-02-04 18:58:30.000,2108,2026-02-04 18:58:26.250,2026-02-04 18:58:22.161,-4088.191,60.03084182739258,0
2026-02-04 18:58:20.000,2026-02-04 18:58:30.000,477,2026-02-04 18:58:26.266,2026-02-04 18:58:22.171,-4095.341,60.033748626708984,0
2026-02-04 18:58:20.000,2026-02-04 18:58:30.000,2423,2026-02-04 18:58:26.179,2026-02-04 18:58:22.177,-4002.159,50.019187927246094,0
2026-02-04 18:58:20.000,2026-02-04 18:58:30.000,2108,2026-02-04 18:58:26.266,2026-02-04 18:58:22.178,-4087.830,60.0302734375,0
2026-02-04 18:58:20.000,2026-02-04 18:58:30.000,477,2026-02-04 18:58:26.283,2026-02-04 18:58:22.187,-4095.419,60.033851623535156,0
2026-02-04 18:58:20.000,2026-02-04 18:58:30.000,2108,2026-02-04 18:58:26.283,2026-02-04 18:58:22.195,-4087.911,60.033206939697266,0
2026-02-04 18:58:20.000,2026-02-04 18:58:30.000,2423,2026-02-04 18:58:26.200,2026-02-04 18:58:22.197,-4002.582,50.019474029541016,0
2026-02-04 18:58:20.000,2026-02-04 18:58:30.000,477,2026-02-04 18:58:26.300,2026-02-04 18:58:22.204,-4095.014,60.03406524658203,0
2026-02-04 18:58:20.000,2026-02-04 18:58:30.000,2108,2026-02-04 18:58:26.300,2026-02-04 18:58:22.211,-4088.014,60.03681945800781,0
2026-02-04 18:58:20.000,2026-02-04 18:58:30.000,2423,2026-02-04 18:58:26.220,2026-02-04 18:58:22.218,-4001.521,50.022396087646484,0
2026-02-04 18:58:20.000,2026-02-04 18:58:30.000,477,2026-02-04 18:58:26.316,2026-02-04 18:58:22.222,-4093.675,60.03387451171875,0
2026-02-04 18:58:20.000,2026-02-04 18:58:30.000,2108,2026-02-04 18:58:26.316,2026-02-04 18:58:22.230,-4086.668,60.03248977661133,0
2026-02-04 18:58:20.000,2026-02-04 18:58:30.000,2423,2026-02-04 18:58:26.240,2026-02-04 18:58:22.238,-4001.834,50.02303695678711,0
2026-02-04 18:58:20.000,2026-02-04 18:58:30.000,477,2026-02-04 18:58:26.333,2026-02-04 18:58:22.238,-4095.170,60.03337097167969,0
2026-02-04 18:58:20.000,2026-02-04 18:58:30.000,2108,2026-02-04 18:58:26.333,2026-02-04 18:58:22.249,-4084.241,60.02619552612305,0
2026-02-04 18:58:20.000,2026-02-04 18:58:30.000,477,2026-02-04 18:58:26.350,2026-02-04 18:58:22.254,-4095.062,60.03322219848633,0
2026-02-04 18:58:20.000,2026-02-04 18:58:30.000,2423,2026-02-04 18:58:26.259,2026-02-04 18:58:22.258,-4001.885,50.02223205566406,0
2026-02-04 18:58:20.000,2026-02-04 18:58:30.000,2108,2026-02-04 18:58:26.350,2026-02-04 18:58:22.262,-4087.676,60.02992630004883,0
2026-02-04 18:58:20.000,2026-02-04 18:58:30.000,477,2026-02-04 18:58:26.366,2026-02-04 18:58:22.278,-4088.459,60.03367233276367,0
2026-02-04 18:58:20.000,2026-02-04 18:58:30.000,2423,2026-02-04 18:58:26.280,2026-02-04 18:58:22.289,-3990.063,50.02149200439453,0
2026-02-04 18:58:20.000,2026-02-04 18:58:30.000,2108,2026-02-04 18:58:26.366,2026-02-04 18:58:22.289,-4076.735,60.03693389892578,0
2026-02-04 18:58:20.000,2026-02-04 18:58:30.000,477,2026-02-04 18:58:26.383,2026-02-04 18:58:22.289,-4093.399,60.03415298461914,0
2026-02-04 18:58:20.000,2026-02-04 18:58:30.000,2108,2026-02-04 18:58:26.383,2026-02-04 18:58:22.295,-4087.368,60.03751754760742,0
2026-02-04 18:58:20.000,2026-02-04 18:58:30.000,2423,2026-02-04 18:58:26.300,2026-02-04 18:58:22.298,-4001.954,50.019309997558594,0
2026-02-04 18:58:20.000,2026-02-04 18:58:30.000,477,2026-02-04 18:58:26.400,2026-02-04 18:58:22.304,-4095.428,60.0335578918457,0
2026-02-04 18:58:20.000,2026-02-04 18:58:30.000,2108,2026-02-04 18:58:26.400,2026-02-04 18:58:22.313,-4086.916,60.033145904541016,0
2026-02-04 18:58:20.000,2026-02-04 18:58:30.000,2423,2026-02-04 18:58:26.320,2026-02-04 18:58:22.318,-4001.908,50.01944351196289,0
2026-02-04 18:58:20.000,2026-02-04 18:58:30.000,477,2026-02-04 18:58:26.416,2026-02-04 18:58:22.321,-4095.574,60.03302764892578,0
2026-02-04 18:58:20.000,2026-02-04 18:58:30.000,2108,2026-02-04 18:58:26.416,2026-02-04 18:58:22.329,-4087.391,60.033042907714844,0
2026-02-04 18:58:20.000,2026-02-04 18:58:30.000,2423,2026-02-04 18:58:26.339,2026-02-04 18:58:22.349,-3990.676,50.022361755371094,0
2026-02-04 18:58:20.000,2026-02-04 18:58:30.000,477,2026-02-04 18:58:26.433,2026-02-04 18:58:22.349,-4084.012,60.03347396850586,0
2026-02-04 18:58:20.000,2026-02-04 18:58:30.000,2108,2026-02-04 18:58:26.433,2026-02-04 18:58:22.350,-4083.011,60.036766052246094,0
2026-02-04 18:58:20.000,2026-02-04 18:58:30.000,477,2026-02-04 18:58:26.450,2026-02-04 18:58:22.364,-4085.647,60.03395462036133,0
2026-02-04 18:58:20.000,2026-02-04 18:58:30.000,2423,2026-02-04 18:58:26.360,2026-02-04 18:58:22.366,-3993.640,50.02219772338867,0
2026-02-04 18:58:20.000,2026-02-04 18:58:30.000,2108,2026-02-04 18:58:26.450,2026-02-04 18:58:22.367,-4082.641,60.03340530395508,0
2026-02-04 18:58:20.000,2026-02-04 18:58:30.000,477,2026-02-04 18:58:26.466,2026-02-04 18:58:22.371,-4095.305,60.0333251953125,0
2026-02-04 18:58:20.000,2026-02-04 18:58:30.000,2423,2026-02-04 18:58:26.380,2026-02-04 18:58:22.380,-3999.048,50.02167510986328,0
2026-02-04 18:58:20.000,2026-02-04 18:58:30.000,2108,2026-02-04 18:58:26.466,2026-02-04 18:58:22.380,-4085.704,60.02754211425781,0
2026-02-04 18:58:20.000,2026-02-04 18:58:30.000,477,2026-02-04 18:58:26.483,2026-02-04 18:58:22.388,-4094.844,60.03268814086914,0
2026-02-04 18:58:20.000,2026-02-04 18:58:30.000,2108,2026-02-04 18:58:26.483,2026-02-04 18:58:22.395,-4087.333,60.030330657958984,0
2026-02-04 18:58:20.000,2026-02-04 18:58:30.000,2423,2026-02-04 18:58:26.400,2026-02-04 18:58:22.398,-4001.487,50.02280807495117,0
2026-02-04 18:58:20.000,2026-02-04 18:58:30.000,2108,2026-02-04 18:58:26.499,2026-02-04 18:58:22.411,-4088.387,60.0357780456543,0
2026-02-04 18:58:20.000,2026-02-04 18:58:30.000,2423,2026-02-04 18:58:26.419,2026-02-04 18:58:22.418,-4001.868,50.02133560180664,0
2026-02-04 18:58:20.000,2026-02-04 18:58:30.000,2108,2026-02-04 18:58:26.516,2026-02-04 18:58:22.438,-4077.821,60.03593444824219,0
2026-02-04 18:58:20.000,2026-02-04 18:58:30.000,477,2026-02-04 18:58:26.499,2026-02-04 18:58:22.438,-4061.141,60.03302764892578,0
2026-02-04 18:58:20.000,2026-02-04 18:58:30.000,477,2026-02-04 18:58:26.516,2026-02-04 18:58:22.439,-4076.814,60.03305435180664,0
2026-02-04 18:58:20.000,2026-02-04 18:58:30.000,477,2026-02-04 18:58:26.533,2026-02-04 18:58:22.439,-4093.478,60.03294372558594,0
2026-02-04 18:58:20.000,2026-02-04 18:58:30.000,2423,2026-02-04 18:58:26.440,2026-02-04 18:58:22.440,-3999.142,50.0197639465332,0
2026-02-04 18:58:20.000,2026-02-04 18:58:30.000,2108,2026-02-04 18:58:26.533,2026-02-04 18:58:22.445,-4087.458,60.032318115234375,0
2026-02-04 18:58:20.000,2026-02-04 18:58:30.000,477,2026-02-04 18:58:26.550,2026-02-04 18:58:22.455,-4094.605,60.03300476074219,0
2026-02-04 18:58:20.000,2026-02-04 18:58:30.000,2423,2026-02-04 18:58:26.460,2026-02-04 18:58:22.458,-4001.615,50.02235794067383,0
2026-02-04 18:58:20.000,2026-02-04 18:58:30.000,2108,2026-02-04 18:58:26.550,2026-02-04 18:58:22.461,-4088.609,60.028594970703125,0
2026-02-04 18:58:20.000,2026-02-04 18:58:30.000,477,2026-02-04 18:58:26.566,2026-02-04 18:58:22.470,-4095.770,60.03313064575195,0
2026-02-04 18:58:20.000,2026-02-04 18:58:30.000,2423,2026-02-04 18:58:26.480,2026-02-04 18:58:22.477,-4002.050,50.023475646972656,0
2026-02-04 18:58:20.000,2026-02-04 18:58:30.000,2108,2026-02-04 18:58:26.566,2026-02-04 18:58:22.478,-4087.722,60.03086853027344,0
2026-02-04 18:58:20.000,2026-02-04 18:58:30.000,477,2026-02-04 18:58:26.583,2026-02-04 18:58:22.488,-4094.878,60.03358840942383,0
2026-02-04 18:58:20.000,2026-02-04 18:58:30.000,2108,2026-02-04 18:58:26.583,2026-02-04 18:58:22.495,-4087.369,60.036216735839844,0
2026-02-04 18:58:20.000,2026-02-04 18:58:30.000,2423,2026-02-04 18:58:26.499,2026-02-04 18:58:22.498,-4001.510,50.02062225341797,0
2026-02-04 18:58:20.000,2026-02-04 18:58:30.000,477,2026-02-04 18:58:26.600,2026-02-04 18:58:22.504,-4095.502,60.03401184082031,0
2026-02-04 18:58:20.000,2026-02-04 18:58:30.000,2108,2026-02-04 18:58:26.600,2026-02-04 18:58:22.511,-4088.502,60.03545379638672,0
2026-02-04 18:58:20.000,2026-02-04 18:58:30.000,2423,2026-02-04 18:58:26.520,2026-02-04 18:58:22.525,-3994.898,50.02104568481445,0
2026-02-04 18:58:20.000,2026-02-04 18:58:30.000,477,2026-02-04 18:58:26.616,2026-02-04 18:58:22.525,-4091.562,60.03349304199219,0
2026-02-04 18:58:20.000,2026-02-04 18:58:30.000,2108,2026-02-04 18:58:26.616,2026-02-04 18:58:22.529,-4087.569,60.030548095703125,0
2026-02-04 18:58:20.000,2026-02-04 18:58:30.000,477,2026-02-04 18:58:26.633,2026-02-04 18:58:22.538,-4095.167,60.03276443481445,0
2026-02-04 18:58:20.000,2026-02-04 18:58:30.000,2423,2026-02-04 18:58:26.540,2026-02-04 18:58:22.539,-4000.844,50.02249526977539,0
2026-02-04 18:58:20.000,2026-02-04 18:58:30.000,2108,2026-02-04 18:58:26.633,2026-02-04 18:58:22.546,-4087.114,60.02882766723633,0
2026-02-04 18:58:20.000,2026-02-04 18:58:30.000,477,2026-02-04 18:58:26.650,2026-02-04 18:58:22.555,-4094.760,60.03255081176758,0
2026-02-04 18:58:20.000,2026-02-04 18:58:30.000,2423,2026-02-04 18:58:26.560,2026-02-04 18:58:22.558,-4001.637,50.020904541015625,0
2026-02-04 18:58:20.000,2026-02-04 18:58:30.000,2108,2026-02-04 18:58:26.650,2026-02-04 18:58:22.561,-4088.101,60.03182601928711,0
2026-02-04 18:58:20.000,2026-02-04 18:58:30.000,477,2026-02-04 18:58:26.666,2026-02-04 18:58:22.571,-4095.249,60.032440185546875,0
2026-02-04 18:58:20.000,2026-02-04 18:58:30.000,2423,2026-02-04 18:58:26.579,2026-02-04 18:58:22.577,-4002.062,50.02017593383789,0
2026-02-04 18:58:20.000,2026-02-04 18:58:30.000,2108,2026-02-04 18:58:26.666,2026-02-04 18:58:22.578,-4087.733,60.0362663269043,0
2026-02-04 18:58:20.000,2026-02-04 18:58:30.000,477,2026-02-04 18:58:26.683,2026-02-04 18:58:22.587,-4095.372,60.03293228149414,0
2026-02-04 18:58:20.000,2026-02-04 18:58:30.000,2108,2026-02-04 18:58:26.683,2026-02-04 18:58:22.595,-4087.859,60.038795471191406,0
2026-02-04 18:58:20.000,2026-02-04 18:58:30.000,2423,2026-02-04 18:58:26.600,2026-02-04 18:58:22.598,-4001.018,50.022891998291016,0
2026-02-04 18:58:20.000,2026-02-04 18:58:30.000,477,2026-02-04 18:58:26.700,2026-02-04 18:58:22.604,-4095.517,60.03329086303711,0
2026-02-04 18:58:20.000,2026-02-04 18:58:30.000,2108,2026-02-04 18:58:26.700,2026-02-04 18:58:22.611,-4088.518,60.03375244140625,0
2026-02-04 18:58:20.000,2026-02-04 18:58:30.000,2423,2026-02-04 18:58:26.620,2026-02-04 18:58:22.618,-4002.007,50.02488327026367,0
2026-02-04 18:58:20.000,2026-02-04 18:58:30.000,477,2026-02-04 18:58:26.716,2026-02-04 18:58:22.622,-4094.671,60.03274154663086,0
2026-02-04 18:58:20.000,2026-02-04 18:58:30.000,2108,2026-02-04 18:58:26.716,2026-02-04 18:58:22.629,-4087.161,60.026885986328125,0
2026-02-04 18:58:20.000,2026-02-04 18:58:30.000,2423,2026-02-04 18:58:26.640,2026-02-04 18:58:22.638,-4001.976,50.02268600463867,0
2026-02-04 18:58:20.000,2026-02-04 18:58:30.000,2108,2026-02-04 18:58:26.733,2026-02-04 18:58:22.645,-4087.946,60.02920150756836,0
2026-02-04 18:58:20.000,2026-02-04 18:58:30.000,2423,2026-02-04 18:58:26.659,2026-02-04 18:58:22.659,-4000.509,50.02110290527344,0
2026-02-04 18:58:20.000,2026-02-04 18:58:30.000,2108,2026-02-04 18:58:26.750,2026-02-04 18:58:22.661,-4088.520,60.0341796875,0
2026-02-04 18:58:20.000,2026-02-04 18:58:30.000,477,2026-02-04 18:58:26.733,2026-02-04 18:58:22.662,-4070.350,60.032257080078125,0
2026-02-04 18:58:20.000,2026-02-04 18:58:30.000,477,2026-02-04 18:58:26.750,2026-02-04 18:58:22.663,-4086.007,60.03261184692383,0
2026-02-04 18:58:20.000,2026-02-04 18:58:30.000,477,2026-02-04 18:58:26.766,2026-02-04 18:58:22.671,-4095.672,60.03324890136719,0
2026-02-04 18:58:20.000,2026-02-04 18:58:30.000,2423,2026-02-04 18:58:26.680,2026-02-04 18:58:22.678,-4001.971,50.02143478393555,0
2026-02-04 18:58:20.000,2026-02-04 18:58:30.000,2108,2026-02-04 18:58:26.766,2026-02-04 18:58:22.679,-4087.643,60.03537368774414,0
2026-02-04 18:58:20.000,2026-02-04 18:58:30.000,477,2026-02-04 18:58:26.783,2026-02-04 18:58:22.687,-4095.726,60.03354263305664,0
2026-02-04 18:58:20.000,2026-02-04 18:58:30.000,2108,2026-02-04 18:58:26.783,2026-02-04 18:58:22.696,-4087.215,60.03376388549805,0
2026-02-04 18:58:20.000,2026-02-04 18:58:30.000,2423,2026-02-04 18:58:26.700,2026-02-04 18:58:22.697,-4002.381,50.02123260498047,0
2026-02-04 18:58:20.000,2026-02-04 18:58:30.000,477,2026-02-04 18:58:26.800,2026-02-04 18:58:22.704,-4095.854,60.033592224121094,0
2026-02-04 18:58:20.000,2026-02-04 18:58:30.000,2108,2026-02-04 18:58:26.800,2026-02-04 18:58:22.712,-4087.852,60.03430938720703,0
2026-02-04 18:58:20.000,2026-02-04 18:58:30.000,2423,2026-02-04 18:58:26.720,2026-02-04 18:58:22.718,-4001.820,50.022193908691406,0
2026-02-04 18:58:20.000,2026-02-04 18:58:30.000,477,2026-02-04 18:58:26.816,2026-02-04 18:58:22.721,-4095.486,60.03329086303711,0
2026-02-04 18:58:20.000,2026-02-04 18:58:30.000,2108,2026-02-04 18:58:26.816,2026-02-04 18:58:22.729,-4087.361,60.03717803955078,0
2026-02-04 18:58:20.000,2026-02-04 18:58:30.000,2423,2026-02-04 18:58:26.739,2026-02-04 18:58:22.737,-4002.175,50.02445983886719,0
2026-02-04 18:58:20.000,2026-02-04 18:58:30.000,477,2026-02-04 18:58:26.833,2026-02-04 18:58:22.737,-4095.511,60.0326042175293,0
2026-02-04 18:58:20.000,2026-02-04 18:58:30.000,2108,2026-02-04 18:58:26.833,2026-02-04 18:58:22.745,-4087.435,60.03572082519531,0
2026-02-04 18:58:20.000,2026-02-04 18:58:30.000,477,2026-02-04 18:58:26.850,2026-02-04 18:58:22.754,-4095.599,60.032127380371094,0
2026-02-04 18:58:20.000,2026-02-04 18:58:30.000,2423,2026-02-04 18:58:26.760,2026-02-04 18:58:22.758,-4001.598,50.02425003051758,0
2026-02-04 18:58:20.000,2026-02-04 18:58:30.000,2108,2026-02-04 18:58:26.850,2026-02-04 18:58:22.762,-4087.092,60.03044128417969,0
2026-02-04 18:58:20.000,2026-02-04 18:58:30.000,477,2026-02-04 18:58:26.866,2026-02-04 18:58:22.770,-4095.750,60.03156280517578,0
2026-02-04 18:58:20.000,2026-02-04 18:58:30.000,2423,2026-02-04 18:58:26.780,2026-02-04 18:58:22.779,-4000.906,50.022640228271484,0
2026-02-04 18:58:20.000,2026-02-04 18:58:30.000,2108,2026-02-04 18:58:26.866,2026-02-04 18:58:22.780,-4086.565,60.02503204345703,0
2026-02-04 18:58:20.000,2026-02-04 18:58:30.000,477,2026-02-04 18:58:26.883,2026-02-04 18:58:22.788,-4095.163,60.03108215332031,0
2026-02-04 18:58:20.000,2026-02-04 18:58:30.000,2108,2026-02-04 18:58:26.883,2026-02-04 18:58:22.795,-4088.056,60.02793884277344,0
2026-02-04 18:58:20.000,2026-02-04 18:58:30.000,2423,2026-02-04 18:58:26.800,2026-02-04 18:58:22.797,-4002.223,50.02137756347656,0
2026-02-04 18:58:20.000,2026-02-04 18:58:30.000,477,2026-02-04 18:58:26.899,2026-02-04 18:58:22.804,-4095.096,60.031368255615234,0
2026-02-04 18:58:20.000,2026-02-04 18:58:30.000,2108,2026-02-04 18:58:26.899,2026-02-04 18:58:22.812,-4087.583,60.03679656982422,0
2026-02-04 18:58:20.000,2026-02-04 18:58:30.000,2423,2026-02-04 18:58:26.819,2026-02-04 18:58:22.817,-4002.073,50.01975631713867,0
2026-02-04 18:58:20.000,2026-02-04 18:58:30.000,477,2026-02-04 18:58:26.916,2026-02-04 18:58:22.821,-4094.746,60.031822204589844,0
2026-02-04 18:58:20.000,2026-02-04 18:58:30.000,2108,2026-02-04 18:58:26.916,2026-02-04 18:58:22.829,-4087.240,60.03763961791992,0
2026-02-04 18:58:20.000,2026-02-04 18:58:30.000,477,2026-02-04 18:58:26.933,2026-02-04 18:58:22.837,-4095.388,60.032142639160156,0
2026-02-04 18:58:20.000,2026-02-04 18:58:30.000,2423,2026-02-04 18:58:26.840,2026-02-04 18:58:22.837,-4002.052,50.02081298828125,0
2026-02-04 18:58:20.000,2026-02-04 18:58:30.000,2108,2026-02-04 18:58:26.933,2026-02-04 18:58:22.846,-4087.322,60.032073974609375,0
2026-02-04 18:58:20.000,2026-02-04 18:58:30.000,2423,2026-02-04 18:58:26.860,2026-02-04 18:58:22.858,-4001.590,50.024017333984375,0
2026-02-04 18:58:20.000,2026-02-04 18:58:30.000,2108,2026-02-04 18:58:26.950,2026-02-04 18:58:22.861,-4088.583,60.0302848815918,0
2026-02-04 18:58:20.000,2026-02-04 18:58:30.000,477,2026-02-04 18:58:26.950,2026-02-04 18:58:22.875,-4074.923,60.03256607055664,0
2026-02-04 18:58:20.000,2026-02-04 18:58:30.000,477,2026-02-04 18:58:26.966,2026-02-04 18:58:22.876,-4090.285,60.03276824951172,0
2026-02-04 18:58:20.000,2026-02-04 18:58:30.000,2423,2026-02-04 18:58:26.880,2026-02-04 18:58:22.878,-4001.614,50.024436950683594,0
2026-02-04 18:58:20.000,2026-02-04 18:58:30.000,2108,2026-02-04 18:58:26.966,2026-02-04 18:58:22.879,-4087.281,60.03133773803711,0
2026-02-04 18:58:20.000,2026-02-04 18:58:30.000,477,2026-02-04 18:58:26.983,2026-02-04 18:58:22.887,-4095.885,60.03306579589844,0
2026-02-04 18:58:20.000,2026-02-04 18:58:30.000,2108,2026-02-04 18:58:26.983,2026-02-04 18:58:22.895,-4087.374,60.033451080322266,0
2026-02-04 18:58:20.000,2026-02-04 18:58:30.000,2423,2026-02-04 18:58:26.899,2026-02-04 18:58:22.897,-4002.028,50.02313995361328,0
2026-02-04 18:58:20.000,2026-02-04 18:58:30.000,477,2026-02-04 18:58:27.000,2026-02-04 18:58:22.904,-4095.073,60.03305435180664,0
2026-02-04 18:58:20.000,2026-02-04 18:58:30.000,2108,2026-02-04 18:58:27.000,2026-02-04 18:58:22.911,-4088.072,60.0365104675293,0
2026-02-04 18:58:20.000,2026-02-04 18:58:30.000,2423,2026-02-04 18:58:26.920,2026-02-04 18:58:22.918,-4001.939,50.022369384765625,0
2026-02-04 18:58:20.000,2026-02-04 18:58:30.000,477,2026-02-04 18:58:27.016,2026-02-04 18:58:22.921,-4095.608,60.032413482666016,0
2026-02-04 18:58:20.000,2026-02-04 18:58:30.000,2108,2026-02-04 18:58:27.016,2026-02-04 18:58:22.929,-4087.557,60.03341293334961,0
2026-02-04 18:58:20.000,2026-02-04 18:58:30.000,477,2026-02-04 18:58:27.033,2026-02-04 18:58:22.938,-4095.065,60.032188415527344,0
2026-02-04 18:58:20.000,2026-02-04 18:58:30.000,2423,2026-02-04 18:58:26.940,2026-02-04 18:58:22.938,-4001.745,50.021244049072266,0
2026-02-04 18:58:20.000,2026-02-04 18:58:30.000,2108,2026-02-04 18:58:27.033,2026-02-04 18:58:22.945,-4087.552,60.030250549316406,0
2026-02-04 18:58:20.000,2026-02-04 18:58:30.000,477,2026-02-04 18:58:27.050,2026-02-04 18:58:22.954,-4095.714,60.03211212158203,0
2026-02-04 18:58:20.000,2026-02-04 18:58:30.000,2423,2026-02-04 18:58:26.960,2026-02-04 18:58:22.958,-4001.712,50.02197265625,0
2026-02-04 18:58:20.000,2026-02-04 18:58:30.000,2108,2026-02-04 18:58:27.050,2026-02-04 18:58:22.962,-4087.205,60.033409118652344,0
2026-02-04 18:58:20.000,2026-02-04 18:58:30.000,477,2026-02-04 18:58:27.066,2026-02-04 18:58:22.971,-4094.861,60.03158187866211,0
2026-02-04 18:58:20.000,2026-02-04 18:58:30.000,2423,2026-02-04 18:58:26.979,2026-02-04 18:58:22.978,-4001.506,50.02379608154297,0
2026-02-04 18:58:20.000,2026-02-04 18:58:30.000,2108,2026-02-04 18:58:27.066,2026-02-04 18:58:22.978,-4088.178,60.033485412597656,0
2026-02-04 18:58:20.000,2026-02-04 18:58:30.000,477,2026-02-04 18:58:27.083,2026-02-04 18:58:22.988,-4095.326,60.032020568847656,0
2026-02-04 18:58:20.000,2026-02-04 18:58:30.000,2108,2026-02-04 18:58:27.083,2026-02-04 18:58:22.995,-4087.812,60.02902603149414,0
2026-02-04 18:58:20.000,2026-02-04 18:58:30.000,2423,2026-02-04 18:58:27.000,2026-02-04 18:58:22.998,-4001.977,50.02413558959961,0
2026-02-04 18:58:20.000,2026-02-04 18:58:30.000,477,2026-02-04 18:58:27.100,2026-02-04 18:58:23.005,-4094.949,60.03278350830078,0
2026-02-04 18:58:20.000,2026-02-04 18:58:30.000,2108,2026-02-04 18:58:27.100,2026-02-04 18:58:23.012,-4087.950,60.02707290649414,0
2026-02-04 18:58:20.000,2026-02-04 18:58:30.000,2423,2026-02-04 18:58:27.020,2026-02-04 18:58:23.017,-4002.439,50.02348709106445,0
2026-02-04 18:58:20.000,2026-02-04 18:58:30.000,477,2026-02-04 18:58:27.116,2026-02-04 18:58:23.021,-4095.104,60.031917572021484,0
2026-02-04 18:58:20.000,2026-02-04 18:58:30.000,2108,2026-02-04 18:58:27.116,2026-02-04 18:58:23.029,-4087.587,60.03143310546875,0
2026-02-04 18:58:20.000,2026-02-04 18:58:30.000,477,2026-02-04 18:58:27.133,2026-02-04 18:58:23.038,-4094.948,60.031166076660156,0
2026-02-04 18:58:20.000,2026-02-04 18:58:30.000,2423,2026-02-04 18:58:27.040,2026-02-04 18:58:23.038,-4001.612,50.0220832824707,0
2026-02-04 18:58:20.000,2026-02-04 18:58:30.000,2108,2026-02-04 18:58:27.133,2026-02-04 18:58:23.045,-4087.427,60.03617858886719,0
2026-02-04 18:58:20.000,2026-02-04 18:58:30.000,477,2026-02-04 18:58:27.150,2026-02-04 18:58:23.054,-4095.583,60.03126907348633,0
2026-02-04 18:58:20.000,2026-02-04 18:58:30.000,2423,2026-02-04 18:58:27.059,2026-02-04 18:58:23.058,-4001.572,50.02131271362305,0
2026-02-04 18:58:20.000,2026-02-04 18:58:30.000,2108,2026-02-04 18:58:27.150,2026-02-04 18:58:23.061,-4088.582,60.03557586669922,0
2026-02-04 18:58:20.000,2026-02-04 18:58:30.000,477,2026-02-04 18:58:27.166,2026-02-04 18:58:23.070,-4095.737,60.03191375732422,0
2026-02-04 18:58:20.000,2026-02-04 18:58:30.000,2423,2026-02-04 18:58:27.080,2026-02-04 18:58:23.078,-4001.553,50.02293014526367,0
2026-02-04 18:58:20.000,2026-02-04 18:58:30.000,2108,2026-02-04 18:58:27.166,2026-02-04 18:58:23.079,-4087.220,60.03290939331055,0
2026-02-04 18:58:20.000,2026-02-04 18:58:30.000,477,2026-02-04 18:58:27.183,2026-02-04 18:58:23.088,-4095.280,60.03254699707031,0
2026-02-04 18:58:20.000,2026-02-04 18:58:30.000,2108,2026-02-04 18:58:27.183,2026-02-04 18:58:23.096,-4087.239,60.03233337402344,0
2026-02-04 18:58:20.000,2026-02-04 18:58:30.000,2423,2026-02-04 18:58:27.100,2026-02-04 18:58:23.098,-4001.911,50.0252685546875,0
2026-02-04 18:58:20.000,2026-02-04 18:58:30.000,477,2026-02-04 18:58:27.200,2026-02-04 18:58:23.104,-4095.478,60.03238296508789,0
2026-02-04 18:58:20.000,2026-02-04 18:58:30.000,2108,2026-02-04 18:58:27.200,2026-02-04 18:58:23.111,-4088.479,60.0316276550293,0
2026-02-04 18:58:20.000,2026-02-04 18:58:30.000,2423,2026-02-04 18:58:27.120,2026-02-04 18:58:23.118,-4001.968,50.02428436279297,0
2026-02-04 18:58:20.000,2026-02-04 18:58:30.000,477,2026-02-04 18:58:27.216,2026-02-04 18:58:23.121,-4095.632,60.031829833984375,0
2026-02-04 18:58:20.000,2026-02-04 18:58:30.000,2108,2026-02-04 18:58:27.216,2026-02-04 18:58:23.129,-4087.118,60.02819061279297,0
2026-02-04 18:58:20.000,2026-02-04 18:58:30.000,2423,2026-02-04 18:58:27.139,2026-02-04 18:58:23.138,-4001.935,50.021202087402344,0
2026-02-04 18:58:20.000,2026-02-04 18:58:30.000,477,2026-02-04 18:58:27.233,2026-02-04 18:58:23.138,-4095.271,60.03177261352539,0
2026-02-04 18:58:20.000,2026-02-04 18:58:30.000,2108,2026-02-04 18:58:27.233,2026-02-04 18:58:23.145,-4087.915,60.02864456176758,0
2026-02-04 18:58:20.000,2026-02-04 18:58:30.000,477,2026-02-04 18:58:27.250,2026-02-04 18:58:23.154,-4095.078,60.031856536865234,0
2026-02-04 18:58:20.000,2026-02-04 18:58:30.000,2423,2026-02-04 18:58:27.160,2026-02-04 18:58:23.157,-4002.077,50.02111053466797,0
2026-02-04 18:58:20.000,2026-02-04 18:58:30.000,2108,2026-02-04 18:58:27.250,2026-02-04 18:58:23.161,-4088.078,60.03129577636719,0
2026-02-04 18:58:20.000,2026-02-04 18:58:30.000,477,2026-02-04 18:58:27.266,2026-02-04 18:58:23.171,-4095.230,60.03205490112305,0
2026-02-04 18:58:20.000,2026-02-04 18:58:30.000,2423,2026-02-04 18:58:27.180,2026-02-04 18:58:23.178,-4001.374,50.0231819152832,0
2026-02-04 18:58:20.000,2026-02-04 18:58:30.000,2108,2026-02-04 18:58:27.266,2026-02-04 18:58:23.178,-4088.031,60.03235626220703,0
2026-02-04 18:58:20.000,2026-02-04 18:58:30.000,477,2026-02-04 18:58:27.283,2026-02-04 18:58:23.188,-4095.181,60.032588958740234,0
2026-02-04 18:58:20.000,2026-02-04 18:58:30.000,2108,2026-02-04 18:58:27.283,2026-02-04 18:58:23.195,-4087.670,60.0347785949707,0
2026-02-04 18:58:20.000,2026-02-04 18:58:30.000,2423,2026-02-04 18:58:27.200,2026-02-04 18:58:23.198,-4001.835,50.02418518066406,0
2026-02-04 18:58:20.000,2026-02-04 18:58:30.000,477,2026-02-04 18:58:27.299,2026-02-04 18:58:23.204,-4095.312,60.03200149536133,0
2026-02-04 18:58:20.000,2026-02-04 18:58:30.000,2108,2026-02-04 18:58:27.299,2026-02-04 18:58:23.213,-4086.804,60.0334587097168,0
2026-02-04 18:58:20.000,2026-02-04 18:58:30.000,2423,2026-02-04 18:58:27.219,2026-02-04 18:58:23.218,-4001.798,50.02356719970703,0
2026-02-04 18:58:20.000,2026-02-04 18:58:30.000,477,2026-02-04 18:58:27.316,2026-02-04 18:58:23.221,-4095.478,60.03114700317383,0
2026-02-04 18:58:20.000,2026-02-04 18:58:30.000,2108,2026-02-04 18:58:27.316,2026-02-04 18:58:23.229,-4087.377,60.02969741821289,0
2026-02-04 18:58:20.000,2026-02-04 18:58:30.000,2423,2026-02-04 18:58:27.240,2026-02-04 18:58:23.237,-4002.196,50.024078369140625,0
2026-02-04 18:58:20.000,2026-02-04 18:58:30.000,477,2026-02-04 18:58:27.333,2026-02-04 18:58:23.238,-4094.532,60.0313835144043,0
2026-02-04 18:58:20.000,2026-02-04 18:58:30.000,2108,2026-02-04 18:58:27.333,2026-02-04 18:58:23.245,-4087.480,60.02983474731445,0
2026-02-04 18:58:20.000,2026-02-04 18:58:30.000,477,2026-02-04 18:58:27.350,2026-02-04 18:58:23.254,-4095.636,60.031734466552734,0
2026-02-04 18:58:20.000,2026-02-04 18:58:30.000,2423,2026-02-04 18:58:27.260,2026-02-04 18:58:23.258,-4001.643,50.02545166015625,0
2026-02-04 18:58:20.000,2026-02-04 18:58:30.000,2108,2026-02-04 18:58:27.350,2026-02-04 18:58:23.263,-4086.122,60.03268814086914,0
2026-02-04 18:58:20.000,2026-02-04 18:58:30.000,477,2026-02-04 18:58:27.366,2026-02-04 18:58:23.270,-4095.793,60.03160858154297,0
2026-02-04 18:58:20.000,2026-02-04 18:58:30.000,2423,2026-02-04 18:58:27.280,2026-02-04 18:58:23.277,-4002.074,50.02326965332031,0
2026-02-04 18:58:20.000,2026-02-04 18:58:30.000,2108,2026-02-04 18:58:27.366,2026-02-04 18:58:23.278,-4087.746,60.03480529785156,0
2026-02-04 18:58:20.000,2026-02-04 18:58:30.000,477,2026-02-04 18:58:27.383,2026-02-04 18:58:23.288,-4094.985,60.031471252441406,0
2026-02-04 18:58:20.000,2026-02-04 18:58:30.000,2108,2026-02-04 18:58:27.383,2026-02-04 18:58:23.295,-4087.474,60.032806396484375,0
2026-02-04 18:58:20.000,2026-02-04 18:58:30.000,2423,2026-02-04 18:58:27.299,2026-02-04 18:58:23.298,-4001.622,50.02113342285156,0
2026-02-04 18:58:20.000,2026-02-04 18:58:30.000,477,2026-02-04 18:58:27.400,2026-02-04 18:58:23.304,-4095.115,60.031158447265625,0
2026-02-04 18:58:20.000,2026-02-04 18:58:30.000,2108,2026-02-04 18:58:27.400,2026-02-04 18:58:23.311,-4088.112,60.0286979675293,0
2026-02-04 18:58:20.000,2026-02-04 18:58:30.000,2423,2026-02-04 18:58:27.320,2026-02-04 18:58:23.317,-4002.606,50.02230453491211,0
2026-02-04 18:58:20.000,2026-02-04 18:58:30.000,477,2026-02-04 18:58:27.416,2026-02-04 18:58:23.321,-4095.269,60.03093719482422,0
2026-02-04 18:58:20.000,2026-02-04 18:58:30.000,2108,2026-02-04 18:58:27.416,2026-02-04 18:58:23.328,-4087.748,60.02920913696289,0
2026-02-04 18:58:20.000,2026-02-04 18:58:30.000,2423,2026-02-04 18:58:27.340,2026-02-04 18:58:23.353,-3987.002,50.02497482299805,0
2026-02-04 18:58:20.000,2026-02-04 18:58:30.000,477,2026-02-04 18:58:27.433,2026-02-04 18:58:23.363,-4070.307,60.031097412109375,0
2026-02-04 18:58:20.000,2026-02-04 18:58:30.000,2108,2026-02-04 18:58:27.433,2026-02-04 18:58:23.364,-4069.301,60.03153610229492,0
2026-02-04 18:58:20.000,2026-02-04 18:58:30.000,477,2026-02-04 18:58:27.450,2026-02-04 18:58:23.365,-4084.966,60.03150177001953,0
2026-02-04 18:58:20.000,2026-02-04 18:58:30.000,2423,2026-02-04 18:58:27.360,2026-02-04 18:58:23.366,-3993.967,50.02586364746094,0
2026-02-04 18:58:20.000,2026-02-04 18:58:30.000,2108,2026-02-04 18:58:27.450,2026-02-04 18:58:23.366,-4083.967,60.03434371948242,0
2026-02-04 18:58:20.000,2026-02-04 18:58:30.000,477,2026-02-04 18:58:27.466,2026-02-04 18:58:23.378,-4088.124,60.032203674316406,0
2026-02-04 18:58:20.000,2026-02-04 18:58:30.000,2423,2026-02-04 18:58:27.379,2026-02-04 18:58:23.379,-4000.450,50.024803161621094,0
2026-02-04 18:58:20.000,2026-02-04 18:58:30.000,2108,2026-02-04 18:58:27.466,2026-02-04 18:58:23.380,-4086.123,60.035221099853516,0
2026-02-04 18:58:20.000,2026-02-04 18:58:30.000,477,2026-02-04 18:58:27.483,2026-02-04 18:58:23.394,-4088.767,60.032310485839844,0
2026-02-04 18:58:20.000,2026-02-04 18:58:30.000,2108,2026-02-04 18:58:27.483,2026-02-04 18:58:23.408,-4074.754,60.02965545654297,0
2026-02-04 18:58:20.000,2026-02-04 18:58:30.000,2423,2026-02-04 18:58:27.400,2026-02-04 18:58:23.409,-3990.423,50.025062561035156,0
2026-02-04 18:58:20.000,2026-02-04 18:58:30.000,477,2026-02-04 18:58:27.500,2026-02-04 18:58:23.409,-4090.431,60.03123474121094,0
2026-02-04 18:58:20.000,2026-02-04 18:58:30.000,2108,2026-02-04 18:58:27.500,2026-02-04 18:58:23.411,-4088.432,60.02873611450195,0
2026-02-04 18:58:20.000,2026-02-04 18:58:30.000,2423,2026-02-04 18:58:27.420,2026-02-04 18:58:23.424,-3995.411,50.02594757080078,0
2026-02-04 18:58:20.000,2026-02-04 18:58:30.000,477,2026-02-04 18:58:27.516,2026-02-04 18:58:23.425,-4091.076,60.03067398071289,0
2026-02-04 18:58:20.000,2026-02-04 18:58:30.000,2108,2026-02-04 18:58:27.516,2026-02-04 18:58:23.429,-4087.075,60.03298568725586,0
2026-02-04 18:58:20.000,2026-02-04 18:58:30.000,2423,2026-02-04 18:58:27.440,2026-02-04 18:58:23.439,-4000.889,50.0263671875,0
2026-02-04 18:58:20.000,2026-02-04 18:58:30.000,477,2026-02-04 18:58:27.533,2026-02-04 18:58:23.439,-4094.225,60.030731201171875,0
2026-02-04 18:58:20.000,2026-02-04 18:58:30.000,2108,2026-02-04 18:58:27.533,2026-02-04 18:58:23.445,-4087.803,60.03313446044922,0
2026-02-04 18:58:20.000,2026-02-04 18:58:30.000,477,2026-02-04 18:58:27.550,2026-02-04 18:58:23.455,-4094.898,60.03057098388672,0
2026-02-04 18:58:20.000,2026-02-04 18:58:30.000,2423,2026-02-04 18:58:27.459,2026-02-04 18:58:23.457,-4002.285,50.02438735961914,0
2026-02-04 18:58:20.000,2026-02-04 18:58:30.000,2108,2026-02-04 18:58:27.550,2026-02-04 18:58:23.462,-4087.292,60.03061294555664,0
2026-02-04 18:58:20.000,2026-02-04 18:58:30.000,477,2026-02-04 18:58:27.566,2026-02-04 18:58:23.471,-4095.367,60.031551361083984,0
2026-02-04 18:58:20.000,2026-02-04 18:58:30.000,2423,2026-02-04 18:58:27.480,2026-02-04 18:58:23.477,-4002.185,50.02263259887695,0
2026-02-04 18:58:20.000,2026-02-04 18:58:30.000,2108,2026-02-04 18:58:27.566,2026-02-04 18:58:23.478,-4087.856,60.02979278564453,0
2026-02-04 18:58:20.000,2026-02-04 18:58:30.000,477,2026-02-04 18:58:27.583,2026-02-04 18:58:23.487,-4095.497,60.03251647949219,0
2026-02-04 18:58:20.000,2026-02-04 18:58:30.000,2108,2026-02-04 18:58:27.583,2026-02-04 18:58:23.496,-4087.306,60.0316047668457,0
2026-02-04 18:58:20.000,2026-02-04 18:58:30.000,2423,2026-02-04 18:58:27.500,2026-02-04 18:58:23.498,-4001.473,50.02442932128906,0
2026-02-04 18:58:20.000,2026-02-04 18:58:30.000,2108,2026-02-04 18:58:27.600,2026-02-04 18:58:23.512,-4087.949,60.0335578918457,0
2026-02-04 18:58:20.000,2026-02-04 18:58:30.000,477,2026-02-04 18:58:27.600,2026-02-04 18:58:23.513,-4086.948,60.031795501708984,0
2026-02-04 18:58:20.000,2026-02-04 18:58:30.000,2423,2026-02-04 18:58:27.520,2026-02-04 18:58:23.518,-4001.437,50.0255241394043,0
2026-02-04 18:58:20.000,2026-02-04 18:58:30.000,477,2026-02-04 18:58:27.616,2026-02-04 18:58:23.525,-4091.585,60.031280517578125,0
2026-02-04 18:58:20.000,2026-02-04 18:58:30.000,2108,2026-02-04 18:58:27.616,2026-02-04 18:58:23.529,-4087.586,60.03189468383789,0
2026-02-04 18:58:20.000,2026-02-04 18:58:30.000,2423,2026-02-04 18:58:27.539,2026-02-04 18:58:23.538,-4001.833,50.0243034362793,0
2026-02-04 18:58:20.000,2026-02-04 18:58:30.000,477,2026-02-04 18:58:27.633,2026-02-04 18:58:23.539,-4094.170,60.030914306640625,0
2026-02-04 18:58:20.000,2026-02-04 18:58:30.000,2108,2026-02-04 18:58:27.633,2026-02-04 18:58:23.545,-4088.098,60.02717208862305,0
2026-02-04 18:58:20.000,2026-02-04 18:58:30.000,2423,2026-02-04 18:58:27.560,2026-02-04 18:58:23.558,-4001.238,50.025001525878906,0
2026-02-04 18:58:20.000,2026-02-04 18:58:30.000,2108,2026-02-04 18:58:27.650,2026-02-04 18:58:23.561,-4088.682,60.028076171875,0
2026-02-04 18:58:20.000,2026-02-04 18:58:30.000,477,2026-02-04 18:58:27.650,2026-02-04 18:58:23.563,-4086.160,60.03020095825195,0
2026-02-04 18:58:20.000,2026-02-04 18:58:30.000,477,2026-02-04 18:58:27.666,2026-02-04 18:58:23.571,-4094.825,60.03046798706055,0
2026-02-04 18:58:20.000,2026-02-04 18:58:30.000,2423,2026-02-04 18:58:27.580,2026-02-04 18:58:23.577,-4002.117,50.0275764465332,0
2026-02-04 18:58:20.000,2026-02-04 18:58:30.000,2108,2026-02-04 18:58:27.666,2026-02-04 18:58:23.578,-4087.773,60.030982971191406,0
2026-02-04 18:58:20.000,2026-02-04 18:58:30.000,477,2026-02-04 18:58:27.683,2026-02-04 18:58:23.587,-4095.509,60.03089141845703,0
2026-02-04 18:58:20.000,2026-02-04 18:58:30.000,2108,2026-02-04 18:58:27.683,2026-02-04 18:58:23.595,-4087.435,60.02999496459961,0
2026-02-04 18:58:20.000,2026-02-04 18:58:30.000,2423,2026-02-04 18:58:27.600,2026-02-04 18:58:23.596,-4003.106,50.025146484375,0
2026-02-04 18:58:20.000,2026-02-04 18:58:30.000,477,2026-02-04 18:58:27.699,2026-02-04 18:58:23.604,-4095.076,60.03070068359375,0
2026-02-04 18:58:20.000,2026-02-04 18:58:30.000,2108,2026-02-04 18:58:27.699,2026-02-04 18:58:23.611,-4088.075,60.02980041503906,0
2026-02-04 18:58:20.000,2026-02-04 18:58:30.000,2423,2026-02-04 18:58:27.619,2026-02-04 18:58:23.618,-4001.568,50.02079772949219,0
2026-02-04 18:58:20.000,2026-02-04 18:58:30.000,477,2026-02-04 18:58:27.716,2026-02-04 18:58:23.621,-4095.247,60.03071212768555,0
2026-02-04 18:58:20.000,2026-02-04 18:58:30.000,2108,2026-02-04 18:58:27.716,2026-02-04 18:58:23.628,-4087.733,60.029579162597656,0
2026-02-04 18:58:20.000,2026-02-04 18:58:30.000,2423,2026-02-04 18:58:27.640,2026-02-04 18:58:23.638,-4001.597,50.02234649658203,0
2026-02-04 18:58:20.000,2026-02-04 18:58:30.000,477,2026-02-04 18:58:27.733,2026-02-04 18:58:23.638,-4094.933,60.031002044677734,0
2026-02-04 18:58:20.000,2026-02-04 18:58:30.000,2108,2026-02-04 18:58:27.733,2026-02-04 18:58:23.645,-4087.422,60.03140640258789,0
2026-02-04 18:58:20.000,2026-02-04 18:58:30.000,477,2026-02-04 18:58:27.750,2026-02-04 18:58:23.654,-4095.577,60.03097152709961,0
2026-02-04 18:58:20.000,2026-02-04 18:58:30.000,2423,2026-02-04 18:58:27.660,2026-02-04 18:58:23.658,-4001.582,50.0252685546875,0
2026-02-04 18:58:20.000,2026-02-04 18:58:30.000,2108,2026-02-04 18:58:27.750,2026-02-04 18:58:23.661,-4088.577,60.03286361694336,0
2026-02-04 18:58:20.000,2026-02-04 18:58:30.000,477,2026-02-04 18:58:27.766,2026-02-04 18:58:23.670,-4095.733,60.030426025390625,0
2026-02-04 18:58:20.000,2026-02-04 18:58:30.000,2423,2026-02-04 18:58:27.680,2026-02-04 18:58:23.678,-4001.733,50.025367736816406,0
2026-02-04 18:58:20.000,2026-02-04 18:58:30.000,2108,2026-02-04 18:58:27.766,2026-02-04 18:58:23.680,-4086.403,60.03143310546875,0
2026-02-04 18:58:20.000,2026-02-04 18:58:30.000,477,2026-02-04 18:58:27.783,2026-02-04 18:58:23.687,-4095.559,60.030250549316406,0
2026-02-04 18:58:20.000,2026-02-04 18:58:30.000,2108,2026-02-04 18:58:27.783,2026-02-04 18:58:23.695,-4088.131,60.03142166137695,0
2026-02-04 18:58:20.000,2026-02-04 18:58:30.000,2423,2026-02-04 18:58:27.699,2026-02-04 18:58:23.698,-4001.786,50.02488708496094,0
2026-02-04 18:58:20.000,2026-02-04 18:58:30.000,477,2026-02-04 18:58:27.800,2026-02-04 18:58:23.704,-4095.138,60.03059387207031,0
2026-02-04 18:58:20.000,2026-02-04 18:58:30.000,2108,2026-02-04 18:58:27.800,2026-02-04 18:58:23.712,-4087.139,60.02994155883789,0
2026-02-04 18:58:20.000,2026-02-04 18:58:30.000,2423,2026-02-04 18:58:27.720,2026-02-04 18:58:23.718,-4001.825,50.02465057373047,0
2026-02-04 18:58:20.000,2026-02-04 18:58:30.000,477,2026-02-04 18:58:27.816,2026-02-04 18:58:23.721,-4095.488,60.03078842163086,0
2026-02-04 18:58:20.000,2026-02-04 18:58:30.000,2108,2026-02-04 18:58:27.816,2026-02-04 18:58:23.728,-4088.117,60.03001022338867,0
2026-02-04 18:58:20.000,2026-02-04 18:58:30.000,477,2026-02-04 18:58:27.833,2026-02-04 18:58:23.738,-4095.266,60.03080749511719,0
2026-02-04 18:58:20.000,2026-02-04 18:58:30.000,2423,2026-02-04 18:58:27.740,2026-02-04 18:58:23.738,-4001.946,50.02544021606445,0
2026-02-04 18:58:20.000,2026-02-04 18:58:30.000,2108,2026-02-04 18:58:27.833,2026-02-04 18:58:23.745,-4087.995,60.03322982788086,0
2026-02-04 18:58:20.000,2026-02-04 18:58:30.000,477,2026-02-04 18:58:27.850,2026-02-04 18:58:23.754,-4095.154,60.03110122680664,0
2026-02-04 18:58:20.000,2026-02-04 18:58:30.000,2423,2026-02-04 18:58:27.760,2026-02-04 18:58:23.757,-4002.157,50.02714157104492,0
2026-02-04 18:58:20.000,2026-02-04 18:58:30.000,2108,2026-02-04 18:58:27.850,2026-02-04 18:58:23.761,-4088.157,60.03273391723633,0
2026-02-04 18:58:20.000,2026-02-04 18:58:30.000,477,2026-02-04 18:58:27.866,2026-02-04 18:58:23.771,-4095.527,60.03166198730469,0
2026-02-04 18:58:20.000,2026-02-04 18:58:30.000,2423,2026-02-04 18:58:27.779,2026-02-04 18:58:23.778,-4001.694,50.026039123535156,0
2026-02-04 18:58:20.000,2026-02-04 18:58:30.000,2108,2026-02-04 18:58:27.866,2026-02-04 18:58:23.779,-4087.365,60.0303840637207,0
2026-02-04 18:58:20.000,2026-02-04 18:58:30.000,477,2026-02-04 18:58:27.883,2026-02-04 18:58:23.787,-4095.514,60.03203201293945,0
2026-02-04 18:58:20.000,2026-02-04 18:58:30.000,2108,2026-02-04 18:58:27.883,2026-02-04 18:58:23.795,-4087.438,60.03172302246094,0
2026-02-04 18:58:20.000,2026-02-04 18:58:30.000,2423,2026-02-04 18:58:27.800,2026-02-04 18:58:23.796,-4003.111,50.023353576660156,0
2026-02-04 18:58:20.000,2026-02-04 18:58:30.000,477,2026-02-04 18:58:27.900,2026-02-04 18:58:23.804,-4095.097,60.03131103515625,0
2026-02-04 18:58:20.000,2026-02-04 18:58:30.000,2108,2026-02-04 18:58:27.900,2026-02-04 18:58:23.811,-4088.098,60.0329704284668,0
2026-02-04 18:58:20.000,2026-02-04 18:58:30.000,2423,2026-02-04 18:58:27.820,2026-02-04 18:58:23.818,-4001.694,50.02420425415039,0
2026-02-04 18:58:20.000,2026-02-04 18:58:30.000,477,2026-02-04 18:58:27.916,2026-02-04 18:58:23.821,-4095.356,60.03034591674805,0
2026-02-04 18:58:20.000,2026-02-04 18:58:30.000,2108,2026-02-04 18:58:27.916,2026-02-04 18:58:23.828,-4087.847,60.03042984008789,0
2026-02-04 18:58:20.000,2026-02-04 18:58:30.000,2423,2026-02-04 18:58:27.840,2026-02-04 18:58:23.837,-4002.148,50.02602005004883,0
2026-02-04 18:58:20.000,2026-02-04 18:58:30.000,477,2026-02-04 18:58:27.933,2026-02-04 18:58:23.837,-4095.484,60.02977752685547,0
2026-02-04 18:58:20.000,2026-02-04 18:58:30.000,2108,2026-02-04 18:58:27.933,2026-02-04 18:58:23.845,-4087.975,60.02760696411133,0
2026-02-04 18:58:20.000,2026-02-04 18:58:30.000,477,2026-02-04 18:58:27.950,2026-02-04 18:58:23.854,-4095.127,60.02971649169922,0
2026-02-04 18:58:20.000,2026-02-04 18:58:30.000,2423,2026-02-04 18:58:27.859,2026-02-04 18:58:23.857,-4002.120,50.02537536621094,0
2026-02-04 18:58:20.000,2026-02-04 18:58:30.000,2108,2026-02-04 18:58:27.950,2026-02-04 18:58:23.862,-4087.127,60.027809143066406,0
2026-02-04 18:58:20.000,2026-02-04 18:58:30.000,477,2026-02-04 18:58:27.966,2026-02-04 18:58:23.871,-4095.291,60.030643463134766,0
2026-02-04 18:58:20.000,2026-02-04 18:58:30.000,2423,2026-02-04 18:58:27.880,2026-02-04 18:58:23.877,-4002.108,50.023948669433594,0
2026-02-04 18:58:20.000,2026-02-04 18:58:30.000,2108,2026-02-04 18:58:27.966,2026-02-04 18:58:23.878,-4087.777,60.03205490112305,0
2026-02-04 18:58:20.000,2026-02-04 18:58:30.000,477,2026-02-04 18:58:27.983,2026-02-04 18:58:23.887,-4095.381,60.03190994262695,0
2026-02-04 18:58:20.000,2026-02-04 18:58:30.000,2108,2026-02-04 18:58:27.983,2026-02-04 18:58:23.895,-4087.865,60.03486633300781,0
2026-02-04 18:58:20.000,2026-02-04 18:58:30.000,2423,2026-02-04 18:58:27.900,2026-02-04 18:58:23.898,-4001.537,50.024696350097656,0
2026-02-04 18:58:20.000,2026-02-04 18:58:30.000,477,2026-02-04 18:58:28.000,2026-02-04 18:58:23.904,-4095.932,60.03183364868164,0
2026-02-04 18:58:20.000,2026-02-04 18:58:30.000,2108,2026-02-04 18:58:28.000,2026-02-04 18:58:23.912,-4087.933,60.033321380615234,0
2026-02-04 18:58:20.000,2026-02-04 18:58:30.000,2423,2026-02-04 18:58:27.920,2026-02-04 18:58:23.918,-4001.662,50.02511215209961,0
2026-02-04 18:58:20.000,2026-02-04 18:58:30.000,477,2026-02-04 18:58:28.016,2026-02-04 18:58:23.921,-4095.326,60.030555725097656,0
2026-02-04 18:58:20.000,2026-02-04 18:58:30.000,2108,2026-02-04 18:58:28.016,2026-02-04 18:58:23.928,-4087.817,60.031192779541016,0
2026-02-04 18:58:20.000,2026-02-04 18:58:30.000,477,2026-02-04 18:58:28.033,2026-02-04 18:58:23.939,-4094.280,60.030086517333984,0
2026-02-04 18:58:20.000,2026-02-04 18:58:30.000,2423,2026-02-04 18:58:27.939,2026-02-04 18:58:23.939,-4000.944,50.022804260253906,0
2026-02-04 18:58:20.000,2026-02-04 18:58:30.000,2108,2026-02-04 18:58:28.033,2026-02-04 18:58:23.945,-4088.217,60.02900314331055,0
2026-02-04 18:58:20.000,2026-02-04 18:58:30.000,477,2026-02-04 18:58:28.050,2026-02-04 18:58:23.954,-4095.904,60.030174255371094,0
2026-02-04 18:58:20.000,2026-02-04 18:58:30.000,2423,2026-02-04 18:58:27.960,2026-02-04 18:58:23.958,-4001.904,50.022796630859375,0
2026-02-04 18:58:20.000,2026-02-04 18:58:30.000,2108,2026-02-04 18:58:28.050,2026-02-04 18:58:23.962,-4087.845,60.028160095214844,0
2026-02-04 18:58:20.000,2026-02-04 18:58:30.000,477,2026-02-04 18:58:28.066,2026-02-04 18:58:23.971,-4095.378,60.03013610839844,0
2026-02-04 18:58:20.000,2026-02-04 18:58:30.000,2423,2026-02-04 18:58:27.980,2026-02-04 18:58:23.978,-4001.652,50.02549743652344,0
2026-02-04 18:58:20.000,2026-02-04 18:58:30.000,2108,2026-02-04 18:58:28.066,2026-02-04 18:58:23.979,-4087.306,60.03153610229492,0
2026-02-04 18:58:20.000,2026-02-04 18:58:30.000,477,2026-02-04 18:58:28.083,2026-02-04 18:58:23.987,-4095.459,60.030662536621094,0
2026-02-04 18:58:20.000,2026-02-04 18:58:30.000,2108,2026-02-04 18:58:28.083,2026-02-04 18:58:23.996,-4087.083,60.03211975097656,0
2026-02-04 18:58:20.000,2026-02-04 18:58:30.000,2423,2026-02-04 18:58:28.000,2026-02-04 18:58:23.997,-4002.756,50.025779724121094,0
2026-02-04 18:58:20.000,2026-02-04 18:58:30.000,477,2026-02-04 18:58:28.099,2026-02-04 18:58:24.005,-4094.907,60.03125,0
2026-02-04 18:58:20.000,2026-02-04 18:58:30.000,2108,2026-02-04 18:58:28.099,2026-02-04 18:58:24.012,-4087.908,60.02753448486328,0
2026-02-04 18:58:20.000,2026-02-04 18:58:30.000,2423,2026-02-04 18:58:28.019,2026-02-04 18:58:24.018,-4001.721,50.0235710144043,0
2026-02-04 18:58:20.000,2026-02-04 18:58:30.000,477,2026-02-04 18:58:28.116,2026-02-04 18:58:24.021,-4095.401,60.030967712402344,0
2026-02-04 18:58:20.000,2026-02-04 18:58:30.000,2108,2026-02-04 18:58:28.116,2026-02-04 18:58:24.028,-4087.889,60.029056549072266,0
2026-02-04 18:58:20.000,2026-02-04 18:58:30.000,2423,2026-02-04 18:58:28.040,2026-02-04 18:58:24.045,-3994.610,50.023048400878906,0
2026-02-04 18:58:20.000,2026-02-04 18:58:30.000,477,2026-02-04 18:58:28.133,2026-02-04 18:58:24.045,-4087.946,60.030418395996094,0
2026-02-04 18:58:20.000,2026-02-04 18:58:30.000,2108,2026-02-04 18:58:28.133,2026-02-04 18:58:24.046,-4086.945,60.0326042175293,0
2026-02-04 18:58:20.000,2026-02-04 18:58:30.000,477,2026-02-04 18:58:28.150,2026-02-04 18:58:24.054,-4095.101,60.02995300292969,0
2026-02-04 18:58:20.000,2026-02-04 18:58:30.000,2423,2026-02-04 18:58:28.060,2026-02-04 18:58:24.057,-4002.107,50.02409362792969,0
2026-02-04 18:58:20.000,2026-02-04 18:58:30.000,2108,2026-02-04 18:58:28.150,2026-02-04 18:58:24.062,-4087.099,60.0316162109375,0
2026-02-04 18:58:20.000,2026-02-04 18:58:30.000,477,2026-02-04 18:58:28.166,2026-02-04 18:58:24.071,-4095.259,60.030235290527344,0
2026-02-04 18:58:20.000,2026-02-04 18:58:30.000,2423,2026-02-04 18:58:28.080,2026-02-04 18:58:24.077,-4002.077,50.0238151550293,0
2026-02-04 18:58:20.000,2026-02-04 18:58:30.000,2108,2026-02-04 18:58:28.166,2026-02-04 18:58:24.078,-4087.749,60.03080368041992,0
2026-02-04 18:58:20.000,2026-02-04 18:58:30.000,477,2026-02-04 18:58:28.183,2026-02-04 18:58:24.087,-4095.408,60.030643463134766,0
2026-02-04 18:58:20.000,2026-02-04 18:58:30.000,2108,2026-02-04 18:58:28.183,2026-02-04 18:58:24.095,-4087.960,60.02876663208008,0
2026-02-04 18:58:20.000,2026-02-04 18:58:30.000,2423,2026-02-04 18:58:28.099,2026-02-04 18:58:24.097,-4002.073,50.02235794067383,0
2026-02-04 18:58:20.000,2026-02-04 18:58:30.000,477,2026-02-04 18:58:28.200,2026-02-04 18:58:24.104,-4095.044,60.030113220214844,0
2026-02-04 18:58:20.000,2026-02-04 18:58:30.000,2108,2026-02-04 18:58:28.200,2026-02-04 18:58:24.111,-4088.045,60.029396057128906,0
2026-02-04 18:58:20.000,2026-02-04 18:58:30.000,2423,2026-02-04 18:58:28.120,2026-02-04 18:58:24.120,-3999.526,50.022674560546875,0
2026-02-04 18:58:20.000,2026-02-04 18:58:30.000,477,2026-02-04 18:58:28.216,2026-02-04 18:58:24.121,-4095.190,60.03010559082031,0
2026-02-04 18:58:20.000,2026-02-04 18:58:30.000,2108,2026-02-04 18:58:28.216,2026-02-04 18:58:24.128,-4087.681,60.03183364868164,0
2026-02-04 18:58:20.000,2026-02-04 18:58:30.000,2423,2026-02-04 18:58:28.140,2026-02-04 18:58:24.138,-4001.999,50.025482177734375,0
2026-02-04 18:58:20.000,2026-02-04 18:58:30.000,477,2026-02-04 18:58:28.233,2026-02-04 18:58:24.138,-4095.320,60.03028869628906,0
2026-02-04 18:58:20.000,2026-02-04 18:58:30.000,2108,2026-02-04 18:58:28.233,2026-02-04 18:58:24.146,-4087.265,60.029823303222656,0
2026-02-04 18:58:20.000,2026-02-04 18:58:30.000,477,2026-02-04 18:58:28.250,2026-02-04 18:58:24.154,-4095.583,60.029685974121094,0
2026-02-04 18:58:20.000,2026-02-04 18:58:30.000,2423,2026-02-04 18:58:28.160,2026-02-04 18:58:24.157,-4002.584,50.02640151977539,0
2026-02-04 18:58:20.000,2026-02-04 18:58:30.000,2108,2026-02-04 18:58:28.250,2026-02-04 18:58:24.161,-4088.076,60.0277099609375,0
2026-02-04 18:58:20.000,2026-02-04 18:58:30.000,477,2026-02-04 18:58:28.266,2026-02-04 18:58:24.171,-4095.277,60.02975082397461,0
2026-02-04 18:58:20.000,2026-02-04 18:58:30.000,2423,2026-02-04 18:58:28.179,2026-02-04 18:58:24.177,-4002.505,50.02393341064453,0
2026-02-04 18:58:20.000,2026-02-04 18:58:30.000,2108,2026-02-04 18:58:28.266,2026-02-04 18:58:24.178,-4087.773,60.027610778808594,0
2026-02-04 18:58:20.000,2026-02-04 18:58:30.000,477,2026-02-04 18:58:28.283,2026-02-04 18:58:24.187,-4095.396,60.0302848815918,0
2026-02-04 18:58:20.000,2026-02-04 18:58:30.000,2108,2026-02-04 18:58:28.283,2026-02-04 18:58:24.195,-4087.329,60.029422760009766,0
2026-02-04 18:58:20.000,2026-02-04 18:58:30.000,2423,2026-02-04 18:58:28.200,2026-02-04 18:58:24.198,-4001.003,50.02381896972656,0
2026-02-04 18:58:20.000,2026-02-04 18:58:30.000,477,2026-02-04 18:58:28.300,2026-02-04 18:58:24.204,-4095.510,60.030086517333984,0
2026-02-04 18:58:20.000,2026-02-04 18:58:30.000,2108,2026-02-04 18:58:28.300,2026-02-04 18:58:24.211,-4088.509,60.03295135498047,0
2026-02-04 18:58:20.000,2026-02-04 18:58:30.000,2423,2026-02-04 18:58:28.220,2026-02-04 18:58:24.218,-4001.999,50.026100158691406,0
2026-02-04 18:58:20.000,2026-02-04 18:58:30.000,477,2026-02-04 18:58:28.316,2026-02-04 18:58:24.221,-4095.663,60.02975845336914,0
2026-02-04 18:58:20.000,2026-02-04 18:58:30.000,2108,2026-02-04 18:58:28.316,2026-02-04 18:58:24.229,-4087.405,60.03252410888672,0
2026-02-04 18:58:20.000,2026-02-04 18:58:30.000,2423,2026-02-04 18:58:28.240,2026-02-04 18:58:24.237,-4002.222,50.0238037109375,0
2026-02-04 18:58:20.000,2026-02-04 18:58:30.000,477,2026-02-04 18:58:28.333,2026-02-04 18:58:24.238,-4094.557,60.02952194213867,0
2026-02-04 18:58:20.000,2026-02-04 18:58:30.000,2108,2026-02-04 18:58:28.333,2026-02-04 18:58:24.245,-4088.041,60.0284309387207,0
2026-02-04 18:58:20.000,2026-02-04 18:58:30.000,477,2026-02-04 18:58:28.350,2026-02-04 18:58:24.254,-4095.192,60.02947998046875,0
2026-02-04 18:58:20.000,2026-02-04 18:58:30.000,2423,2026-02-04 18:58:28.259,2026-02-04 18:58:24.257,-4002.186,50.019554138183594,0
2026-02-04 18:58:20.000,2026-02-04 18:58:30.000,2108,2026-02-04 18:58:28.350,2026-02-04 18:58:24.261,-4088.119,60.02853775024414,0
2026-02-04 18:58:20.000,2026-02-04 18:58:30.000,477,2026-02-04 18:58:28.366,2026-02-04 18:58:24.270,-4095.701,60.0299072265625,0
2026-02-04 18:58:20.000,2026-02-04 18:58:30.000,2423,2026-02-04 18:58:28.280,2026-02-04 18:58:24.278,-4001.511,50.02018356323242,0
2026-02-04 18:58:20.000,2026-02-04 18:58:30.000,2108,2026-02-04 18:58:28.366,2026-02-04 18:58:24.279,-4087.182,60.03022384643555,0
2026-02-04 18:58:20.000,2026-02-04 18:58:30.000,477,2026-02-04 18:58:28.383,2026-02-04 18:58:24.288,-4094.739,60.03017807006836,0
2026-02-04 18:58:20.000,2026-02-04 18:58:30.000,2108,2026-02-04 18:58:28.383,2026-02-04 18:58:24.295,-4088.221,60.030269622802734,0
2026-02-04 18:58:20.000,2026-02-04 18:58:30.000,2423,2026-02-04 18:58:28.300,2026-02-04 18:58:24.298,-4001.893,50.02324295043945,0
2026-02-04 18:58:20.000,2026-02-04 18:58:30.000,477,2026-02-04 18:58:28.400,2026-02-04 18:58:24.304,-4095.862,60.029632568359375,0
2026-02-04 18:58:20.000,2026-02-04 18:58:30.000,2108,2026-02-04 18:58:28.400,2026-02-04 18:58:24.312,-4087.858,60.030391693115234,0
2026-02-04 18:58:20.000,2026-02-04 18:58:30.000,2423,2026-02-04 18:58:28.320,2026-02-04 18:58:24.330,-3989.829,50.023841857910156,0
2026-02-04 18:58:20.000,2026-02-04 18:58:30.000,477,2026-02-04 18:58:28.416,2026-02-04 18:58:24.330,-4086.493,60.029144287109375,0
2026-02-04 18:58:20.000,2026-02-04 18:58:30.000,2108,2026-02-04 18:58:28.416,2026-02-04 18:58:24.332,-4084.492,60.02803039550781,0
2026-02-04 18:58:20.000,2026-02-04 18:58:30.000,477,2026-02-04 18:58:28.433,2026-02-04 18:58:24.342,-4090.627,60.0296630859375,0
2026-02-04 18:58:20.000,2026-02-04 18:58:30.000,2423,2026-02-04 18:58:28.339,2026-02-04 18:58:24.343,-3996.283,50.02263641357422,0
2026-02-04 18:58:20.000,2026-02-04 18:58:30.000,2108,2026-02-04 18:58:28.433,2026-02-04 18:58:24.349,-4083.823,60.02732467651367,0
2026-02-04 18:58:20.000,2026-02-04 18:58:30.000,477,2026-02-04 18:58:28.450,2026-02-04 18:58:24.365,-4084.455,60.029754638671875,0
2026-02-04 18:58:20.000,2026-02-04 18:58:30.000,2423,2026-02-04 18:58:28.360,2026-02-04 18:58:24.365,-3994.455,50.022823333740234,0
2026-02-04 18:58:20.000,2026-02-04 18:58:30.000,2108,2026-02-04 18:58:28.450,2026-02-04 18:58:24.366,-4083.456,60.0302734375,0
2026-02-04 18:58:20.000,2026-02-04 18:58:30.000,477,2026-02-04 18:58:28.466,2026-02-04 18:58:24.378,-4088.600,60.0295295715332,0
2026-02-04 18:58:20.000,2026-02-04 18:58:30.000,2423,2026-02-04 18:58:28.380,2026-02-04 18:58:24.380,-3999.943,50.0237922668457,0
2026-02-04 18:58:20.000,2026-02-04 18:58:30.000,2108,2026-02-04 18:58:28.466,2026-02-04 18:58:24.381,-4085.599,60.03000259399414,0
2026-02-04 18:58:20.000,2026-02-04 18:58:30.000,477,2026-02-04 18:58:28.483,2026-02-04 18:58:24.394,-4089.236,60.02971649169922,0
2026-02-04 18:58:20.000,2026-02-04 18:58:30.000,2108,2026-02-04 18:58:28.483,2026-02-04 18:58:24.396,-4087.229,60.02793502807617,0
2026-02-04 18:58:20.000,2026-02-04 18:58:30.000,2423,2026-02-04 18:58:28.400,2026-02-04 18:58:24.398,-4001.902,50.02389907836914,0
2026-02-04 18:58:20.000,2026-02-04 18:58:30.000,477,2026-02-04 18:58:28.499,2026-02-04 18:58:24.404,-4095.215,60.02937316894531,0
2026-02-04 18:58:20.000,2026-02-04 18:58:30.000,2108,2026-02-04 18:58:28.499,2026-02-04 18:58:24.412,-4087.215,60.02988815307617,0
2026-02-04 18:58:20.000,2026-02-04 18:58:30.000,2423,2026-02-04 18:58:28.419,2026-02-04 18:58:24.417,-4002.058,50.022727966308594,0
2026-02-04 18:58:20.000,2026-02-04 18:58:30.000,477,2026-02-04 18:58:28.516,2026-02-04 18:58:24.421,-4094.737,60.02940368652344,0
2026-02-04 18:58:20.000,2026-02-04 18:58:30.000,2108,2026-02-04 18:58:28.516,2026-02-04 18:58:24.429,-4087.595,60.03270721435547,0
2026-02-04 18:58:20.000,2026-02-04 18:58:30.000,2423,2026-02-04 18:58:28.440,2026-02-04 18:58:24.438,-4001.842,50.0224723815918,0
2026-02-04 18:58:20.000,2026-02-04 18:58:30.000,477,2026-02-04 18:58:28.533,2026-02-04 18:58:24.438,-4095.178,60.02961730957031,0
2026-02-04 18:58:20.000,2026-02-04 18:58:30.000,2108,2026-02-04 18:58:28.533,2026-02-04 18:58:24.454,-4079.146,60.033103942871094,0
2026-02-04 18:58:20.000,2026-02-04 18:58:30.000,477,2026-02-04 18:58:28.550,2026-02-04 18:58:24.464,-4085.754,60.029151916503906,0
2026-02-04 18:58:20.000,2026-02-04 18:58:30.000,2423,2026-02-04 18:58:28.460,2026-02-04 18:58:24.464,-3995.228,50.024139404296875,0
2026-02-04 18:58:20.000,2026-02-04 18:58:30.000,2108,2026-02-04 18:58:28.550,2026-02-04 18:58:24.465,-4084.687,60.02833938598633,0
2026-02-04 18:58:20.000,2026-02-04 18:58:30.000,477,2026-02-04 18:58:28.566,2026-02-04 18:58:24.471,-4094.993,60.02877426147461,0
2026-02-04 18:58:20.000,2026-02-04 18:58:30.000,2423,2026-02-04 18:58:28.480,2026-02-04 18:58:24.477,-4002.006,50.025150299072266,0
2026-02-04 18:58:20.000,2026-02-04 18:58:30.000,2108,2026-02-04 18:58:28.566,2026-02-04 18:58:24.479,-4087.624,60.02277374267578,0
2026-02-04 18:58:20.000,2026-02-04 18:58:30.000,477,2026-02-04 18:58:28.583,2026-02-04 18:58:24.488,-4095.271,60.02912902832031,0
2026-02-04 18:58:20.000,2026-02-04 18:58:30.000,2108,2026-02-04 18:58:28.583,2026-02-04 18:58:24.495,-4087.595,60.02632522583008,0
2026-02-04 18:58:20.000,2026-02-04 18:58:30.000,2423,2026-02-04 18:58:28.499,2026-02-04 18:58:24.498,-4001.562,50.024051666259766,0
2026-02-04 18:58:20.000,2026-02-04 18:58:30.000,477,2026-02-04 18:58:28.600,2026-02-04 18:58:24.504,-4095.978,60.029327392578125,0
2026-02-04 18:58:20.000,2026-02-04 18:58:30.000,2108,2026-02-04 18:58:28.600,2026-02-04 18:58:24.512,-4087.978,60.03129196166992,0
2026-02-04 18:58:20.000,2026-02-04 18:58:30.000,2423,2026-02-04 18:58:28.520,2026-02-04 18:58:24.518,-4001.768,50.02183532714844,0
2026-02-04 18:58:20.000,2026-02-04 18:58:30.000,477,2026-02-04 18:58:28.616,2026-02-04 18:58:24.521,-4095.432,60.029117584228516,0
2026-02-04 18:58:20.000,2026-02-04 18:58:30.000,2108,2026-02-04 18:58:28.616,2026-02-04 18:58:24.528,-4087.921,60.0302734375,0
2026-02-04 18:58:20.000,2026-02-04 18:58:30.000,477,2026-02-04 18:58:28.633,2026-02-04 18:58:24.539,-4094.234,60.02912521362305,0
2026-02-04 18:58:20.000,2026-02-04 18:58:30.000,2423,2026-02-04 18:58:28.540,2026-02-04 18:58:24.540,-3999.914,50.02103805541992,0
2026-02-04 18:58:20.000,2026-02-04 18:58:30.000,2108,2026-02-04 18:58:28.633,2026-02-04 18:58:24.547,-4085.878,60.027488708496094,0
2026-02-04 18:58:20.000,2026-02-04 18:58:30.000,477,2026-02-04 18:58:28.650,2026-02-04 18:58:24.555,-4094.975,60.02885437011719,0
2026-02-04 18:58:20.000,2026-02-04 18:58:30.000,2423,2026-02-04 18:58:28.560,2026-02-04 18:58:24.557,-4002.466,50.02197265625,0
2026-02-04 18:58:20.000,2026-02-04 18:58:30.000,2108,2026-02-04 18:58:28.650,2026-02-04 18:58:24.563,-4086.873,60.0254020690918,0
2026-02-04 18:58:20.000,2026-02-04 18:58:30.000,477,2026-02-04 18:58:28.666,2026-02-04 18:58:24.571,-4095.531,60.02874755859375,0
2026-02-04 18:58:20.000,2026-02-04 18:58:30.000,2423,2026-02-04 18:58:28.579,2026-02-04 18:58:24.578,-4001.724,50.022090911865234,0
2026-02-04 18:58:20.000,2026-02-04 18:58:30.000,2108,2026-02-04 18:58:28.666,2026-02-04 18:58:24.579,-4087.399,60.02843475341797,0
2026-02-04 18:58:20.000,2026-02-04 18:58:30.000,477,2026-02-04 18:58:28.683,2026-02-04 18:58:24.587,-4095.521,60.02912139892578,0
2026-02-04 18:58:20.000,2026-02-04 18:58:30.000,2108,2026-02-04 18:58:28.683,2026-02-04 18:58:24.596,-4086.427,60.03366470336914,0
2026-02-04 18:58:20.000,2026-02-04 18:58:30.000,2423,2026-02-04 18:58:28.600,2026-02-04 18:58:24.597,-4002.099,50.02169418334961,0
2026-02-04 18:58:20.000,2026-02-04 18:58:30.000,477,2026-02-04 18:58:28.700,2026-02-04 18:58:24.604,-4095.575,60.02922058105469,0
2026-02-04 18:58:20.000,2026-02-04 18:58:30.000,2108,2026-02-04 18:58:28.700,2026-02-04 18:58:24.611,-4088.576,60.03142166137695,0
2026-02-04 18:58:20.000,2026-02-04 18:58:30.000,2423,2026-02-04 18:58:28.620,2026-02-04 18:58:24.618,-4001.542,50.0231819152832,0
2026-02-04 18:58:20.000,2026-02-04 18:58:30.000,477,2026-02-04 18:58:28.716,2026-02-04 18:58:24.621,-4095.190,60.028778076171875,0
2026-02-04 18:58:20.000,2026-02-04 18:58:30.000,2108,2026-02-04 18:58:28.716,2026-02-04 18:58:24.628,-4087.680,60.02621841430664,0
2026-02-04 18:58:20.000,2026-02-04 18:58:30.000,477,2026-02-04 18:58:28.733,2026-02-04 18:58:24.638,-4095.097,60.02836608886719,0
2026-02-04 18:58:20.000,2026-02-04 18:58:30.000,2423,2026-02-04 18:58:28.640,2026-02-04 18:58:24.638,-4001.761,50.024356842041016,0
2026-02-04 18:58:20.000,2026-02-04 18:58:30.000,2108,2026-02-04 18:58:28.733,2026-02-04 18:58:24.651,-4081.587,60.02688980102539,0
2026-02-04 18:58:20.000,2026-02-04 18:58:30.000,477,2026-02-04 18:58:28.750,2026-02-04 18:58:24.654,-4095.744,60.028282165527344,0
2026-02-04 18:58:20.000,2026-02-04 18:58:30.000,2423,2026-02-04 18:58:28.659,2026-02-04 18:58:24.658,-4001.736,50.02338790893555,0
2026-02-04 18:58:20.000,2026-02-04 18:58:30.000,2108,2026-02-04 18:58:28.750,2026-02-04 18:58:24.664,-4085.232,60.02933883666992,0
2026-02-04 18:58:20.000,2026-02-04 18:58:30.000,477,2026-02-04 18:58:28.766,2026-02-04 18:58:24.671,-4094.904,60.028358459472656,0
2026-02-04 18:58:20.000,2026-02-04 18:58:30.000,2423,2026-02-04 18:58:28.680,2026-02-04 18:58:24.678,-4001.827,50.023494720458984,0
2026-02-04 18:58:20.000,2026-02-04 18:58:30.000,2108,2026-02-04 18:58:28.766,2026-02-04 18:58:24.685,-4081.382,60.02994918823242,0
2026-02-04 18:58:20.000,2026-02-04 18:58:30.000,477,2026-02-04 18:58:28.783,2026-02-04 18:58:24.688,-4095.041,60.02852249145508,0
2026-02-04 18:58:20.000,2026-02-04 18:58:30.000,2108,2026-02-04 18:58:28.783,2026-02-04 18:58:24.696,-4086.529,60.02918243408203,0
2026-02-04 18:58:20.000,2026-02-04 18:58:30.000,2423,2026-02-04 18:58:28.700,2026-02-04 18:58:24.697,-4002.202,50.02463912963867,0
2026-02-04 18:58:20.000,2026-02-04 18:58:30.000,477,2026-02-04 18:58:28.800,2026-02-04 18:58:24.704,-4095.163,60.029380798339844,0
2026-02-04 18:58:20.000,2026-02-04 18:58:30.000,2108,2026-02-04 18:58:28.800,2026-02-04 18:58:24.711,-4088.157,60.027679443359375,0
2026-02-04 18:58:20.000,2026-02-04 18:58:30.000,2423,2026-02-04 18:58:28.720,2026-02-04 18:58:24.718,-4001.863,50.0234375,0
2026-02-04 18:58:20.000,2026-02-04 18:58:30.000,477,2026-02-04 18:58:28.816,2026-02-04 18:58:24.721,-4095.526,60.03038024902344,0
2026-02-04 18:58:20.000,2026-02-04 18:58:30.000,2108,2026-02-04 18:58:28.816,2026-02-04 18:58:24.729,-4087.474,60.02998733520508,0
2026-02-04 18:58:20.000,2026-02-04 18:58:30.000,2423,2026-02-04 18:58:28.739,2026-02-04 18:58:24.737,-4002.290,50.02175521850586,0
2026-02-04 18:58:20.000,2026-02-04 18:58:30.000,477,2026-02-04 18:58:28.833,2026-02-04 18:58:24.737,-4095.626,60.02958297729492,0
2026-02-04 18:58:20.000,2026-02-04 18:58:30.000,2108,2026-02-04 18:58:28.833,2026-02-04 18:58:24.745,-4087.472,60.031982421875,0
2026-02-04 18:58:20.000,2026-02-04 18:58:30.000,477,2026-02-04 18:58:28.850,2026-02-04 18:58:24.754,-4095.087,60.02873611450195,0
2026-02-04 18:58:20.000,2026-02-04 18:58:30.000,2423,2026-02-04 18:58:28.760,2026-02-04 18:58:24.757,-4002.087,50.02273178100586,0
2026-02-04 18:58:20.000,2026-02-04 18:58:30.000,2108,2026-02-04 18:58:28.850,2026-02-04 18:58:24.764,-4085.578,60.03134536743164,0
2026-02-04 18:58:20.000,2026-02-04 18:58:30.000,477,2026-02-04 18:58:28.866,2026-02-04 18:58:24.771,-4095.243,60.02875518798828,0
2026-02-04 18:58:20.000,2026-02-04 18:58:30.000,2423,2026-02-04 18:58:28.780,2026-02-04 18:58:24.777,-4002.078,50.02394104003906,0
2026-02-04 18:58:20.000,2026-02-04 18:58:30.000,2108,2026-02-04 18:58:28.866,2026-02-04 18:58:24.778,-4087.731,60.03188705444336,0
2026-02-04 18:58:20.000,2026-02-04 18:58:30.000,477,2026-02-04 18:58:28.883,2026-02-04 18:58:24.788,-4095.079,60.02814865112305,0
2026-02-04 18:58:20.000,2026-02-04 18:58:30.000,2108,2026-02-04 18:58:28.883,2026-02-04 18:58:24.795,-4087.562,60.03042221069336,0
2026-02-04 18:58:20.000,2026-02-04 18:58:30.000,2423,2026-02-04 18:58:28.800,2026-02-04 18:58:24.797,-4002.238,50.022308349609375,0
2026-02-04 18:58:20.000,2026-02-04 18:58:30.000,477,2026-02-04 18:58:28.899,2026-02-04 18:58:24.805,-4094.626,60.02772521972656,0
2026-02-04 18:58:20.000,2026-02-04 18:58:30.000,2108,2026-02-04 18:58:28.899,2026-02-04 18:58:24.811,-4088.626,60.0278434753418,0
2026-02-04 18:58:20.000,2026-02-04 18:58:30.000,2423,2026-02-04 18:58:28.819,2026-02-04 18:58:24.817,-4002.114,50.021728515625,0
2026-02-04 18:58:20.000,2026-02-04 18:58:30.000,477,2026-02-04 18:58:28.916,2026-02-04 18:58:24.821,-4094.793,60.028629302978516,0
2026-02-04 18:58:20.000,2026-02-04 18:58:30.000,2108,2026-02-04 18:58:28.916,2026-02-04 18:58:24.828,-4088.283,60.026737213134766,0
2026-02-04 18:58:20.000,2026-02-04 18:58:30.000,2423,2026-02-04 18:58:28.840,2026-02-04 18:58:24.837,-4002.097,50.02348327636719,0
2026-02-04 18:58:20.000,2026-02-04 18:58:30.000,477,2026-02-04 18:58:28.933,2026-02-04 18:58:24.837,-4095.433,60.028961181640625,0
2026-02-04 18:58:20.000,2026-02-04 18:58:30.000,2108,2026-02-04 18:58:28.933,2026-02-04 18:58:24.845,-4088.206,60.02382278442383,0
2026-02-04 18:58:20.000,2026-02-04 18:58:30.000,477,2026-02-04 18:58:28.950,2026-02-04 18:58:24.855,-4094.864,60.02861785888672,0
2026-02-04 18:58:20.000,2026-02-04 18:58:30.000,2423,2026-02-04 18:58:28.860,2026-02-04 18:58:24.858,-4001.871,50.02400588989258,0
2026-02-04 18:58:20.000,2026-02-04 18:58:30.000,2108,2026-02-04 18:58:28.950,2026-02-04 18:58:24.862,-4087.863,60.023746490478516,0
2026-02-04 18:58:20.000,2026-02-04 18:58:30.000,2423,2026-02-04 18:58:28.880,2026-02-04 18:58:24.877,-4002.008,50.02220916748047,0
2026-02-04 18:58:20.000,2026-02-04 18:58:30.000,2108,2026-02-04 18:58:28.966,2026-02-04 18:58:24.878,-4087.682,60.029502868652344,0
2026-02-04 18:58:20.000,2026-02-04 18:58:30.000,477,2026-02-04 18:58:28.966,2026-02-04 18:58:24.892,-4073.907,60.0289192199707,0
2026-02-04 18:58:20.000,2026-02-04 18:58:30.000,477,2026-02-04 18:58:28.983,2026-02-04 18:58:24.892,-4090.571,60.02878189086914,0
2026-02-04 18:58:20.000,2026-02-04 18:58:30.000,2108,2026-02-04 18:58:28.983,2026-02-04 18:58:24.895,-4087.565,60.03136444091797,0
2026-02-04 18:58:20.000,2026-02-04 18:58:30.000,2423,2026-02-04 18:58:28.899,2026-02-04 18:58:24.897,-4002.218,50.021358489990234,0
2026-02-04 18:58:20.000,2026-02-04 18:58:30.000,477,2026-02-04 18:58:29.000,2026-02-04 18:58:24.904,-4095.198,60.02919006347656,0
2026-02-04 18:58:20.000,2026-02-04 18:58:30.000,2108,2026-02-04 18:58:29.000,2026-02-04 18:58:24.912,-4087.201,60.030540466308594,0
2026-02-04 18:58:20.000,2026-02-04 18:58:30.000,2423,2026-02-04 18:58:28.920,2026-02-04 18:58:24.918,-4001.690,50.024497985839844,0
2026-02-04 18:58:20.000,2026-02-04 18:58:30.000,477,2026-02-04 18:58:29.016,2026-02-04 18:58:24.921,-4095.355,60.02992630004883,0
2026-02-04 18:58:20.000,2026-02-04 18:58:30.000,2108,2026-02-04 18:58:29.016,2026-02-04 18:58:24.929,-4086.845,60.03041076660156,0
2026-02-04 18:58:20.000,2026-02-04 18:58:30.000,477,2026-02-04 18:58:29.033,2026-02-04 18:58:24.938,-4095.112,60.0289192199707,0
2026-02-04 18:58:20.000,2026-02-04 18:58:30.000,2423,2026-02-04 18:58:28.940,2026-02-04 18:58:24.938,-4001.792,50.02431106567383,0
2026-02-04 18:58:20.000,2026-02-04 18:58:30.000,2108,2026-02-04 18:58:29.033,2026-02-04 18:58:24.945,-4087.603,60.02708053588867,0
2026-02-04 18:58:20.000,2026-02-04 18:58:30.000,477,2026-02-04 18:58:29.050,2026-02-04 18:58:24.954,-4095.219,60.02789306640625,0
2026-02-04 18:58:20.000,2026-02-04 18:58:30.000,2423,2026-02-04 18:58:28.960,2026-02-04 18:58:24.957,-4002.220,50.019779205322266,0
2026-02-04 18:58:20.000,2026-02-04 18:58:30.000,2108,2026-02-04 18:58:29.050,2026-02-04 18:58:24.962,-4087.218,60.025699615478516,0
2026-02-04 18:58:20.000,2026-02-04 18:58:30.000,477,2026-02-04 18:58:29.066,2026-02-04 18:58:24.971,-4095.623,60.02834701538086,0
2026-02-04 18:58:20.000,2026-02-04 18:58:30.000,2423,2026-02-04 18:58:28.979,2026-02-04 18:58:24.979,-4000.899,50.020225524902344,0
2026-02-04 18:58:20.000,2026-02-04 18:58:30.000,2108,2026-02-04 18:58:29.066,2026-02-04 18:58:24.979,-4087.571,60.028621673583984,0
2026-02-04 18:58:20.000,2026-02-04 18:58:30.000,477,2026-02-04 18:58:29.083,2026-02-04 18:58:24.988,-4095.090,60.02879333496094,0
2026-02-04 18:58:20.000,2026-02-04 18:58:30.000,2108,2026-02-04 18:58:29.083,2026-02-04 18:58:24.995,-4087.579,60.029693603515625,0
2026-02-04 18:58:20.000,2026-02-04 18:58:30.000,2423,2026-02-04 18:58:29.000,2026-02-04 18:58:24.997,-4002.249,50.023956298828125,0
2026-02-04 18:58:20.000,2026-02-04 18:58:30.000,477,2026-02-04 18:58:29.100,2026-02-04 18:58:25.005,-4094.989,60.02888870239258,0
2026-02-04 18:58:20.000,2026-02-04 18:58:30.000,2108,2026-02-04 18:58:29.100,2026-02-04 18:58:25.013,-4086.989,60.027992248535156,0
2026-02-04 18:58:20.000,2026-02-04 18:58:30.000,2423,2026-02-04 18:58:29.020,2026-02-04 18:58:25.018,-4001.785,50.02583312988281,0
2026-02-04 18:58:20.000,2026-02-04 18:58:30.000,477,2026-02-04 18:58:29.116,2026-02-04 18:58:25.021,-4095.449,60.02901077270508,0
2026-02-04 18:58:20.000,2026-02-04 18:58:30.000,2108,2026-02-04 18:58:29.116,2026-02-04 18:58:25.028,-4087.937,60.028717041015625,0
2026-02-04 18:58:20.000,2026-02-04 18:58:30.000,477,2026-02-04 18:58:29.133,2026-02-04 18:58:25.038,-4095.093,60.02898406982422,0
2026-02-04 18:58:20.000,2026-02-04 18:58:30.000,2423,2026-02-04 18:58:29.040,2026-02-04 18:58:25.038,-4001.757,50.024658203125,0
2026-02-04 18:58:20.000,2026-02-04 18:58:30.000,2108,2026-02-04 18:58:29.133,2026-02-04 18:58:25.045,-4087.579,60.02967071533203,0
2026-02-04 18:58:20.000,2026-02-04 18:58:30.000,477,2026-02-04 18:58:29.150,2026-02-04 18:58:25.054,-4095.105,60.02897644042969,0
2026-02-04 18:58:20.000,2026-02-04 18:58:30.000,2423,2026-02-04 18:58:29.059,2026-02-04 18:58:25.057,-4002.098,50.02164840698242,0
2026-02-04 18:58:20.000,2026-02-04 18:58:30.000,2108,2026-02-04 18:58:29.150,2026-02-04 18:58:25.061,-4088.108,60.02715301513672,0
2026-02-04 18:58:20.000,2026-02-04 18:58:30.000,2423,2026-02-04 18:58:29.080,2026-02-04 18:58:25.078,-4001.807,50.02113342285156,0
2026-02-04 18:58:20.000,2026-02-04 18:58:30.000,2108,2026-02-04 18:58:29.166,2026-02-04 18:58:25.079,-4087.478,60.025634765625,0
2026-02-04 18:58:20.000,2026-02-04 18:58:30.000,477,2026-02-04 18:58:29.166,2026-02-04 18:58:25.092,-4073.935,60.0285530090332,0
2026-02-04 18:58:20.000,2026-02-04 18:58:30.000,477,2026-02-04 18:58:29.183,2026-02-04 18:58:25.092,-4090.599,60.02799987792969,0
2026-02-04 18:58:20.000,2026-02-04 18:58:30.000,2108,2026-02-04 18:58:29.183,2026-02-04 18:58:25.095,-4087.443,60.02705764770508,0
2026-02-04 18:58:20.000,2026-02-04 18:58:30.000,2423,2026-02-04 18:58:29.100,2026-02-04 18:58:25.097,-4002.115,50.02378463745117,0
2026-02-04 18:58:20.000,2026-02-04 18:58:30.000,477,2026-02-04 18:58:29.200,2026-02-04 18:58:25.103,-4096.083,60.028018951416016,0
2026-02-04 18:58:20.000,2026-02-04 18:58:30.000,2108,2026-02-04 18:58:29.200,2026-02-04 18:58:25.111,-4088.572,60.02806854248047,0
2026-02-04 18:58:20.000,2026-02-04 18:58:30.000,2423,2026-02-04 18:58:29.120,2026-02-04 18:58:25.117,-4002.055,50.025909423828125,0
2026-02-04 18:58:20.000,2026-02-04 18:58:30.000,477,2026-02-04 18:58:29.216,2026-02-04 18:58:25.121,-4094.718,60.02801513671875,0
2026-02-04 18:58:20.000,2026-02-04 18:58:30.000,2108,2026-02-04 18:58:29.216,2026-02-04 18:58:25.129,-4087.461,60.02796173095703,0
2026-02-04 18:58:20.000,2026-02-04 18:58:30.000,477,2026-02-04 18:58:29.233,2026-02-04 18:58:25.137,-4095.610,60.02819061279297,0
2026-02-04 18:58:20.000,2026-02-04 18:58:30.000,2423,2026-02-04 18:58:29.139,2026-02-04 18:58:25.138,-4001.275,50.023109436035156,0
2026-02-04 18:58:20.000,2026-02-04 18:58:30.000,2108,2026-02-04 18:58:29.233,2026-02-04 18:58:25.145,-4087.544,60.02962875366211,0
2026-02-04 18:58:20.000,2026-02-04 18:58:30.000,477,2026-02-04 18:58:29.250,2026-02-04 18:58:25.154,-4095.041,60.02846908569336,0
2026-02-04 18:58:20.000,2026-02-04 18:58:30.000,2423,2026-02-04 18:58:29.160,2026-02-04 18:58:25.157,-4002.041,50.02075958251953,0
2026-02-04 18:58:20.000,2026-02-04 18:58:30.000,2108,2026-02-04 18:58:29.250,2026-02-04 18:58:25.161,-4088.043,60.030120849609375,0
2026-02-04 18:58:20.000,2026-02-04 18:58:30.000,477,2026-02-04 18:58:29.266,2026-02-04 18:58:25.171,-4095.108,60.028404235839844,0
2026-02-04 18:58:20.000,2026-02-04 18:58:30.000,2423,2026-02-04 18:58:29.180,2026-02-04 18:58:25.178,-4001.935,50.02436828613281,0
2026-02-04 18:58:20.000,2026-02-04 18:58:30.000,2108,2026-02-04 18:58:29.266,2026-02-04 18:58:25.179,-4087.592,60.02876663208008,0
2026-02-04 18:58:20.000,2026-02-04 18:58:30.000,477,2026-02-04 18:58:29.283,2026-02-04 18:58:25.187,-4095.742,60.028194427490234,0
2026-02-04 18:58:20.000,2026-02-04 18:58:30.000,2108,2026-02-04 18:58:29.283,2026-02-04 18:58:25.195,-4088.204,60.0306396484375,0
2026-02-04 18:58:20.000,2026-02-04 18:58:30.000,2423,2026-02-04 18:58:29.200,2026-02-04 18:58:25.198,-4001.878,50.025604248046875,0
2026-02-04 18:58:20.000,2026-02-04 18:58:30.000,477,2026-02-04 18:58:29.299,2026-02-04 18:58:25.204,-4095.846,60.02871322631836,0
2026-02-04 18:58:20.000,2026-02-04 18:58:30.000,2108,2026-02-04 18:58:29.299,2026-02-04 18:58:25.212,-4087.847,60.03144836425781,0
2026-02-04 18:58:20.000,2026-02-04 18:58:30.000,2423,2026-02-04 18:58:29.219,2026-02-04 18:58:25.218,-4001.628,50.02349090576172,0
2026-02-04 18:58:20.000,2026-02-04 18:58:30.000,477,2026-02-04 18:58:29.316,2026-02-04 18:58:25.221,-4095.308,60.029659271240234,0
2026-02-04 18:58:20.000,2026-02-04 18:58:30.000,2108,2026-02-04 18:58:29.316,2026-02-04 18:58:25.228,-4087.798,60.02875518798828,0
2026-02-04 18:58:20.000,2026-02-04 18:58:30.000,2423,2026-02-04 18:58:29.240,2026-02-04 18:58:25.238,-4001.938,50.0232048034668,0
2026-02-04 18:58:20.000,2026-02-04 18:58:30.000,477,2026-02-04 18:58:29.333,2026-02-04 18:58:25.238,-4095.274,60.02935028076172,0
2026-02-04 18:58:20.000,2026-02-04 18:58:30.000,2108,2026-02-04 18:58:29.333,2026-02-04 18:58:25.245,-4088.231,60.02641677856445,0
2026-02-04 18:58:20.000,2026-02-04 18:58:30.000,477,2026-02-04 18:58:29.350,2026-02-04 18:58:25.255,-4094.845,60.027870178222656,0
2026-02-04 18:58:20.000,2026-02-04 18:58:30.000,2423,2026-02-04 18:58:29.260,2026-02-04 18:58:25.258,-4001.848,50.02305221557617,0
2026-02-04 18:58:20.000,2026-02-04 18:58:30.000,2108,2026-02-04 18:58:29.350,2026-02-04 18:58:25.261,-4088.846,60.02645492553711,0
2026-02-04 18:58:20.000,2026-02-04 18:58:30.000,477,2026-02-04 18:58:29.366,2026-02-04 18:58:25.271,-4095.487,60.027217864990234,0
2026-02-04 18:58:20.000,2026-02-04 18:58:30.000,2423,2026-02-04 18:58:29.280,2026-02-04 18:58:25.278,-4001.917,50.02265548706055,0
2026-02-04 18:58:20.000,2026-02-04 18:58:30.000,2108,2026-02-04 18:58:29.366,2026-02-04 18:58:25.279,-4087.589,60.028743743896484,0
2026-02-04 18:58:20.000,2026-02-04 18:58:30.000,477,2026-02-04 18:58:29.383,2026-02-04 18:58:25.288,-4094.994,60.02750015258789,0
2026-02-04 18:58:20.000,2026-02-04 18:58:30.000,2108,2026-02-04 18:58:29.383,2026-02-04 18:58:25.295,-4087.479,60.03031921386719,0
2026-02-04 18:58:20.000,2026-02-04 18:58:30.000,2423,2026-02-04 18:58:29.299,2026-02-04 18:58:25.297,-4002.132,50.022804260253906,0
2026-02-04 18:58:20.000,2026-02-04 18:58:30.000,477,2026-02-04 18:58:29.400,2026-02-04 18:58:25.304,-4095.115,60.027587890625,0
2026-02-04 18:58:20.000,2026-02-04 18:58:30.000,2108,2026-02-04 18:58:29.400,2026-02-04 18:58:25.311,-4088.115,60.02710723876953,0
2026-02-04 18:58:20.000,2026-02-04 18:58:30.000,2423,2026-02-04 18:58:29.320,2026-02-04 18:58:25.318,-4001.708,50.022281646728516,0
2026-02-04 18:58:20.000,2026-02-04 18:58:30.000,477,2026-02-04 18:58:29.416,2026-02-04 18:58:25.321,-4095.371,60.028114318847656,0
2026-02-04 18:58:20.000,2026-02-04 18:58:30.000,2108,2026-02-04 18:58:29.416,2026-02-04 18:58:25.328,-4087.855,60.023929595947266,0
2026-02-04 18:58:20.000,2026-02-04 18:58:30.000,477,2026-02-04 18:58:29.433,2026-02-04 18:58:25.337,-4095.467,60.02863693237305,0
2026-02-04 18:58:20.000,2026-02-04 18:58:30.000,2423,2026-02-04 18:58:29.340,2026-02-04 18:58:25.338,-4001.144,50.02304458618164,0
2026-02-04 18:58:20.000,2026-02-04 18:58:30.000,2108,2026-02-04 18:58:29.433,2026-02-04 18:58:25.377,-4055.414,60.0275764465332,0
2026-02-04 18:58:20.000,2026-02-04 18:58:30.000,477,2026-02-04 18:58:29.450,2026-02-04 18:58:25.378,-4071.581,60.02823257446289,0
2026-02-04 18:58:20.000,2026-02-04 18:58:30.000,2423,2026-02-04 18:58:29.360,2026-02-04 18:58:25.379,-3980.575,50.025630950927734,0
2026-02-04 18:58:20.000,2026-02-04 18:58:30.000,2108,2026-02-04 18:58:29.450,2026-02-04 18:58:25.379,-4070.575,60.03096008300781,0
2026-02-04 18:58:20.000,2026-02-04 18:58:30.000,477,2026-02-04 18:58:29.466,2026-02-04 18:58:25.380,-4086.238,60.028076171875,0
2026-02-04 18:58:20.000,2026-02-04 18:58:30.000,2423,2026-02-04 18:58:29.379,2026-02-04 18:58:25.381,-3998.567,50.024497985839844,0
2026-02-04 18:58:20.000,2026-02-04 18:58:30.000,2108,2026-02-04 18:58:29.466,2026-02-04 18:58:25.381,-4085.239,60.030513763427734,0
2026-02-04 18:58:20.000,2026-02-04 18:58:30.000,477,2026-02-04 18:58:29.483,2026-02-04 18:58:25.387,-4095.389,60.02857971191406,0
2026-02-04 18:58:20.000,2026-02-04 18:58:30.000,2108,2026-02-04 18:58:29.483,2026-02-04 18:58:25.407,-4075.783,60.02800369262695,0
2026-02-04 18:58:20.000,2026-02-04 18:58:30.000,2423,2026-02-04 18:58:29.400,2026-02-04 18:58:25.407,-3992.455,50.02231979370117,0
2026-02-04 18:58:20.000,2026-02-04 18:58:30.000,477,2026-02-04 18:58:29.500,2026-02-04 18:58:25.411,-4088.464,60.02835464477539,0
2026-02-04 18:58:20.000,2026-02-04 18:58:30.000,2108,2026-02-04 18:58:29.500,2026-02-04 18:58:25.411,-4088.464,60.02574157714844,0
2026-02-04 18:58:20.000,2026-02-04 18:58:30.000,2423,2026-02-04 18:58:29.420,2026-02-04 18:58:25.423,-3996.445,50.02415466308594,0
2026-02-04 18:58:20.000,2026-02-04 18:58:30.000,477,2026-02-04 18:58:29.516,2026-02-04 18:58:25.423,-4093.109,60.027809143066406,0
2026-02-04 18:58:20.000,2026-02-04 18:58:30.000,2108,2026-02-04 18:58:29.516,2026-02-04 18:58:25.437,-4079.587,60.02885818481445,0
2026-02-04 18:58:20.000,2026-02-04 18:58:30.000,2423,2026-02-04 18:58:29.440,2026-02-04 18:58:25.443,-3996.408,50.02445602416992,0
2026-02-04 18:58:20.000,2026-02-04 18:58:30.000,477,2026-02-04 18:58:29.533,2026-02-04 18:58:25.444,-4088.740,60.02769088745117,0
2026-02-04 18:58:20.000,2026-02-04 18:58:30.000,2108,2026-02-04 18:58:29.533,2026-02-04 18:58:25.445,-4087.740,60.03114700317383,0
2026-02-04 18:58:20.000,2026-02-04 18:58:30.000,477,2026-02-04 18:58:29.550,2026-02-04 18:58:25.460,-4089.894,60.028160095214844,0
2026-02-04 18:58:20.000,2026-02-04 18:58:30.000,2423,2026-02-04 18:58:29.459,2026-02-04 18:58:25.460,-3999.886,50.02242660522461,0
2026-02-04 18:58:20.000,2026-02-04 18:58:30.000,2108,2026-02-04 18:58:29.550,2026-02-04 18:58:25.462,-4087.895,60.026145935058594,0
2026-02-04 18:58:20.000,2026-02-04 18:58:30.000,477,2026-02-04 18:58:29.566,2026-02-04 18:58:25.471,-4095.054,60.02882385253906,0
2026-02-04 18:58:20.000,2026-02-04 18:58:30.000,2423,2026-02-04 18:58:29.480,2026-02-04 18:58:25.478,-4001.872,50.02364730834961,0
2026-02-04 18:58:20.000,2026-02-04 18:58:30.000,2108,2026-02-04 18:58:29.566,2026-02-04 18:58:25.479,-4087.543,60.022342681884766,0
2026-02-04 18:58:20.000,2026-02-04 18:58:30.000,477,2026-02-04 18:58:29.583,2026-02-04 18:58:25.488,-4095.107,60.02830123901367,0
2026-02-04 18:58:20.000,2026-02-04 18:58:30.000,2108,2026-02-04 18:58:29.583,2026-02-04 18:58:25.495,-4087.593,60.02568817138672,0
2026-02-04 18:58:20.000,2026-02-04 18:58:30.000,2423,2026-02-04 18:58:29.500,2026-02-04 18:58:25.497,-4002.266,50.026004791259766,0
2026-02-04 18:58:20.000,2026-02-04 18:58:30.000,477,2026-02-04 18:58:29.600,2026-02-04 18:58:25.504,-4095.655,60.02798843383789,0
2026-02-04 18:58:20.000,2026-02-04 18:58:30.000,2108,2026-02-04 18:58:29.600,2026-02-04 18:58:25.512,-4087.152,60.031124114990234,0
2026-02-04 18:58:20.000,2026-02-04 18:58:30.000,2423,2026-02-04 18:58:29.520,2026-02-04 18:58:25.517,-4002.146,50.02516555786133,0
2026-02-04 18:58:20.000,2026-02-04 18:58:30.000,477,2026-02-04 18:58:29.616,2026-02-04 18:58:25.520,-4095.809,60.02863693237305,0
2026-02-04 18:58:20.000,2026-02-04 18:58:30.000,2108,2026-02-04 18:58:29.616,2026-02-04 18:58:25.529,-4087.466,60.0321159362793,0
2026-02-04 18:58:20.000,2026-02-04 18:58:30.000,477,2026-02-04 18:58:29.633,2026-02-04 18:58:25.537,-4095.619,60.028541564941406,0
2026-02-04 18:58:20.000,2026-02-04 18:58:30.000,2423,2026-02-04 18:58:29.539,2026-02-04 18:58:25.538,-4001.283,50.02286911010742,0
2026-02-04 18:58:20.000,2026-02-04 18:58:30.000,2108,2026-02-04 18:58:29.633,2026-02-04 18:58:25.545,-4087.567,60.027950286865234,0
2026-02-04 18:58:20.000,2026-02-04 18:58:30.000,477,2026-02-04 18:58:29.650,2026-02-04 18:58:25.555,-4094.514,60.02785110473633,0
2026-02-04 18:58:20.000,2026-02-04 18:58:30.000,2423,2026-02-04 18:58:29.560,2026-02-04 18:58:25.558,-4001.656,50.02288818359375,0
2026-02-04 18:58:20.000,2026-02-04 18:58:30.000,2108,2026-02-04 18:58:29.650,2026-02-04 18:58:25.566,-4083.144,60.02519989013672,0
2026-02-04 18:58:20.000,2026-02-04 18:58:30.000,477,2026-02-04 18:58:29.666,2026-02-04 18:58:25.570,-4095.809,60.027854919433594,0
2026-02-04 18:58:20.000,2026-02-04 18:58:30.000,2423,2026-02-04 18:58:29.580,2026-02-04 18:58:25.579,-4000.727,50.02414321899414,0
2026-02-04 18:58:20.000,2026-02-04 18:58:30.000,2108,2026-02-04 18:58:29.666,2026-02-04 18:58:25.579,-4087.383,60.02691650390625,0
2026-02-04 18:58:20.000,2026-02-04 18:58:30.000,477,2026-02-04 18:58:29.683,2026-02-04 18:58:25.587,-4095.490,60.027793884277344,0
2026-02-04 18:58:20.000,2026-02-04 18:58:30.000,2108,2026-02-04 18:58:29.683,2026-02-04 18:58:25.595,-4087.420,60.02946472167969,0
2026-02-04 18:58:20.000,2026-02-04 18:58:30.000,2423,2026-02-04 18:58:29.600,2026-02-04 18:58:25.597,-4002.092,50.02450942993164,0
2026-02-04 18:58:20.000,2026-02-04 18:58:30.000,477,2026-02-04 18:58:29.699,2026-02-04 18:58:25.604,-4095.582,60.02784729003906,0
2026-02-04 18:58:20.000,2026-02-04 18:58:30.000,2108,2026-02-04 18:58:29.699,2026-02-04 18:58:25.611,-4088.582,60.03014373779297,0
2026-02-04 18:58:20.000,2026-02-04 18:58:30.000,2423,2026-02-04 18:58:29.619,2026-02-04 18:58:25.617,-4002.070,50.023773193359375,0
2026-02-04 18:58:20.000,2026-02-04 18:58:30.000,477,2026-02-04 18:58:29.716,2026-02-04 18:58:25.621,-4094.750,60.02842330932617,0
2026-02-04 18:58:20.000,2026-02-04 18:58:30.000,2108,2026-02-04 18:58:29.716,2026-02-04 18:58:25.628,-4088.242,60.026493072509766,0
2026-02-04 18:58:20.000,2026-02-04 18:58:30.000,477,2026-02-04 18:58:29.733,2026-02-04 18:58:25.637,-4095.396,60.02781677246094,0
2026-02-04 18:58:20.000,2026-02-04 18:58:30.000,2423,2026-02-04 18:58:29.640,2026-02-04 18:58:25.637,-4002.060,50.02347946166992,0
2026-02-04 18:58:20.000,2026-02-04 18:58:30.000,2108,2026-02-04 18:58:29.733,2026-02-04 18:58:25.645,-4087.882,60.02198791503906,0
2026-02-04 18:58:20.000,2026-02-04 18:58:30.000,477,2026-02-04 18:58:29.750,2026-02-04 18:58:25.654,-4095.032,60.02693557739258,0
2026-02-04 18:58:20.000,2026-02-04 18:58:30.000,2423,2026-02-04 18:58:29.660,2026-02-04 18:58:25.657,-4002.044,50.02424240112305,0
2026-02-04 18:58:20.000,2026-02-04 18:58:30.000,2108,2026-02-04 18:58:29.750,2026-02-04 18:58:25.661,-4088.036,60.025413513183594,0
2026-02-04 18:58:20.000,2026-02-04 18:58:30.000,477,2026-02-04 18:58:29.766,2026-02-04 18:58:25.671,-4095.240,60.02735137939453,0
2026-02-04 18:58:20.000,2026-02-04 18:58:30.000,2423,2026-02-04 18:58:29.680,2026-02-04 18:58:25.677,-4002.052,50.02417755126953,0
2026-02-04 18:58:20.000,2026-02-04 18:58:30.000,2108,2026-02-04 18:58:29.766,2026-02-04 18:58:25.679,-4086.723,60.031192779541016,0
2026-02-04 18:58:20.000,2026-02-04 18:58:30.000,477,2026-02-04 18:58:29.783,2026-02-04 18:58:25.688,-4095.003,60.02772521972656,0
2026-02-04 18:58:20.000,2026-02-04 18:58:30.000,2108,2026-02-04 18:58:29.783,2026-02-04 18:58:25.695,-4087.495,60.031002044677734,0
2026-02-04 18:58:20.000,2026-02-04 18:58:30.000,2423,2026-02-04 18:58:29.699,2026-02-04 18:58:25.697,-4002.149,50.02324676513672,0
2026-02-04 18:58:20.000,2026-02-04 18:58:30.000,477,2026-02-04 18:58:29.800,2026-02-04 18:58:25.705,-4094.609,60.0281982421875,0
2026-02-04 18:58:20.000,2026-02-04 18:58:30.000,2108,2026-02-04 18:58:29.800,2026-02-04 18:58:25.711,-4088.609,60.027748107910156,0
2026-02-04 18:58:20.000,2026-02-04 18:58:30.000,2423,2026-02-04 18:58:29.720,2026-02-04 18:58:25.717,-4002.098,50.023536682128906,0
2026-02-04 18:58:20.000,2026-02-04 18:58:30.000,477,2026-02-04 18:58:29.816,2026-02-04 18:58:25.730,-4086.249,60.02857971191406,0
2026-02-04 18:58:20.000,2026-02-04 18:58:30.000,2108,2026-02-04 18:58:29.816,2026-02-04 18:58:25.731,-4085.248,60.02544021606445,0
2026-02-04 18:58:20.000,2026-02-04 18:58:30.000,2423,2026-02-04 18:58:29.740,2026-02-04 18:58:25.738,-4001.076,50.0252685546875,0
2026-02-04 18:58:20.000,2026-02-04 18:58:30.000,477,2026-02-04 18:58:29.833,2026-02-04 18:58:25.738,-4094.396,60.02782440185547,0
2026-02-04 18:58:20.000,2026-02-04 18:58:30.000,2108,2026-02-04 18:58:29.833,2026-02-04 18:58:25.745,-4087.885,60.02682113647461,0
2026-02-04 18:58:20.000,2026-02-04 18:58:30.000,477,2026-02-04 18:58:29.850,2026-02-04 18:58:25.754,-4095.046,60.02761459350586,0
2026-02-04 18:58:20.000,2026-02-04 18:58:30.000,2423,2026-02-04 18:58:29.760,2026-02-04 18:58:25.757,-4002.044,50.026580810546875,0
2026-02-04 18:58:20.000,2026-02-04 18:58:30.000,2108,2026-02-04 18:58:29.850,2026-02-04 18:58:25.761,-4088.045,60.03007507324219,0
2026-02-04 18:58:20.000,2026-02-04 18:58:30.000,477,2026-02-04 18:58:29.866,2026-02-04 18:58:25.771,-4095.651,60.02800750732422,0
2026-02-04 18:58:20.000,2026-02-04 18:58:30.000,2423,2026-02-04 18:58:29.779,2026-02-04 18:58:25.778,-4001.930,50.02647018432617,0
2026-02-04 18:58:20.000,2026-02-04 18:58:30.000,2108,2026-02-04 18:58:29.866,2026-02-04 18:58:25.779,-4087.600,60.02682876586914,0
2026-02-04 18:58:20.000,2026-02-04 18:58:30.000,477,2026-02-04 18:58:29.883,2026-02-04 18:58:25.787,-4095.784,60.027099609375,0
2026-02-04 18:58:20.000,2026-02-04 18:58:30.000,2108,2026-02-04 18:58:29.883,2026-02-04 18:58:25.796,-4087.268,60.022254943847656,0
2026-02-04 18:58:20.000,2026-02-04 18:58:30.000,2423,2026-02-04 18:58:29.800,2026-02-04 18:58:25.798,-4001.936,50.02542495727539,0
2026-02-04 18:58:20.000,2026-02-04 18:58:30.000,477,2026-02-04 18:58:29.900,2026-02-04 18:58:25.804,-4095.823,60.02621841430664,0
2026-02-04 18:58:20.000,2026-02-04 18:58:30.000,2108,2026-02-04 18:58:29.900,2026-02-04 18:58:25.812,-4087.313,60.025390625,0
2026-02-04 18:58:20.000,2026-02-04 18:58:30.000,2423,2026-02-04 18:58:29.820,2026-02-04 18:58:25.817,-4002.307,50.02545928955078,0
2026-02-04 18:58:20.000,2026-02-04 18:58:30.000,477,2026-02-04 18:58:29.916,2026-02-04 18:58:25.821,-4094.970,60.026851654052734,0
2026-02-04 18:58:20.000,2026-02-04 18:58:30.000,2108,2026-02-04 18:58:29.916,2026-02-04 18:58:25.829,-4087.607,60.029258728027344,0
2026-02-04 18:58:20.000,2026-02-04 18:58:30.000,2423,2026-02-04 18:58:29.840,2026-02-04 18:58:25.838,-4001.819,50.025325775146484,0
2026-02-04 18:58:20.000,2026-02-04 18:58:30.000,477,2026-02-04 18:58:29.933,2026-02-04 18:58:25.838,-4095.155,60.0274772644043,0
2026-02-04 18:58:20.000,2026-02-04 18:58:30.000,2108,2026-02-04 18:58:29.933,2026-02-04 18:58:25.845,-4087.640,60.02946472167969,0
2026-02-04 18:58:20.000,2026-02-04 18:58:30.000,477,2026-02-04 18:58:29.950,2026-02-04 18:58:25.854,-4095.814,60.02793884277344,0
2026-02-04 18:58:20.000,2026-02-04 18:58:30.000,2423,2026-02-04 18:58:29.859,2026-02-04 18:58:25.858,-4001.806,50.02336883544922,0
2026-02-04 18:58:20.000,2026-02-04 18:58:30.000,2108,2026-02-04 18:58:29.950,2026-02-04 18:58:25.862,-4087.308,60.02674102783203,0
2026-02-04 18:58:20.000,2026-02-04 18:58:30.000,477,2026-02-04 18:58:29.966,2026-02-04 18:58:25.872,-4093.970,60.02827453613281,0
2026-02-04 18:58:20.000,2026-02-04 18:58:30.000,2423,2026-02-04 18:58:29.880,2026-02-04 18:58:25.878,-4001.266,50.022335052490234,0
2026-02-04 18:58:20.000,2026-02-04 18:58:30.000,2108,2026-02-04 18:58:29.966,2026-02-04 18:58:25.879,-4086.937,60.02635955810547,0
2026-02-04 18:58:20.000,2026-02-04 18:58:30.000,477,2026-02-04 18:58:29.983,2026-02-04 18:58:25.887,-4095.483,60.02782440185547,0
2026-02-04 18:58:20.000,2026-02-04 18:58:30.000,2108,2026-02-04 18:58:29.983,2026-02-04 18:58:25.895,-4087.448,60.03217315673828,0
2026-02-04 18:58:20.000,2026-02-04 18:58:30.000,2423,2026-02-04 18:58:29.900,2026-02-04 18:58:25.897,-4002.120,50.024574279785156,0
2026-02-04 18:58:20.000,2026-02-04 18:58:30.000,477,2026-02-04 18:58:30.000,2026-02-04 18:58:25.904,-4095.837,60.027435302734375,0
2026-02-04 18:58:20.000,2026-02-04 18:58:30.000,2108,2026-02-04 18:58:30.000,2026-02-04 18:58:25.913,-4086.316,60.03266525268555,0
2026-02-04 18:58:20.000,2026-02-04 18:58:30.000,2423,2026-02-04 18:58:29.920,2026-02-04 18:58:25.918,-4001.319,50.02621841430664,0
2026-02-04 18:58:20.000,2026-02-04 18:58:30.000,477,2026-02-04 18:58:30.016,2026-02-04 18:58:25.921,-4094.981,60.02704620361328,0
2026-02-04 18:58:20.000,2026-02-04 18:58:30.000,2108,2026-02-04 18:58:30.016,2026-02-04 18:58:25.928,-4087.805,60.02528381347656,0
2026-02-04 18:58:20.000,2026-02-04 18:58:30.000,477,2026-02-04 18:58:30.033,2026-02-04 18:58:25.937,-4096.008,60.02656555175781,0
2026-02-04 18:58:20.000,2026-02-04 18:58:30.000,2423,2026-02-04 18:58:29.939,2026-02-04 18:58:25.938,-4001.674,50.02493667602539,0
2026-02-04 18:58:20.000,2026-02-04 18:58:30.000,2108,2026-02-04 18:58:30.033,2026-02-04 18:58:25.945,-4087.485,60.02177810668945,0
2026-02-04 18:58:20.000,2026-02-04 18:58:30.000,477,2026-02-04 18:58:30.050,2026-02-04 18:58:25.954,-4095.652,60.02693557739258,0
2026-02-04 18:58:20.000,2026-02-04 18:58:30.000,2423,2026-02-04 18:58:29.960,2026-02-04 18:58:25.958,-4001.648,50.025428771972656,0
2026-02-04 18:58:20.000,2026-02-04 18:58:30.000,2108,2026-02-04 18:58:30.050,2026-02-04 18:58:25.961,-4088.653,60.023712158203125,0
2026-02-04 18:58:20.000,2026-02-04 18:58:30.000,477,2026-02-04 18:58:30.066,2026-02-04 18:58:25.970,-4095.801,60.027339935302734,0
2026-02-04 18:58:20.000,2026-02-04 18:58:30.000,2423,2026-02-04 18:58:29.980,2026-02-04 18:58:25.978,-4001.998,50.027442932128906,0
2026-02-04 18:58:20.000,2026-02-04 18:58:30.000,2108,2026-02-04 18:58:30.066,2026-02-04 18:58:25.979,-4087.652,60.02848434448242,0
2026-02-04 18:58:20.000,2026-02-04 18:58:30.000,477,2026-02-04 18:58:30.083,2026-02-04 18:58:25.988,-4095.037,60.027503967285156,0
2026-02-04 18:58:20.000,2026-02-04 18:58:30.000,2108,2026-02-04 18:58:30.083,2026-02-04 18:58:25.995,-4087.525,60.031681060791016,0
2026-02-04 18:58:20.000,2026-02-04 18:58:30.000,2423,2026-02-04 18:58:30.000,2026-02-04 18:58:25.998,-4001.194,50.02594757080078,0
2026-02-04 18:58:20.000,2026-02-04 18:58:30.000,477,2026-02-04 18:58:30.099,2026-02-04 18:58:26.004,-4095.461,60.0274658203125,0
2026-02-04 18:58:20.000,2026-02-04 18:58:30.000,2108,2026-02-04 18:58:30.099,2026-02-04 18:58:26.012,-4087.951,60.026615142822266,0
2026-02-04 18:58:20.000,2026-02-04 18:58:30.000,2423,2026-02-04 18:58:30.019,2026-02-04 18:58:26.018,-4001.624,50.02268600463867,0
2026-02-04 18:58:20.000,2026-02-04 18:58:30.000,477,2026-02-04 18:58:30.116,2026-02-04 18:58:26.021,-4095.258,60.02704620361328,0
2026-02-04 18:58:20.000,2026-02-04 18:58:30.000,2108,2026-02-04 18:58:30.116,2026-02-04 18:58:26.028,-4087.748,60.02103042602539,0
2026-02-04 18:58:20.000,2026-02-04 18:58:30.000,477,2026-02-04 18:58:30.133,2026-02-04 18:58:26.038,-4095.211,60.027137756347656,0
2026-02-04 18:58:20.000,2026-02-04 18:58:30.000,2423,2026-02-04 18:58:30.040,2026-02-04 18:58:26.039,-4000.871,50.021934509277344,0
2026-02-04 18:58:20.000,2026-02-04 18:58:30.000,2108,2026-02-04 18:58:30.133,2026-02-04 18:58:26.045,-4087.697,60.02450942993164,0
2026-02-04 18:58:20.000,2026-02-04 18:58:30.000,477,2026-02-04 18:58:30.150,2026-02-04 18:58:26.055,-4094.853,60.027587890625,0
2026-02-04 18:58:20.000,2026-02-04 18:58:30.000,2423,2026-02-04 18:58:30.060,2026-02-04 18:58:26.058,-4001.861,50.02318572998047,0
2026-02-04 18:58:20.000,2026-02-04 18:58:30.000,2108,2026-02-04 18:58:30.150,2026-02-04 18:58:26.062,-4087.852,60.02965545654297,0
2026-02-04 18:58:20.000,2026-02-04 18:58:30.000,477,2026-02-04 18:58:30.166,2026-02-04 18:58:26.071,-4095.213,60.02711486816406,0
2026-02-04 18:58:20.000,2026-02-04 18:58:30.000,2423,2026-02-04 18:58:30.080,2026-02-04 18:58:26.077,-4002.031,50.023502349853516,0
2026-02-04 18:58:20.000,2026-02-04 18:58:30.000,2108,2026-02-04 18:58:30.166,2026-02-04 18:58:26.078,-4087.703,60.029640197753906,0
2026-02-04 18:58:20.000,2026-02-04 18:58:30.000,477,2026-02-04 18:58:30.183,2026-02-04 18:58:26.087,-4095.496,60.026424407958984,0
2026-02-04 18:58:20.000,2026-02-04 18:58:30.000,2108,2026-02-04 18:58:30.183,2026-02-04 18:58:26.096,-4086.983,60.02568817138672,0
2026-02-04 18:58:20.000,2026-02-04 18:58:30.000,2423,2026-02-04 18:58:30.099,2026-02-04 18:58:26.097,-4002.129,50.0238037109375,0
2026-02-04 18:58:20.000,2026-02-04 18:58:30.000,477,2026-02-04 18:58:30.200,2026-02-04 18:58:26.105,-4094.913,60.026954650878906,0
2026-02-04 18:58:20.000,2026-02-04 18:58:30.000,2108,2026-02-04 18:58:30.200,2026-02-04 18:58:26.112,-4087.896,60.025142669677734,0
2026-02-04 18:58:20.000,2026-02-04 18:58:30.000,2423,2026-02-04 18:58:30.120,2026-02-04 18:58:26.118,-4001.389,50.026737213134766,0
2026-02-04 18:58:20.000,2026-02-04 18:58:30.000,477,2026-02-04 18:58:30.216,2026-02-04 18:58:26.126,-4090.539,60.0273551940918,0
2026-02-04 18:58:20.000,2026-02-04 18:58:30.000,2108,2026-02-04 18:58:30.216,2026-02-04 18:58:26.129,-4087.540,60.0296630859375,0
2026-02-04 18:58:20.000,2026-02-04 18:58:30.000,477,2026-02-04 18:58:30.233,2026-02-04 18:58:26.138,-4095.109,60.027103424072266,0
2026-02-04 18:58:20.000,2026-02-04 18:58:30.000,2423,2026-02-04 18:58:30.140,2026-02-04 18:58:26.138,-4001.788,50.02902603149414,0
2026-02-04 18:58:20.000,2026-02-04 18:58:30.000,2108,2026-02-04 18:58:30.233,2026-02-04 18:58:26.145,-4087.595,60.028533935546875,0
2026-02-04 18:58:20.000,2026-02-04 18:58:30.000,477,2026-02-04 18:58:30.250,2026-02-04 18:58:26.155,-4094.758,60.0270881652832,0
2026-02-04 18:58:20.000,2026-02-04 18:58:30.000,2423,2026-02-04 18:58:30.160,2026-02-04 18:58:26.158,-4001.759,50.02668380737305,0
2026-02-04 18:58:20.000,2026-02-04 18:58:30.000,2108,2026-02-04 18:58:30.250,2026-02-04 18:58:26.162,-4087.252,60.023136138916016,0
2026-02-04 18:58:20.000,2026-02-04 18:58:30.000,477,2026-02-04 18:58:30.266,2026-02-04 18:58:26.170,-4095.911,60.02692413330078,0
2026-02-04 18:58:20.000,2026-02-04 18:58:30.000,2423,2026-02-04 18:58:30.179,2026-02-04 18:58:26.177,-4002.178,50.02333068847656,0
2026-02-04 18:58:20.000,2026-02-04 18:58:30.000,2108,2026-02-04 18:58:30.266,2026-02-04 18:58:26.178,-4087.847,60.02366638183594,0
2026-02-04 18:58:20.000,2026-02-04 18:58:30.000,477,2026-02-04 18:58:30.283,2026-02-04 18:58:26.188,-4095.323,60.02665328979492,0
2026-02-04 18:58:20.000,2026-02-04 18:58:30.000,2108,2026-02-04 18:58:30.283,2026-02-04 18:58:26.196,-4087.284,60.02760696411133,0
2026-02-04 18:58:20.000,2026-02-04 18:58:30.000,2423,2026-02-04 18:58:30.200,2026-02-04 18:58:26.198,-4001.956,50.02428436279297,0
2026-02-04 18:58:20.000,2026-02-04 18:58:30.000,477,2026-02-04 18:58:30.300,2026-02-04 18:58:26.204,-4095.429,60.02668762207031,0
2026-02-04 18:58:20.000,2026-02-04 18:58:30.000,2108,2026-02-04 18:58:30.300,2026-02-04 18:58:26.211,-4088.428,60.02772521972656,0
2026-02-04 18:58:20.000,2026-02-04 18:58:30.000,2423,2026-02-04 18:58:30.220,2026-02-04 18:58:26.218,-4001.917,50.02577209472656,0
2026-02-04 18:58:20.000,2026-02-04 18:58:30.000,477,2026-02-04 18:58:30.316,2026-02-04 18:58:26.222,-4094.581,60.02664566040039,0
2026-02-04 18:58:20.000,2026-02-04 18:58:30.000,2108,2026-02-04 18:58:30.316,2026-02-04 18:58:26.229,-4087.457,60.02709197998047,0
2026-02-04 18:58:20.000,2026-02-04 18:58:30.000,2423,2026-02-04 18:58:30.240,2026-02-04 18:58:26.237,-4002.271,50.02564239501953,0
2026-02-04 18:58:20.000,2026-02-04 18:58:30.000,477,2026-02-04 18:58:30.333,2026-02-04 18:58:26.237,-4095.607,60.02566146850586,0
2026-02-04 18:58:20.000,2026-02-04 18:58:30.000,2108,2026-02-04 18:58:30.333,2026-02-04 18:58:26.245,-4088.086,60.02623748779297,0
2026-02-04 18:58:20.000,2026-02-04 18:58:30.000,477,2026-02-04 18:58:30.350,2026-02-04 18:58:26.254,-4095.237,60.02524185180664,0
2026-02-04 18:58:20.000,2026-02-04 18:58:30.000,2423,2026-02-04 18:58:30.259,2026-02-04 18:58:26.269,-3990.201,50.02764129638672,0
2026-02-04 18:58:20.000,2026-02-04 18:58:30.000,2108,2026-02-04 18:58:30.350,2026-02-04 18:58:26.270,-4079.078,60.023536682128906,0
2026-02-04 18:58:20.000,2026-02-04 18:58:30.000,477,2026-02-04 18:58:30.366,2026-02-04 18:58:26.270,-4095.750,60.0261116027832,0
2026-02-04 18:58:20.000,2026-02-04 18:58:30.000,2423,2026-02-04 18:58:30.280,2026-02-04 18:58:26.277,-4002.045,50.027854919433594,0
2026-02-04 18:58:20.000,2026-02-04 18:58:30.000,2108,2026-02-04 18:58:30.366,2026-02-04 18:58:26.278,-4087.718,60.02452850341797,0
2026-02-04 18:58:20.000,2026-02-04 18:58:30.000,477,2026-02-04 18:58:30.383,2026-02-04 18:58:26.300,-4082.797,60.026371002197266,0
2026-02-04 18:58:20.000,2026-02-04 18:58:30.000,2108,2026-02-04 18:58:30.383,2026-02-04 18:58:26.310,-4073.268,60.02837371826172,0
2026-02-04 18:58:20.000,2026-02-04 18:58:30.000,2423,2026-02-04 18:58:30.300,2026-02-04 18:58:26.310,-3989.940,50.02430725097656,0
2026-02-04 18:58:20.000,2026-02-04 18:58:30.000,477,2026-02-04 18:58:30.400,2026-02-04 18:58:26.311,-4088.931,60.0257453918457,0
2026-02-04 18:58:20.000,2026-02-04 18:58:30.000,2108,2026-02-04 18:58:30.400,2026-02-04 18:58:26.313,-4086.931,60.02620315551758,0
2026-02-04 18:58:20.000,2026-02-04 18:58:30.000,2423,2026-02-04 18:58:30.320,2026-02-04 18:58:26.319,-4000.418,50.02195358276367,0
2026-02-04 18:58:20.000,2026-02-04 18:58:30.000,477,2026-02-04 18:58:30.416,2026-02-04 18:58:26.332,-4084.563,60.025848388671875,0
2026-02-04 18:58:20.000,2026-02-04 18:58:30.000,2108,2026-02-04 18:58:30.416,2026-02-04 18:58:26.334,-4082.046,60.02195739746094,0
2026-02-04 18:58:20.000,2026-02-04 18:58:30.000,2423,2026-02-04 18:58:30.339,2026-02-04 18:58:26.337,-4002.371,50.02220153808594,0
2026-02-04 18:58:20.000,2026-02-04 18:58:30.000,477,2026-02-04 18:58:30.433,2026-02-04 18:58:26.338,-4094.705,60.026451110839844,0
2026-02-04 18:58:20.000,2026-02-04 18:58:30.000,2108,2026-02-04 18:58:30.433,2026-02-04 18:58:26.347,-4085.664,60.02524185180664,0
2026-02-04 18:58:20.000,2026-02-04 18:58:30.000,477,2026-02-04 18:58:30.450,2026-02-04 18:58:26.355,-4094.824,60.02665328979492,0
2026-02-04 18:58:20.000,2026-02-04 18:58:30.000,2423,2026-02-04 18:58:30.360,2026-02-04 18:58:26.358,-4001.785,50.0240478515625,0
2026-02-04 18:58:20.000,2026-02-04 18:58:30.000,2108,2026-02-04 18:58:30.450,2026-02-04 18:58:26.362,-4087.279,60.029319763183594,0
2026-02-04 18:58:20.000,2026-02-04 18:58:30.000,477,2026-02-04 18:58:30.466,2026-02-04 18:58:26.371,-4094.938,60.026466369628906,0
2026-02-04 18:58:20.000,2026-02-04 18:58:30.000,2423,2026-02-04 18:58:30.380,2026-02-04 18:58:26.378,-4001.772,50.027618408203125,0
2026-02-04 18:58:20.000,2026-02-04 18:58:30.000,2108,2026-02-04 18:58:30.466,2026-02-04 18:58:26.379,-4087.429,60.02886962890625,0
2026-02-04 18:58:20.000,2026-02-04 18:58:30.000,477,2026-02-04 18:58:30.483,2026-02-04 18:58:26.388,-4095.070,60.02576446533203,0
2026-02-04 18:58:20.000,2026-02-04 18:58:30.000,2108,2026-02-04 18:58:30.483,2026-02-04 18:58:26.395,-4087.550,60.02549362182617,0
2026-02-04 18:58:20.000,2026-02-04 18:58:30.000,2423,2026-02-04 18:58:30.400,2026-02-04 18:58:26.397,-4002.225,50.02839660644531,0
2026-02-04 18:58:20.000,2026-02-04 18:58:30.000,477,2026-02-04 18:58:30.499,2026-02-04 18:58:26.404,-4095.680,60.02482604980469,0
2026-02-04 18:58:20.000,2026-02-04 18:58:30.000,2108,2026-02-04 18:58:30.499,2026-02-04 18:58:26.411,-4088.674,60.02190017700195,0
2026-02-04 18:58:20.000,2026-02-04 18:58:30.000,2423,2026-02-04 18:58:30.419,2026-02-04 18:58:26.417,-4002.156,50.024169921875,0
2026-02-04 18:58:20.000,2026-02-04 18:58:30.000,477,2026-02-04 18:58:30.516,2026-02-04 18:58:26.420,-4095.837,60.02448654174805,0
2026-02-04 18:58:20.000,2026-02-04 18:58:30.000,2108,2026-02-04 18:58:30.516,2026-02-04 18:58:26.429,-4087.497,60.02518081665039,0
2026-02-04 18:58:20.000,2026-02-04 18:58:30.000,2423,2026-02-04 18:58:30.440,2026-02-04 18:58:26.437,-4002.314,50.02346420288086,0
2026-02-04 18:58:20.000,2026-02-04 18:58:30.000,477,2026-02-04 18:58:30.533,2026-02-04 18:58:26.437,-4095.650,60.025367736816406,0
2026-02-04 18:58:20.000,2026-02-04 18:58:30.000,2108,2026-02-04 18:58:30.533,2026-02-04 18:58:26.445,-4087.502,60.02949142456055,0
2026-02-04 18:58:20.000,2026-02-04 18:58:30.000,477,2026-02-04 18:58:30.550,2026-02-04 18:58:26.454,-4095.094,60.026180267333984,0
2026-02-04 18:58:20.000,2026-02-04 18:58:30.000,2423,2026-02-04 18:58:30.460,2026-02-04 18:58:26.457,-4002.101,50.02727508544922,0
2026-02-04 18:58:20.000,2026-02-04 18:58:30.000,2108,2026-02-04 18:58:30.550,2026-02-04 18:58:26.461,-4088.096,60.0269889831543,0
2026-02-04 18:58:20.000,2026-02-04 18:58:30.000,477,2026-02-04 18:58:30.566,2026-02-04 18:58:26.471,-4095.655,60.02535629272461,0
2026-02-04 18:58:20.000,2026-02-04 18:58:30.000,2423,2026-02-04 18:58:30.480,2026-02-04 18:58:26.478,-4001.909,50.02703857421875,0
2026-02-04 18:58:20.000,2026-02-04 18:58:30.000,2108,2026-02-04 18:58:30.566,2026-02-04 18:58:26.479,-4087.581,60.023502349853516,0
2026-02-04 18:58:20.000,2026-02-04 18:58:30.000,477,2026-02-04 18:58:30.583,2026-02-04 18:58:26.488,-4095.156,60.02448654174805,0
2026-02-04 18:58:20.000,2026-02-04 18:58:30.000,2108,2026-02-04 18:58:30.583,2026-02-04 18:58:26.495,-4087.646,60.023860931396484,0
2026-02-04 18:58:20.000,2026-02-04 18:58:30.000,2423,2026-02-04 18:58:30.499,2026-02-04 18:58:26.497,-4002.302,50.022857666015625,0
2026-02-04 18:58:20.000,2026-02-04 18:58:30.000,477,2026-02-04 18:58:30.600,2026-02-04 18:58:26.504,-4095.282,60.02510452270508,0
2026-02-04 18:58:20.000,2026-02-04 18:58:30.000,2108,2026-02-04 18:58:30.600,2026-02-04 18:58:26.512,-4087.285,60.026668548583984,0
2026-02-04 18:58:20.000,2026-02-04 18:58:30.000,2423,2026-02-04 18:58:30.520,2026-02-04 18:58:26.518,-4001.171,50.022300720214844,0
2026-02-04 18:58:20.000,2026-02-04 18:58:30.000,477,2026-02-04 18:58:30.616,2026-02-04 18:58:26.521,-4094.832,60.02562713623047,0
2026-02-04 18:58:20.000,2026-02-04 18:58:30.000,2108,2026-02-04 18:58:30.616,2026-02-04 18:58:26.528,-4087.749,60.0270881652832,0
2026-02-04 18:58:20.000,2026-02-04 18:58:30.000,2423,2026-02-04 18:58:30.540,2026-02-04 18:58:26.537,-4002.014,50.02593994140625,0
2026-02-04 18:58:20.000,2026-02-04 18:58:30.000,477,2026-02-04 18:58:30.633,2026-02-04 18:58:26.537,-4095.334,60.025352478027344,0
2026-02-04 18:58:20.000,2026-02-04 18:58:30.000,2108,2026-02-04 18:58:30.633,2026-02-04 18:58:26.545,-4087.979,60.02477264404297,0
2026-02-04 18:58:20.000,2026-02-04 18:58:30.000,477,2026-02-04 18:58:30.650,2026-02-04 18:58:26.554,-4095.629,60.025230407714844,0
2026-02-04 18:58:20.000,2026-02-04 18:58:30.000,2423,2026-02-04 18:58:30.560,2026-02-04 18:58:26.557,-4002.115,50.026763916015625,0
2026-02-04 18:58:20.000,2026-02-04 18:58:30.000,2108,2026-02-04 18:58:30.650,2026-02-04 18:58:26.561,-4088.086,60.02425003051758,0
2026-02-04 18:58:20.000,2026-02-04 18:58:30.000,477,2026-02-04 18:58:30.666,2026-02-04 18:58:26.571,-4095.327,60.02494812011719,0
2026-02-04 18:58:20.000,2026-02-04 18:58:30.000,2423,2026-02-04 18:58:30.579,2026-02-04 18:58:26.577,-4002.140,50.024410247802734,0
2026-02-04 18:58:20.000,2026-02-04 18:58:30.000,2108,2026-02-04 18:58:30.666,2026-02-04 18:58:26.578,-4087.814,60.02534484863281,0
2026-02-04 18:58:20.000,2026-02-04 18:58:30.000,477,2026-02-04 18:58:30.683,2026-02-04 18:58:26.588,-4094.392,60.024566650390625,0
2026-02-04 18:58:20.000,2026-02-04 18:58:30.000,2108,2026-02-04 18:58:30.683,2026-02-04 18:58:26.596,-4087.311,60.02621841430664,0
2026-02-04 18:58:20.000,2026-02-04 18:58:30.000,2423,2026-02-04 18:58:30.600,2026-02-04 18:58:26.598,-4001.983,50.02422332763672,0
2026-02-04 18:58:20.000,2026-02-04 18:58:30.000,477,2026-02-04 18:58:30.700,2026-02-04 18:58:26.605,-4094.453,60.02442169189453,0
2026-02-04 18:58:20.000,2026-02-04 18:58:30.000,2108,2026-02-04 18:58:30.700,2026-02-04 18:58:26.615,-4084.934,60.02729797363281,0
2026-02-04 18:58:20.000,2026-02-04 18:58:30.000,2423,2026-02-04 18:58:30.620,2026-02-04 18:58:26.618,-4001.936,50.0263671875,0
2026-02-04 18:58:20.000,2026-02-04 18:58:30.000,477,2026-02-04 18:58:30.716,2026-02-04 18:58:26.621,-4095.598,60.02423858642578,0
2026-02-04 18:58:20.000,2026-02-04 18:58:30.000,2108,2026-02-04 18:58:30.716,2026-02-04 18:58:26.634,-4082.016,60.025577545166016,0
2026-02-04 18:58:20.000,2026-02-04 18:58:30.000,2423,2026-02-04 18:58:30.640,2026-02-04 18:58:26.637,-4002.340,50.02716064453125,0
2026-02-04 18:58:20.000,2026-02-04 18:58:30.000,477,2026-02-04 18:58:30.733,2026-02-04 18:58:26.638,-4094.681,60.0244026184082,0
2026-02-04 18:58:20.000,2026-02-04 18:58:30.000,2108,2026-02-04 18:58:30.733,2026-02-04 18:58:26.651,-4082.163,60.02140426635742,0
2026-02-04 18:58:20.000,2026-02-04 18:58:30.000,477,2026-02-04 18:58:30.750,2026-02-04 18:58:26.654,-4095.316,60.02508544921875,0
2026-02-04 18:58:20.000,2026-02-04 18:58:30.000,2423,2026-02-04 18:58:30.659,2026-02-04 18:58:26.660,-3999.309,50.02573776245117,0
2026-02-04 18:58:20.000,2026-02-04 18:58:30.000,2108,2026-02-04 18:58:30.750,2026-02-04 18:58:26.662,-4087.315,60.023311614990234,0
2026-02-04 18:58:20.000,2026-02-04 18:58:30.000,477,2026-02-04 18:58:30.766,2026-02-04 18:58:26.671,-4095.475,60.0258903503418,0
2026-02-04 18:58:20.000,2026-02-04 18:58:30.000,2423,2026-02-04 18:58:30.680,2026-02-04 18:58:26.677,-4002.292,50.02491760253906,0
2026-02-04 18:58:20.000,2026-02-04 18:58:30.000,2108,2026-02-04 18:58:30.766,2026-02-04 18:58:26.678,-4087.964,60.029293060302734,0
2026-02-04 18:58:20.000,2026-02-04 18:58:30.000,477,2026-02-04 18:58:30.783,2026-02-04 18:58:26.688,-4095.112,60.0260009765625,0
2026-02-04 18:58:20.000,2026-02-04 18:58:30.000,2108,2026-02-04 18:58:30.783,2026-02-04 18:58:26.700,-4082.757,60.029266357421875,0
2026-02-04 18:58:20.000,2026-02-04 18:58:30.000,2423,2026-02-04 18:58:30.700,2026-02-04 18:58:26.701,-3998.846,50.026031494140625,0
2026-02-04 18:58:20.000,2026-02-04 18:58:30.000,477,2026-02-04 18:58:30.800,2026-02-04 18:58:26.711,-4088.080,60.02541732788086,0
2026-02-04 18:58:20.000,2026-02-04 18:58:30.000,2108,2026-02-04 18:58:30.800,2026-02-04 18:58:26.712,-4087.031,60.0230598449707,0
2026-02-04 18:58:20.000,2026-02-04 18:58:30.000,2423,2026-02-04 18:58:30.720,2026-02-04 18:58:26.725,-3994.288,50.02599334716797,0
2026-02-04 18:58:20.000,2026-02-04 18:58:30.000,477,2026-02-04 18:58:30.816,2026-02-04 18:58:26.726,-4090.430,60.02497863769531,0
2026-02-04 18:58:20.000,2026-02-04 18:58:30.000,2108,2026-02-04 18:58:30.816,2026-02-04 18:58:26.729,-4087.232,60.02091598510742,0
2026-02-04 18:58:20.000,2026-02-04 18:58:30.000,477,2026-02-04 18:58:30.833,2026-02-04 18:58:26.737,-4095.355,60.02509689331055,0
2026-02-04 18:58:20.000,2026-02-04 18:58:30.000,2423,2026-02-04 18:58:30.739,2026-02-04 18:58:26.738,-4001.487,50.02518844604492,0
2026-02-04 18:58:20.000,2026-02-04 18:58:30.000,2108,2026-02-04 18:58:30.833,2026-02-04 18:58:26.746,-4087.301,60.02461242675781,0
2026-02-04 18:58:20.000,2026-02-04 18:58:30.000,477,2026-02-04 18:58:30.850,2026-02-04 18:58:26.754,-4095.466,60.02534103393555,0
2026-02-04 18:58:20.000,2026-02-04 18:58:30.000,2423,2026-02-04 18:58:30.760,2026-02-04 18:58:26.757,-4002.466,50.02617645263672,0
2026-02-04 18:58:20.000,2026-02-04 18:58:30.000,2108,2026-02-04 18:58:30.850,2026-02-04 18:58:26.761,-4088.467,60.026371002197266,0
2026-02-04 18:58:20.000,2026-02-04 18:58:30.000,477,2026-02-04 18:58:30.866,2026-02-04 18:58:26.771,-4095.620,60.025508880615234,0
2026-02-04 18:58:20.000,2026-02-04 18:58:30.000,2423,2026-02-04 18:58:30.780,2026-02-04 18:58:26.778,-4001.455,50.02666473388672,0
2026-02-04 18:58:20.000,2026-02-04 18:58:30.000,2108,2026-02-04 18:58:30.866,2026-02-04 18:58:26.778,-4088.110,60.026126861572266,0
2026-02-04 18:58:20.000,2026-02-04 18:58:30.000,477,2026-02-04 18:58:30.883,2026-02-04 18:58:26.787,-4095.752,60.02521514892578,0
2026-02-04 18:58:20.000,2026-02-04 18:58:30.000,2108,2026-02-04 18:58:30.883,2026-02-04 18:58:26.796,-4086.660,60.024681091308594,0
2026-02-04 18:58:20.000,2026-02-04 18:58:30.000,2423,2026-02-04 18:58:30.800,2026-02-04 18:58:26.797,-4002.333,50.024620056152344,0
2026-02-04 18:58:20.000,2026-02-04 18:58:30.000,477,2026-02-04 18:58:30.899,2026-02-04 18:58:26.804,-4095.304,60.024295806884766,0
2026-02-04 18:58:20.000,2026-02-04 18:58:30.000,2108,2026-02-04 18:58:30.899,2026-02-04 18:58:26.812,-4087.305,60.024173736572266,0
2026-02-04 18:58:20.000,2026-02-04 18:58:30.000,2423,2026-02-04 18:58:30.819,2026-02-04 18:58:26.818,-4001.889,50.02241516113281,0
2026-02-04 18:58:20.000,2026-02-04 18:58:30.000,477,2026-02-04 18:58:30.916,2026-02-04 18:58:26.821,-4095.568,60.02458572387695,0
2026-02-04 18:58:20.000,2026-02-04 18:58:30.000,2108,2026-02-04 18:58:30.916,2026-02-04 18:58:26.829,-4087.361,60.02768325805664,0
2026-02-04 18:58:20.000,2026-02-04 18:58:30.000,2423,2026-02-04 18:58:30.840,2026-02-04 18:58:26.837,-4002.008,50.02352523803711,0
2026-02-04 18:58:20.000,2026-02-04 18:58:30.000,477,2026-02-04 18:58:30.933,2026-02-04 18:58:26.837,-4095.344,60.02577590942383,0
2026-02-04 18:58:20.000,2026-02-04 18:58:30.000,2108,2026-02-04 18:58:30.933,2026-02-04 18:58:26.846,-4087.172,60.03035354614258,0
2026-02-04 18:58:20.000,2026-02-04 18:58:30.000,477,2026-02-04 18:58:30.950,2026-02-04 18:58:26.854,-4095.252,60.025917053222656,0
2026-02-04 18:58:20.000,2026-02-04 18:58:30.000,2423,2026-02-04 18:58:30.860,2026-02-04 18:58:26.857,-4002.259,50.026878356933594,0
2026-02-04 18:58:20.000,2026-02-04 18:58:30.000,2108,2026-02-04 18:58:30.950,2026-02-04 18:58:26.861,-4088.252,60.024906158447266,0
2026-02-04 18:58:20.000,2026-02-04 18:58:30.000,477,2026-02-04 18:58:30.966,2026-02-04 18:58:26.871,-4095.603,60.02460479736328,0
2026-02-04 18:58:20.000,2026-02-04 18:58:30.000,2423,2026-02-04 18:58:30.880,2026-02-04 18:58:26.878,-4001.838,50.028282165527344,0
2026-02-04 18:58:20.000,2026-02-04 18:58:30.000,2108,2026-02-04 18:58:30.966,2026-02-04 18:58:26.879,-4087.510,60.0186882019043,0
2026-02-04 18:58:20.000,2026-02-04 18:58:30.000,477,2026-02-04 18:58:30.983,2026-02-04 18:58:26.887,-4095.658,60.02354049682617,0
2026-02-04 18:58:20.000,2026-02-04 18:58:30.000,2108,2026-02-04 18:58:30.983,2026-02-04 18:58:26.895,-4088.192,60.02184295654297,0
2026-02-04 18:58:20.000,2026-02-04 18:58:30.000,2423,2026-02-04 18:58:30.899,2026-02-04 18:58:26.898,-4001.846,50.02748107910156,0
2026-02-04 18:58:20.000,2026-02-04 18:58:30.000,477,2026-02-04 18:58:31.000,2026-02-04 18:58:26.904,-4095.173,60.02336883544922,0
2026-02-04 18:58:20.000,2026-02-04 18:58:30.000,2108,2026-02-04 18:58:31.000,2026-02-04 18:58:26.912,-4087.172,60.025367736816406,0
2026-02-04 18:58:20.000,2026-02-04 18:58:30.000,2423,2026-02-04 18:58:30.920,2026-02-04 18:58:26.917,-4002.127,50.026397705078125,0
2026-02-04 18:58:20.000,2026-02-04 18:58:30.000,477,2026-02-04 18:58:31.016,2026-02-04 18:58:26.920,-4095.789,60.02372360229492,0
2026-02-04 18:58:20.000,2026-02-04 18:58:30.000,2108,2026-02-04 18:58:31.016,2026-02-04 18:58:26.928,-4087.728,60.02411651611328,0
2026-02-04 18:58:20.000,2026-02-04 18:58:30.000,477,2026-02-04 18:58:31.033,2026-02-04 18:58:26.937,-4095.369,60.0243034362793,0
2026-02-04 18:58:20.000,2026-02-04 18:58:30.000,2423,2026-02-04 18:58:30.940,2026-02-04 18:58:26.937,-4002.049,50.02587127685547,0
2026-02-04 18:58:20.000,2026-02-04 18:58:30.000,2108,2026-02-04 18:58:31.033,2026-02-04 18:58:26.945,-4087.858,60.02347946166992,0
2026-02-04 18:58:20.000,2026-02-04 18:58:30.000,477,2026-02-04 18:58:31.050,2026-02-04 18:58:26.954,-4095.014,60.02474594116211,0
2026-02-04 18:58:20.000,2026-02-04 18:58:30.000,2423,2026-02-04 18:58:30.960,2026-02-04 18:58:26.957,-4002.014,50.026451110839844,0
2026-02-04 18:58:20.000,2026-02-04 18:58:30.000,2108,2026-02-04 18:58:31.050,2026-02-04 18:58:26.961,-4088.012,60.02467346191406,0
2026-02-04 18:58:20.000,2026-02-04 18:58:30.000,477,2026-02-04 18:58:31.066,2026-02-04 18:58:26.971,-4095.403,60.0247917175293,0
2026-02-04 18:58:20.000,2026-02-04 18:58:30.000,2423,2026-02-04 18:58:30.979,2026-02-04 18:58:26.977,-4002.218,50.025001525878906,0
2026-02-04 18:58:20.000,2026-02-04 18:58:30.000,2108,2026-02-04 18:58:31.066,2026-02-04 18:58:26.978,-4087.889,60.02653884887695,0
2026-02-04 18:58:20.000,2026-02-04 18:58:30.000,477,2026-02-04 18:58:31.083,2026-02-04 18:58:26.987,-4095.523,60.02438735961914,0
2026-02-04 18:58:20.000,2026-02-04 18:58:30.000,2108,2026-02-04 18:58:31.083,2026-02-04 18:58:26.995,-4087.397,60.02677917480469,0
2026-02-04 18:58:20.000,2026-02-04 18:58:30.000,2423,2026-02-04 18:58:31.000,2026-02-04 18:58:26.997,-4002.069,50.0239372253418,0
2026-02-04 18:58:20.000,2026-02-04 18:58:30.000,477,2026-02-04 18:58:31.100,2026-02-04 18:58:27.004,-4095.047,60.02400588989258,0
2026-02-04 18:58:20.000,2026-02-04 18:58:30.000,2108,2026-02-04 18:58:31.100,2026-02-04 18:58:27.011,-4088.049,60.025028228759766,0
2026-02-04 18:58:20.000,2026-02-04 18:58:30.000,2423,2026-02-04 18:58:31.020,2026-02-04 18:58:27.018,-4001.631,50.028663635253906,0
2026-02-04 18:58:20.000,2026-02-04 18:58:30.000,477,2026-02-04 18:58:31.116,2026-02-04 18:58:27.021,-4095.297,60.023704528808594,0
2026-02-04 18:58:20.000,2026-02-04 18:58:30.000,2108,2026-02-04 18:58:31.116,2026-02-04 18:58:27.028,-4087.778,60.0234375,0
2026-02-04 18:58:20.000,2026-02-04 18:58:30.000,2423,2026-02-04 18:58:31.040,2026-02-04 18:58:27.038,-4001.982,50.03018569946289,0
2026-02-04 18:58:20.000,2026-02-04 18:58:30.000,477,2026-02-04 18:58:31.133,2026-02-04 18:58:27.038,-4095.319,60.023948669433594,0
2026-02-04 18:58:20.000,2026-02-04 18:58:30.000,2108,2026-02-04 18:58:31.133,2026-02-04 18:58:27.046,-4087.288,60.0236930847168,0
2026-02-04 18:58:20.000,2026-02-04 18:58:30.000,477,2026-02-04 18:58:31.150,2026-02-04 18:58:27.054,-4095.875,60.024559020996094,0
2026-02-04 18:58:20.000,2026-02-04 18:58:30.000,2423,2026-02-04 18:58:31.059,2026-02-04 18:58:27.058,-4001.863,50.025272369384766,0
2026-02-04 18:58:20.000,2026-02-04 18:58:30.000,2108,2026-02-04 18:58:31.150,2026-02-04 18:58:27.062,-4087.874,60.02410125732422,0
2026-02-04 18:58:20.000,2026-02-04 18:58:30.000,477,2026-02-04 18:58:31.166,2026-02-04 18:58:27.075,-4090.926,60.02436447143555,0
2026-02-04 18:58:20.000,2026-02-04 18:58:30.000,2423,2026-02-04 18:58:31.080,2026-02-04 18:58:27.077,-4002.258,50.024879455566406,0
2026-02-04 18:58:20.000,2026-02-04 18:58:30.000,2108,2026-02-04 18:58:31.166,2026-02-04 18:58:27.078,-4087.929,60.02337646484375,0
2026-02-04 18:58:20.000,2026-02-04 18:58:30.000,477,2026-02-04 18:58:31.183,2026-02-04 18:58:27.087,-4095.475,60.02371597290039,0
2026-02-04 18:58:20.000,2026-02-04 18:58:30.000,2108,2026-02-04 18:58:31.183,2026-02-04 18:58:27.095,-4087.356,60.02131652832031,0
2026-02-04 18:58:20.000,2026-02-04 18:58:30.000,2423,2026-02-04 18:58:31.100,2026-02-04 18:58:27.097,-4002.029,50.028324127197266,0
2026-02-04 18:58:20.000,2026-02-04 18:58:30.000,477,2026-02-04 18:58:31.200,2026-02-04 18:58:27.105,-4094.997,60.02447509765625,0
2026-02-04 18:58:20.000,2026-02-04 18:58:30.000,2108,2026-02-04 18:58:31.200,2026-02-04 18:58:27.111,-4088.487,60.021141052246094,0
2026-02-04 18:58:20.000,2026-02-04 18:58:30.000,2423,2026-02-04 18:58:31.120,2026-02-04 18:58:27.118,-4001.974,50.02669906616211,0
2026-02-04 18:58:20.000,2026-02-04 18:58:30.000,477,2026-02-04 18:58:31.216,2026-02-04 18:58:27.121,-4095.640,60.025115966796875,0
2026-02-04 18:58:20.000,2026-02-04 18:58:30.000,2108,2026-02-04 18:58:31.216,2026-02-04 18:58:27.129,-4087.568,60.0258903503418,0
2026-02-04 18:58:20.000,2026-02-04 18:58:30.000,2423,2026-02-04 18:58:31.139,2026-02-04 18:58:27.138,-4001.774,50.02360153198242,0
2026-02-04 18:58:20.000,2026-02-04 18:58:30.000,477,2026-02-04 18:58:31.233,2026-02-04 18:58:27.138,-4095.110,60.02424621582031,0
2026-02-04 18:58:20.000,2026-02-04 18:58:30.000,2108,2026-02-04 18:58:31.233,2026-02-04 18:58:27.145,-4087.596,60.02853775024414,0
2026-02-04 18:58:20.000,2026-02-04 18:58:30.000,477,2026-02-04 18:58:31.250,2026-02-04 18:58:27.156,-4093.999,60.0236701965332,0
2026-02-04 18:58:20.000,2026-02-04 18:58:30.000,2423,2026-02-04 18:58:31.160,2026-02-04 18:58:27.158,-4001.999,50.02583312988281,0
2026-02-04 18:58:20.000,2026-02-04 18:58:30.000,2108,2026-02-04 18:58:31.250,2026-02-04 18:58:27.162,-4087.996,60.02581024169922,0
2026-02-04 18:58:20.000,2026-02-04 18:58:30.000,477,2026-02-04 18:58:31.266,2026-02-04 18:58:27.171,-4095.612,60.02348327636719,0
2026-02-04 18:58:20.000,2026-02-04 18:58:30.000,2423,2026-02-04 18:58:31.180,2026-02-04 18:58:27.178,-4001.923,50.02906799316406,0
2026-02-04 18:58:20.000,2026-02-04 18:58:30.000,2108,2026-02-04 18:58:31.266,2026-02-04 18:58:27.179,-4087.579,60.02107620239258,0
2026-02-04 18:58:20.000,2026-02-04 18:58:30.000,477,2026-02-04 18:58:31.283,2026-02-04 18:58:27.188,-4095.202,60.02339172363281,0
2026-02-04 18:58:20.000,2026-02-04 18:58:30.000,2108,2026-02-04 18:58:31.283,2026-02-04 18:58:27.195,-4088.125,60.020118713378906,0
2026-02-04 18:58:20.000,2026-02-04 18:58:30.000,2423,2026-02-04 18:58:31.200,2026-02-04 18:58:27.198,-4001.794,50.02915954589844,0
2026-02-04 18:58:20.000,2026-02-04 18:58:30.000,477,2026-02-04 18:58:31.299,2026-02-04 18:58:27.204,-4095.208,60.02375411987305,0
2026-02-04 18:58:20.000,2026-02-04 18:58:30.000,2108,2026-02-04 18:58:31.299,2026-02-04 18:58:27.212,-4087.205,60.023963928222656,0
2026-02-04 18:58:20.000,2026-02-04 18:58:30.000,2423,2026-02-04 18:58:31.219,2026-02-04 18:58:27.218,-4001.692,50.02863693237305,0
2026-02-04 18:58:20.000,2026-02-04 18:58:30.000,477,2026-02-04 18:58:31.316,2026-02-04 18:58:27.221,-4094.865,60.02390670776367,0
2026-02-04 18:58:20.000,2026-02-04 18:58:30.000,2108,2026-02-04 18:58:31.316,2026-02-04 18:58:27.229,-4087.646,60.02497100830078,0
2026-02-04 18:58:20.000,2026-02-04 18:58:30.000,477,2026-02-04 18:58:31.333,2026-02-04 18:58:27.238,-4095.234,60.02389144897461,0
2026-02-04 18:58:20.000,2026-02-04 18:58:30.000,2423,2026-02-04 18:58:31.240,2026-02-04 18:58:27.238,-4001.898,50.02769470214844,0
2026-02-04 18:58:20.000,2026-02-04 18:58:30.000,2108,2026-02-04 18:58:31.333,2026-02-04 18:58:27.245,-4087.641,60.02134704589844,0
2026-02-04 18:58:20.000,2026-02-04 18:58:30.000,477,2026-02-04 18:58:31.350,2026-02-04 18:58:27.254,-4095.795,60.02424240112305,0
2026-02-04 18:58:20.000,2026-02-04 18:58:30.000,2423,2026-02-04 18:58:31.260,2026-02-04 18:58:27.258,-4001.801,50.02775192260742,0
2026-02-04 18:58:20.000,2026-02-04 18:58:30.000,2108,2026-02-04 18:58:31.350,2026-02-04 18:58:27.262,-4087.288,60.02040481567383,0
2026-02-04 18:58:20.000,2026-02-04 18:58:30.000,477,2026-02-04 18:58:31.366,2026-02-04 18:58:27.271,-4094.949,60.024139404296875,0
2026-02-04 18:58:20.000,2026-02-04 18:58:30.000,2423,2026-02-04 18:58:31.280,2026-02-04 18:58:27.277,-4002.105,50.02755355834961,0
2026-02-04 18:58:20.000,2026-02-04 18:58:30.000,2108,2026-02-04 18:58:31.366,2026-02-04 18:58:27.278,-4087.774,60.026058197021484,0
2026-02-04 18:58:20.000,2026-02-04 18:58:30.000,477,2026-02-04 18:58:31.383,2026-02-04 18:58:27.287,-4095.932,60.02367401123047,0
2026-02-04 18:58:20.000,2026-02-04 18:58:30.000,2108,2026-02-04 18:58:31.383,2026-02-04 18:58:27.295,-4087.420,60.029205322265625,0
2026-02-04 18:58:20.000,2026-02-04 18:58:30.000,2423,2026-02-04 18:58:31.299,2026-02-04 18:58:27.323,-3976.947,50.025550842285156,0
2026-02-04 18:58:20.000,2026-02-04 18:58:30.000,477,2026-02-04 18:58:31.400,2026-02-04 18:58:27.324,-4075.947,60.0242805480957,0
2026-02-04 18:58:20.000,2026-02-04 18:58:30.000,2108,2026-02-04 18:58:31.400,2026-02-04 18:58:27.325,-4074.940,60.026214599609375,0
2026-02-04 18:58:20.000,2026-02-04 18:58:30.000,2423,2026-02-04 18:58:31.320,2026-02-04 18:58:27.325,-3994.940,50.02730178833008,0
2026-02-04 18:58:20.000,2026-02-04 18:58:30.000,477,2026-02-04 18:58:31.416,2026-02-04 18:58:27.326,-4090.605,60.02501678466797,0
2026-02-04 18:58:20.000,2026-02-04 18:58:30.000,2108,2026-02-04 18:58:31.416,2026-02-04 18:58:27.329,-4087.606,60.02142333984375,0
2026-02-04 18:58:20.000,2026-02-04 18:58:30.000,477,2026-02-04 18:58:31.433,2026-02-04 18:58:27.356,-4076.657,60.02470016479492,0
2026-02-04 18:58:20.000,2026-02-04 18:58:30.000,2423,2026-02-04 18:58:31.340,2026-02-04 18:58:27.357,-3982.336,50.02977752685547,0
2026-02-04 18:58:20.000,2026-02-04 18:58:30.000,2108,2026-02-04 18:58:31.433,2026-02-04 18:58:27.357,-4075.656,60.02006149291992,0
2026-02-04 18:58:20.000,2026-02-04 18:58:30.000,477,2026-02-04 18:58:31.450,2026-02-04 18:58:27.358,-4091.328,60.02408981323242,0
2026-02-04 18:58:20.000,2026-02-04 18:58:30.000,2423,2026-02-04 18:58:31.360,2026-02-04 18:58:27.358,-4001.328,50.02702331542969,0
2026-02-04 18:58:20.000,2026-02-04 18:58:30.000,2108,2026-02-04 18:58:31.450,2026-02-04 18:58:27.389,-4060.639,60.023807525634766,0
2026-02-04 18:58:20.000,2026-02-04 18:58:30.000,477,2026-02-04 18:58:31.466,2026-02-04 18:58:27.389,-4077.303,60.02405548095703,0
2026-02-04 18:58:20.000,2026-02-04 18:58:30.000,2423,2026-02-04 18:58:31.379,2026-02-04 18:58:27.390,-3989.630,50.02532196044922,0
2026-02-04 18:58:20.000,2026-02-04 18:58:30.000,2108,2026-02-04 18:58:31.466,2026-02-04 18:58:27.391,-4075.304,60.025169372558594,0
2026-02-04 18:58:20.000,2026-02-04 18:58:30.000,477,2026-02-04 18:58:31.483,2026-02-04 18:58:27.391,-4091.968,60.02450180053711,0
2026-02-04 18:58:20.000,2026-02-04 18:58:30.000,2108,2026-02-04 18:58:31.483,2026-02-04 18:58:27.402,-4080.446,60.0214729309082,0
2026-02-04 18:58:20.000,2026-02-04 18:58:30.000,2423,2026-02-04 18:58:31.400,2026-02-04 18:58:27.403,-3996.110,50.02725601196289,0
2026-02-04 18:58:20.000,2026-02-04 18:58:30.000,477,2026-02-04 18:58:31.500,2026-02-04 18:58:27.404,-4095.119,60.02421188354492,0
2026-02-04 18:58:20.000,2026-02-04 18:58:30.000,2108,2026-02-04 18:58:31.500,2026-02-04 18:58:27.411,-4088.119,60.02077102661133,0
2026-02-04 18:58:20.000,2026-02-04 18:58:30.000,2423,2026-02-04 18:58:31.420,2026-02-04 18:58:27.419,-4000.763,50.02772903442383,0
2026-02-04 18:58:20.000,2026-02-04 18:58:30.000,477,2026-02-04 18:58:31.516,2026-02-04 18:58:27.421,-4094.922,60.02313995361328,0
2026-02-04 18:58:20.000,2026-02-04 18:58:30.000,2108,2026-02-04 18:58:31.516,2026-02-04 18:58:27.428,-4087.776,60.02294158935547,0
2026-02-04 18:58:20.000,2026-02-04 18:58:30.000,2423,2026-02-04 18:58:31.440,2026-02-04 18:58:27.438,-4001.988,50.027305603027344,0
2026-02-04 18:58:20.000,2026-02-04 18:58:30.000,477,2026-02-04 18:58:31.533,2026-02-04 18:58:27.438,-4095.324,60.02296829223633,0
2026-02-04 18:58:20.000,2026-02-04 18:58:30.000,2108,2026-02-04 18:58:31.533,2026-02-04 18:58:27.445,-4088.117,60.02302169799805,0
2026-02-04 18:58:20.000,2026-02-04 18:58:30.000,477,2026-02-04 18:58:31.550,2026-02-04 18:58:27.454,-4095.261,60.02382278442383,0
2026-02-04 18:58:20.000,2026-02-04 18:58:30.000,2423,2026-02-04 18:58:31.459,2026-02-04 18:58:27.457,-4002.252,50.02833557128906,0
2026-02-04 18:58:20.000,2026-02-04 18:58:30.000,2108,2026-02-04 18:58:31.550,2026-02-04 18:58:27.461,-4088.752,60.025856018066406,0
2026-02-04 18:58:20.000,2026-02-04 18:58:30.000,477,2026-02-04 18:58:31.566,2026-02-04 18:58:27.470,-4095.913,60.02378845214844,0
2026-02-04 18:58:20.000,2026-02-04 18:58:30.000,2423,2026-02-04 18:58:31.480,2026-02-04 18:58:27.478,-4001.734,50.03001022338867,0
2026-02-04 18:58:20.000,2026-02-04 18:58:30.000,2108,2026-02-04 18:58:31.566,2026-02-04 18:58:27.479,-4087.405,60.02631759643555,0
2026-02-04 18:58:20.000,2026-02-04 18:58:30.000,477,2026-02-04 18:58:31.583,2026-02-04 18:58:27.488,-4094.557,60.02361297607422,0
2026-02-04 18:58:20.000,2026-02-04 18:58:30.000,2108,2026-02-04 18:58:31.583,2026-02-04 18:58:27.496,-4087.334,60.02237319946289,0
2026-02-04 18:58:20.000,2026-02-04 18:58:30.000,2423,2026-02-04 18:58:31.500,2026-02-04 18:58:27.498,-4002.005,50.02896499633789,0
2026-02-04 18:58:20.000,2026-02-04 18:58:30.000,477,2026-02-04 18:58:31.600,2026-02-04 18:58:27.505,-4094.611,60.023685455322266,0
2026-02-04 18:58:20.000,2026-02-04 18:58:30.000,2108,2026-02-04 18:58:31.600,2026-02-04 18:58:27.512,-4087.107,60.02275085449219,0
2026-02-04 18:58:20.000,2026-02-04 18:58:30.000,2423,2026-02-04 18:58:31.520,2026-02-04 18:58:27.517,-4002.101,50.02640914916992,0
2026-02-04 18:58:20.000,2026-02-04 18:58:30.000,477,2026-02-04 18:58:31.616,2026-02-04 18:58:27.520,-4095.760,60.02300262451172,0
2026-02-04 18:58:20.000,2026-02-04 18:58:30.000,2108,2026-02-04 18:58:31.616,2026-02-04 18:58:27.529,-4087.382,60.02450942993164,0
2026-02-04 18:58:20.000,2026-02-04 18:58:30.000,2423,2026-02-04 18:58:31.539,2026-02-04 18:58:27.537,-4002.199,50.02675247192383,0
2026-02-04 18:58:20.000,2026-02-04 18:58:30.000,477,2026-02-04 18:58:31.633,2026-02-04 18:58:27.537,-4095.535,60.022796630859375,0
2026-02-04 18:58:20.000,2026-02-04 18:58:30.000,2108,2026-02-04 18:58:31.633,2026-02-04 18:58:27.545,-4087.329,60.02262496948242,0
2026-02-04 18:58:20.000,2026-02-04 18:58:30.000,477,2026-02-04 18:58:31.650,2026-02-04 18:58:27.555,-4094.995,60.02341079711914,0
2026-02-04 18:58:20.000,2026-02-04 18:58:30.000,2423,2026-02-04 18:58:31.560,2026-02-04 18:58:27.558,-4001.997,50.02891540527344,0
2026-02-04 18:58:20.000,2026-02-04 18:58:30.000,2108,2026-02-04 18:58:31.650,2026-02-04 18:58:27.562,-4087.961,60.018028259277344,0
2026-02-04 18:58:20.000,2026-02-04 18:58:30.000,477,2026-02-04 18:58:31.666,2026-02-04 18:58:27.571,-4094.964,60.02351760864258,0
2026-02-04 18:58:20.000,2026-02-04 18:58:30.000,2423,2026-02-04 18:58:31.580,2026-02-04 18:58:27.577,-4002.206,50.02950668334961,0
2026-02-04 18:58:20.000,2026-02-04 18:58:30.000,2108,2026-02-04 18:58:31.666,2026-02-04 18:58:27.578,-4087.858,60.0172119140625,0
2026-02-04 18:58:20.000,2026-02-04 18:58:30.000,477,2026-02-04 18:58:31.683,2026-02-04 18:58:27.588,-4095.143,60.0234375,0
2026-02-04 18:58:20.000,2026-02-04 18:58:30.000,2108,2026-02-04 18:58:31.683,2026-02-04 18:58:27.595,-4087.633,60.02313995361328,0
2026-02-04 18:58:20.000,2026-02-04 18:58:30.000,2423,2026-02-04 18:58:31.600,2026-02-04 18:58:27.597,-4002.304,50.02845764160156,0
2026-02-04 18:58:20.000,2026-02-04 18:58:30.000,477,2026-02-04 18:58:31.699,2026-02-04 18:58:27.604,-4095.068,60.023399353027344,0
2026-02-04 18:58:20.000,2026-02-04 18:58:30.000,2108,2026-02-04 18:58:31.699,2026-02-04 18:58:27.611,-4088.068,60.02678298950195,0
2026-02-04 18:58:20.000,2026-02-04 18:58:30.000,2423,2026-02-04 18:58:31.619,2026-02-04 18:58:27.617,-4002.208,50.027156829833984,0
2026-02-04 18:58:20.000,2026-02-04 18:58:30.000,477,2026-02-04 18:58:31.716,2026-02-04 18:58:27.621,-4094.887,60.02290725708008,0
2026-02-04 18:58:20.000,2026-02-04 18:58:30.000,2108,2026-02-04 18:58:31.716,2026-02-04 18:58:27.628,-4087.858,60.02470779418945,0
2026-02-04 18:58:20.000,2026-02-04 18:58:30.000,2423,2026-02-04 18:58:31.640,2026-02-04 18:58:27.638,-4001.982,50.02741622924805,0
2026-02-04 18:58:20.000,2026-02-04 18:58:30.000,477,2026-02-04 18:58:31.733,2026-02-04 18:58:27.638,-4095.318,60.0233039855957,0
2026-02-04 18:58:20.000,2026-02-04 18:58:30.000,2108,2026-02-04 18:58:31.733,2026-02-04 18:58:27.645,-4087.971,60.022769927978516,0
2026-02-04 18:58:20.000,2026-02-04 18:58:30.000,477,2026-02-04 18:58:31.750,2026-02-04 18:58:27.654,-4095.125,60.024085998535156,0
2026-02-04 18:58:20.000,2026-02-04 18:58:30.000,2423,2026-02-04 18:58:31.660,2026-02-04 18:58:27.657,-4002.133,50.02907943725586,0
2026-02-04 18:58:20.000,2026-02-04 18:58:30.000,2108,2026-02-04 18:58:31.750,2026-02-04 18:58:27.661,-4088.125,60.02384948730469,0
2026-02-04 18:58:20.000,2026-02-04 18:58:30.000,477,2026-02-04 18:58:31.766,2026-02-04 18:58:27.671,-4095.402,60.02362823486328,0
2026-02-04 18:58:20.000,2026-02-04 18:58:30.000,2423,2026-02-04 18:58:31.680,2026-02-04 18:58:27.678,-4001.219,50.028480529785156,0
2026-02-04 18:58:20.000,2026-02-04 18:58:30.000,2108,2026-02-04 18:58:31.766,2026-02-04 18:58:27.679,-4086.890,60.024662017822266,0
2026-02-04 18:58:20.000,2026-02-04 18:58:30.000,477,2026-02-04 18:58:31.783,2026-02-04 18:58:27.687,-4095.523,60.022300720214844,0
2026-02-04 18:58:20.000,2026-02-04 18:58:30.000,2108,2026-02-04 18:58:31.783,2026-02-04 18:58:27.695,-4087.493,60.02360153198242,0
2026-02-04 18:58:20.000,2026-02-04 18:58:30.000,2423,2026-02-04 18:58:31.699,2026-02-04 18:58:27.697,-4002.147,50.02714920043945,0
2026-02-04 18:58:20.000,2026-02-04 18:58:30.000,477,2026-02-04 18:58:31.800,2026-02-04 18:58:27.704,-4095.575,60.02167510986328,0
2026-02-04 18:58:20.000,2026-02-04 18:58:30.000,2108,2026-02-04 18:58:31.800,2026-02-04 18:58:27.712,-4087.063,60.02023696899414,0
2026-02-04 18:58:20.000,2026-02-04 18:58:30.000,2423,2026-02-04 18:58:31.720,2026-02-04 18:58:27.717,-4002.053,50.027931213378906,0
2026-02-04 18:58:20.000,2026-02-04 18:58:30.000,477,2026-02-04 18:58:31.816,2026-02-04 18:58:27.720,-4095.717,60.0225944519043,0
2026-02-04 18:58:20.000,2026-02-04 18:58:30.000,2108,2026-02-04 18:58:31.816,2026-02-04 18:58:27.728,-4087.687,60.01766586303711,0
2026-02-04 18:58:20.000,2026-02-04 18:58:30.000,2423,2026-02-04 18:58:31.740,2026-02-04 18:58:27.738,-4002.001,50.029170989990234,0
2026-02-04 18:58:20.000,2026-02-04 18:58:30.000,477,2026-02-04 18:58:31.833,2026-02-04 18:58:27.738,-4095.321,60.024051666259766,0
2026-02-04 18:58:20.000,2026-02-04 18:58:30.000,2108,2026-02-04 18:58:31.833,2026-02-04 18:58:27.745,-4087.810,60.02238845825195,0
2026-02-04 18:58:20.000,2026-02-04 18:58:30.000,477,2026-02-04 18:58:31.850,2026-02-04 18:58:27.755,-4094.961,60.02402877807617,0
2026-02-04 18:58:20.000,2026-02-04 18:58:30.000,2423,2026-02-04 18:58:31.760,2026-02-04 18:58:27.758,-4001.964,50.03006362915039,0
2026-02-04 18:58:20.000,2026-02-04 18:58:30.000,2108,2026-02-04 18:58:31.850,2026-02-04 18:58:27.762,-4087.965,60.02622985839844,0
2026-02-04 18:58:20.000,2026-02-04 18:58:30.000,477,2026-02-04 18:58:31.866,2026-02-04 18:58:27.771,-4095.163,60.022666931152344,0
2026-02-04 18:58:20.000,2026-02-04 18:58:30.000,2423,2026-02-04 18:58:31.779,2026-02-04 18:58:27.778,-4001.981,50.02986145019531,0
2026-02-04 18:58:20.000,2026-02-04 18:58:30.000,2108,2026-02-04 18:58:31.866,2026-02-04 18:58:27.779,-4087.653,60.02260971069336,0
2026-02-04 18:58:20.000,2026-02-04 18:58:30.000,477,2026-02-04 18:58:31.883,2026-02-04 18:58:27.788,-4095.246,60.02217102050781,0
2026-02-04 18:58:20.000,2026-02-04 18:58:30.000,2108,2026-02-04 18:58:31.883,2026-02-04 18:58:27.795,-4087.736,60.02055358886719,0
2026-02-04 18:58:20.000,2026-02-04 18:58:30.000,2423,2026-02-04 18:58:31.800,2026-02-04 18:58:27.797,-4002.409,50.027950286865234,0
2026-02-04 18:58:20.000,2026-02-04 18:58:30.000,477,2026-02-04 18:58:31.900,2026-02-04 18:58:27.804,-4095.741,60.022613525390625,0
2026-02-04 18:58:20.000,2026-02-04 18:58:30.000,2108,2026-02-04 18:58:31.900,2026-02-04 18:58:27.812,-4087.235,60.02330780029297,0
2026-02-04 18:58:20.000,2026-02-04 18:58:30.000,2423,2026-02-04 18:58:31.820,2026-02-04 18:58:27.817,-4002.230,50.0280647277832,0
2026-02-04 18:58:20.000,2026-02-04 18:58:30.000,477,2026-02-04 18:58:31.916,2026-02-04 18:58:27.821,-4094.893,60.023109436035156,0
2026-02-04 18:58:20.000,2026-02-04 18:58:30.000,2108,2026-02-04 18:58:31.916,2026-02-04 18:58:27.828,-4087.786,60.02434539794922,0
2026-02-04 18:58:20.000,2026-02-04 18:58:30.000,2423,2026-02-04 18:58:31.840,2026-02-04 18:58:27.838,-4001.972,50.02989959716797,0
2026-02-04 18:58:20.000,2026-02-04 18:58:30.000,477,2026-02-04 18:58:31.933,2026-02-04 18:58:27.838,-4095.309,60.02290725708008,0
2026-02-04 18:58:20.000,2026-02-04 18:58:30.000,2108,2026-02-04 18:58:31.933,2026-02-04 18:58:27.845,-4087.881,60.02296829223633,0
2026-02-04 18:58:20.000,2026-02-04 18:58:30.000,477,2026-02-04 18:58:31.950,2026-02-04 18:58:27.854,-4095.028,60.0221061706543,0
2026-02-04 18:58:20.000,2026-02-04 18:58:30.000,2423,2026-02-04 18:58:31.859,2026-02-04 18:58:27.857,-4002.022,50.02928161621094,0
2026-02-04 18:58:20.000,2026-02-04 18:58:30.000,2108,2026-02-04 18:58:31.950,2026-02-04 18:58:27.861,-4088.026,60.02151870727539,0
2026-02-04 18:58:20.000,2026-02-04 18:58:30.000,477,2026-02-04 18:58:31.966,2026-02-04 18:58:27.871,-4095.649,60.02229690551758,0
2026-02-04 18:58:20.000,2026-02-04 18:58:30.000,2423,2026-02-04 18:58:31.880,2026-02-04 18:58:27.878,-4001.558,50.02831268310547,0
2026-02-04 18:58:20.000,2026-02-04 18:58:30.000,2108,2026-02-04 18:58:31.966,2026-02-04 18:58:27.879,-4087.229,60.021766662597656,0
2026-02-04 18:58:20.000,2026-02-04 18:58:30.000,477,2026-02-04 18:58:31.983,2026-02-04 18:58:27.887,-4095.377,60.0233039855957,0
2026-02-04 18:58:20.000,2026-02-04 18:58:30.000,2108,2026-02-04 18:58:31.983,2026-02-04 18:58:27.895,-4088.135,60.02543640136719,0
2026-02-04 18:58:20.000,2026-02-04 18:58:30.000,2423,2026-02-04 18:58:31.900,2026-02-04 18:58:27.898,-4001.804,50.027618408203125,0
2026-02-04 18:58:20.000,2026-02-04 18:58:30.000,477,2026-02-04 18:58:32.000,2026-02-04 18:58:27.904,-4095.269,60.02342224121094,0
2026-02-04 18:58:20.000,2026-02-04 18:58:30.000,2108,2026-02-04 18:58:32.000,2026-02-04 18:58:27.912,-4087.269,60.02593231201172,0
2026-02-04 18:58:20.000,2026-02-04 18:58:30.000,2423,2026-02-04 18:58:31.920,2026-02-04 18:58:27.918,-4001.758,50.02688217163086,0
2026-02-04 18:58:20.000,2026-02-04 18:58:30.000,477,2026-02-04 18:58:32.016,2026-02-04 18:58:27.921,-4095.423,60.02307891845703,0
2026-02-04 18:58:20.000,2026-02-04 18:58:30.000,2108,2026-02-04 18:58:32.016,2026-02-04 18:58:27.928,-4087.914,60.0233268737793,0
2026-02-04 18:58:20.000,2026-02-04 18:58:30.000,477,2026-02-04 18:58:32.033,2026-02-04 18:58:27.938,-4094.332,60.02312469482422,0
2026-02-04 18:58:20.000,2026-02-04 18:58:30.000,2423,2026-02-04 18:58:31.939,2026-02-04 18:58:27.938,-4000.996,50.027313232421875,0
2026-02-04 18:58:20.000,2026-02-04 18:58:30.000,2108,2026-02-04 18:58:32.033,2026-02-04 18:58:27.949,-4083.812,60.02225875854492,0
2026-02-04 18:58:20.000,2026-02-04 18:58:30.000,477,2026-02-04 18:58:32.050,2026-02-04 18:58:27.955,-4094.971,60.0228157043457,0
2026-02-04 18:58:20.000,2026-02-04 18:58:30.000,2423,2026-02-04 18:58:31.960,2026-02-04 18:58:27.958,-4001.972,50.02766799926758,0
2026-02-04 18:58:20.000,2026-02-04 18:58:30.000,2108,2026-02-04 18:58:32.050,2026-02-04 18:58:27.962,-4087.972,60.022098541259766,0
2026-02-04 18:58:20.000,2026-02-04 18:58:30.000,477,2026-02-04 18:58:32.066,2026-02-04 18:58:27.971,-4095.349,60.022674560546875,0
2026-02-04 18:58:20.000,2026-02-04 18:58:30.000,2423,2026-02-04 18:58:31.980,2026-02-04 18:58:28.114,-3865.020,50.02865219116211,0
2026-02-04 18:58:20.000,2026-02-04 18:58:30.000,477,2026-02-04 18:58:32.083,2026-02-04 18:58:28.114,-3968.340,60.02330780029297,0
2026-02-04 18:58:20.000,2026-02-04 18:58:30.000,2108,2026-02-04 18:58:32.066,2026-02-04 18:58:28.114,-3951.676,60.02473831176758,0
2026-02-04 18:58:20.000,2026-02-04 18:58:30.000,2423,2026-02-04 18:58:32.000,2026-02-04 18:58:28.114,-3885.012,50.028846740722656,0
2026-02-04 18:58:20.000,2026-02-04 18:58:30.000,477,2026-02-04 18:58:32.099,2026-02-04 18:58:28.114,-3985.004,60.02302551269531,0
2026-02-04 18:58:20.000,2026-02-04 18:58:30.000,2108,2026-02-04 18:58:32.083,2026-02-04 18:58:28.114,-3968.340,60.02533721923828,0
2026-02-04 18:58:20.000,2026-02-04 18:58:30.000,2108,2026-02-04 18:58:32.099,2026-02-04 18:58:28.114,-3985.004,60.02198028564453,0
2026-02-04 18:58:20.000,2026-02-04 18:58:30.000,2423,2026-02-04 18:58:32.019,2026-02-04 18:58:28.114,-3905.004,50.027870178222656,0
2026-02-04 18:58:20.000,2026-02-04 18:58:30.000,477,2026-02-04 18:58:32.116,2026-02-04 18:58:28.114,-4001.684,60.02204513549805,0
2026-02-04 18:58:20.000,2026-02-04 18:58:30.000,2108,2026-02-04 18:58:32.116,2026-02-04 18:58:28.114,-4001.684,60.0208625793457,0
2026-02-04 18:58:20.000,2026-02-04 18:58:30.000,2423,2026-02-04 18:58:32.040,2026-02-04 18:58:28.114,-3925.012,50.02840042114258,0
2026-02-04 18:58:20.000,2026-02-04 18:58:30.000,2423,2026-02-04 18:58:32.060,2026-02-04 18:58:28.114,-3945.020,50.03002166748047,0
2026-02-04 18:58:20.000,2026-02-04 18:58:30.000,477,2026-02-04 18:58:32.133,2026-02-04 18:58:28.114,-4018.348,60.022308349609375,0
2026-02-04 18:58:20.000,2026-02-04 18:58:30.000,2108,2026-02-04 18:58:32.133,2026-02-04 18:58:28.114,-4018.348,60.02070236206055,0
2026-02-04 18:58:20.000,2026-02-04 18:58:30.000,2108,2026-02-04 18:58:32.150,2026-02-04 18:58:28.114,-4035.012,60.019935607910156,0
2026-02-04 18:58:20.000,2026-02-04 18:58:30.000,2423,2026-02-04 18:58:32.080,2026-02-04 18:58:28.114,-3965.012,50.02970504760742,0
2026-02-04 18:58:20.000,2026-02-04 18:58:30.000,477,2026-02-04 18:58:32.150,2026-02-04 18:58:28.114,-4035.012,60.0225944519043,0
2026-02-04 18:58:20.000,2026-02-04 18:58:30.000,477,2026-02-04 18:58:32.166,2026-02-04 18:58:28.114,-4051.684,60.02205276489258,0
2026-02-04 18:58:20.000,2026-02-04 18:58:30.000,2108,2026-02-04 18:58:32.166,2026-02-04 18:58:28.114,-4051.684,60.02278137207031,0
2026-02-04 18:58:20.000,2026-02-04 18:58:30.000,477,2026-02-04 18:58:32.183,2026-02-04 18:58:28.114,-4068.348,60.02187728881836,0
2026-02-04 18:58:20.000,2026-02-04 18:58:30.000,2108,2026-02-04 18:58:32.183,2026-02-04 18:58:28.114,-4068.348,60.02392578125,0
2026-02-04 18:58:20.000,2026-02-04 18:58:30.000,2423,2026-02-04 18:58:32.099,2026-02-04 18:58:28.114,-3985.004,50.02703094482422,0
2026-02-04 18:58:20.000,2026-02-04 18:58:30.000,477,2026-02-04 18:58:32.200,2026-02-04 18:58:28.117,-4082.013,60.02169418334961,0
2026-02-04 18:58:20.000,2026-02-04 18:58:30.000,2108,2026-02-04 18:58:32.200,2026-02-04 18:58:28.118,-4081.011,60.02017593383789,0
2026-02-04 18:58:20.000,2026-02-04 18:58:30.000,2423,2026-02-04 18:58:32.120,2026-02-04 18:58:28.118,-4001.011,50.02847671508789,0
2026-02-04 18:58:20.000,2026-02-04 18:58:30.000,477,2026-02-04 18:58:32.216,2026-02-04 18:58:28.127,-4089.163,60.021541595458984,0
2026-02-04 18:58:20.000,2026-02-04 18:58:30.000,2108,2026-02-04 18:58:32.216,2026-02-04 18:58:28.129,-4087.164,60.02046585083008,0
2026-02-04 18:58:20.000,2026-02-04 18:58:30.000,2423,2026-02-04 18:58:32.140,2026-02-04 18:58:28.138,-4001.998,50.03169250488281,0
2026-02-04 18:58:20.000,2026-02-04 18:58:30.000,477,2026-02-04 18:58:32.233,2026-02-04 18:58:28.138,-4095.318,60.021583557128906,0
2026-02-04 18:58:20.000,2026-02-04 18:58:30.000,2108,2026-02-04 18:58:32.233,2026-02-04 18:58:28.149,-4083.807,60.02373504638672,0
2026-02-04 18:58:20.000,2026-02-04 18:58:30.000,477,2026-02-04 18:58:32.250,2026-02-04 18:58:28.154,-4095.584,60.021461486816406,0
2026-02-04 18:58:20.000,2026-02-04 18:58:30.000,2423,2026-02-04 18:58:32.160,2026-02-04 18:58:28.157,-4002.584,50.028907775878906,0
2026-02-04 18:58:20.000,2026-02-04 18:58:30.000,2108,2026-02-04 18:58:32.250,2026-02-04 18:58:28.161,-4088.583,60.0245475769043,0
2026-02-04 18:58:20.000,2026-02-04 18:58:30.000,477,2026-02-04 18:58:32.266,2026-02-04 18:58:28.171,-4095.217,60.02141571044922,0
2026-02-04 18:58:20.000,2026-02-04 18:58:30.000,2423,2026-02-04 18:58:32.179,2026-02-04 18:58:28.177,-4002.033,50.02632141113281,0
2026-02-04 18:58:20.000,2026-02-04 18:58:30.000,2108,2026-02-04 18:58:32.266,2026-02-04 18:58:28.178,-4087.703,60.02292251586914,0
2026-02-04 18:58:20.000,2026-02-04 18:58:30.000,477,2026-02-04 18:58:32.283,2026-02-04 18:58:28.188,-4095.324,60.0216064453125,0
2026-02-04 18:58:20.000,2026-02-04 18:58:30.000,2108,2026-02-04 18:58:32.283,2026-02-04 18:58:28.198,-4084.811,60.02457809448242,0
2026-02-04 18:58:20.000,2026-02-04 18:58:30.000,2423,2026-02-04 18:58:32.200,2026-02-04 18:58:28.199,-4000.483,50.029029846191406,0
2026-02-04 18:58:20.000,2026-02-04 18:58:30.000,477,2026-02-04 18:58:32.300,2026-02-04 18:58:28.204,-4095.955,60.022281646728516,0
2026-02-04 18:58:20.000,2026-02-04 18:58:30.000,2108,2026-02-04 18:58:32.300,2026-02-04 18:58:28.212,-4087.950,60.02914047241211,0
2026-02-04 18:58:20.000,2026-02-04 18:58:30.000,2423,2026-02-04 18:58:32.220,2026-02-04 18:58:28.217,-4002.437,50.03050231933594,0
2026-02-04 18:58:20.000,2026-02-04 18:58:30.000,477,2026-02-04 18:58:32.316,2026-02-04 18:58:28.221,-4095.104,60.02272415161133,0
2026-02-04 18:58:20.000,2026-02-04 18:58:30.000,2108,2026-02-04 18:58:32.316,2026-02-04 18:58:28.234,-4082.477,60.0248908996582,0
2026-02-04 18:58:20.000,2026-02-04 18:58:30.000,2423,2026-02-04 18:58:32.240,2026-02-04 18:58:28.238,-4001.798,50.02801513671875,0
2026-02-04 18:58:20.000,2026-02-04 18:58:30.000,477,2026-02-04 18:58:32.333,2026-02-04 18:58:28.238,-4095.134,60.022369384765625,0
2026-02-04 18:58:20.000,2026-02-04 18:58:30.000,2108,2026-02-04 18:58:32.333,2026-02-04 18:58:28.252,-4080.513,60.01667785644531,0
2026-02-04 18:58:20.000,2026-02-04 18:58:30.000,477,2026-02-04 18:58:32.350,2026-02-04 18:58:28.254,-4095.832,60.0217170715332,0
2026-02-04 18:58:20.000,2026-02-04 18:58:30.000,2423,2026-02-04 18:58:32.259,2026-02-04 18:58:28.258,-4001.819,50.026180267333984,0
2026-02-04 18:58:20.000,2026-02-04 18:58:30.000,2108,2026-02-04 18:58:32.350,2026-02-04 18:58:28.262,-4087.313,60.01786422729492,0
2026-02-04 18:58:20.000,2026-02-04 18:58:30.000,477,2026-02-04 18:58:32.366,2026-02-04 18:58:28.271,-4094.979,60.021240234375,0
2026-02-04 18:58:20.000,2026-02-04 18:58:30.000,2423,2026-02-04 18:58:32.280,2026-02-04 18:58:28.278,-4001.917,50.02687454223633,0
2026-02-04 18:58:20.000,2026-02-04 18:58:30.000,2108,2026-02-04 18:58:32.366,2026-02-04 18:58:28.279,-4087.589,60.02418518066406,0
2026-02-04 18:58:20.000,2026-02-04 18:58:30.000,477,2026-02-04 18:58:32.383,2026-02-04 18:58:28.287,-4095.666,60.02116012573242,0
2026-02-04 18:58:20.000,2026-02-04 18:58:30.000,2108,2026-02-04 18:58:32.383,2026-02-04 18:58:28.295,-4087.639,60.026275634765625,0
2026-02-04 18:58:20.000,2026-02-04 18:58:30.000,2423,2026-02-04 18:58:32.300,2026-02-04 18:58:28.304,-3995.881,50.027976989746094,0
2026-02-04 18:58:20.000,2026-02-04 18:58:30.000,477,2026-02-04 18:58:32.400,2026-02-04 18:58:28.305,-4094.871,60.0214729309082,0
2026-02-04 18:58:20.000,2026-02-04 18:58:30.000,2108,2026-02-04 18:58:32.400,2026-02-04 18:58:28.313,-4086.273,60.02598190307617,0
2026-02-04 18:58:20.000,2026-02-04 18:58:30.000,2423,2026-02-04 18:58:32.320,2026-02-04 18:58:28.328,-3991.745,50.02737808227539,0
2026-02-04 18:58:20.000,2026-02-04 18:58:30.000,477,2026-02-04 18:58:32.416,2026-02-04 18:58:28.329,-4087.407,60.02216720581055,0
2026-02-04 18:58:20.000,2026-02-04 18:58:30.000,2108,2026-02-04 18:58:32.416,2026-02-04 18:58:28.339,-4076.888,60.021907806396484,0
2026-02-04 18:58:20.000,2026-02-04 18:58:30.000,2423,2026-02-04 18:58:32.339,2026-02-04 18:58:28.340,-3999.216,50.02705764770508,0
2026-02-04 18:58:20.000,2026-02-04 18:58:30.000,477,2026-02-04 18:58:32.433,2026-02-04 18:58:28.341,-4091.552,60.02257537841797,0
2026-02-04 18:58:20.000,2026-02-04 18:58:30.000,2108,2026-02-04 18:58:32.433,2026-02-04 18:58:28.348,-4085.171,60.015785217285156,0
2026-02-04 18:58:20.000,2026-02-04 18:58:30.000,477,2026-02-04 18:58:32.450,2026-02-04 18:58:28.360,-4089.331,60.02195358276367,0
2026-02-04 18:58:20.000,2026-02-04 18:58:30.000,2423,2026-02-04 18:58:32.360,2026-02-04 18:58:28.360,-3999.331,50.02927780151367,0
2026-02-04 18:58:20.000,2026-02-04 18:58:30.000,2108,2026-02-04 18:58:32.450,2026-02-04 18:58:28.362,-4087.333,60.02009201049805,0
2026-02-04 18:58:20.000,2026-02-04 18:58:30.000,477,2026-02-04 18:58:32.466,2026-02-04 18:58:28.371,-4095.488,60.0215950012207,0
2026-02-04 18:58:20.000,2026-02-04 18:58:30.000,2423,2026-02-04 18:58:32.380,2026-02-04 18:58:28.377,-4002.317,50.02973937988281,0
2026-02-04 18:58:20.000,2026-02-04 18:58:30.000,2108,2026-02-04 18:58:32.466,2026-02-04 18:58:28.378,-4087.972,60.026954650878906,0
2026-02-04 18:58:20.000,2026-02-04 18:58:30.000,477,2026-02-04 18:58:32.483,2026-02-04 18:58:28.387,-4095.603,60.02236557006836,0
2026-02-04 18:58:20.000,2026-02-04 18:58:30.000,2108,2026-02-04 18:58:32.483,2026-02-04 18:58:28.395,-4087.569,60.02399444580078,0
2026-02-04 18:58:20.000,2026-02-04 18:58:30.000,2423,2026-02-04 18:58:32.400,2026-02-04 18:58:28.397,-4002.239,50.02668762207031,0
2026-02-04 18:58:20.000,2026-02-04 18:58:30.000,477,2026-02-04 18:58:32.499,2026-02-04 18:58:28.404,-4095.212,60.022274017333984,0
2026-02-04 18:58:20.000,2026-02-04 18:58:30.000,2108,2026-02-04 18:58:32.499,2026-02-04 18:58:28.421,-4078.903,60.01993179321289,0
2026-02-04 18:58:20.000,2026-02-04 18:58:30.000,2423,2026-02-04 18:58:32.419,2026-02-04 18:58:28.421,-3998.903,50.0257682800293,0
2026-02-04 18:58:20.000,2026-02-04 18:58:30.000,477,2026-02-04 18:58:32.516,2026-02-04 18:58:28.427,-4089.070,60.02128982543945,0
2026-02-04 18:58:20.000,2026-02-04 18:58:30.000,2108,2026-02-04 18:58:32.516,2026-02-04 18:58:28.428,-4088.072,60.02168273925781,0
2026-02-04 18:58:20.000,2026-02-04 18:58:30.000,2423,2026-02-04 18:58:32.440,2026-02-04 18:58:28.438,-4001.889,50.02938461303711,0
2026-02-04 18:58:20.000,2026-02-04 18:58:30.000,477,2026-02-04 18:58:32.533,2026-02-04 18:58:28.438,-4095.224,60.02116012573242,0
2026-02-04 18:58:20.000,2026-02-04 18:58:30.000,2108,2026-02-04 18:58:32.533,2026-02-04 18:58:28.445,-4087.715,60.026371002197266,0
2026-02-04 18:58:20.000,2026-02-04 18:58:30.000,477,2026-02-04 18:58:32.550,2026-02-04 18:58:28.455,-4094.865,60.02172088623047,0
2026-02-04 18:58:20.000,2026-02-04 18:58:30.000,2423,2026-02-04 18:58:32.460,2026-02-04 18:58:28.458,-4001.873,50.031646728515625,0
2026-02-04 18:58:20.000,2026-02-04 18:58:30.000,2108,2026-02-04 18:58:32.550,2026-02-04 18:58:28.462,-4087.358,60.0274658203125,0
2026-02-04 18:58:20.000,2026-02-04 18:58:30.000,477,2026-02-04 18:58:32.566,2026-02-04 18:58:28.471,-4095.025,60.02189254760742,0
2026-02-04 18:58:20.000,2026-02-04 18:58:30.000,2423,2026-02-04 18:58:32.480,2026-02-04 18:58:28.477,-4002.089,50.02909469604492,0
2026-02-04 18:58:20.000,2026-02-04 18:58:30.000,2108,2026-02-04 18:58:32.566,2026-02-04 18:58:28.478,-4087.760,60.021236419677734,0
2026-02-04 18:58:20.000,2026-02-04 18:58:30.000,477,2026-02-04 18:58:32.583,2026-02-04 18:58:28.487,-4095.383,60.0221061706543,0
2026-02-04 18:58:20.000,2026-02-04 18:58:30.000,2108,2026-02-04 18:58:32.583,2026-02-04 18:58:28.496,-4087.177,60.01579666137695,0
2026-02-04 18:58:20.000,2026-02-04 18:58:30.000,2423,2026-02-04 18:58:32.499,2026-02-04 18:58:28.498,-4001.832,50.02661895751953,0
2026-02-04 18:58:20.000,2026-02-04 18:58:30.000,477,2026-02-04 18:58:32.600,2026-02-04 18:58:28.505,-4094.817,60.02169418334961,0
2026-02-04 18:58:20.000,2026-02-04 18:58:30.000,2108,2026-02-04 18:58:32.600,2026-02-04 18:58:28.512,-4087.317,60.017276763916016,0
2026-02-04 18:58:20.000,2026-02-04 18:58:30.000,2423,2026-02-04 18:58:32.520,2026-02-04 18:58:28.517,-4002.311,50.02690887451172,0
2026-02-04 18:58:20.000,2026-02-04 18:58:30.000,477,2026-02-04 18:58:32.616,2026-02-04 18:58:28.521,-4094.975,60.02061080932617,0
2026-02-04 18:58:20.000,2026-02-04 18:58:30.000,2108,2026-02-04 18:58:32.616,2026-02-04 18:58:28.529,-4086.923,60.01924514770508,0
2026-02-04 18:58:20.000,2026-02-04 18:58:30.000,477,2026-02-04 18:58:32.633,2026-02-04 18:58:28.538,-4095.327,60.02116775512695,0
2026-02-04 18:58:20.000,2026-02-04 18:58:30.000,2423,2026-02-04 18:58:32.540,2026-02-04 18:58:28.538,-4002.007,50.027626037597656,0
2026-02-04 18:58:20.000,2026-02-04 18:58:30.000,2108,2026-02-04 18:58:32.633,2026-02-04 18:58:28.546,-4086.830,60.01952362060547,0
2026-02-04 18:58:20.000,2026-02-04 18:58:30.000,477,2026-02-04 18:58:32.650,2026-02-04 18:58:28.555,-4094.943,60.02183532714844,0
2026-02-04 18:58:20.000,2026-02-04 18:58:30.000,2423,2026-02-04 18:58:32.560,2026-02-04 18:58:28.558,-4001.943,50.027957916259766,0
2026-02-04 18:58:20.000,2026-02-04 18:58:30.000,2108,2026-02-04 18:58:32.650,2026-02-04 18:58:28.561,-4088.570,60.018218994140625,0
2026-02-04 18:58:20.000,2026-02-04 18:58:30.000,477,2026-02-04 18:58:32.666,2026-02-04 18:58:28.572,-4093.856,60.020896911621094,0
2026-02-04 18:58:20.000,2026-02-04 18:58:30.000,2423,2026-02-04 18:58:32.579,2026-02-04 18:58:28.577,-4002.108,50.0283203125,0
2026-02-04 18:58:20.000,2026-02-04 18:58:30.000,2108,2026-02-04 18:58:32.666,2026-02-04 18:58:28.578,-4087.779,60.01738357543945,0
2026-02-04 18:58:20.000,2026-02-04 18:58:30.000,2108,2026-02-04 18:58:32.683,2026-02-04 18:58:28.596,-4087.317,60.023826599121094,0
2026-02-04 18:58:20.000,2026-02-04 18:58:30.000,477,2026-02-04 18:58:32.683,2026-02-04 18:58:28.597,-4086.313,60.02059555053711,0
2026-02-04 18:58:20.000,2026-02-04 18:58:30.000,2423,2026-02-04 18:58:32.600,2026-02-04 18:58:28.598,-4001.989,50.02771759033203,0
2026-02-04 18:58:20.000,2026-02-04 18:58:30.000,477,2026-02-04 18:58:32.700,2026-02-04 18:58:28.609,-4090.921,60.02130126953125,0
2026-02-04 18:58:20.000,2026-02-04 18:58:30.000,2108,2026-02-04 18:58:32.700,2026-02-04 18:58:28.612,-4087.923,60.02950668334961,0
2026-02-04 18:58:20.000,2026-02-04 18:58:30.000,2423,2026-02-04 18:58:32.620,2026-02-04 18:58:28.618,-4001.878,50.02833938598633,0
2026-02-04 18:58:20.000,2026-02-04 18:58:30.000,477,2026-02-04 18:58:32.716,2026-02-04 18:58:28.623,-4093.539,60.0212287902832,0
2026-02-04 18:58:20.000,2026-02-04 18:58:30.000,2108,2026-02-04 18:58:32.716,2026-02-04 18:58:28.629,-4087.498,60.02534866333008,0
2026-02-04 18:58:20.000,2026-02-04 18:58:30.000,477,2026-02-04 18:58:32.733,2026-02-04 18:58:28.637,-4095.640,60.021080017089844,0
2026-02-04 18:58:20.000,2026-02-04 18:58:30.000,2423,2026-02-04 18:58:32.640,2026-02-04 18:58:28.637,-4002.305,50.02982711791992,0
2026-02-04 18:58:20.000,2026-02-04 18:58:30.000,2108,2026-02-04 18:58:32.733,2026-02-04 18:58:28.645,-4087.524,60.01881790161133,0
2026-02-04 18:58:20.000,2026-02-04 18:58:30.000,477,2026-02-04 18:58:32.750,2026-02-04 18:58:28.654,-4095.838,60.021175384521484,0
2026-02-04 18:58:20.000,2026-02-04 18:58:30.000,2423,2026-02-04 18:58:32.659,2026-02-04 18:58:28.658,-4001.827,50.028438568115234,0
2026-02-04 18:58:20.000,2026-02-04 18:58:30.000,2108,2026-02-04 18:58:32.750,2026-02-04 18:58:28.661,-4088.839,60.016845703125,0
2026-02-04 18:58:20.000,2026-02-04 18:58:30.000,477,2026-02-04 18:58:32.766,2026-02-04 18:58:28.671,-4095.000,60.02040100097656,0
2026-02-04 18:58:20.000,2026-02-04 18:58:30.000,2423,2026-02-04 18:58:32.680,2026-02-04 18:58:28.677,-4002.227,50.0284423828125,0
2026-02-04 18:58:20.000,2026-02-04 18:58:30.000,2108,2026-02-04 18:58:32.766,2026-02-04 18:58:28.678,-4087.898,60.01782989501953,0
2026-02-04 18:58:20.000,2026-02-04 18:58:30.000,477,2026-02-04 18:58:32.783,2026-02-04 18:58:28.687,-4095.528,60.0197639465332,0
2026-02-04 18:58:20.000,2026-02-04 18:58:30.000,2108,2026-02-04 18:58:32.783,2026-02-04 18:58:28.696,-4087.231,60.02094268798828,0
2026-02-04 18:58:20.000,2026-02-04 18:58:30.000,2423,2026-02-04 18:58:32.700,2026-02-04 18:58:28.698,-4001.904,50.029991149902344,0
2026-02-04 18:58:20.000,2026-02-04 18:58:30.000,477,2026-02-04 18:58:32.800,2026-02-04 18:58:28.704,-4095.855,60.020530700683594,0
2026-02-04 18:58:20.000,2026-02-04 18:58:30.000,2108,2026-02-04 18:58:32.800,2026-02-04 18:58:28.712,-4087.351,60.023075103759766,0
2026-02-04 18:58:20.000,2026-02-04 18:58:30.000,2423,2026-02-04 18:58:32.720,2026-02-04 18:58:28.718,-4001.344,50.028587341308594,0
2026-02-04 18:58:20.000,2026-02-04 18:58:30.000,477,2026-02-04 18:58:32.816,2026-02-04 18:58:28.721,-4095.008,60.021549224853516,0
2026-02-04 18:58:20.000,2026-02-04 18:58:30.000,2108,2026-02-04 18:58:32.816,2026-02-04 18:58:28.728,-4087.930,60.021427154541016,0
2026-02-04 18:58:20.000,2026-02-04 18:58:30.000,2423,2026-02-04 18:58:32.739,2026-02-04 18:58:28.737,-4002.012,50.0264778137207,0
2026-02-04 18:58:20.000,2026-02-04 18:58:30.000,477,2026-02-04 18:58:32.833,2026-02-04 18:58:28.737,-4095.348,60.02123260498047,0
2026-02-04 18:58:20.000,2026-02-04 18:58:30.000,2108,2026-02-04 18:58:32.833,2026-02-04 18:58:28.745,-4088.250,60.02143478393555,0
2026-02-04 18:58:20.000,2026-02-04 18:58:30.000,477,2026-02-04 18:58:32.850,2026-02-04 18:58:28.755,-4094.898,60.02047348022461,0
2026-02-04 18:58:20.000,2026-02-04 18:58:30.000,2423,2026-02-04 18:58:32.760,2026-02-04 18:58:28.757,-4002.895,50.02785873413086,0
2026-02-04 18:58:20.000,2026-02-04 18:58:30.000,2108,2026-02-04 18:58:32.850,2026-02-04 18:58:28.761,-4088.383,60.023441314697266,0
2026-02-04 18:58:20.000,2026-02-04 18:58:30.000,477,2026-02-04 18:58:32.866,2026-02-04 18:58:28.771,-4095.503,60.02003479003906,0
2026-02-04 18:58:20.000,2026-02-04 18:58:30.000,2423,2026-02-04 18:58:32.780,2026-02-04 18:58:28.777,-4002.336,50.030372619628906,0
2026-02-04 18:58:20.000,2026-02-04 18:58:30.000,2108,2026-02-04 18:58:32.866,2026-02-04 18:58:28.778,-4087.991,60.021671295166016,0
2026-02-04 18:58:20.000,2026-02-04 18:58:30.000,477,2026-02-04 18:58:32.883,2026-02-04 18:58:28.787,-4095.525,60.01967239379883,0
2026-02-04 18:58:20.000,2026-02-04 18:58:30.000,2108,2026-02-04 18:58:32.883,2026-02-04 18:58:28.795,-4087.463,60.0167236328125,0
2026-02-04 18:58:20.000,2026-02-04 18:58:30.000,2423,2026-02-04 18:58:32.800,2026-02-04 18:58:28.798,-4001.132,50.02866744995117,0
2026-02-04 18:58:20.000,2026-02-04 18:58:30.000,477,2026-02-04 18:58:32.899,2026-02-04 18:58:28.804,-4095.712,60.019588470458984,0
2026-02-04 18:58:20.000,2026-02-04 18:58:30.000,2108,2026-02-04 18:58:32.899,2026-02-04 18:58:28.812,-4087.204,60.01538848876953,0
2026-02-04 18:58:20.000,2026-02-04 18:58:30.000,2423,2026-02-04 18:58:32.819,2026-02-04 18:58:28.817,-4002.197,50.025760650634766,0
2026-02-04 18:58:20.000,2026-02-04 18:58:30.000,477,2026-02-04 18:58:32.916,2026-02-04 18:58:28.821,-4094.877,60.019798278808594,0
2026-02-04 18:58:20.000,2026-02-04 18:58:30.000,2108,2026-02-04 18:58:32.916,2026-02-04 18:58:28.828,-4087.824,60.0192985534668,0
2026-02-04 18:58:20.000,2026-02-04 18:58:30.000,2423,2026-02-04 18:58:32.840,2026-02-04 18:58:28.838,-4001.987,50.02684020996094,0
2026-02-04 18:58:20.000,2026-02-04 18:58:30.000,477,2026-02-04 18:58:32.933,2026-02-04 18:58:28.838,-4095.324,60.020408630371094,0
2026-02-04 18:58:20.000,2026-02-04 18:58:30.000,2108,2026-02-04 18:58:32.933,2026-02-04 18:58:28.846,-4087.296,60.022117614746094,0
2026-02-04 18:58:20.000,2026-02-04 18:58:30.000,477,2026-02-04 18:58:32.950,2026-02-04 18:58:28.854,-4095.610,60.020992279052734,0
2026-02-04 18:58:20.000,2026-02-04 18:58:30.000,2423,2026-02-04 18:58:32.860,2026-02-04 18:58:28.858,-4001.617,50.03034591674805,0
2026-02-04 18:58:20.000,2026-02-04 18:58:30.000,2108,2026-02-04 18:58:32.950,2026-02-04 18:58:28.861,-4088.610,60.019649505615234,0
2026-02-04 18:58:20.000,2026-02-04 18:58:30.000,477,2026-02-04 18:58:32.966,2026-02-04 18:58:28.870,-4095.769,60.0213508605957,0
2026-02-04 18:58:20.000,2026-02-04 18:58:30.000,2423,2026-02-04 18:58:32.880,2026-02-04 18:58:28.877,-4002.001,50.03055953979492,0
2026-02-04 18:58:20.000,2026-02-04 18:58:30.000,2108,2026-02-04 18:58:32.966,2026-02-04 18:58:28.880,-4085.674,60.01726531982422,0
2026-02-04 18:58:20.000,2026-02-04 18:58:30.000,477,2026-02-04 18:58:32.983,2026-02-04 18:58:28.888,-4095.219,60.02133560180664,0
2026-02-04 18:58:20.000,2026-02-04 18:58:30.000,2108,2026-02-04 18:58:32.983,2026-02-04 18:58:28.895,-4088.051,60.02082443237305,0
2026-02-04 18:58:20.000,2026-02-04 18:58:30.000,2423,2026-02-04 18:58:32.899,2026-02-04 18:58:28.898,-4001.704,50.027645111083984,0
2026-02-04 18:58:20.000,2026-02-04 18:58:30.000,477,2026-02-04 18:58:33.000,2026-02-04 18:58:28.904,-4095.058,60.02106475830078,0
2026-02-04 18:58:20.000,2026-02-04 18:58:30.000,2108,2026-02-04 18:58:33.000,2026-02-04 18:58:28.911,-4088.060,60.025447845458984,0
2026-02-04 18:58:20.000,2026-02-04 18:58:30.000,2423,2026-02-04 18:58:32.920,2026-02-04 18:58:28.918,-4001.872,50.02695846557617,0
2026-02-04 18:58:20.000,2026-02-04 18:58:30.000,477,2026-02-04 18:58:33.016,2026-02-04 18:58:28.926,-4090.401,60.02096176147461,0
2026-02-04 18:58:20.000,2026-02-04 18:58:30.000,2108,2026-02-04 18:58:33.016,2026-02-04 18:58:28.928,-4087.694,60.02415084838867,0
2026-02-04 18:58:20.000,2026-02-04 18:58:30.000,2423,2026-02-04 18:58:32.940,2026-02-04 18:58:28.937,-4002.080,50.0291633605957,0
2026-02-04 18:58:20.000,2026-02-04 18:58:30.000,477,2026-02-04 18:58:33.033,2026-02-04 18:58:28.938,-4094.874,60.020668029785156,0
2026-02-04 18:58:20.000,2026-02-04 18:58:30.000,2108,2026-02-04 18:58:33.033,2026-02-04 18:58:28.945,-4087.527,60.017704010009766,0
2026-02-04 18:58:20.000,2026-02-04 18:58:30.000,477,2026-02-04 18:58:33.050,2026-02-04 18:58:28.954,-4095.538,60.01979064941406,0
2026-02-04 18:58:20.000,2026-02-04 18:58:30.000,2423,2026-02-04 18:58:32.960,2026-02-04 18:58:28.957,-4002.537,50.029319763183594,0
2026-02-04 18:58:20.000,2026-02-04 18:58:30.000,2108,2026-02-04 18:58:33.050,2026-02-04 18:58:28.963,-4086.865,60.01424789428711,0
2026-02-04 18:58:20.000,2026-02-04 18:58:30.000,477,2026-02-04 18:58:33.066,2026-02-04 18:58:28.971,-4095.519,60.01905822753906,0
2026-02-04 18:58:20.000,2026-02-04 18:58:30.000,2423,2026-02-04 18:58:32.979,2026-02-04 18:58:28.977,-4002.335,50.026676177978516,0
2026-02-04 18:58:20.000,2026-02-04 18:58:30.000,2108,2026-02-04 18:58:33.066,2026-02-04 18:58:28.978,-4088.003,60.01766586303711,0
2026-02-04 18:58:20.000,2026-02-04 18:58:30.000,477,2026-02-04 18:58:33.083,2026-02-04 18:58:28.988,-4095.026,60.01972198486328,0
2026-02-04 18:58:20.000,2026-02-04 18:58:30.000,2108,2026-02-04 18:58:33.083,2026-02-04 18:58:28.995,-4087.512,60.0202751159668,0
2026-02-04 18:58:20.000,2026-02-04 18:58:30.000,2423,2026-02-04 18:58:33.000,2026-02-04 18:58:28.997,-4002.186,50.02800369262695,0
2026-02-04 18:58:20.000,2026-02-04 18:58:30.000,477,2026-02-04 18:58:33.100,2026-02-04 18:58:29.004,-4095.970,60.02039337158203,0
2026-02-04 18:58:20.000,2026-02-04 18:58:30.000,2108,2026-02-04 18:58:33.100,2026-02-04 18:58:29.012,-4087.964,60.02016830444336,0
2026-02-04 18:58:20.000,2026-02-04 18:58:30.000,2423,2026-02-04 18:58:33.020,2026-02-04 18:58:29.017,-4002.418,50.03042984008789,0
2026-02-04 18:58:20.000,2026-02-04 18:58:30.000,477,2026-02-04 18:58:33.116,2026-02-04 18:58:29.021,-4095.082,60.02035903930664,0
2026-02-04 18:58:20.000,2026-02-04 18:58:30.000,2108,2026-02-04 18:58:33.116,2026-02-04 18:58:29.029,-4087.572,60.01948165893555,0
2026-02-04 18:58:20.000,2026-02-04 18:58:30.000,2423,2026-02-04 18:58:33.040,2026-02-04 18:58:29.038,-4001.715,50.02902603149414,0
2026-02-04 18:58:20.000,2026-02-04 18:58:30.000,477,2026-02-04 18:58:33.133,2026-02-04 18:58:29.038,-4095.051,60.02033615112305,0
2026-02-04 18:58:20.000,2026-02-04 18:58:30.000,2108,2026-02-04 18:58:33.133,2026-02-04 18:58:29.045,-4088.018,60.01837158203125,0
2026-02-04 18:58:20.000,2026-02-04 18:58:30.000,477,2026-02-04 18:58:33.150,2026-02-04 18:58:29.056,-4093.989,60.01995086669922,0
2026-02-04 18:58:20.000,2026-02-04 18:58:30.000,2423,2026-02-04 18:58:33.059,2026-02-04 18:58:29.058,-4001.981,50.02802276611328,0
2026-02-04 18:58:20.000,2026-02-04 18:58:30.000,2108,2026-02-04 18:58:33.150,2026-02-04 18:58:29.061,-4088.480,60.02141189575195,0
2026-02-04 18:58:20.000,2026-02-04 18:58:30.000,477,2026-02-04 18:58:33.166,2026-02-04 18:58:29.071,-4095.639,60.019432067871094,0
2026-02-04 18:58:20.000,2026-02-04 18:58:30.000,2423,2026-02-04 18:58:33.080,2026-02-04 18:58:29.078,-4001.787,50.02949523925781,0
2026-02-04 18:58:20.000,2026-02-04 18:58:30.000,2108,2026-02-04 18:58:33.166,2026-02-04 18:58:29.079,-4087.458,60.02491760253906,0
2026-02-04 18:58:20.000,2026-02-04 18:58:30.000,477,2026-02-04 18:58:33.183,2026-02-04 18:58:29.087,-4095.571,60.019351959228516,0
2026-02-04 18:58:20.000,2026-02-04 18:58:30.000,2108,2026-02-04 18:58:33.183,2026-02-04 18:58:29.095,-4087.530,60.021263122558594,0
2026-02-04 18:58:20.000,2026-02-04 18:58:30.000,2423,2026-02-04 18:58:33.100,2026-02-04 18:58:29.097,-4002.206,50.030853271484375,0
2026-02-04 18:58:20.000,2026-02-04 18:58:30.000,477,2026-02-04 18:58:33.200,2026-02-04 18:58:29.105,-4094.992,60.02004623413086,0
2026-02-04 18:58:20.000,2026-02-04 18:58:30.000,2108,2026-02-04 18:58:33.200,2026-02-04 18:58:29.112,-4087.878,60.01704025268555,0
2026-02-04 18:58:20.000,2026-02-04 18:58:30.000,2423,2026-02-04 18:58:33.120,2026-02-04 18:58:29.118,-4001.379,50.02872085571289,0
2026-02-04 18:58:20.000,2026-02-04 18:58:30.000,477,2026-02-04 18:58:33.216,2026-02-04 18:58:29.121,-4095.045,60.02040481567383,0
2026-02-04 18:58:20.000,2026-02-04 18:58:30.000,2108,2026-02-04 18:58:33.216,2026-02-04 18:58:29.129,-4087.526,60.01874923706055,0
2026-02-04 18:58:20.000,2026-02-04 18:58:30.000,2423,2026-02-04 18:58:33.139,2026-02-04 18:58:29.137,-4002.341,50.027278900146484,0
2026-02-04 18:58:20.000,2026-02-04 18:58:30.000,477,2026-02-04 18:58:33.233,2026-02-04 18:58:29.137,-4095.677,60.01930236816406,0
2026-02-04 18:58:20.000,2026-02-04 18:58:30.000,2108,2026-02-04 18:58:33.233,2026-02-04 18:58:29.145,-4087.532,60.01993179321289,0
2026-02-04 18:58:20.000,2026-02-04 18:58:30.000,477,2026-02-04 18:58:33.250,2026-02-04 18:58:29.154,-4095.692,60.01838684082031,0
2026-02-04 18:58:20.000,2026-02-04 18:58:30.000,2423,2026-02-04 18:58:33.160,2026-02-04 18:58:29.157,-4002.687,50.02945327758789,0
2026-02-04 18:58:20.000,2026-02-04 18:58:30.000,2108,2026-02-04 18:58:33.250,2026-02-04 18:58:29.161,-4088.687,60.02063751220703,0
2026-02-04 18:58:20.000,2026-02-04 18:58:30.000,477,2026-02-04 18:58:33.266,2026-02-04 18:58:29.171,-4094.839,60.01922607421875,0
2026-02-04 18:58:20.000,2026-02-04 18:58:30.000,2423,2026-02-04 18:58:33.180,2026-02-04 18:58:29.177,-4002.115,50.03070068359375,0
2026-02-04 18:58:20.000,2026-02-04 18:58:30.000,2108,2026-02-04 18:58:33.266,2026-02-04 18:58:29.178,-4087.771,60.020484924316406,0
2026-02-04 18:58:20.000,2026-02-04 18:58:30.000,477,2026-02-04 18:58:33.283,2026-02-04 18:58:29.187,-4095.386,60.01945495605469,0
2026-02-04 18:58:20.000,2026-02-04 18:58:30.000,2108,2026-02-04 18:58:33.283,2026-02-04 18:58:29.195,-4088.122,60.01643371582031,0
2026-02-04 18:58:20.000,2026-02-04 18:58:30.000,2423,2026-02-04 18:58:33.200,2026-02-04 18:58:29.198,-4001.794,50.03011703491211,0
2026-02-04 18:58:20.000,2026-02-04 18:58:30.000,477,2026-02-04 18:58:33.299,2026-02-04 18:58:29.204,-4095.225,60.01844787597656,0
2026-02-04 18:58:20.000,2026-02-04 18:58:30.000,2108,2026-02-04 18:58:33.299,2026-02-04 18:58:29.212,-4087.229,60.01819610595703,0
2026-02-04 18:58:20.000,2026-02-04 18:58:30.000,2423,2026-02-04 18:58:33.219,2026-02-04 18:58:29.218,-4001.719,50.02840042114258,0
2026-02-04 18:58:20.000,2026-02-04 18:58:30.000,2108,2026-02-04 18:58:33.316,2026-02-04 18:58:29.228,-4087.881,60.02313995361328,0
2026-02-04 18:58:20.000,2026-02-04 18:58:30.000,2423,2026-02-04 18:58:33.240,2026-02-04 18:58:29.237,-4002.002,50.028602600097656,0
2026-02-04 18:58:20.000,2026-02-04 18:58:30.000,2108,2026-02-04 18:58:33.333,2026-02-04 18:58:29.245,-4087.725,60.02106475830078,0
2026-02-04 18:58:20.000,2026-02-04 18:58:30.000,477,2026-02-04 18:58:33.316,2026-02-04 18:58:29.254,-4062.544,60.0187873840332,0
2026-02-04 18:58:20.000,2026-02-04 18:58:30.000,477,2026-02-04 18:58:33.333,2026-02-04 18:58:29.254,-4079.208,60.01979064941406,0
2026-02-04 18:58:20.000,2026-02-04 18:58:30.000,2423,2026-02-04 18:58:33.260,2026-02-04 18:58:29.258,-4001.880,50.03085708618164,0
2026-02-04 18:58:20.000,2026-02-04 18:58:30.000,2108,2026-02-04 18:58:33.350,2026-02-04 18:58:29.261,-4088.705,60.019256591796875,0
2026-02-04 18:58:20.000,2026-02-04 18:58:30.000,2423,2026-02-04 18:58:33.280,2026-02-04 18:58:29.277,-4002.121,50.02991485595703,0
2026-02-04 18:58:20.000,2026-02-04 18:58:30.000,2108,2026-02-04 18:58:33.366,2026-02-04 18:58:29.278,-4087.793,60.02021026611328,0
2026-02-04 18:58:20.000,2026-02-04 18:58:30.000,477,2026-02-04 18:58:33.350,2026-02-04 18:58:29.286,-4063.085,60.01893997192383,0
2026-02-04 18:58:20.000,2026-02-04 18:58:30.000,477,2026-02-04 18:58:33.366,2026-02-04 18:58:29.287,-4078.756,60.01801681518555,0
2026-02-04 18:58:20.000,2026-02-04 18:58:30.000,477,2026-02-04 18:58:33.383,2026-02-04 18:58:29.288,-4094.421,60.0185432434082,0
2026-02-04 18:58:20.000,2026-02-04 18:58:30.000,2108,2026-02-04 18:58:33.383,2026-02-04 18:58:29.308,-4075.229,60.018402099609375,0
2026-02-04 18:58:20.000,2026-02-04 18:58:30.000,2423,2026-02-04 18:58:33.299,2026-02-04 18:58:29.309,-3990.884,50.02750778198242,0
2026-02-04 18:58:20.000,2026-02-04 18:58:30.000,477,2026-02-04 18:58:33.400,2026-02-04 18:58:29.309,-4090.892,60.018829345703125,0
2026-02-04 18:58:20.000,2026-02-04 18:58:30.000,2108,2026-02-04 18:58:33.400,2026-02-04 18:58:29.312,-4087.893,60.01826095581055,0
2026-02-04 18:58:20.000,2026-02-04 18:58:30.000,2423,2026-02-04 18:58:33.320,2026-02-04 18:58:29.322,-3997.136,50.02867889404297,0
2026-02-04 18:58:20.000,2026-02-04 18:58:30.000,477,2026-02-04 18:58:33.416,2026-02-04 18:58:29.323,-4092.793,60.01854705810547,0
2026-02-04 18:58:20.000,2026-02-04 18:58:30.000,2108,2026-02-04 18:58:33.416,2026-02-04 18:58:29.338,-4078.278,60.018157958984375,0
2026-02-04 18:58:20.000,2026-02-04 18:58:30.000,2423,2026-02-04 18:58:33.340,2026-02-04 18:58:29.338,-4001.622,50.02941131591797,0
2026-02-04 18:58:20.000,2026-02-04 18:58:30.000,477,2026-02-04 18:58:33.433,2026-02-04 18:58:29.339,-4093.436,60.018489837646484,0
2026-02-04 18:58:20.000,2026-02-04 18:58:30.000,2108,2026-02-04 18:58:33.433,2026-02-04 18:58:29.345,-4087.376,60.01615905761719,0
2026-02-04 18:58:20.000,2026-02-04 18:58:30.000,477,2026-02-04 18:58:33.450,2026-02-04 18:58:29.358,-4091.535,60.01884841918945,0
2026-02-04 18:58:20.000,2026-02-04 18:58:30.000,2423,2026-02-04 18:58:33.360,2026-02-04 18:58:29.359,-4000.536,50.02761459350586,0
2026-02-04 18:58:20.000,2026-02-04 18:58:30.000,2108,2026-02-04 18:58:33.450,2026-02-04 18:58:29.361,-4088.536,60.01866912841797,0
2026-02-04 18:58:20.000,2026-02-04 18:58:30.000,477,2026-02-04 18:58:33.466,2026-02-04 18:58:29.371,-4095.170,60.01941680908203,0
2026-02-04 18:58:20.000,2026-02-04 18:58:30.000,2423,2026-02-04 18:58:33.379,2026-02-04 18:58:29.384,-3995.799,50.029117584228516,0
2026-02-04 18:58:20.000,2026-02-04 18:58:30.000,2108,2026-02-04 18:58:33.466,2026-02-04 18:58:29.385,-4081.471,60.02266311645508,0
2026-02-04 18:58:20.000,2026-02-04 18:58:30.000,477,2026-02-04 18:58:33.483,2026-02-04 18:58:29.392,-4090.632,60.01911544799805,0
2026-02-04 18:58:20.000,2026-02-04 18:58:30.000,2108,2026-02-04 18:58:33.483,2026-02-04 18:58:29.396,-4086.625,60.02218246459961,0
2026-02-04 18:58:20.000,2026-02-04 18:58:30.000,2423,2026-02-04 18:58:33.400,2026-02-04 18:58:29.397,-4002.297,50.032081604003906,0
2026-02-04 18:58:20.000,2026-02-04 18:58:30.000,2108,2026-02-04 18:58:33.500,2026-02-04 18:58:29.417,-4082.780,60.018123626708984,0
2026-02-04 18:58:20.000,2026-02-04 18:58:30.000,2423,2026-02-04 18:58:33.420,2026-02-04 18:58:29.418,-4001.780,50.0323371887207,0
2026-02-04 18:58:20.000,2026-02-04 18:58:30.000,2108,2026-02-04 18:58:33.516,2026-02-04 18:58:29.428,-4087.932,60.015106201171875,0
2026-02-04 18:58:20.000,2026-02-04 18:58:30.000,477,2026-02-04 18:58:33.500,2026-02-04 18:58:29.431,-4068.269,60.018287658691406,0
2026-02-04 18:58:20.000,2026-02-04 18:58:30.000,477,2026-02-04 18:58:33.516,2026-02-04 18:58:29.431,-4084.933,60.01850891113281,0
2026-02-04 18:58:20.000,2026-02-04 18:58:30.000,2423,2026-02-04 18:58:33.440,2026-02-04 18:58:29.438,-4001.164,50.03024673461914,0
2026-02-04 18:58:20.000,2026-02-04 18:58:30.000,477,2026-02-04 18:58:33.533,2026-02-04 18:58:29.439,-4093.503,60.018917083740234,0
2026-02-04 18:58:20.000,2026-02-04 18:58:30.000,2108,2026-02-04 18:58:33.533,2026-02-04 18:58:29.445,-4087.449,60.016422271728516,0
2026-02-04 18:58:20.000,2026-02-04 18:58:30.000,477,2026-02-04 18:58:33.550,2026-02-04 18:58:29.454,-4095.603,60.01865005493164,0
2026-02-04 18:58:20.000,2026-02-04 18:58:30.000,2423,2026-02-04 18:58:33.459,2026-02-04 18:58:29.458,-4001.594,50.02843475341797,0
2026-02-04 18:58:20.000,2026-02-04 18:58:30.000,2108,2026-02-04 18:58:33.550,2026-02-04 18:58:29.461,-4088.601,60.0197639465332,0
2026-02-04 18:58:20.000,2026-02-04 18:58:30.000,477,2026-02-04 18:58:33.566,2026-02-04 18:58:29.470,-4095.761,60.01842498779297,0
2026-02-04 18:58:20.000,2026-02-04 18:58:30.000,2423,2026-02-04 18:58:33.480,2026-02-04 18:58:29.477,-4002.028,50.029541015625,0
2026-02-04 18:58:20.000,2026-02-04 18:58:30.000,2108,2026-02-04 18:58:33.566,2026-02-04 18:58:29.478,-4087.697,60.019412994384766,0
2026-02-04 18:58:20.000,2026-02-04 18:58:30.000,477,2026-02-04 18:58:33.583,2026-02-04 18:58:29.488,-4095.274,60.01853561401367,0
2026-02-04 18:58:20.000,2026-02-04 18:58:30.000,2108,2026-02-04 18:58:33.583,2026-02-04 18:58:29.495,-4087.981,60.01631164550781,0
2026-02-04 18:58:20.000,2026-02-04 18:58:30.000,2423,2026-02-04 18:58:33.500,2026-02-04 18:58:29.497,-4002.654,50.03080749511719,0
2026-02-04 18:58:20.000,2026-02-04 18:58:30.000,477,2026-02-04 18:58:33.600,2026-02-04 18:58:29.504,-4095.076,60.0190315246582,0
2026-02-04 18:58:20.000,2026-02-04 18:58:30.000,2108,2026-02-04 18:58:33.600,2026-02-04 18:58:29.511,-4088.075,60.01906967163086,0
2026-02-04 18:58:20.000,2026-02-04 18:58:30.000,2423,2026-02-04 18:58:33.520,2026-02-04 18:58:29.518,-4001.921,50.02989959716797,0
2026-02-04 18:58:20.000,2026-02-04 18:58:30.000,477,2026-02-04 18:58:33.616,2026-02-04 18:58:29.521,-4095.586,60.019832611083984,0
2026-02-04 18:58:20.000,2026-02-04 18:58:30.000,2108,2026-02-04 18:58:33.616,2026-02-04 18:58:29.529,-4087.523,60.02297592163086,0
2026-02-04 18:58:20.000,2026-02-04 18:58:30.000,2423,2026-02-04 18:58:33.539,2026-02-04 18:58:29.537,-4002.341,50.0291633605957,0
2026-02-04 18:58:20.000,2026-02-04 18:58:30.000,477,2026-02-04 18:58:33.633,2026-02-04 18:58:29.538,-4094.676,60.020137786865234,0
2026-02-04 18:58:20.000,2026-02-04 18:58:30.000,2108,2026-02-04 18:58:33.633,2026-02-04 18:58:29.545,-4087.528,60.02100372314453,0
2026-02-04 18:58:20.000,2026-02-04 18:58:30.000,477,2026-02-04 18:58:33.650,2026-02-04 18:58:29.554,-4095.119,60.01935577392578,0
2026-02-04 18:58:20.000,2026-02-04 18:58:30.000,2423,2026-02-04 18:58:33.560,2026-02-04 18:58:29.558,-4001.608,50.0313835144043,0
2026-02-04 18:58:20.000,2026-02-04 18:58:30.000,2108,2026-02-04 18:58:33.650,2026-02-04 18:58:29.561,-4088.602,60.016788482666016,0
2026-02-04 18:58:20.000,2026-02-04 18:58:30.000,477,2026-02-04 18:58:33.666,2026-02-04 18:58:29.571,-4095.225,60.018611907958984,0
2026-02-04 18:58:20.000,2026-02-04 18:58:30.000,2423,2026-02-04 18:58:33.580,2026-02-04 18:58:29.577,-4002.050,50.0323486328125,0
2026-02-04 18:58:20.000,2026-02-04 18:58:30.000,2108,2026-02-04 18:58:33.666,2026-02-04 18:58:29.578,-4087.704,60.01533889770508,0
2026-02-04 18:58:20.000,2026-02-04 18:58:30.000,477,2026-02-04 18:58:33.683,2026-02-04 18:58:29.588,-4095.204,60.01910400390625,0
2026-02-04 18:58:20.000,2026-02-04 18:58:30.000,2108,2026-02-04 18:58:33.683,2026-02-04 18:58:29.595,-4087.699,60.020320892333984,0
2026-02-04 18:58:20.000,2026-02-04 18:58:30.000,2423,2026-02-04 18:58:33.600,2026-02-04 18:58:29.597,-4002.370,50.030052185058594,0
2026-02-04 18:58:20.000,2026-02-04 18:58:30.000,477,2026-02-04 18:58:33.699,2026-02-04 18:58:29.604,-4095.340,60.01926803588867,0
2026-02-04 18:58:20.000,2026-02-04 18:58:30.000,2108,2026-02-04 18:58:33.699,2026-02-04 18:58:29.612,-4087.341,60.02448272705078,0
2026-02-04 18:58:20.000,2026-02-04 18:58:30.000,2423,2026-02-04 18:58:33.619,2026-02-04 18:58:29.618,-4001.830,50.02981185913086,0
2026-02-04 18:58:20.000,2026-02-04 18:58:30.000,477,2026-02-04 18:58:33.716,2026-02-04 18:58:29.621,-4095.507,60.018863677978516,0
2026-02-04 18:58:20.000,2026-02-04 18:58:30.000,2108,2026-02-04 18:58:33.716,2026-02-04 18:58:29.628,-4087.997,60.020599365234375,0
2026-02-04 18:58:20.000,2026-02-04 18:58:30.000,2423,2026-02-04 18:58:33.640,2026-02-04 18:58:29.638,-4001.099,50.029727935791016,0
2026-02-04 18:58:20.000,2026-02-04 18:58:30.000,2108,2026-02-04 18:58:33.733,2026-02-04 18:58:29.645,-4088.120,60.01553726196289,0
2026-02-04 18:58:20.000,2026-02-04 18:58:30.000,2423,2026-02-04 18:58:33.660,2026-02-04 18:58:29.657,-4002.283,50.029396057128906,0
2026-02-04 18:58:20.000,2026-02-04 18:58:30.000,477,2026-02-04 18:58:33.733,2026-02-04 18:58:29.661,-4071.612,60.0185432434082,0
2026-02-04 18:58:20.000,2026-02-04 18:58:30.000,2108,2026-02-04 18:58:33.750,2026-02-04 18:58:29.662,-4087.275,60.017417907714844,0
2026-02-04 18:58:20.000,2026-02-04 18:58:30.000,477,2026-02-04 18:58:33.750,2026-02-04 18:58:29.663,-4086.770,60.01852035522461,0
2026-02-04 18:58:20.000,2026-02-04 18:58:30.000,477,2026-02-04 18:58:33.766,2026-02-04 18:58:29.671,-4095.433,60.018802642822266,0
2026-02-04 18:58:20.000,2026-02-04 18:58:30.000,2423,2026-02-04 18:58:33.680,2026-02-04 18:58:29.677,-4002.246,50.030242919921875,0
2026-02-04 18:58:20.000,2026-02-04 18:58:30.000,2108,2026-02-04 18:58:33.766,2026-02-04 18:58:29.678,-4087.919,60.019317626953125,0
2026-02-04 18:58:20.000,2026-02-04 18:58:30.000,477,2026-02-04 18:58:33.783,2026-02-04 18:58:29.687,-4095.547,60.01862335205078,0
2026-02-04 18:58:20.000,2026-02-04 18:58:30.000,2423,2026-02-04 18:58:33.699,2026-02-04 18:58:29.697,-4002.131,50.02839660644531,0
2026-02-04 18:58:20.000,2026-02-04 18:58:30.000,2108,2026-02-04 18:58:33.783,2026-02-04 18:58:29.700,-4082.475,60.01795959472656,0
2026-02-04 18:58:20.000,2026-02-04 18:58:30.000,477,2026-02-04 18:58:33.800,2026-02-04 18:58:29.704,-4095.098,60.0184440612793,0
2026-02-04 18:58:20.000,2026-02-04 18:58:30.000,2108,2026-02-04 18:58:33.800,2026-02-04 18:58:29.714,-4085.585,60.017154693603516,0
2026-02-04 18:58:20.000,2026-02-04 18:58:30.000,2423,2026-02-04 18:58:33.720,2026-02-04 18:58:29.718,-4001.583,50.027652740478516,0
2026-02-04 18:58:20.000,2026-02-04 18:58:30.000,477,2026-02-04 18:58:33.816,2026-02-04 18:58:29.721,-4095.248,60.01875686645508,0
2026-02-04 18:58:20.000,2026-02-04 18:58:30.000,2108,2026-02-04 18:58:33.816,2026-02-04 18:58:29.735,-4081.604,60.0150032043457,0
2026-02-04 18:58:20.000,2026-02-04 18:58:30.000,2423,2026-02-04 18:58:33.740,2026-02-04 18:58:29.738,-4001.948,50.03050994873047,0
2026-02-04 18:58:20.000,2026-02-04 18:58:30.000,477,2026-02-04 18:58:33.833,2026-02-04 18:58:29.738,-4095.268,60.01898193359375,0
2026-02-04 18:58:20.000,2026-02-04 18:58:30.000,2108,2026-02-04 18:58:33.833,2026-02-04 18:58:29.746,-4087.248,60.0146484375,0
2026-02-04 18:58:20.000,2026-02-04 18:58:30.000,477,2026-02-04 18:58:33.850,2026-02-04 18:58:29.755,-4094.439,60.018375396728516,0
2026-02-04 18:58:20.000,2026-02-04 18:58:30.000,2423,2026-02-04 18:58:33.760,2026-02-04 18:58:29.757,-4002.437,50.031707763671875,0
2026-02-04 18:58:20.000,2026-02-04 18:58:30.000,2108,2026-02-04 18:58:33.850,2026-02-04 18:58:29.761,-4088.440,60.01799774169922,0
2026-02-04 18:58:20.000,2026-02-04 18:58:30.000,2423,2026-02-04 18:58:33.779,2026-02-04 18:58:29.778,-4001.889,50.02970886230469,0
2026-02-04 18:58:20.000,2026-02-04 18:58:30.000,2108,2026-02-04 18:58:33.866,2026-02-04 18:58:29.779,-4087.560,60.021278381347656,0
2026-02-04 18:58:20.000,2026-02-04 18:58:30.000,2108,2026-02-04 18:58:33.883,2026-02-04 18:58:29.795,-4087.646,60.019287109375,0
2026-02-04 18:58:20.000,2026-02-04 18:58:30.000,2423,2026-02-04 18:58:33.800,2026-02-04 18:58:29.797,-4002.316,50.02920150756836,0
2026-02-04 18:58:20.000,2026-02-04 18:58:30.000,477,2026-02-04 18:58:33.866,2026-02-04 18:58:29.802,-4063.950,60.018394470214844,0
2026-02-04 18:58:20.000,2026-02-04 18:58:30.000,477,2026-02-04 18:58:33.883,2026-02-04 18:58:29.803,-4079.607,60.018310546875,0
2026-02-04 18:58:20.000,2026-02-04 18:58:30.000,477,2026-02-04 18:58:33.900,2026-02-04 18:58:29.804,-4095.286,60.017364501953125,0
2026-02-04 18:58:20.000,2026-02-04 18:58:30.000,2108,2026-02-04 18:58:33.900,2026-02-04 18:58:29.812,-4087.783,60.014774322509766,0
2026-02-04 18:58:20.000,2026-02-04 18:58:30.000,2423,2026-02-04 18:58:33.820,2026-02-04 18:58:29.817,-4002.255,50.03150939941406,0
2026-02-04 18:58:20.000,2026-02-04 18:58:30.000,477,2026-02-04 18:58:33.916,2026-02-04 18:58:29.821,-4094.922,60.017822265625,0
2026-02-04 18:58:20.000,2026-02-04 18:58:30.000,2108,2026-02-04 18:58:33.916,2026-02-04 18:58:29.829,-4087.367,60.017974853515625,0
2026-02-04 18:58:20.000,2026-02-04 18:58:30.000,477,2026-02-04 18:58:33.933,2026-02-04 18:58:29.837,-4095.522,60.018741607666016,0
2026-02-04 18:58:20.000,2026-02-04 18:58:30.000,2423,2026-02-04 18:58:33.840,2026-02-04 18:58:29.838,-4001.185,50.03147888183594,0
2026-02-04 18:58:20.000,2026-02-04 18:58:30.000,2108,2026-02-04 18:58:33.933,2026-02-04 18:58:29.845,-4088.248,60.02180862426758,0
2026-02-04 18:58:20.000,2026-02-04 18:58:30.000,2423,2026-02-04 18:58:33.859,2026-02-04 18:58:29.857,-4002.310,50.029205322265625,0
2026-02-04 18:58:20.000,2026-02-04 18:58:30.000,2108,2026-02-04 18:58:33.950,2026-02-04 18:58:29.862,-4087.318,60.01607131958008,0
2026-02-04 18:58:20.000,2026-02-04 18:58:30.000,477,2026-02-04 18:58:33.950,2026-02-04 18:58:29.875,-4074.883,60.01802062988281,0
2026-02-04 18:58:20.000,2026-02-04 18:58:30.000,477,2026-02-04 18:58:33.966,2026-02-04 18:58:29.876,-4090.555,60.0177001953125,0
2026-02-04 18:58:20.000,2026-02-04 18:58:30.000,2423,2026-02-04 18:58:33.880,2026-02-04 18:58:29.879,-4000.881,50.029972076416016,0
2026-02-04 18:58:20.000,2026-02-04 18:58:30.000,2108,2026-02-04 18:58:33.966,2026-02-04 18:58:29.879,-4087.553,60.0128288269043,0
2026-02-04 18:58:20.000,2026-02-04 18:58:30.000,477,2026-02-04 18:58:33.983,2026-02-04 18:58:29.887,-4095.668,60.01826477050781,0
2026-02-04 18:58:20.000,2026-02-04 18:58:30.000,2108,2026-02-04 18:58:33.983,2026-02-04 18:58:29.895,-4087.567,60.01924514770508,0
2026-02-04 18:58:20.000,2026-02-04 18:58:30.000,2423,2026-02-04 18:58:33.900,2026-02-04 18:58:29.898,-4001.239,50.031776428222656,0
2026-02-04 18:58:20.000,2026-02-04 18:58:30.000,2108,2026-02-04 18:58:34.000,2026-02-04 18:58:29.912,-4087.198,60.02177429199219,0
2026-02-04 18:58:20.000,2026-02-04 18:58:30.000,2423,2026-02-04 18:58:33.920,2026-02-04 18:58:29.918,-4001.687,50.030635833740234,0
2026-02-04 18:58:20.000,2026-02-04 18:58:30.000,2108,2026-02-04 18:58:34.016,2026-02-04 18:58:29.928,-4087.834,60.0175895690918,0
2026-02-04 18:58:20.000,2026-02-04 18:58:30.000,477,2026-02-04 18:58:34.000,2026-02-04 18:58:29.932,-4067.171,60.01778793334961,0
2026-02-04 18:58:20.000,2026-02-04 18:58:30.000,477,2026-02-04 18:58:34.016,2026-02-04 18:58:29.932,-4083.835,60.017494201660156,0
2026-02-04 18:58:20.000,2026-02-04 18:58:30.000,2423,2026-02-04 18:58:33.939,2026-02-04 18:58:29.937,-4002.115,50.03052520751953,0
2026-02-04 18:58:20.000,2026-02-04 18:58:30.000,477,2026-02-04 18:58:34.033,2026-02-04 18:58:29.937,-4095.451,60.01778793334961,0
2026-02-04 18:58:20.000,2026-02-04 18:58:30.000,2108,2026-02-04 18:58:34.033,2026-02-04 18:58:29.945,-4087.415,60.01499938964844,0
2026-02-04 18:58:20.000,2026-02-04 18:58:30.000,477,2026-02-04 18:58:34.050,2026-02-04 18:58:29.954,-4095.818,60.017757415771484,0
2026-02-04 18:58:20.000,2026-02-04 18:58:30.000,2423,2026-02-04 18:58:33.960,2026-02-04 18:58:29.958,-4001.820,50.032772064208984,0
2026-02-04 18:58:20.000,2026-02-04 18:58:30.000,477,2026-02-04 18:58:34.066,2026-02-04 18:58:29.971,-4094.884,60.01765060424805,0
2026-02-04 18:58:20.000,2026-02-04 18:58:30.000,2423,2026-02-04 18:58:33.980,2026-02-04 18:58:29.977,-4002.026,50.03276443481445,0
2026-02-04 18:58:20.000,2026-02-04 18:58:30.000,477,2026-02-04 18:58:34.083,2026-02-04 18:58:29.988,-4095.110,60.01763916015625,0
2026-02-04 18:58:20.000,2026-02-04 18:58:30.000,2108,2026-02-04 18:58:34.050,2026-02-04 18:58:29.992,-4057.273,60.01399230957031,0
2026-02-04 18:58:20.000,2026-02-04 18:58:30.000,2108,2026-02-04 18:58:34.066,2026-02-04 18:58:29.992,-4073.937,60.01704406738281,0
2026-02-04 18:58:20.000,2026-02-04 18:58:30.000,2108,2026-02-04 18:58:34.083,2026-02-04 18:58:29.995,-4087.592,60.02093505859375,0
2026-02-04 18:58:20.000,2026-02-04 18:58:30.000,2423,2026-02-04 18:58:34.000,2026-02-04 18:58:29.997,-4002.263,50.030067443847656,0
