window_start_utc,window_end_utc,ppa,utc_measurement,utc_arrival,delta_ms,value,flags
2026-02-04 18:58:30.000,2026-02-04 18:58:40.000,2108,2026-02-04 18:58:34.099,2026-02-04 18:58:30.011,-4088.207,60.01862716674805,0
2026-02-04 18:58:30.000,2026-02-04 18:58:40.000,2423,2026-02-04 18:58:34.019,2026-02-04 18:58:30.039,-3980.273,50.029727935791016,0
2026-02-04 18:58:30.000,2026-02-04 18:58:40.000,2108,2026-02-04 18:58:34.116,2026-02-04 18:58:30.040,-4075.951,60.014671325683594,0
2026-02-04 18:58:30.000,2026-02-04 18:58:40.000,477,2026-02-04 18:58:34.099,2026-02-04 18:58:30.040,-4059.271,60.017242431640625,0
2026-02-04 18:58:30.000,2026-02-04 18:58:40.000,477,2026-02-04 18:58:34.116,2026-02-04 18:58:30.040,-4075.951,60.01740264892578,0
2026-02-04 18:58:30.000,2026-02-04 18:58:40.000,477,2026-02-04 18:58:34.133,2026-02-04 18:58:30.041,-4091.617,60.01787185668945,0
2026-02-04 18:58:30.000,2026-02-04 18:58:40.000,2423,2026-02-04 18:58:34.040,2026-02-04 18:58:30.041,-3998.281,50.03157043457031,0
2026-02-04 18:58:30.000,2026-02-04 18:58:40.000,2108,2026-02-04 18:58:34.133,2026-02-04 18:58:30.044,-4088.559,60.014060974121094,0
2026-02-04 18:58:30.000,2026-02-04 18:58:40.000,477,2026-02-04 18:58:34.150,2026-02-04 18:58:30.054,-4095.195,60.01747512817383,0
2026-02-04 18:58:30.000,2026-02-04 18:58:40.000,2423,2026-02-04 18:58:34.060,2026-02-04 18:58:30.057,-4002.060,50.031246185302734,0
2026-02-04 18:58:30.000,2026-02-04 18:58:40.000,477,2026-02-04 18:58:34.166,2026-02-04 18:58:30.072,-4094.636,60.01742172241211,0
2026-02-04 18:58:30.000,2026-02-04 18:58:40.000,2423,2026-02-04 18:58:34.080,2026-02-04 18:58:30.078,-4001.728,50.02948760986328,0
2026-02-04 18:58:30.000,2026-02-04 18:58:40.000,2108,2026-02-04 18:58:34.150,2026-02-04 18:58:30.081,-4068.727,60.01735305786133,0
2026-02-04 18:58:30.000,2026-02-04 18:58:40.000,2108,2026-02-04 18:58:34.166,2026-02-04 18:58:30.082,-4083.893,60.02085876464844,0
2026-02-04 18:58:30.000,2026-02-04 18:58:40.000,477,2026-02-04 18:58:34.183,2026-02-04 18:58:30.089,-4094.317,60.017696380615234,0
2026-02-04 18:58:30.000,2026-02-04 18:58:40.000,2108,2026-02-04 18:58:34.183,2026-02-04 18:58:30.095,-4088.023,60.02090835571289,0
2026-02-04 18:58:30.000,2026-02-04 18:58:40.000,2423,2026-02-04 18:58:34.099,2026-02-04 18:58:30.098,-4001.677,50.0280876159668,0
2026-02-04 18:58:30.000,2026-02-04 18:58:40.000,477,2026-02-04 18:58:34.200,2026-02-04 18:58:30.104,-4095.112,60.0178108215332,0
2026-02-04 18:58:30.000,2026-02-04 18:58:40.000,2108,2026-02-04 18:58:34.200,2026-02-04 18:58:30.116,-4083.597,60.017189025878906,0
2026-02-04 18:58:30.000,2026-02-04 18:58:40.000,2423,2026-02-04 18:58:34.120,2026-02-04 18:58:30.118,-4001.599,50.02924728393555,0
2026-02-04 18:58:30.000,2026-02-04 18:58:40.000,477,2026-02-04 18:58:34.216,2026-02-04 18:58:30.121,-4095.263,60.017913818359375,0
2026-02-04 18:58:30.000,2026-02-04 18:58:40.000,2108,2026-02-04 18:58:34.216,2026-02-04 18:58:30.130,-4085.750,60.01494598388672,0
2026-02-04 18:58:30.000,2026-02-04 18:58:40.000,477,2026-02-04 18:58:34.233,2026-02-04 18:58:30.138,-4094.992,60.01763916015625,0
2026-02-04 18:58:30.000,2026-02-04 18:58:40.000,2423,2026-02-04 18:58:34.140,2026-02-04 18:58:30.138,-4001.672,50.032752990722656,0
2026-02-04 18:58:30.000,2026-02-04 18:58:40.000,2108,2026-02-04 18:58:34.233,2026-02-04 18:58:30.145,-4087.479,60.01826858520508,0
2026-02-04 18:58:30.000,2026-02-04 18:58:40.000,477,2026-02-04 18:58:34.250,2026-02-04 18:58:30.155,-4094.639,60.01710891723633,0
2026-02-04 18:58:30.000,2026-02-04 18:58:40.000,2423,2026-02-04 18:58:34.160,2026-02-04 18:58:30.158,-4001.639,50.03306579589844,0
2026-02-04 18:58:30.000,2026-02-04 18:58:40.000,2108,2026-02-04 18:58:34.250,2026-02-04 18:58:30.161,-4088.641,60.02041244506836,0
2026-02-04 18:58:30.000,2026-02-04 18:58:40.000,477,2026-02-04 18:58:34.266,2026-02-04 18:58:30.171,-4095.615,60.016475677490234,0
2026-02-04 18:58:30.000,2026-02-04 18:58:40.000,2423,2026-02-04 18:58:34.179,2026-02-04 18:58:30.178,-4001.643,50.02949523925781,0
2026-02-04 18:58:30.000,2026-02-04 18:58:40.000,2108,2026-02-04 18:58:34.266,2026-02-04 18:58:30.179,-4087.316,60.014678955078125,0
2026-02-04 18:58:30.000,2026-02-04 18:58:40.000,477,2026-02-04 18:58:34.283,2026-02-04 18:58:30.187,-4095.469,60.01581573486328,0
2026-02-04 18:58:30.000,2026-02-04 18:58:40.000,2108,2026-02-04 18:58:34.283,2026-02-04 18:58:30.195,-4087.438,60.00981521606445,0
2026-02-04 18:58:30.000,2026-02-04 18:58:40.000,2423,2026-02-04 18:58:34.200,2026-02-04 18:58:30.197,-4002.111,50.0285758972168,0
2026-02-04 18:58:30.000,2026-02-04 18:58:40.000,477,2026-02-04 18:58:34.300,2026-02-04 18:58:30.204,-4095.058,60.0159797668457,0
2026-02-04 18:58:30.000,2026-02-04 18:58:40.000,2108,2026-02-04 18:58:34.300,2026-02-04 18:58:30.211,-4088.735,60.013267517089844,0
2026-02-04 18:58:30.000,2026-02-04 18:58:40.000,2423,2026-02-04 18:58:34.220,2026-02-04 18:58:30.217,-4002.225,50.03091812133789,0
2026-02-04 18:58:30.000,2026-02-04 18:58:40.000,477,2026-02-04 18:58:34.316,2026-02-04 18:58:30.221,-4094.888,60.01683044433594,0
2026-02-04 18:58:30.000,2026-02-04 18:58:40.000,2108,2026-02-04 18:58:34.316,2026-02-04 18:58:30.229,-4087.528,60.01771545410156,0
2026-02-04 18:58:30.000,2026-02-04 18:58:40.000,2423,2026-02-04 18:58:34.240,2026-02-04 18:58:30.237,-4002.343,50.0313606262207,0
2026-02-04 18:58:30.000,2026-02-04 18:58:40.000,477,2026-02-04 18:58:34.333,2026-02-04 18:58:30.238,-4094.679,60.016998291015625,0
2026-02-04 18:58:30.000,2026-02-04 18:58:40.000,2108,2026-02-04 18:58:34.333,2026-02-04 18:58:30.245,-4087.556,60.01885223388672,0
2026-02-04 18:58:30.000,2026-02-04 18:58:40.000,477,2026-02-04 18:58:34.350,2026-02-04 18:58:30.254,-4095.130,60.016807556152344,0
2026-02-04 18:58:30.000,2026-02-04 18:58:40.000,2423,2026-02-04 18:58:34.259,2026-02-04 18:58:30.257,-4002.121,50.029842376708984,0
2026-02-04 18:58:30.000,2026-02-04 18:58:40.000,2108,2026-02-04 18:58:34.350,2026-02-04 18:58:30.262,-4087.126,60.01777267456055,0
2026-02-04 18:58:30.000,2026-02-04 18:58:40.000,477,2026-02-04 18:58:34.366,2026-02-04 18:58:30.271,-4095.670,60.01736831665039,0
2026-02-04 18:58:30.000,2026-02-04 18:58:40.000,2423,2026-02-04 18:58:34.280,2026-02-04 18:58:30.278,-4001.757,50.029605865478516,0
2026-02-04 18:58:30.000,2026-02-04 18:58:40.000,2108,2026-02-04 18:58:34.366,2026-02-04 18:58:30.279,-4087.430,60.01803970336914,0
2026-02-04 18:58:30.000,2026-02-04 18:58:40.000,477,2026-02-04 18:58:34.383,2026-02-04 18:58:30.287,-4095.580,60.017425537109375,0
2026-02-04 18:58:30.000,2026-02-04 18:58:40.000,2108,2026-02-04 18:58:34.383,2026-02-04 18:58:30.295,-4087.351,60.018253326416016,0
2026-02-04 18:58:30.000,2026-02-04 18:58:40.000,2423,2026-02-04 18:58:34.300,2026-02-04 18:58:30.297,-4002.020,50.03153610229492,0
2026-02-04 18:58:30.000,2026-02-04 18:58:40.000,477,2026-02-04 18:58:34.400,2026-02-04 18:58:30.305,-4094.975,60.0168342590332,0
2026-02-04 18:58:30.000,2026-02-04 18:58:40.000,2108,2026-02-04 18:58:34.400,2026-02-04 18:58:30.312,-4087.975,60.0169563293457,0
2026-02-04 18:58:30.000,2026-02-04 18:58:40.000,2423,2026-02-04 18:58:34.320,2026-02-04 18:58:30.317,-4002.461,50.03212356567383,0
2026-02-04 18:58:30.000,2026-02-04 18:58:40.000,477,2026-02-04 18:58:34.416,2026-02-04 18:58:30.321,-4095.123,60.01699447631836,0
2026-02-04 18:58:30.000,2026-02-04 18:58:40.000,2108,2026-02-04 18:58:34.416,2026-02-04 18:58:30.338,-4078.525,60.018314361572266,0
2026-02-04 18:58:30.000,2026-02-04 18:58:40.000,2423,2026-02-04 18:58:34.339,2026-02-04 18:58:30.339,-4000.853,50.0309944152832,0
2026-02-04 18:58:30.000,2026-02-04 18:58:40.000,477,2026-02-04 18:58:34.433,2026-02-04 18:58:30.339,-4094.189,60.016944885253906,0
2026-02-04 18:58:30.000,2026-02-04 18:58:40.000,2108,2026-02-04 18:58:34.433,2026-02-04 18:58:30.352,-4080.673,60.01625442504883,0
2026-02-04 18:58:30.000,2026-02-04 18:58:40.000,477,2026-02-04 18:58:34.450,2026-02-04 18:58:30.354,-4095.238,60.016693115234375,0
2026-02-04 18:58:30.000,2026-02-04 18:58:40.000,2423,2026-02-04 18:58:34.360,2026-02-04 18:58:30.357,-4002.243,50.03120422363281,0
2026-02-04 18:58:30.000,2026-02-04 18:58:40.000,2108,2026-02-04 18:58:34.450,2026-02-04 18:58:30.362,-4087.243,60.01292037963867,0
2026-02-04 18:58:30.000,2026-02-04 18:58:40.000,477,2026-02-04 18:58:34.466,2026-02-04 18:58:30.371,-4095.395,60.017181396484375,0
2026-02-04 18:58:30.000,2026-02-04 18:58:40.000,2423,2026-02-04 18:58:34.380,2026-02-04 18:58:30.381,-3998.225,50.03090286254883,0
2026-02-04 18:58:30.000,2026-02-04 18:58:40.000,2108,2026-02-04 18:58:34.466,2026-02-04 18:58:30.381,-4084.881,60.017208099365234,0
2026-02-04 18:58:30.000,2026-02-04 18:58:40.000,477,2026-02-04 18:58:34.483,2026-02-04 18:58:30.399,-4083.571,60.01655960083008,0
2026-02-04 18:58:30.000,2026-02-04 18:58:40.000,2108,2026-02-04 18:58:34.483,2026-02-04 18:58:30.401,-4081.570,60.018341064453125,0
2026-02-04 18:58:30.000,2026-02-04 18:58:40.000,2423,2026-02-04 18:58:34.400,2026-02-04 18:58:30.401,-3998.242,50.02992630004883,0
2026-02-04 18:58:30.000,2026-02-04 18:58:40.000,477,2026-02-04 18:58:34.499,2026-02-04 18:58:30.421,-4078.201,60.01587677001953,0
2026-02-04 18:58:30.000,2026-02-04 18:58:40.000,2108,2026-02-04 18:58:34.499,2026-02-04 18:58:30.424,-4075.689,60.014556884765625,0
2026-02-04 18:58:30.000,2026-02-04 18:58:40.000,2423,2026-02-04 18:58:34.419,2026-02-04 18:58:30.424,-3995.689,50.03035354614258,0
2026-02-04 18:58:30.000,2026-02-04 18:58:40.000,477,2026-02-04 18:58:34.516,2026-02-04 18:58:30.425,-4091.362,60.016578674316406,0
2026-02-04 18:58:30.000,2026-02-04 18:58:40.000,2108,2026-02-04 18:58:34.516,2026-02-04 18:58:30.431,-4085.362,60.01490783691406,0
2026-02-04 18:58:30.000,2026-02-04 18:58:40.000,477,2026-02-04 18:58:34.533,2026-02-04 18:58:30.438,-4094.505,60.016151428222656,0
2026-02-04 18:58:30.000,2026-02-04 18:58:40.000,2423,2026-02-04 18:58:34.440,2026-02-04 18:58:30.438,-4001.169,50.03132629394531,0
2026-02-04 18:58:30.000,2026-02-04 18:58:40.000,2108,2026-02-04 18:58:34.533,2026-02-04 18:58:30.446,-4086.985,60.01523208618164,0
2026-02-04 18:58:30.000,2026-02-04 18:58:40.000,477,2026-02-04 18:58:34.550,2026-02-04 18:58:30.460,-4089.125,60.01557540893555,0
2026-02-04 18:58:30.000,2026-02-04 18:58:40.000,2423,2026-02-04 18:58:34.460,2026-02-04 18:58:30.461,-3998.134,50.03181838989258,0
2026-02-04 18:58:30.000,2026-02-04 18:58:40.000,2108,2026-02-04 18:58:34.550,2026-02-04 18:58:30.462,-4087.125,60.015594482421875,0
2026-02-04 18:58:30.000,2026-02-04 18:58:40.000,477,2026-02-04 18:58:34.566,2026-02-04 18:58:30.471,-4095.277,60.015995025634766,0
2026-02-04 18:58:30.000,2026-02-04 18:58:40.000,2423,2026-02-04 18:58:34.480,2026-02-04 18:58:30.477,-4002.087,50.03059005737305,0
2026-02-04 18:58:30.000,2026-02-04 18:58:40.000,2108,2026-02-04 18:58:34.566,2026-02-04 18:58:30.478,-4087.759,60.02043533325195,0
2026-02-04 18:58:30.000,2026-02-04 18:58:40.000,477,2026-02-04 18:58:34.583,2026-02-04 18:58:30.492,-4090.359,60.01607894897461,0
2026-02-04 18:58:30.000,2026-02-04 18:58:40.000,2108,2026-02-04 18:58:34.583,2026-02-04 18:58:30.496,-4087.142,60.020660400390625,0
2026-02-04 18:58:30.000,2026-02-04 18:58:40.000,2423,2026-02-04 18:58:34.499,2026-02-04 18:58:30.499,-4000.796,50.0291862487793,0
2026-02-04 18:58:30.000,2026-02-04 18:58:40.000,477,2026-02-04 18:58:34.600,2026-02-04 18:58:30.507,-4092.293,60.015872955322266,0
2026-02-04 18:58:30.000,2026-02-04 18:58:40.000,2108,2026-02-04 18:58:34.600,2026-02-04 18:58:30.513,-4086.787,60.01496124267578,0
2026-02-04 18:58:30.000,2026-02-04 18:58:40.000,2423,2026-02-04 18:58:34.520,2026-02-04 18:58:30.522,-3997.269,50.03059387207031,0
2026-02-04 18:58:30.000,2026-02-04 18:58:40.000,477,2026-02-04 18:58:34.616,2026-02-04 18:58:30.523,-4092.926,60.01528549194336,0
2026-02-04 18:58:30.000,2026-02-04 18:58:40.000,2108,2026-02-04 18:58:34.616,2026-02-04 18:58:30.528,-4087.921,60.01206588745117,0
2026-02-04 18:58:30.000,2026-02-04 18:58:40.000,2423,2026-02-04 18:58:34.540,2026-02-04 18:58:30.538,-4001.692,50.03252410888672,0
2026-02-04 18:58:30.000,2026-02-04 18:58:40.000,477,2026-02-04 18:58:34.633,2026-02-04 18:58:30.538,-4095.012,60.014583587646484,0
2026-02-04 18:58:30.000,2026-02-04 18:58:40.000,2108,2026-02-04 18:58:34.633,2026-02-04 18:58:30.545,-4087.499,60.012542724609375,0
2026-02-04 18:58:30.000,2026-02-04 18:58:40.000,477,2026-02-04 18:58:34.650,2026-02-04 18:58:30.554,-4095.055,60.0150260925293,0
2026-02-04 18:58:30.000,2026-02-04 18:58:40.000,2423,2026-02-04 18:58:34.560,2026-02-04 18:58:30.556,-4003.051,50.03034210205078,0
2026-02-04 18:58:30.000,2026-02-04 18:58:40.000,2108,2026-02-04 18:58:34.650,2026-02-04 18:58:30.561,-4088.541,60.014747619628906,0
2026-02-04 18:58:30.000,2026-02-04 18:58:40.000,477,2026-02-04 18:58:34.666,2026-02-04 18:58:30.571,-4095.171,60.015689849853516,0
2026-02-04 18:58:30.000,2026-02-04 18:58:40.000,2423,2026-02-04 18:58:34.579,2026-02-04 18:58:30.578,-4001.985,50.028419494628906,0
2026-02-04 18:58:30.000,2026-02-04 18:58:40.000,2108,2026-02-04 18:58:34.666,2026-02-04 18:58:30.579,-4087.659,60.01530456542969,0
2026-02-04 18:58:30.000,2026-02-04 18:58:40.000,477,2026-02-04 18:58:34.683,2026-02-04 18:58:30.588,-4095.290,60.01593017578125,0
2026-02-04 18:58:30.000,2026-02-04 18:58:40.000,2108,2026-02-04 18:58:34.683,2026-02-04 18:58:30.595,-4087.779,60.01689147949219,0
2026-02-04 18:58:30.000,2026-02-04 18:58:40.000,2423,2026-02-04 18:58:34.600,2026-02-04 18:58:30.597,-4002.200,50.030609130859375,0
2026-02-04 18:58:30.000,2026-02-04 18:58:40.000,477,2026-02-04 18:58:34.700,2026-02-04 18:58:30.604,-4095.816,60.015769958496094,0
2026-02-04 18:58:30.000,2026-02-04 18:58:40.000,2108,2026-02-04 18:58:34.700,2026-02-04 18:58:30.612,-4087.310,60.019981384277344,0
2026-02-04 18:58:30.000,2026-02-04 18:58:40.000,2423,2026-02-04 18:58:34.620,2026-02-04 18:58:30.618,-4001.303,50.030609130859375,0
2026-02-04 18:58:30.000,2026-02-04 18:58:40.000,477,2026-02-04 18:58:34.716,2026-02-04 18:58:30.621,-4094.967,60.01524353027344,0
2026-02-04 18:58:30.000,2026-02-04 18:58:40.000,2108,2026-02-04 18:58:34.716,2026-02-04 18:58:30.628,-4087.893,60.01734924316406,0
2026-02-04 18:58:30.000,2026-02-04 18:58:40.000,2423,2026-02-04 18:58:34.640,2026-02-04 18:58:30.637,-4002.110,50.030113220214844,0
2026-02-04 18:58:30.000,2026-02-04 18:58:40.000,477,2026-02-04 18:58:34.733,2026-02-04 18:58:30.637,-4095.445,60.01531982421875,0
2026-02-04 18:58:30.000,2026-02-04 18:58:40.000,2108,2026-02-04 18:58:34.733,2026-02-04 18:58:30.645,-4087.927,60.01282501220703,0
2026-02-04 18:58:30.000,2026-02-04 18:58:40.000,477,2026-02-04 18:58:34.750,2026-02-04 18:58:30.654,-4095.088,60.016109466552734,0
2026-02-04 18:58:30.000,2026-02-04 18:58:40.000,2423,2026-02-04 18:58:34.659,2026-02-04 18:58:30.657,-4002.079,50.03221130371094,0
2026-02-04 18:58:30.000,2026-02-04 18:58:40.000,2108,2026-02-04 18:58:34.750,2026-02-04 18:58:30.661,-4088.085,60.01279830932617,0
2026-02-04 18:58:30.000,2026-02-04 18:58:40.000,477,2026-02-04 18:58:34.766,2026-02-04 18:58:30.671,-4095.670,60.01580047607422,0
2026-02-04 18:58:30.000,2026-02-04 18:58:40.000,2423,2026-02-04 18:58:34.680,2026-02-04 18:58:30.678,-4001.624,50.03242492675781,0
2026-02-04 18:58:30.000,2026-02-04 18:58:40.000,2108,2026-02-04 18:58:34.766,2026-02-04 18:58:30.679,-4087.297,60.01536178588867,0
2026-02-04 18:58:30.000,2026-02-04 18:58:40.000,477,2026-02-04 18:58:34.783,2026-02-04 18:58:30.686,-4096.452,60.014793395996094,0
2026-02-04 18:58:30.000,2026-02-04 18:58:40.000,2108,2026-02-04 18:58:34.783,2026-02-04 18:58:30.695,-4087.530,60.017086029052734,0
2026-02-04 18:58:30.000,2026-02-04 18:58:40.000,2423,2026-02-04 18:58:34.700,2026-02-04 18:58:30.697,-4002.200,50.03190612792969,0
2026-02-04 18:58:30.000,2026-02-04 18:58:40.000,477,2026-02-04 18:58:34.800,2026-02-04 18:58:30.704,-4095.139,60.01536560058594,0
2026-02-04 18:58:30.000,2026-02-04 18:58:40.000,2108,2026-02-04 18:58:34.800,2026-02-04 18:58:30.712,-4087.140,60.014137268066406,0
2026-02-04 18:58:30.000,2026-02-04 18:58:40.000,2423,2026-02-04 18:58:34.720,2026-02-04 18:58:30.718,-4001.922,50.03052520751953,0
2026-02-04 18:58:30.000,2026-02-04 18:58:40.000,477,2026-02-04 18:58:34.816,2026-02-04 18:58:30.721,-4095.585,60.01626968383789,0
2026-02-04 18:58:30.000,2026-02-04 18:58:40.000,2108,2026-02-04 18:58:34.816,2026-02-04 18:58:30.729,-4087.500,60.01144790649414,0
2026-02-04 18:58:30.000,2026-02-04 18:58:40.000,2423,2026-02-04 18:58:34.739,2026-02-04 18:58:30.737,-4002.133,50.029876708984375,0
2026-02-04 18:58:30.000,2026-02-04 18:58:40.000,477,2026-02-04 18:58:34.833,2026-02-04 18:58:30.737,-4095.469,60.01615524291992,0
2026-02-04 18:58:30.000,2026-02-04 18:58:40.000,2108,2026-02-04 18:58:34.833,2026-02-04 18:58:30.745,-4087.405,60.0173454284668,0
2026-02-04 18:58:30.000,2026-02-04 18:58:40.000,477,2026-02-04 18:58:34.850,2026-02-04 18:58:30.757,-4092.461,60.01591110229492,0
2026-02-04 18:58:30.000,2026-02-04 18:58:40.000,2423,2026-02-04 18:58:34.760,2026-02-04 18:58:30.758,-4001.455,50.03268051147461,0
2026-02-04 18:58:30.000,2026-02-04 18:58:40.000,2108,2026-02-04 18:58:34.850,2026-02-04 18:58:30.761,-4088.455,60.02129364013672,0
2026-02-04 18:58:30.000,2026-02-04 18:58:40.000,477,2026-02-04 18:58:34.866,2026-02-04 18:58:30.771,-4095.608,60.01551055908203,0
2026-02-04 18:58:30.000,2026-02-04 18:58:40.000,2423,2026-02-04 18:58:34.780,2026-02-04 18:58:30.777,-4002.877,50.03424072265625,0
2026-02-04 18:58:30.000,2026-02-04 18:58:40.000,2108,2026-02-04 18:58:34.866,2026-02-04 18:58:30.779,-4087.284,60.016624450683594,0
2026-02-04 18:58:30.000,2026-02-04 18:58:40.000,477,2026-02-04 18:58:34.883,2026-02-04 18:58:30.787,-4095.439,60.014827728271484,0
2026-02-04 18:58:30.000,2026-02-04 18:58:40.000,2108,2026-02-04 18:58:34.883,2026-02-04 18:58:30.796,-4087.325,60.01424789428711,0
2026-02-04 18:58:30.000,2026-02-04 18:58:40.000,2423,2026-02-04 18:58:34.800,2026-02-04 18:58:30.798,-4001.997,50.032405853271484,0
2026-02-04 18:58:30.000,2026-02-04 18:58:40.000,477,2026-02-04 18:58:34.899,2026-02-04 18:58:30.805,-4094.911,60.01521682739258,0
2026-02-04 18:58:30.000,2026-02-04 18:58:40.000,2108,2026-02-04 18:58:34.899,2026-02-04 18:58:30.812,-4087.915,60.01530838012695,0
2026-02-04 18:58:30.000,2026-02-04 18:58:40.000,2423,2026-02-04 18:58:34.819,2026-02-04 18:58:30.818,-4001.515,50.02963638305664,0
2026-02-04 18:58:30.000,2026-02-04 18:58:40.000,477,2026-02-04 18:58:34.916,2026-02-04 18:58:30.821,-4095.196,60.01607131958008,0
2026-02-04 18:58:30.000,2026-02-04 18:58:40.000,2108,2026-02-04 18:58:34.916,2026-02-04 18:58:30.828,-4087.685,60.017311096191406,0
2026-02-04 18:58:30.000,2026-02-04 18:58:40.000,477,2026-02-04 18:58:34.933,2026-02-04 18:58:30.838,-4095.104,60.01593017578125,0
2026-02-04 18:58:30.000,2026-02-04 18:58:40.000,2423,2026-02-04 18:58:34.840,2026-02-04 18:58:30.838,-4001.768,50.02939987182617,0
2026-02-04 18:58:30.000,2026-02-04 18:58:40.000,2108,2026-02-04 18:58:34.933,2026-02-04 18:58:30.845,-4087.586,60.0213508605957,0
2026-02-04 18:58:30.000,2026-02-04 18:58:40.000,477,2026-02-04 18:58:34.950,2026-02-04 18:58:30.854,-4095.142,60.01599884033203,0
2026-02-04 18:58:30.000,2026-02-04 18:58:40.000,2423,2026-02-04 18:58:34.860,2026-02-04 18:58:30.857,-4002.148,50.03007888793945,0
2026-02-04 18:58:30.000,2026-02-04 18:58:40.000,2108,2026-02-04 18:58:34.950,2026-02-04 18:58:30.862,-4087.141,60.01850128173828,0
2026-02-04 18:58:30.000,2026-02-04 18:58:40.000,477,2026-02-04 18:58:34.966,2026-02-04 18:58:30.871,-4095.297,60.01587677001953,0
2026-02-04 18:58:30.000,2026-02-04 18:58:40.000,2423,2026-02-04 18:58:34.880,2026-02-04 18:58:30.877,-4002.109,50.02956771850586,0
2026-02-04 18:58:30.000,2026-02-04 18:58:40.000,2108,2026-02-04 18:58:34.966,2026-02-04 18:58:30.881,-4084.781,60.009761810302734,0
2026-02-04 18:58:30.000,2026-02-04 18:58:40.000,477,2026-02-04 18:58:34.983,2026-02-04 18:58:30.888,-4094.925,60.015220642089844,0
2026-02-04 18:58:30.000,2026-02-04 18:58:40.000,2108,2026-02-04 18:58:34.983,2026-02-04 18:58:30.896,-4086.410,60.011329650878906,0
2026-02-04 18:58:30.000,2026-02-04 18:58:40.000,2423,2026-02-04 18:58:34.899,2026-02-04 18:58:30.897,-4002.062,50.030548095703125,0
2026-02-04 18:58:30.000,2026-02-04 18:58:40.000,477,2026-02-04 18:58:35.000,2026-02-04 18:58:30.904,-4095.870,60.01534652709961,0
2026-02-04 18:58:30.000,2026-02-04 18:58:40.000,2108,2026-02-04 18:58:35.000,2026-02-04 18:58:30.913,-4086.353,60.018096923828125,0
2026-02-04 18:58:30.000,2026-02-04 18:58:40.000,2423,2026-02-04 18:58:34.920,2026-02-04 18:58:30.917,-4002.307,50.03235626220703,0
2026-02-04 18:58:30.000,2026-02-04 18:58:40.000,2108,2026-02-04 18:58:35.016,2026-02-04 18:58:30.929,-4087.451,60.01780319213867,0
2026-02-04 18:58:30.000,2026-02-04 18:58:40.000,2423,2026-02-04 18:58:34.940,2026-02-04 18:58:30.938,-4001.779,50.033138275146484,0
2026-02-04 18:58:30.000,2026-02-04 18:58:40.000,477,2026-02-04 18:58:35.016,2026-02-04 18:58:30.944,-4071.929,60.01569747924805,0
2026-02-04 18:58:30.000,2026-02-04 18:58:40.000,477,2026-02-04 18:58:35.033,2026-02-04 18:58:30.944,-4088.593,60.01522445678711,0
2026-02-04 18:58:30.000,2026-02-04 18:58:40.000,2108,2026-02-04 18:58:35.033,2026-02-04 18:58:30.944,-4088.593,60.0160026550293,0
2026-02-04 18:58:30.000,2026-02-04 18:58:40.000,477,2026-02-04 18:58:35.050,2026-02-04 18:58:30.954,-4095.239,60.01457977294922,0
2026-02-04 18:58:30.000,2026-02-04 18:58:40.000,2423,2026-02-04 18:58:34.960,2026-02-04 18:58:30.957,-4002.238,50.0320930480957,0
2026-02-04 18:58:30.000,2026-02-04 18:58:40.000,2108,2026-02-04 18:58:35.050,2026-02-04 18:58:30.962,-4087.178,60.01365661621094,0
2026-02-04 18:58:30.000,2026-02-04 18:58:40.000,477,2026-02-04 18:58:35.066,2026-02-04 18:58:30.972,-4093.837,60.014949798583984,0
2026-02-04 18:58:30.000,2026-02-04 18:58:40.000,2423,2026-02-04 18:58:34.979,2026-02-04 18:58:30.977,-4002.069,50.03083038330078,0
2026-02-04 18:58:30.000,2026-02-04 18:58:40.000,477,2026-02-04 18:58:35.083,2026-02-04 18:58:30.988,-4094.891,60.01578140258789,0
2026-02-04 18:58:30.000,2026-02-04 18:58:40.000,2423,2026-02-04 18:58:35.000,2026-02-04 18:58:30.997,-4002.051,50.032169342041016,0
2026-02-04 18:58:30.000,2026-02-04 18:58:40.000,2108,2026-02-04 18:58:35.066,2026-02-04 18:58:31.002,-4063.715,60.012935638427734,0
2026-02-04 18:58:30.000,2026-02-04 18:58:40.000,2108,2026-02-04 18:58:35.083,2026-02-04 18:58:31.002,-4080.379,60.016685485839844,0
2026-02-04 18:58:30.000,2026-02-04 18:58:40.000,477,2026-02-04 18:58:35.100,2026-02-04 18:58:31.004,-4095.836,60.015567779541016,0
2026-02-04 18:58:30.000,2026-02-04 18:58:40.000,2108,2026-02-04 18:58:35.100,2026-02-04 18:58:31.012,-4087.330,60.017066955566406,0
2026-02-04 18:58:30.000,2026-02-04 18:58:40.000,2423,2026-02-04 18:58:35.020,2026-02-04 18:58:31.017,-4002.324,50.03284454345703,0
2026-02-04 18:58:30.000,2026-02-04 18:58:40.000,2108,2026-02-04 18:58:35.116,2026-02-04 18:58:31.028,-4087.903,60.01369094848633,0
2026-02-04 18:58:30.000,2026-02-04 18:58:40.000,2423,2026-02-04 18:58:35.040,2026-02-04 18:58:31.038,-4001.718,50.0308723449707,0
2026-02-04 18:58:30.000,2026-02-04 18:58:40.000,477,2026-02-04 18:58:35.116,2026-02-04 18:58:31.043,-4072.880,60.014774322509766,0
2026-02-04 18:58:30.000,2026-02-04 18:58:40.000,477,2026-02-04 18:58:35.133,2026-02-04 18:58:31.044,-4088.540,60.01496124267578,0
2026-02-04 18:58:30.000,2026-02-04 18:58:40.000,2108,2026-02-04 18:58:35.133,2026-02-04 18:58:31.045,-4087.542,60.01346969604492,0
2026-02-04 18:58:30.000,2026-02-04 18:58:40.000,477,2026-02-04 18:58:35.150,2026-02-04 18:58:31.055,-4094.696,60.0160026550293,0
2026-02-04 18:58:30.000,2026-02-04 18:58:40.000,2423,2026-02-04 18:58:35.059,2026-02-04 18:58:31.058,-4001.291,50.029911041259766,0
2026-02-04 18:58:30.000,2026-02-04 18:58:40.000,477,2026-02-04 18:58:35.166,2026-02-04 18:58:31.071,-4095.424,60.01584243774414,0
2026-02-04 18:58:30.000,2026-02-04 18:58:40.000,2423,2026-02-04 18:58:35.080,2026-02-04 18:58:31.077,-4002.239,50.03133010864258,0
2026-02-04 18:58:30.000,2026-02-04 18:58:40.000,477,2026-02-04 18:58:35.183,2026-02-04 18:58:31.089,-4093.948,60.014854431152344,0
2026-02-04 18:58:30.000,2026-02-04 18:58:40.000,2108,2026-02-04 18:58:35.150,2026-02-04 18:58:31.092,-4057.105,60.01663589477539,0
2026-02-04 18:58:30.000,2026-02-04 18:58:40.000,2108,2026-02-04 18:58:35.166,2026-02-04 18:58:31.092,-4073.777,60.01715087890625,0
2026-02-04 18:58:30.000,2026-02-04 18:58:40.000,2108,2026-02-04 18:58:35.183,2026-02-04 18:58:31.095,-4087.435,60.014705657958984,0
2026-02-04 18:58:30.000,2026-02-04 18:58:40.000,2423,2026-02-04 18:58:35.100,2026-02-04 18:58:31.098,-4001.107,50.03244400024414,0
2026-02-04 18:58:30.000,2026-02-04 18:58:40.000,2108,2026-02-04 18:58:35.200,2026-02-04 18:58:31.112,-4087.953,60.0118408203125,0
2026-02-04 18:58:30.000,2026-02-04 18:58:40.000,2423,2026-02-04 18:58:35.120,2026-02-04 18:58:31.118,-4001.435,50.030548095703125,0
2026-02-04 18:58:30.000,2026-02-04 18:58:40.000,477,2026-02-04 18:58:35.200,2026-02-04 18:58:31.121,-4078.433,60.014625549316406,0
2026-02-04 18:58:30.000,2026-02-04 18:58:40.000,477,2026-02-04 18:58:35.216,2026-02-04 18:58:31.123,-4093.590,60.01506805419922,0
2026-02-04 18:58:30.000,2026-02-04 18:58:40.000,2108,2026-02-04 18:58:35.216,2026-02-04 18:58:31.134,-4082.262,60.01362991333008,0
2026-02-04 18:58:30.000,2026-02-04 18:58:40.000,2423,2026-02-04 18:58:35.139,2026-02-04 18:58:31.138,-4001.883,50.0291862487793,0
2026-02-04 18:58:30.000,2026-02-04 18:58:40.000,477,2026-02-04 18:58:35.233,2026-02-04 18:58:31.138,-4095.219,60.015594482421875,0
2026-02-04 18:58:30.000,2026-02-04 18:58:40.000,2108,2026-02-04 18:58:35.233,2026-02-04 18:58:31.146,-4086.775,60.01987838745117,0
2026-02-04 18:58:30.000,2026-02-04 18:58:40.000,477,2026-02-04 18:58:35.250,2026-02-04 18:58:31.155,-4094.908,60.01573181152344,0
2026-02-04 18:58:30.000,2026-02-04 18:58:40.000,2423,2026-02-04 18:58:35.160,2026-02-04 18:58:31.158,-4001.861,50.03284454345703,0
2026-02-04 18:58:30.000,2026-02-04 18:58:40.000,2108,2026-02-04 18:58:35.250,2026-02-04 18:58:31.162,-4087.012,60.02037048339844,0
2026-02-04 18:58:30.000,2026-02-04 18:58:40.000,477,2026-02-04 18:58:35.266,2026-02-04 18:58:31.171,-4095.158,60.0156364440918,0
2026-02-04 18:58:30.000,2026-02-04 18:58:40.000,2423,2026-02-04 18:58:35.180,2026-02-04 18:58:31.178,-4001.992,50.03619384765625,0
2026-02-04 18:58:30.000,2026-02-04 18:58:40.000,2108,2026-02-04 18:58:35.266,2026-02-04 18:58:31.179,-4087.647,60.014686584472656,0
2026-02-04 18:58:30.000,2026-02-04 18:58:40.000,477,2026-02-04 18:58:35.283,2026-02-04 18:58:31.187,-4095.798,60.015472412109375,0
2026-02-04 18:58:30.000,2026-02-04 18:58:40.000,2108,2026-02-04 18:58:35.283,2026-02-04 18:58:31.196,-4087.284,60.00910568237305,0
2026-02-04 18:58:30.000,2026-02-04 18:58:40.000,2423,2026-02-04 18:58:35.200,2026-02-04 18:58:31.199,-4000.955,50.03289794921875,0
2026-02-04 18:58:30.000,2026-02-04 18:58:40.000,477,2026-02-04 18:58:35.299,2026-02-04 18:58:31.205,-4094.871,60.01509475708008,0
2026-02-04 18:58:30.000,2026-02-04 18:58:40.000,2108,2026-02-04 18:58:35.299,2026-02-04 18:58:31.212,-4087.361,60.01017761230469,0
2026-02-04 18:58:30.000,2026-02-04 18:58:40.000,2423,2026-02-04 18:58:35.219,2026-02-04 18:58:31.217,-4002.210,50.029239654541016,0
2026-02-04 18:58:30.000,2026-02-04 18:58:40.000,477,2026-02-04 18:58:35.316,2026-02-04 18:58:31.221,-4094.842,60.01531982421875,0
2026-02-04 18:58:30.000,2026-02-04 18:58:40.000,2108,2026-02-04 18:58:35.316,2026-02-04 18:58:31.229,-4087.291,60.01679992675781,0
2026-02-04 18:58:30.000,2026-02-04 18:58:40.000,2423,2026-02-04 18:58:35.240,2026-02-04 18:58:31.237,-4002.109,50.03139877319336,0
2026-02-04 18:58:30.000,2026-02-04 18:58:40.000,477,2026-02-04 18:58:35.333,2026-02-04 18:58:31.237,-4095.445,60.01581573486328,0
2026-02-04 18:58:30.000,2026-02-04 18:58:40.000,2108,2026-02-04 18:58:35.333,2026-02-04 18:58:31.245,-4088.255,60.01898193359375,0
2026-02-04 18:58:30.000,2026-02-04 18:58:40.000,477,2026-02-04 18:58:35.350,2026-02-04 18:58:31.254,-4095.239,60.016048431396484,0
2026-02-04 18:58:30.000,2026-02-04 18:58:40.000,2423,2026-02-04 18:58:35.260,2026-02-04 18:58:31.257,-4002.245,50.03327560424805,0
2026-02-04 18:58:30.000,2026-02-04 18:58:40.000,2108,2026-02-04 18:58:35.350,2026-02-04 18:58:31.261,-4088.196,60.01557922363281,0
2026-02-04 18:58:30.000,2026-02-04 18:58:40.000,477,2026-02-04 18:58:35.366,2026-02-04 18:58:31.271,-4095.356,60.016048431396484,0
2026-02-04 18:58:30.000,2026-02-04 18:58:40.000,2423,2026-02-04 18:58:35.280,2026-02-04 18:58:31.277,-4002.168,50.03071594238281,0
2026-02-04 18:58:30.000,2026-02-04 18:58:40.000,2108,2026-02-04 18:58:35.366,2026-02-04 18:58:31.278,-4087.843,60.014549255371094,0
2026-02-04 18:58:30.000,2026-02-04 18:58:40.000,477,2026-02-04 18:58:35.383,2026-02-04 18:58:31.287,-4095.407,60.014984130859375,0
2026-02-04 18:58:30.000,2026-02-04 18:58:40.000,2108,2026-02-04 18:58:35.383,2026-02-04 18:58:31.295,-4087.364,60.01649856567383,0
2026-02-04 18:58:30.000,2026-02-04 18:58:40.000,2423,2026-02-04 18:58:35.299,2026-02-04 18:58:31.297,-4002.004,50.02796936035156,0
2026-02-04 18:58:30.000,2026-02-04 18:58:40.000,477,2026-02-04 18:58:35.400,2026-02-04 18:58:31.305,-4094.987,60.0145378112793,0
2026-02-04 18:58:30.000,2026-02-04 18:58:40.000,2108,2026-02-04 18:58:35.400,2026-02-04 18:58:31.312,-4087.987,60.01731491088867,0
2026-02-04 18:58:30.000,2026-02-04 18:58:40.000,2423,2026-02-04 18:58:35.320,2026-02-04 18:58:31.320,-3999.907,50.02939987182617,0
2026-02-04 18:58:30.000,2026-02-04 18:58:40.000,2108,2026-02-04 18:58:35.416,2026-02-04 18:58:31.329,-4087.508,60.01790237426758,0
2026-02-04 18:58:30.000,2026-02-04 18:58:40.000,2423,2026-02-04 18:58:35.340,2026-02-04 18:58:31.338,-4001.341,50.03229522705078,0
2026-02-04 18:58:30.000,2026-02-04 18:58:40.000,2108,2026-02-04 18:58:35.433,2026-02-04 18:58:31.345,-4088.322,60.013126373291016,0
2026-02-04 18:58:30.000,2026-02-04 18:58:40.000,477,2026-02-04 18:58:35.416,2026-02-04 18:58:31.353,-4063.654,60.01517868041992,0
2026-02-04 18:58:30.000,2026-02-04 18:58:40.000,477,2026-02-04 18:58:35.433,2026-02-04 18:58:31.353,-4080.318,60.01481246948242,0
2026-02-04 18:58:30.000,2026-02-04 18:58:40.000,477,2026-02-04 18:58:35.450,2026-02-04 18:58:31.354,-4095.544,60.013668060302734,0
2026-02-04 18:58:30.000,2026-02-04 18:58:40.000,2423,2026-02-04 18:58:35.360,2026-02-04 18:58:31.358,-4001.544,50.0316276550293,0
2026-02-04 18:58:30.000,2026-02-04 18:58:40.000,2108,2026-02-04 18:58:35.450,2026-02-04 18:58:31.361,-4088.542,60.00656509399414,0
2026-02-04 18:58:30.000,2026-02-04 18:58:40.000,477,2026-02-04 18:58:35.466,2026-02-04 18:58:31.371,-4094.687,60.01351547241211,0
2026-02-04 18:58:30.000,2026-02-04 18:58:40.000,2423,2026-02-04 18:58:35.379,2026-02-04 18:58:31.378,-4001.909,50.029911041259766,0
2026-02-04 18:58:30.000,2026-02-04 18:58:40.000,2108,2026-02-04 18:58:35.466,2026-02-04 18:58:31.379,-4087.584,60.01091766357422,0
2026-02-04 18:58:30.000,2026-02-04 18:58:40.000,477,2026-02-04 18:58:35.483,2026-02-04 18:58:31.388,-4095.142,60.01422882080078,0
2026-02-04 18:58:30.000,2026-02-04 18:58:40.000,2108,2026-02-04 18:58:35.483,2026-02-04 18:58:31.396,-4086.632,60.01682662963867,0
2026-02-04 18:58:30.000,2026-02-04 18:58:40.000,2423,2026-02-04 18:58:35.400,2026-02-04 18:58:31.397,-4002.306,50.031497955322266,0
2026-02-04 18:58:30.000,2026-02-04 18:58:40.000,477,2026-02-04 18:58:35.500,2026-02-04 18:58:31.404,-4095.802,60.014793395996094,0
2026-02-04 18:58:30.000,2026-02-04 18:58:40.000,2108,2026-02-04 18:58:35.500,2026-02-04 18:58:31.412,-4087.290,60.01563262939453,0
2026-02-04 18:58:30.000,2026-02-04 18:58:40.000,2423,2026-02-04 18:58:35.420,2026-02-04 18:58:31.425,-3994.247,50.03359603881836,0
2026-02-04 18:58:30.000,2026-02-04 18:58:40.000,477,2026-02-04 18:58:35.516,2026-02-04 18:58:31.425,-4090.911,60.01510238647461,0
2026-02-04 18:58:30.000,2026-02-04 18:58:40.000,2108,2026-02-04 18:58:35.516,2026-02-04 18:58:31.440,-4075.859,60.01272964477539,0
2026-02-04 18:58:30.000,2026-02-04 18:58:40.000,477,2026-02-04 18:58:35.533,2026-02-04 18:58:31.441,-4091.527,60.01470947265625,0
2026-02-04 18:58:30.000,2026-02-04 18:58:40.000,2423,2026-02-04 18:58:35.440,2026-02-04 18:58:31.442,-3997.189,50.03280258178711,0
2026-02-04 18:58:30.000,2026-02-04 18:58:40.000,2108,2026-02-04 18:58:35.533,2026-02-04 18:58:31.456,-4076.495,60.013248443603516,0
2026-02-04 18:58:30.000,2026-02-04 18:58:40.000,477,2026-02-04 18:58:35.550,2026-02-04 18:58:31.456,-4093.159,60.0144157409668,0
2026-02-04 18:58:30.000,2026-02-04 18:58:40.000,2423,2026-02-04 18:58:35.459,2026-02-04 18:58:31.457,-4002.150,50.03081130981445,0
2026-02-04 18:58:30.000,2026-02-04 18:58:40.000,2108,2026-02-04 18:58:35.550,2026-02-04 18:58:31.477,-4072.137,60.01816940307617,0
2026-02-04 18:58:30.000,2026-02-04 18:58:40.000,477,2026-02-04 18:58:35.566,2026-02-04 18:58:31.478,-4087.807,60.014591217041016,0
2026-02-04 18:58:30.000,2026-02-04 18:58:40.000,2423,2026-02-04 18:58:35.480,2026-02-04 18:58:31.479,-4000.136,50.02998352050781,0
2026-02-04 18:58:30.000,2026-02-04 18:58:40.000,2108,2026-02-04 18:58:35.566,2026-02-04 18:58:31.479,-4086.808,60.020240783691406,0
2026-02-04 18:58:30.000,2026-02-04 18:58:40.000,477,2026-02-04 18:58:35.583,2026-02-04 18:58:31.491,-4091.960,60.01424026489258,0
2026-02-04 18:58:30.000,2026-02-04 18:58:40.000,2108,2026-02-04 18:58:35.583,2026-02-04 18:58:31.501,-4082.020,60.01350402832031,0
2026-02-04 18:58:30.000,2026-02-04 18:58:40.000,2423,2026-02-04 18:58:35.500,2026-02-04 18:58:31.502,-3997.692,50.031490325927734,0
2026-02-04 18:58:30.000,2026-02-04 18:58:40.000,477,2026-02-04 18:58:35.600,2026-02-04 18:58:31.504,-4095.653,60.0137825012207,0
2026-02-04 18:58:30.000,2026-02-04 18:58:40.000,2108,2026-02-04 18:58:35.600,2026-02-04 18:58:31.518,-4081.625,60.00709533691406,0
2026-02-04 18:58:30.000,2026-02-04 18:58:40.000,2423,2026-02-04 18:58:35.520,2026-02-04 18:58:31.518,-4001.626,50.03327560424805,0
2026-02-04 18:58:30.000,2026-02-04 18:58:40.000,477,2026-02-04 18:58:35.616,2026-02-04 18:58:31.522,-4093.785,60.01372528076172,0
2026-02-04 18:58:30.000,2026-02-04 18:58:40.000,2108,2026-02-04 18:58:35.616,2026-02-04 18:58:31.528,-4087.774,60.01066970825195,0
2026-02-04 18:58:30.000,2026-02-04 18:58:40.000,2423,2026-02-04 18:58:35.539,2026-02-04 18:58:31.537,-4002.020,50.03219985961914,0
2026-02-04 18:58:30.000,2026-02-04 18:58:40.000,2108,2026-02-04 18:58:35.633,2026-02-04 18:58:31.545,-4088.319,60.015785217285156,0
2026-02-04 18:58:30.000,2026-02-04 18:58:40.000,2423,2026-02-04 18:58:35.560,2026-02-04 18:58:31.557,-4002.975,50.032012939453125,0
2026-02-04 18:58:30.000,2026-02-04 18:58:40.000,2108,2026-02-04 18:58:35.650,2026-02-04 18:58:31.561,-4088.462,60.01551055908203,0
2026-02-04 18:58:30.000,2026-02-04 18:58:40.000,477,2026-02-04 18:58:35.633,2026-02-04 18:58:31.563,-4070.284,60.01370620727539,0
2026-02-04 18:58:30.000,2026-02-04 18:58:40.000,477,2026-02-04 18:58:35.650,2026-02-04 18:58:31.564,-4085.951,60.013980865478516,0
2026-02-04 18:58:30.000,2026-02-04 18:58:40.000,477,2026-02-04 18:58:35.666,2026-02-04 18:58:31.571,-4095.611,60.01426315307617,0
2026-02-04 18:58:30.000,2026-02-04 18:58:40.000,2423,2026-02-04 18:58:35.580,2026-02-04 18:58:31.577,-4002.444,50.032222747802734,0
2026-02-04 18:58:30.000,2026-02-04 18:58:40.000,2108,2026-02-04 18:58:35.666,2026-02-04 18:58:31.580,-4086.097,60.01204299926758,0
2026-02-04 18:58:30.000,2026-02-04 18:58:40.000,477,2026-02-04 18:58:35.683,2026-02-04 18:58:31.588,-4095.252,60.01396179199219,0
2026-02-04 18:58:30.000,2026-02-04 18:58:40.000,2108,2026-02-04 18:58:35.683,2026-02-04 18:58:31.596,-4087.194,60.01087951660156,0
2026-02-04 18:58:30.000,2026-02-04 18:58:40.000,2423,2026-02-04 18:58:35.600,2026-02-04 18:58:31.598,-4001.870,50.029964447021484,0
2026-02-04 18:58:30.000,2026-02-04 18:58:40.000,477,2026-02-04 18:58:35.699,2026-02-04 18:58:31.603,-4096.353,60.013816833496094,0
2026-02-04 18:58:30.000,2026-02-04 18:58:40.000,2108,2026-02-04 18:58:35.699,2026-02-04 18:58:31.612,-4087.924,60.014556884765625,0
2026-02-04 18:58:30.000,2026-02-04 18:58:40.000,2423,2026-02-04 18:58:35.619,2026-02-04 18:58:31.618,-4001.866,50.02951431274414,0
2026-02-04 18:58:30.000,2026-02-04 18:58:40.000,477,2026-02-04 18:58:35.716,2026-02-04 18:58:31.621,-4095.545,60.013633728027344,0
2026-02-04 18:58:30.000,2026-02-04 18:58:40.000,2108,2026-02-04 18:58:35.716,2026-02-04 18:58:31.628,-4088.032,60.017250061035156,0
2026-02-04 18:58:30.000,2026-02-04 18:58:40.000,477,2026-02-04 18:58:35.733,2026-02-04 18:58:31.637,-4095.619,60.013240814208984,0
2026-02-04 18:58:30.000,2026-02-04 18:58:40.000,2423,2026-02-04 18:58:35.640,2026-02-04 18:58:31.638,-4001.282,50.03049850463867,0
2026-02-04 18:58:30.000,2026-02-04 18:58:40.000,2108,2026-02-04 18:58:35.733,2026-02-04 18:58:31.645,-4087.502,60.014434814453125,0
2026-02-04 18:58:30.000,2026-02-04 18:58:40.000,477,2026-02-04 18:58:35.750,2026-02-04 18:58:31.654,-4095.658,60.013545989990234,0
2026-02-04 18:58:30.000,2026-02-04 18:58:40.000,2423,2026-02-04 18:58:35.660,2026-02-04 18:58:31.658,-4001.667,50.0311393737793,0
2026-02-04 18:58:30.000,2026-02-04 18:58:40.000,2108,2026-02-04 18:58:35.750,2026-02-04 18:58:31.661,-4088.658,60.01042175292969,0
2026-02-04 18:58:30.000,2026-02-04 18:58:40.000,477,2026-02-04 18:58:35.766,2026-02-04 18:58:31.677,-4089.188,60.01376724243164,0
2026-02-04 18:58:30.000,2026-02-04 18:58:40.000,2423,2026-02-04 18:58:35.680,2026-02-04 18:58:31.678,-4001.517,50.03081130981445,0
2026-02-04 18:58:30.000,2026-02-04 18:58:40.000,2108,2026-02-04 18:58:35.766,2026-02-04 18:58:31.678,-4088.189,60.0115966796875,0
2026-02-04 18:58:30.000,2026-02-04 18:58:40.000,477,2026-02-04 18:58:35.783,2026-02-04 18:58:31.688,-4095.257,60.01288986206055,0
2026-02-04 18:58:30.000,2026-02-04 18:58:40.000,2108,2026-02-04 18:58:35.783,2026-02-04 18:58:31.695,-4088.219,60.01546096801758,0
2026-02-04 18:58:30.000,2026-02-04 18:58:40.000,2423,2026-02-04 18:58:35.699,2026-02-04 18:58:31.700,-3999.876,50.03050231933594,0
2026-02-04 18:58:30.000,2026-02-04 18:58:40.000,477,2026-02-04 18:58:35.800,2026-02-04 18:58:31.704,-4095.342,60.012454986572266,0
2026-02-04 18:58:30.000,2026-02-04 18:58:40.000,2108,2026-02-04 18:58:35.800,2026-02-04 18:58:31.712,-4087.335,60.016357421875,0
2026-02-04 18:58:30.000,2026-02-04 18:58:40.000,2423,2026-02-04 18:58:35.720,2026-02-04 18:58:31.718,-4001.815,50.03249740600586,0
2026-02-04 18:58:30.000,2026-02-04 18:58:40.000,477,2026-02-04 18:58:35.816,2026-02-04 18:58:31.721,-4095.480,60.01288986206055,0
2026-02-04 18:58:30.000,2026-02-04 18:58:40.000,2108,2026-02-04 18:58:35.816,2026-02-04 18:58:31.728,-4087.968,60.01176071166992,0
2026-02-04 18:58:30.000,2026-02-04 18:58:40.000,2423,2026-02-04 18:58:35.740,2026-02-04 18:58:31.737,-4002.047,50.033206939697266,0
2026-02-04 18:58:30.000,2026-02-04 18:58:40.000,477,2026-02-04 18:58:35.833,2026-02-04 18:58:31.737,-4095.366,60.01286697387695,0
2026-02-04 18:58:30.000,2026-02-04 18:58:40.000,2108,2026-02-04 18:58:35.833,2026-02-04 18:58:31.745,-4088.107,60.006439208984375,0
2026-02-04 18:58:30.000,2026-02-04 18:58:40.000,477,2026-02-04 18:58:35.850,2026-02-04 18:58:31.754,-4095.268,60.01289367675781,0
2026-02-04 18:58:30.000,2026-02-04 18:58:40.000,2423,2026-02-04 18:58:35.760,2026-02-04 18:58:31.757,-4002.266,50.03125762939453,0
2026-02-04 18:58:30.000,2026-02-04 18:58:40.000,2108,2026-02-04 18:58:35.850,2026-02-04 18:58:31.761,-4088.267,60.00929641723633,0
2026-02-04 18:58:30.000,2026-02-04 18:58:40.000,477,2026-02-04 18:58:35.866,2026-02-04 18:58:31.770,-4095.725,60.01295471191406,0
2026-02-04 18:58:30.000,2026-02-04 18:58:40.000,2423,2026-02-04 18:58:35.779,2026-02-04 18:58:31.777,-4002.001,50.02970886230469,0
2026-02-04 18:58:30.000,2026-02-04 18:58:40.000,2108,2026-02-04 18:58:35.866,2026-02-04 18:58:31.778,-4087.673,60.015506744384766,0
2026-02-04 18:58:30.000,2026-02-04 18:58:40.000,477,2026-02-04 18:58:35.883,2026-02-04 18:58:31.787,-4095.829,60.01299285888672,0
2026-02-04 18:58:30.000,2026-02-04 18:58:40.000,2108,2026-02-04 18:58:35.883,2026-02-04 18:58:31.796,-4087.320,60.016151428222656,0
2026-02-04 18:58:30.000,2026-02-04 18:58:40.000,2423,2026-02-04 18:58:35.800,2026-02-04 18:58:31.798,-4001.993,50.029598236083984,0
2026-02-04 18:58:30.000,2026-02-04 18:58:40.000,477,2026-02-04 18:58:35.900,2026-02-04 18:58:31.804,-4095.491,60.01387405395508,0
2026-02-04 18:58:30.000,2026-02-04 18:58:40.000,2108,2026-02-04 18:58:35.900,2026-02-04 18:58:31.811,-4088.491,60.01426315307617,0
2026-02-04 18:58:30.000,2026-02-04 18:58:40.000,2423,2026-02-04 18:58:35.820,2026-02-04 18:58:31.818,-4001.971,50.030906677246094,0
2026-02-04 18:58:30.000,2026-02-04 18:58:40.000,477,2026-02-04 18:58:35.916,2026-02-04 18:58:31.822,-4094.629,60.013614654541016,0
2026-02-04 18:58:30.000,2026-02-04 18:58:40.000,2108,2026-02-04 18:58:35.916,2026-02-04 18:58:31.829,-4087.582,60.01272964477539,0
2026-02-04 18:58:30.000,2026-02-04 18:58:40.000,2423,2026-02-04 18:58:35.840,2026-02-04 18:58:31.838,-4001.844,50.03188705444336,0
2026-02-04 18:58:30.000,2026-02-04 18:58:40.000,477,2026-02-04 18:58:35.933,2026-02-04 18:58:31.838,-4095.180,60.012046813964844,0
2026-02-04 18:58:30.000,2026-02-04 18:58:40.000,2108,2026-02-04 18:58:35.933,2026-02-04 18:58:31.845,-4087.664,60.01182556152344,0
2026-02-04 18:58:30.000,2026-02-04 18:58:40.000,477,2026-02-04 18:58:35.950,2026-02-04 18:58:31.854,-4095.821,60.01237106323242,0
2026-02-04 18:58:30.000,2026-02-04 18:58:40.000,2423,2026-02-04 18:58:35.859,2026-02-04 18:58:31.858,-4001.814,50.03111267089844,0
2026-02-04 18:58:30.000,2026-02-04 18:58:40.000,2108,2026-02-04 18:58:35.950,2026-02-04 18:58:31.862,-4087.317,60.0125732421875,0
2026-02-04 18:58:30.000,2026-02-04 18:58:40.000,477,2026-02-04 18:58:35.966,2026-02-04 18:58:31.871,-4094.983,60.013763427734375,0
2026-02-04 18:58:30.000,2026-02-04 18:58:40.000,2423,2026-02-04 18:58:35.880,2026-02-04 18:58:31.877,-4002.233,50.0307502746582,0
2026-02-04 18:58:30.000,2026-02-04 18:58:40.000,2108,2026-02-04 18:58:35.966,2026-02-04 18:58:31.878,-4087.904,60.012672424316406,0
2026-02-04 18:58:30.000,2026-02-04 18:58:40.000,477,2026-02-04 18:58:35.983,2026-02-04 18:58:31.887,-4095.516,60.01353454589844,0
2026-02-04 18:58:30.000,2026-02-04 18:58:40.000,2108,2026-02-04 18:58:35.983,2026-02-04 18:58:31.895,-4088.166,60.01009750366211,0
2026-02-04 18:58:30.000,2026-02-04 18:58:40.000,2423,2026-02-04 18:58:35.900,2026-02-04 18:58:31.898,-4001.841,50.03145980834961,0
2026-02-04 18:58:30.000,2026-02-04 18:58:40.000,477,2026-02-04 18:58:36.000,2026-02-04 18:58:31.904,-4095.813,60.012638092041016,0
2026-02-04 18:58:30.000,2026-02-04 18:58:40.000,2108,2026-02-04 18:58:36.000,2026-02-04 18:58:31.911,-4088.813,60.01170349121094,0
2026-02-04 18:58:30.000,2026-02-04 18:58:40.000,2423,2026-02-04 18:58:35.920,2026-02-04 18:58:31.918,-4001.301,50.03068923950195,0
2026-02-04 18:58:30.000,2026-02-04 18:58:40.000,477,2026-02-04 18:58:36.016,2026-02-04 18:58:31.921,-4094.964,60.01224899291992,0
2026-02-04 18:58:30.000,2026-02-04 18:58:40.000,2108,2026-02-04 18:58:36.016,2026-02-04 18:58:31.928,-4087.906,60.01662826538086,0
2026-02-04 18:58:30.000,2026-02-04 18:58:40.000,2423,2026-02-04 18:58:35.939,2026-02-04 18:58:31.937,-4002.091,50.030296325683594,0
2026-02-04 18:58:30.000,2026-02-04 18:58:40.000,477,2026-02-04 18:58:36.033,2026-02-04 18:58:31.937,-4095.427,60.0121955871582,0
2026-02-04 18:58:30.000,2026-02-04 18:58:40.000,2108,2026-02-04 18:58:36.033,2026-02-04 18:58:31.945,-4088.215,60.01499938964844,0
2026-02-04 18:58:30.000,2026-02-04 18:58:40.000,477,2026-02-04 18:58:36.050,2026-02-04 18:58:31.954,-4095.377,60.01201248168945,0
2026-02-04 18:58:30.000,2026-02-04 18:58:40.000,2423,2026-02-04 18:58:35.960,2026-02-04 18:58:31.957,-4002.378,50.03279113769531,0
2026-02-04 18:58:30.000,2026-02-04 18:58:40.000,2108,2026-02-04 18:58:36.050,2026-02-04 18:58:31.962,-4087.377,60.010215759277344,0
2026-02-04 18:58:30.000,2026-02-04 18:58:40.000,477,2026-02-04 18:58:36.066,2026-02-04 18:58:31.970,-4095.912,60.01146697998047,0
2026-02-04 18:58:30.000,2026-02-04 18:58:40.000,2423,2026-02-04 18:58:35.980,2026-02-04 18:58:31.978,-4001.943,50.03388214111328,0
2026-02-04 18:58:30.000,2026-02-04 18:58:40.000,2108,2026-02-04 18:58:36.066,2026-02-04 18:58:31.979,-4087.602,60.0098876953125,0
2026-02-04 18:58:30.000,2026-02-04 18:58:40.000,477,2026-02-04 18:58:36.083,2026-02-04 18:58:31.988,-4095.197,60.01120376586914,0
2026-02-04 18:58:30.000,2026-02-04 18:58:40.000,2108,2026-02-04 18:58:36.083,2026-02-04 18:58:31.995,-4087.682,60.01190948486328,0
2026-02-04 18:58:30.000,2026-02-04 18:58:40.000,2423,2026-02-04 18:58:36.000,2026-02-04 18:58:31.997,-4002.357,50.0321044921875,0
2026-02-04 18:58:30.000,2026-02-04 18:58:40.000,477,2026-02-04 18:58:36.099,2026-02-04 18:58:32.004,-4095.298,60.01142883300781,0
2026-02-04 18:58:30.000,2026-02-04 18:58:40.000,2108,2026-02-04 18:58:36.099,2026-02-04 18:58:32.012,-4087.297,60.013916015625,0
2026-02-04 18:58:30.000,2026-02-04 18:58:40.000,2423,2026-02-04 18:58:36.019,2026-02-04 18:58:32.017,-4002.262,50.03171920776367,0
2026-02-04 18:58:30.000,2026-02-04 18:58:40.000,477,2026-02-04 18:58:36.116,2026-02-04 18:58:32.021,-4094.943,60.01214599609375,0
2026-02-04 18:58:30.000,2026-02-04 18:58:40.000,2108,2026-02-04 18:58:36.116,2026-02-04 18:58:32.029,-4086.856,60.01369857788086,0
2026-02-04 18:58:30.000,2026-02-04 18:58:40.000,2423,2026-02-04 18:58:36.040,2026-02-04 18:58:32.038,-4001.865,50.03242492675781,0
2026-02-04 18:58:30.000,2026-02-04 18:58:40.000,477,2026-02-04 18:58:36.133,2026-02-04 18:58:32.038,-4095.201,60.01291275024414,0
2026-02-04 18:58:30.000,2026-02-04 18:58:40.000,2108,2026-02-04 18:58:36.133,2026-02-04 18:58:32.046,-4086.688,60.01061248779297,0
2026-02-04 18:58:30.000,2026-02-04 18:58:40.000,477,2026-02-04 18:58:36.150,2026-02-04 18:58:32.054,-4095.243,60.01276779174805,0
2026-02-04 18:58:30.000,2026-02-04 18:58:40.000,2423,2026-02-04 18:58:36.060,2026-02-04 18:58:32.057,-4002.251,50.03140640258789,0
2026-02-04 18:58:30.000,2026-02-04 18:58:40.000,2108,2026-02-04 18:58:36.150,2026-02-04 18:58:32.062,-4087.243,60.012062072753906,0
2026-02-04 18:58:30.000,2026-02-04 18:58:40.000,477,2026-02-04 18:58:36.166,2026-02-04 18:58:32.070,-4095.685,60.011043548583984,0
2026-02-04 18:58:30.000,2026-02-04 18:58:40.000,2423,2026-02-04 18:58:36.080,2026-02-04 18:58:32.078,-4001.762,50.02920150756836,0
2026-02-04 18:58:30.000,2026-02-04 18:58:40.000,2108,2026-02-04 18:58:36.166,2026-02-04 18:58:32.079,-4087.435,60.015113830566406,0
2026-02-04 18:58:30.000,2026-02-04 18:58:40.000,477,2026-02-04 18:58:36.183,2026-02-04 18:58:32.091,-4092.026,60.010772705078125,0
2026-02-04 18:58:30.000,2026-02-04 18:58:40.000,2108,2026-02-04 18:58:36.183,2026-02-04 18:58:32.095,-4087.501,60.01533126831055,0
2026-02-04 18:58:30.000,2026-02-04 18:58:40.000,2423,2026-02-04 18:58:36.099,2026-02-04 18:58:32.098,-4001.647,50.02855682373047,0
2026-02-04 18:58:30.000,2026-02-04 18:58:40.000,477,2026-02-04 18:58:36.200,2026-02-04 18:58:32.105,-4094.625,60.01228332519531,0
2026-02-04 18:58:30.000,2026-02-04 18:58:40.000,2108,2026-02-04 18:58:36.200,2026-02-04 18:58:32.111,-4088.626,60.012855529785156,0
2026-02-04 18:58:30.000,2026-02-04 18:58:40.000,2423,2026-02-04 18:58:36.120,2026-02-04 18:58:32.117,-4002.115,50.03128433227539,0
2026-02-04 18:58:30.000,2026-02-04 18:58:40.000,477,2026-02-04 18:58:36.216,2026-02-04 18:58:32.121,-4094.781,60.011959075927734,0
2026-02-04 18:58:30.000,2026-02-04 18:58:40.000,2108,2026-02-04 18:58:36.216,2026-02-04 18:58:32.128,-4088.269,60.007545471191406,0
2026-02-04 18:58:30.000,2026-02-04 18:58:40.000,477,2026-02-04 18:58:36.233,2026-02-04 18:58:32.138,-4094.911,60.010772705078125,0
2026-02-04 18:58:30.000,2026-02-04 18:58:40.000,2423,2026-02-04 18:58:36.140,2026-02-04 18:58:32.138,-4001.590,50.03340530395508,0
2026-02-04 18:58:30.000,2026-02-04 18:58:40.000,2108,2026-02-04 18:58:36.233,2026-02-04 18:58:32.145,-4087.401,60.009761810302734,0
2026-02-04 18:58:30.000,2026-02-04 18:58:40.000,477,2026-02-04 18:58:36.250,2026-02-04 18:58:32.154,-4095.509,60.01020812988281,0
2026-02-04 18:58:30.000,2026-02-04 18:58:40.000,2423,2026-02-04 18:58:36.160,2026-02-04 18:58:32.157,-4002.508,50.03252029418945,0
2026-02-04 18:58:30.000,2026-02-04 18:58:40.000,2108,2026-02-04 18:58:36.250,2026-02-04 18:58:32.162,-4087.998,60.017433166503906,0
2026-02-04 18:58:30.000,2026-02-04 18:58:40.000,477,2026-02-04 18:58:36.266,2026-02-04 18:58:32.171,-4095.291,60.010013580322266,0
2026-02-04 18:58:30.000,2026-02-04 18:58:40.000,2423,2026-02-04 18:58:36.179,2026-02-04 18:58:32.177,-4002.110,50.030731201171875,0
2026-02-04 18:58:30.000,2026-02-04 18:58:40.000,2108,2026-02-04 18:58:36.266,2026-02-04 18:58:32.178,-4087.782,60.0151252746582,0
2026-02-04 18:58:30.000,2026-02-04 18:58:40.000,477,2026-02-04 18:58:36.283,2026-02-04 18:58:32.187,-4095.415,60.010902404785156,0
2026-02-04 18:58:30.000,2026-02-04 18:58:40.000,2108,2026-02-04 18:58:36.283,2026-02-04 18:58:32.196,-4087.291,60.00676345825195,0
2026-02-04 18:58:30.000,2026-02-04 18:58:40.000,2423,2026-02-04 18:58:36.200,2026-02-04 18:58:32.198,-4001.951,50.02961349487305,0
2026-02-04 18:58:30.000,2026-02-04 18:58:40.000,477,2026-02-04 18:58:36.300,2026-02-04 18:58:32.204,-4095.517,60.01232147216797,0
2026-02-04 18:58:30.000,2026-02-04 18:58:40.000,2108,2026-02-04 18:58:36.300,2026-02-04 18:58:32.212,-4087.379,60.007362365722656,0
2026-02-04 18:58:30.000,2026-02-04 18:58:40.000,2423,2026-02-04 18:58:36.220,2026-02-04 18:58:32.217,-4002.268,50.031639099121094,0
2026-02-04 18:58:30.000,2026-02-04 18:58:40.000,477,2026-02-04 18:58:36.316,2026-02-04 18:58:32.221,-4094.931,60.01270294189453,0
2026-02-04 18:58:30.000,2026-02-04 18:58:40.000,2108,2026-02-04 18:58:36.316,2026-02-04 18:58:32.256,-4059.869,60.01369094848633,0
2026-02-04 18:58:30.000,2026-02-04 18:58:40.000,477,2026-02-04 18:58:36.333,2026-02-04 18:58:32.257,-4075.536,60.012062072753906,0
2026-02-04 18:58:30.000,2026-02-04 18:58:40.000,2423,2026-02-04 18:58:36.240,2026-02-04 18:58:32.257,-3982.200,50.03361892700195,0
2026-02-04 18:58:30.000,2026-02-04 18:58:40.000,2108,2026-02-04 18:58:36.333,2026-02-04 18:58:32.258,-4074.534,60.014854431152344,0
2026-02-04 18:58:30.000,2026-02-04 18:58:40.000,477,2026-02-04 18:58:36.350,2026-02-04 18:58:32.259,-4090.199,60.01105499267578,0
2026-02-04 18:58:30.000,2026-02-04 18:58:40.000,2423,2026-02-04 18:58:36.259,2026-02-04 18:58:32.259,-4000.191,50.031402587890625,0
2026-02-04 18:58:30.000,2026-02-04 18:58:40.000,2108,2026-02-04 18:58:36.350,2026-02-04 18:58:32.262,-4087.198,60.0144157409668,0
2026-02-04 18:58:30.000,2026-02-04 18:58:40.000,477,2026-02-04 18:58:36.366,2026-02-04 18:58:32.271,-4095.361,60.01081466674805,0
2026-02-04 18:58:30.000,2026-02-04 18:58:40.000,2423,2026-02-04 18:58:36.280,2026-02-04 18:58:32.277,-4002.179,50.02848815917969,0
2026-02-04 18:58:30.000,2026-02-04 18:58:40.000,2108,2026-02-04 18:58:36.366,2026-02-04 18:58:32.278,-4087.848,60.01565170288086,0
2026-02-04 18:58:30.000,2026-02-04 18:58:40.000,477,2026-02-04 18:58:36.383,2026-02-04 18:58:32.302,-4080.482,60.01176452636719,0
2026-02-04 18:58:30.000,2026-02-04 18:58:40.000,2108,2026-02-04 18:58:36.383,2026-02-04 18:58:32.306,-4076.953,60.016937255859375,0
2026-02-04 18:58:30.000,2026-02-04 18:58:40.000,2423,2026-02-04 18:58:36.300,2026-02-04 18:58:32.306,-3993.625,50.0291748046875,0
2026-02-04 18:58:30.000,2026-02-04 18:58:40.000,477,2026-02-04 18:58:36.400,2026-02-04 18:58:32.307,-4092.615,60.012020111083984,0
2026-02-04 18:58:30.000,2026-02-04 18:58:40.000,2108,2026-02-04 18:58:36.400,2026-02-04 18:58:32.319,-4080.098,60.01471710205078,0
2026-02-04 18:58:30.000,2026-02-04 18:58:40.000,2423,2026-02-04 18:58:36.320,2026-02-04 18:58:32.319,-4000.098,50.0318489074707,0
2026-02-04 18:58:30.000,2026-02-04 18:58:40.000,477,2026-02-04 18:58:36.416,2026-02-04 18:58:32.324,-4092.251,60.01105499267578,0
2026-02-04 18:58:30.000,2026-02-04 18:58:40.000,2108,2026-02-04 18:58:36.416,2026-02-04 18:58:32.334,-4081.722,60.00869369506836,0
2026-02-04 18:58:30.000,2026-02-04 18:58:40.000,2423,2026-02-04 18:58:36.339,2026-02-04 18:58:32.338,-4001.052,50.03248596191406,0
2026-02-04 18:58:30.000,2026-02-04 18:58:40.000,2108,2026-02-04 18:58:36.433,2026-02-04 18:58:32.348,-4084.349,60.00706481933594,0
2026-02-04 18:58:30.000,2026-02-04 18:58:40.000,2423,2026-02-04 18:58:36.360,2026-02-04 18:58:32.358,-4001.485,50.032588958740234,0
2026-02-04 18:58:30.000,2026-02-04 18:58:40.000,477,2026-02-04 18:58:36.433,2026-02-04 18:58:32.361,-4071.713,60.01060104370117,0
2026-02-04 18:58:30.000,2026-02-04 18:58:40.000,2108,2026-02-04 18:58:36.450,2026-02-04 18:58:32.362,-4087.384,60.0103645324707,0
2026-02-04 18:58:30.000,2026-02-04 18:58:40.000,477,2026-02-04 18:58:36.450,2026-02-04 18:58:32.363,-4086.877,60.010807037353516,0
2026-02-04 18:58:30.000,2026-02-04 18:58:40.000,477,2026-02-04 18:58:36.466,2026-02-04 18:58:32.371,-4095.529,60.0112190246582,0
2026-02-04 18:58:30.000,2026-02-04 18:58:40.000,2423,2026-02-04 18:58:36.380,2026-02-04 18:58:32.378,-4001.847,50.03367614746094,0
2026-02-04 18:58:30.000,2026-02-04 18:58:40.000,2108,2026-02-04 18:58:36.466,2026-02-04 18:58:32.379,-4087.502,60.01539993286133,0
2026-02-04 18:58:30.000,2026-02-04 18:58:40.000,477,2026-02-04 18:58:36.483,2026-02-04 18:58:32.387,-4095.649,60.012184143066406,0
2026-02-04 18:58:30.000,2026-02-04 18:58:40.000,2108,2026-02-04 18:58:36.483,2026-02-04 18:58:32.406,-4076.789,60.01765823364258,0
2026-02-04 18:58:30.000,2026-02-04 18:58:40.000,2423,2026-02-04 18:58:36.400,2026-02-04 18:58:32.407,-3992.459,50.03258514404297,0
2026-02-04 18:58:30.000,2026-02-04 18:58:40.000,477,2026-02-04 18:58:36.499,2026-02-04 18:58:32.407,-4092.451,60.01217269897461,0
2026-02-04 18:58:30.000,2026-02-04 18:58:40.000,2108,2026-02-04 18:58:36.499,2026-02-04 18:58:32.417,-4082.932,60.01322937011719,0
2026-02-04 18:58:30.000,2026-02-04 18:58:40.000,2423,2026-02-04 18:58:36.419,2026-02-04 18:58:32.425,-3994.852,50.02988815307617,0
2026-02-04 18:58:30.000,2026-02-04 18:58:40.000,477,2026-02-04 18:58:36.516,2026-02-04 18:58:32.426,-4090.530,60.01101303100586,0
2026-02-04 18:58:30.000,2026-02-04 18:58:40.000,2108,2026-02-04 18:58:36.516,2026-02-04 18:58:32.435,-4080.934,60.00908279418945,0
2026-02-04 18:58:30.000,2026-02-04 18:58:40.000,2423,2026-02-04 18:58:36.440,2026-02-04 18:58:32.439,-4000.259,50.029380798339844,0
2026-02-04 18:58:30.000,2026-02-04 18:58:40.000,477,2026-02-04 18:58:36.533,2026-02-04 18:58:32.440,-4092.597,60.01122283935547,0
2026-02-04 18:58:30.000,2026-02-04 18:58:40.000,2108,2026-02-04 18:58:36.533,2026-02-04 18:58:32.445,-4087.543,60.011383056640625,0
2026-02-04 18:58:30.000,2026-02-04 18:58:40.000,477,2026-02-04 18:58:36.550,2026-02-04 18:58:32.455,-4094.175,60.012332916259766,0
2026-02-04 18:58:30.000,2026-02-04 18:58:40.000,2423,2026-02-04 18:58:36.460,2026-02-04 18:58:32.459,-4000.182,50.02979278564453,0
2026-02-04 18:58:30.000,2026-02-04 18:58:40.000,2108,2026-02-04 18:58:36.550,2026-02-04 18:58:32.462,-4087.174,60.013397216796875,0
2026-02-04 18:58:30.000,2026-02-04 18:58:40.000,477,2026-02-04 18:58:36.566,2026-02-04 18:58:32.471,-4095.332,60.011985778808594,0
2026-02-04 18:58:30.000,2026-02-04 18:58:40.000,2423,2026-02-04 18:58:36.480,2026-02-04 18:58:32.478,-4001.137,50.02890396118164,0
2026-02-04 18:58:30.000,2026-02-04 18:58:40.000,2108,2026-02-04 18:58:36.566,2026-02-04 18:58:32.479,-4086.811,60.01087951660156,0
2026-02-04 18:58:30.000,2026-02-04 18:58:40.000,477,2026-02-04 18:58:36.583,2026-02-04 18:58:32.487,-4095.378,60.01101303100586,0
2026-02-04 18:58:30.000,2026-02-04 18:58:40.000,2108,2026-02-04 18:58:36.583,2026-02-04 18:58:32.495,-4088.110,60.008216857910156,0
2026-02-04 18:58:30.000,2026-02-04 18:58:40.000,2423,2026-02-04 18:58:36.499,2026-02-04 18:58:32.498,-4001.767,50.02904510498047,0
2026-02-04 18:58:30.000,2026-02-04 18:58:40.000,477,2026-02-04 18:58:36.600,2026-02-04 18:58:32.505,-4094.757,60.01091384887695,0
2026-02-04 18:58:30.000,2026-02-04 18:58:40.000,2108,2026-02-04 18:58:36.600,2026-02-04 18:58:32.512,-4087.246,60.0065803527832,0
2026-02-04 18:58:30.000,2026-02-04 18:58:40.000,2423,2026-02-04 18:58:36.520,2026-02-04 18:58:32.518,-4001.234,50.03101348876953,0
2026-02-04 18:58:30.000,2026-02-04 18:58:40.000,477,2026-02-04 18:58:36.616,2026-02-04 18:58:32.522,-4093.897,60.010955810546875,0
2026-02-04 18:58:30.000,2026-02-04 18:58:40.000,2108,2026-02-04 18:58:36.616,2026-02-04 18:58:32.528,-4087.854,60.00819778442383,0
2026-02-04 18:58:30.000,2026-02-04 18:58:40.000,2423,2026-02-04 18:58:36.540,2026-02-04 18:58:32.539,-4000.100,50.03168487548828,0
2026-02-04 18:58:30.000,2026-02-04 18:58:40.000,477,2026-02-04 18:58:36.633,2026-02-04 18:58:32.540,-4092.423,60.01097869873047,0
2026-02-04 18:58:30.000,2026-02-04 18:58:40.000,2108,2026-02-04 18:58:36.633,2026-02-04 18:58:32.545,-4087.907,60.01312255859375,0
2026-02-04 18:58:30.000,2026-02-04 18:58:40.000,477,2026-02-04 18:58:36.650,2026-02-04 18:58:32.554,-4095.057,60.010711669921875,0
2026-02-04 18:58:30.000,2026-02-04 18:58:40.000,2423,2026-02-04 18:58:36.560,2026-02-04 18:58:32.557,-4002.060,50.03111267089844,0
2026-02-04 18:58:30.000,2026-02-04 18:58:40.000,2108,2026-02-04 18:58:36.650,2026-02-04 18:58:32.562,-4087.116,60.013458251953125,0
2026-02-04 18:58:30.000,2026-02-04 18:58:40.000,477,2026-02-04 18:58:36.666,2026-02-04 18:58:32.571,-4095.262,60.010231018066406,0
2026-02-04 18:58:30.000,2026-02-04 18:58:40.000,2423,2026-02-04 18:58:36.579,2026-02-04 18:58:32.577,-4002.077,50.03071975708008,0
2026-02-04 18:58:30.000,2026-02-04 18:58:40.000,2108,2026-02-04 18:58:36.666,2026-02-04 18:58:32.578,-4087.744,60.008995056152344,0
2026-02-04 18:58:30.000,2026-02-04 18:58:40.000,477,2026-02-04 18:58:36.683,2026-02-04 18:58:32.588,-4095.011,60.01063537597656,0
2026-02-04 18:58:30.000,2026-02-04 18:58:40.000,2108,2026-02-04 18:58:36.683,2026-02-04 18:58:32.595,-4087.498,60.00938415527344,0
2026-02-04 18:58:30.000,2026-02-04 18:58:40.000,2423,2026-02-04 18:58:36.600,2026-02-04 18:58:32.597,-4002.171,50.03137969970703,0
2026-02-04 18:58:30.000,2026-02-04 18:58:40.000,477,2026-02-04 18:58:36.700,2026-02-04 18:58:32.604,-4095.150,60.01095962524414,0
2026-02-04 18:58:30.000,2026-02-04 18:58:40.000,2108,2026-02-04 18:58:36.700,2026-02-04 18:58:32.611,-4088.143,60.01514434814453,0
2026-02-04 18:58:30.000,2026-02-04 18:58:40.000,2423,2026-02-04 18:58:36.620,2026-02-04 18:58:32.618,-4001.635,50.031620025634766,0
2026-02-04 18:58:30.000,2026-02-04 18:58:40.000,477,2026-02-04 18:58:36.716,2026-02-04 18:58:32.621,-4095.298,60.01042938232422,0
2026-02-04 18:58:30.000,2026-02-04 18:58:40.000,2108,2026-02-04 18:58:36.716,2026-02-04 18:58:32.628,-4087.779,60.01738357543945,0
2026-02-04 18:58:30.000,2026-02-04 18:58:40.000,477,2026-02-04 18:58:36.733,2026-02-04 18:58:32.637,-4095.378,60.01057434082031,0
2026-02-04 18:58:30.000,2026-02-04 18:58:40.000,2423,2026-02-04 18:58:36.640,2026-02-04 18:58:32.637,-4002.042,50.029136657714844,0
2026-02-04 18:58:30.000,2026-02-04 18:58:40.000,2108,2026-02-04 18:58:36.733,2026-02-04 18:58:32.646,-4087.226,60.01155471801758,0
2026-02-04 18:58:30.000,2026-02-04 18:58:40.000,477,2026-02-04 18:58:36.750,2026-02-04 18:58:32.658,-4091.858,60.01194381713867,0
2026-02-04 18:58:30.000,2026-02-04 18:58:40.000,2423,2026-02-04 18:58:36.659,2026-02-04 18:58:32.658,-4001.850,50.02767562866211,0
2026-02-04 18:58:30.000,2026-02-04 18:58:40.000,2108,2026-02-04 18:58:36.750,2026-02-04 18:58:32.661,-4088.727,60.00442123413086,0
2026-02-04 18:58:30.000,2026-02-04 18:58:40.000,477,2026-02-04 18:58:36.766,2026-02-04 18:58:32.671,-4095.374,60.012367248535156,0
2026-02-04 18:58:30.000,2026-02-04 18:58:40.000,2423,2026-02-04 18:58:36.680,2026-02-04 18:58:32.677,-4002.189,50.030967712402344,0
2026-02-04 18:58:30.000,2026-02-04 18:58:40.000,2108,2026-02-04 18:58:36.766,2026-02-04 18:58:32.678,-4087.860,60.00498580932617,0
2026-02-04 18:58:30.000,2026-02-04 18:58:40.000,477,2026-02-04 18:58:36.783,2026-02-04 18:58:32.687,-4095.475,60.01181411743164,0
2026-02-04 18:58:30.000,2026-02-04 18:58:40.000,2108,2026-02-04 18:58:36.783,2026-02-04 18:58:32.695,-4087.397,60.01095199584961,0
2026-02-04 18:58:30.000,2026-02-04 18:58:40.000,2423,2026-02-04 18:58:36.700,2026-02-04 18:58:32.697,-4002.066,50.03346252441406,0
2026-02-04 18:58:30.000,2026-02-04 18:58:40.000,477,2026-02-04 18:58:36.800,2026-02-04 18:58:32.704,-4095.050,60.011619567871094,0
2026-02-04 18:58:30.000,2026-02-04 18:58:40.000,2108,2026-02-04 18:58:36.800,2026-02-04 18:58:32.711,-4088.043,60.01397705078125,0
2026-02-04 18:58:30.000,2026-02-04 18:58:40.000,2423,2026-02-04 18:58:36.720,2026-02-04 18:58:32.718,-4001.982,50.030479431152344,0
2026-02-04 18:58:30.000,2026-02-04 18:58:40.000,477,2026-02-04 18:58:36.816,2026-02-04 18:58:32.721,-4095.135,60.011165618896484,0
2026-02-04 18:58:30.000,2026-02-04 18:58:40.000,2108,2026-02-04 18:58:36.816,2026-02-04 18:58:32.729,-4087.624,60.01187515258789,0
2026-02-04 18:58:30.000,2026-02-04 18:58:40.000,477,2026-02-04 18:58:36.833,2026-02-04 18:58:32.738,-4095.216,60.01042556762695,0
2026-02-04 18:58:30.000,2026-02-04 18:58:40.000,2423,2026-02-04 18:58:36.739,2026-02-04 18:58:32.738,-4001.879,50.02819061279297,0
2026-02-04 18:58:30.000,2026-02-04 18:58:40.000,2108,2026-02-04 18:58:36.833,2026-02-04 18:58:32.745,-4087.700,60.00834274291992,0
2026-02-04 18:58:30.000,2026-02-04 18:58:40.000,477,2026-02-04 18:58:36.850,2026-02-04 18:58:32.755,-4094.254,60.01035690307617,0
2026-02-04 18:58:30.000,2026-02-04 18:58:40.000,2423,2026-02-04 18:58:36.760,2026-02-04 18:58:32.757,-4002.256,50.02927780151367,0
2026-02-04 18:58:30.000,2026-02-04 18:58:40.000,2108,2026-02-04 18:58:36.850,2026-02-04 18:58:32.762,-4087.255,60.01063919067383,0
2026-02-04 18:58:30.000,2026-02-04 18:58:40.000,477,2026-02-04 18:58:36.866,2026-02-04 18:58:32.770,-4095.702,60.01121520996094,0
2026-02-04 18:58:30.000,2026-02-04 18:58:40.000,2423,2026-02-04 18:58:36.780,2026-02-04 18:58:32.777,-4002.019,50.03007507324219,0
2026-02-04 18:58:30.000,2026-02-04 18:58:40.000,2108,2026-02-04 18:58:36.866,2026-02-04 18:58:32.778,-4087.675,60.01847839355469,0
2026-02-04 18:58:30.000,2026-02-04 18:58:40.000,477,2026-02-04 18:58:36.883,2026-02-04 18:58:32.788,-4095.278,60.011634826660156,0
2026-02-04 18:58:30.000,2026-02-04 18:58:40.000,2108,2026-02-04 18:58:36.883,2026-02-04 18:58:32.795,-4088.188,60.018333435058594,0
2026-02-04 18:58:30.000,2026-02-04 18:58:40.000,2423,2026-02-04 18:58:36.800,2026-02-04 18:58:32.798,-4001.859,50.02985763549805,0
2026-02-04 18:58:30.000,2026-02-04 18:58:40.000,477,2026-02-04 18:58:36.899,2026-02-04 18:58:32.803,-4096.333,60.01108169555664,0
2026-02-04 18:58:30.000,2026-02-04 18:58:40.000,2108,2026-02-04 18:58:36.899,2026-02-04 18:58:32.812,-4087.315,60.008304595947266,0
2026-02-04 18:58:30.000,2026-02-04 18:58:40.000,2423,2026-02-04 18:58:36.819,2026-02-04 18:58:32.817,-4002.308,50.0292854309082,0
2026-02-04 18:58:30.000,2026-02-04 18:58:40.000,477,2026-02-04 18:58:36.916,2026-02-04 18:58:32.822,-4093.987,60.01054000854492,0
2026-02-04 18:58:30.000,2026-02-04 18:58:40.000,2108,2026-02-04 18:58:36.916,2026-02-04 18:58:32.828,-4087.949,60.00442886352539,0
2026-02-04 18:58:30.000,2026-02-04 18:58:40.000,2423,2026-02-04 18:58:36.840,2026-02-04 18:58:32.837,-4002.184,50.02947235107422,0
2026-02-04 18:58:30.000,2026-02-04 18:58:40.000,477,2026-02-04 18:58:36.933,2026-02-04 18:58:32.837,-4095.520,60.010986328125,0
2026-02-04 18:58:30.000,2026-02-04 18:58:40.000,2108,2026-02-04 18:58:36.933,2026-02-04 18:58:32.845,-4087.470,60.008914947509766,0
2026-02-04 18:58:30.000,2026-02-04 18:58:40.000,477,2026-02-04 18:58:36.950,2026-02-04 18:58:32.854,-4095.621,60.01106643676758,0
2026-02-04 18:58:30.000,2026-02-04 18:58:40.000,2423,2026-02-04 18:58:36.860,2026-02-04 18:58:32.858,-4001.631,50.030517578125,0
2026-02-04 18:58:30.000,2026-02-04 18:58:40.000,2108,2026-02-04 18:58:36.950,2026-02-04 18:58:32.862,-4087.118,60.01137161254883,0
2026-02-04 18:58:30.000,2026-02-04 18:58:40.000,477,2026-02-04 18:58:36.966,2026-02-04 18:58:32.870,-4095.782,60.01002883911133,0
2026-02-04 18:58:30.000,2026-02-04 18:58:40.000,2423,2026-02-04 18:58:36.880,2026-02-04 18:58:32.877,-4002.081,50.02984619140625,0
2026-02-04 18:58:30.000,2026-02-04 18:58:40.000,2108,2026-02-04 18:58:36.966,2026-02-04 18:58:32.878,-4087.750,60.01195526123047,0
2026-02-04 18:58:30.000,2026-02-04 18:58:40.000,477,2026-02-04 18:58:36.983,2026-02-04 18:58:32.887,-4095.361,60.01013946533203,0
2026-02-04 18:58:30.000,2026-02-04 18:58:40.000,2108,2026-02-04 18:58:36.983,2026-02-04 18:58:32.895,-4087.706,60.01191711425781,0
2026-02-04 18:58:30.000,2026-02-04 18:58:40.000,2423,2026-02-04 18:58:36.899,2026-02-04 18:58:32.897,-4002.359,50.027549743652344,0
2026-02-04 18:58:30.000,2026-02-04 18:58:40.000,477,2026-02-04 18:58:37.000,2026-02-04 18:58:32.904,-4095.853,60.011470794677734,0
2026-02-04 18:58:30.000,2026-02-04 18:58:40.000,2108,2026-02-04 18:58:37.000,2026-02-04 18:58:32.912,-4087.204,60.0110969543457,0
2026-02-04 18:58:30.000,2026-02-04 18:58:40.000,2423,2026-02-04 18:58:36.920,2026-02-04 18:58:32.917,-4002.086,50.02762985229492,0
2026-02-04 18:58:30.000,2026-02-04 18:58:40.000,2108,2026-02-04 18:58:37.016,2026-02-04 18:58:32.929,-4087.352,60.013336181640625,0
2026-02-04 18:58:30.000,2026-02-04 18:58:40.000,2423,2026-02-04 18:58:36.940,2026-02-04 18:58:32.937,-4002.179,50.030792236328125,0
2026-02-04 18:58:30.000,2026-02-04 18:58:40.000,2108,2026-02-04 18:58:37.033,2026-02-04 18:58:32.946,-4087.079,60.01490020751953,0
2026-02-04 18:58:30.000,2026-02-04 18:58:40.000,477,2026-02-04 18:58:37.016,2026-02-04 18:58:32.954,-4061.907,60.01152038574219,0
2026-02-04 18:58:30.000,2026-02-04 18:58:40.000,477,2026-02-04 18:58:37.033,2026-02-04 18:58:32.954,-4078.571,60.01104736328125,0
2026-02-04 18:58:30.000,2026-02-04 18:58:40.000,477,2026-02-04 18:58:37.050,2026-02-04 18:58:32.956,-4093.243,60.010711669921875,0
2026-02-04 18:58:30.000,2026-02-04 18:58:40.000,2423,2026-02-04 18:58:36.960,2026-02-04 18:58:32.957,-4002.242,50.03066635131836,0
2026-02-04 18:58:30.000,2026-02-04 18:58:40.000,2108,2026-02-04 18:58:37.050,2026-02-04 18:58:32.962,-4087.243,60.00979232788086,0
2026-02-04 18:58:30.000,2026-02-04 18:58:40.000,477,2026-02-04 18:58:37.066,2026-02-04 18:58:32.970,-4095.709,60.0097541809082,0
2026-02-04 18:58:30.000,2026-02-04 18:58:40.000,2423,2026-02-04 18:58:36.979,2026-02-04 18:58:32.977,-4002.011,50.02821731567383,0
2026-02-04 18:58:30.000,2026-02-04 18:58:40.000,477,2026-02-04 18:58:37.083,2026-02-04 18:58:32.987,-4095.470,60.00996780395508,0
2026-02-04 18:58:30.000,2026-02-04 18:58:40.000,2423,2026-02-04 18:58:37.000,2026-02-04 18:58:32.998,-4001.880,50.02945327758789,0
2026-02-04 18:58:30.000,2026-02-04 18:58:40.000,477,2026-02-04 18:58:37.100,2026-02-04 18:58:33.003,-4096.377,60.01124572753906,0
2026-02-04 18:58:30.000,2026-02-04 18:58:40.000,2108,2026-02-04 18:58:37.066,2026-02-04 18:58:33.012,-4053.985,60.005069732666016,0
2026-02-04 18:58:30.000,2026-02-04 18:58:40.000,2108,2026-02-04 18:58:37.083,2026-02-04 18:58:33.013,-4069.642,60.008670806884766,0
2026-02-04 18:58:30.000,2026-02-04 18:58:40.000,2108,2026-02-04 18:58:37.100,2026-02-04 18:58:33.013,-4086.322,60.01426315307617,0
2026-02-04 18:58:30.000,2026-02-04 18:58:40.000,2423,2026-02-04 18:58:37.020,2026-02-04 18:58:33.017,-4002.321,50.03072738647461,0
2026-02-04 18:58:30.000,2026-02-04 18:58:40.000,2108,2026-02-04 18:58:37.116,2026-02-04 18:58:33.028,-4087.888,60.01351547241211,0
2026-02-04 18:58:30.000,2026-02-04 18:58:40.000,2423,2026-02-04 18:58:37.040,2026-02-04 18:58:33.037,-4002.139,50.02915573120117,0
2026-02-04 18:58:30.000,2026-02-04 18:58:40.000,2108,2026-02-04 18:58:37.133,2026-02-04 18:58:33.045,-4088.127,60.008888244628906,0
2026-02-04 18:58:30.000,2026-02-04 18:58:40.000,477,2026-02-04 18:58:37.116,2026-02-04 18:58:33.053,-4062.952,60.011226654052734,0
2026-02-04 18:58:30.000,2026-02-04 18:58:40.000,477,2026-02-04 18:58:37.133,2026-02-04 18:58:33.054,-4078.615,60.010536193847656,0
2026-02-04 18:58:30.000,2026-02-04 18:58:40.000,477,2026-02-04 18:58:37.150,2026-02-04 18:58:33.056,-4093.281,60.01047134399414,0
2026-02-04 18:58:30.000,2026-02-04 18:58:40.000,2423,2026-02-04 18:58:37.059,2026-02-04 18:58:33.057,-4002.273,50.02816390991211,0
2026-02-04 18:58:30.000,2026-02-04 18:58:40.000,2108,2026-02-04 18:58:37.150,2026-02-04 18:58:33.062,-4087.280,60.009098052978516,0
2026-02-04 18:58:30.000,2026-02-04 18:58:40.000,477,2026-02-04 18:58:37.166,2026-02-04 18:58:33.071,-4095.443,60.01049041748047,0
2026-02-04 18:58:30.000,2026-02-04 18:58:40.000,2423,2026-02-04 18:58:37.080,2026-02-04 18:58:33.077,-4002.261,50.02975845336914,0
2026-02-04 18:58:30.000,2026-02-04 18:58:40.000,477,2026-02-04 18:58:37.183,2026-02-04 18:58:33.087,-4095.578,60.010581970214844,0
2026-02-04 18:58:30.000,2026-02-04 18:58:40.000,2423,2026-02-04 18:58:37.100,2026-02-04 18:58:33.097,-4002.198,50.03108596801758,0
2026-02-04 18:58:30.000,2026-02-04 18:58:40.000,2108,2026-02-04 18:58:37.166,2026-02-04 18:58:33.102,-4063.862,60.01066207885742,0
2026-02-04 18:58:30.000,2026-02-04 18:58:40.000,2108,2026-02-04 18:58:37.183,2026-02-04 18:58:33.104,-4079.083,60.009849548339844,0
2026-02-04 18:58:30.000,2026-02-04 18:58:40.000,2108,2026-02-04 18:58:37.200,2026-02-04 18:58:33.111,-4088.439,60.01080322265625,0
2026-02-04 18:58:30.000,2026-02-04 18:58:40.000,2423,2026-02-04 18:58:37.120,2026-02-04 18:58:33.118,-4001.923,50.02988815307617,0
2026-02-04 18:58:30.000,2026-02-04 18:58:40.000,2108,2026-02-04 18:58:37.216,2026-02-04 18:58:33.128,-4088.077,60.0104866027832,0
2026-02-04 18:58:30.000,2026-02-04 18:58:40.000,477,2026-02-04 18:58:37.200,2026-02-04 18:58:33.131,-4068.414,60.011165618896484,0
2026-02-04 18:58:30.000,2026-02-04 18:58:40.000,477,2026-02-04 18:58:37.216,2026-02-04 18:58:33.132,-4084.077,60.01125717163086,0
2026-02-04 18:58:30.000,2026-02-04 18:58:40.000,2423,2026-02-04 18:58:37.139,2026-02-04 18:58:33.137,-4002.056,50.027374267578125,0
2026-02-04 18:58:30.000,2026-02-04 18:58:40.000,2108,2026-02-04 18:58:37.233,2026-02-04 18:58:33.146,-4086.881,60.009803771972656,0
2026-02-04 18:58:30.000,2026-02-04 18:58:40.000,2423,2026-02-04 18:58:37.160,2026-02-04 18:58:33.157,-4002.042,50.027591705322266,0
2026-02-04 18:58:30.000,2026-02-04 18:58:40.000,2108,2026-02-04 18:58:37.250,2026-02-04 18:58:33.161,-4088.042,60.013858795166016,0
2026-02-04 18:58:30.000,2026-02-04 18:58:40.000,477,2026-02-04 18:58:37.233,2026-02-04 18:58:33.168,-4065.312,60.01083755493164,0
2026-02-04 18:58:30.000,2026-02-04 18:58:40.000,477,2026-02-04 18:58:37.250,2026-02-04 18:58:33.168,-4081.984,60.01051330566406,0
2026-02-04 18:58:30.000,2026-02-04 18:58:40.000,477,2026-02-04 18:58:37.266,2026-02-04 18:58:33.175,-4091.136,60.01072692871094,0
2026-02-04 18:58:30.000,2026-02-04 18:58:40.000,2423,2026-02-04 18:58:37.180,2026-02-04 18:58:33.178,-4001.482,50.03096008300781,0
2026-02-04 18:58:30.000,2026-02-04 18:58:40.000,2108,2026-02-04 18:58:37.266,2026-02-04 18:58:33.179,-4087.139,60.01676940917969,0
2026-02-04 18:58:30.000,2026-02-04 18:58:40.000,477,2026-02-04 18:58:37.283,2026-02-04 18:58:33.189,-4094.285,60.01152420043945,0
2026-02-04 18:58:30.000,2026-02-04 18:58:40.000,2423,2026-02-04 18:58:37.200,2026-02-04 18:58:33.198,-4001.684,50.030704498291016,0
2026-02-04 18:58:30.000,2026-02-04 18:58:40.000,477,2026-02-04 18:58:37.299,2026-02-04 18:58:33.203,-4096.160,60.01102066040039,0
2026-02-04 18:58:30.000,2026-02-04 18:58:40.000,2423,2026-02-04 18:58:37.219,2026-02-04 18:58:33.217,-4002.134,50.02713394165039,0
2026-02-04 18:58:30.000,2026-02-04 18:58:40.000,477,2026-02-04 18:58:37.316,2026-02-04 18:58:33.221,-4094.814,60.00957489013672,0
2026-02-04 18:58:30.000,2026-02-04 18:58:40.000,2108,2026-02-04 18:58:37.283,2026-02-04 18:58:33.224,-4059.317,60.010650634765625,0
2026-02-04 18:58:30.000,2026-02-04 18:58:40.000,2108,2026-02-04 18:58:37.299,2026-02-04 18:58:33.224,-4075.981,60.00490188598633,0
2026-02-04 18:58:30.000,2026-02-04 18:58:40.000,2108,2026-02-04 18:58:37.316,2026-02-04 18:58:33.229,-4087.662,60.009124755859375,0
2026-02-04 18:58:30.000,2026-02-04 18:58:40.000,2423,2026-02-04 18:58:37.240,2026-02-04 18:58:33.238,-4001.913,50.025691986083984,0
2026-02-04 18:58:30.000,2026-02-04 18:58:40.000,2108,2026-02-04 18:58:37.333,2026-02-04 18:58:33.245,-4088.224,60.01244354248047,0
2026-02-04 18:58:30.000,2026-02-04 18:58:40.000,2423,2026-02-04 18:58:37.260,2026-02-04 18:58:33.258,-4001.882,50.02704620361328,0
2026-02-04 18:58:30.000,2026-02-04 18:58:40.000,2108,2026-02-04 18:58:37.350,2026-02-04 18:58:33.262,-4087.363,60.01241683959961,0
2026-02-04 18:58:30.000,2026-02-04 18:58:40.000,477,2026-02-04 18:58:37.333,2026-02-04 18:58:33.265,-4068.169,60.00998306274414,0
2026-02-04 18:58:30.000,2026-02-04 18:58:40.000,477,2026-02-04 18:58:37.350,2026-02-04 18:58:33.266,-4083.831,60.01118087768555,0
2026-02-04 18:58:30.000,2026-02-04 18:58:40.000,477,2026-02-04 18:58:37.366,2026-02-04 18:58:33.272,-4093.997,60.010772705078125,0
2026-02-04 18:58:30.000,2026-02-04 18:58:40.000,2423,2026-02-04 18:58:37.280,2026-02-04 18:58:33.278,-4001.899,50.02864456176758,0
2026-02-04 18:58:30.000,2026-02-04 18:58:40.000,2108,2026-02-04 18:58:37.366,2026-02-04 18:58:33.279,-4087.574,60.013633728027344,0
2026-02-04 18:58:30.000,2026-02-04 18:58:40.000,477,2026-02-04 18:58:37.383,2026-02-04 18:58:33.287,-4095.726,60.01053237915039,0
2026-02-04 18:58:30.000,2026-02-04 18:58:40.000,2423,2026-02-04 18:58:37.299,2026-02-04 18:58:33.300,-3999.362,50.02882385253906,0
2026-02-04 18:58:30.000,2026-02-04 18:58:40.000,477,2026-02-04 18:58:37.400,2026-02-04 18:58:33.315,-4084.345,60.01144027709961,0
2026-02-04 18:58:30.000,2026-02-04 18:58:40.000,2108,2026-02-04 18:58:37.383,2026-02-04 18:58:33.316,-4066.673,60.012489318847656,0
2026-02-04 18:58:30.000,2026-02-04 18:58:40.000,2108,2026-02-04 18:58:37.400,2026-02-04 18:58:33.317,-4082.338,60.01188659667969,0
2026-02-04 18:58:30.000,2026-02-04 18:58:40.000,2423,2026-02-04 18:58:37.320,2026-02-04 18:58:33.317,-4002.338,50.029964447021484,0
2026-02-04 18:58:30.000,2026-02-04 18:58:40.000,477,2026-02-04 18:58:37.416,2026-02-04 18:58:33.331,-4085.468,60.011207580566406,0
2026-02-04 18:58:30.000,2026-02-04 18:58:40.000,2108,2026-02-04 18:58:37.416,2026-02-04 18:58:33.332,-4083.961,60.010704040527344,0
2026-02-04 18:58:30.000,2026-02-04 18:58:40.000,2423,2026-02-04 18:58:37.340,2026-02-04 18:58:33.337,-4002.297,50.03080368041992,0
2026-02-04 18:58:30.000,2026-02-04 18:58:40.000,2108,2026-02-04 18:58:37.433,2026-02-04 18:58:33.347,-4085.539,60.00611877441406,0
2026-02-04 18:58:30.000,2026-02-04 18:58:40.000,2423,2026-02-04 18:58:37.360,2026-02-04 18:58:33.363,-3996.186,50.029197692871094,0
2026-02-04 18:58:30.000,2026-02-04 18:58:40.000,477,2026-02-04 18:58:37.433,2026-02-04 18:58:33.363,-4069.514,60.01029968261719,0
2026-02-04 18:58:30.000,2026-02-04 18:58:40.000,2108,2026-02-04 18:58:37.450,2026-02-04 18:58:33.364,-4085.186,60.00547409057617,0
2026-02-04 18:58:30.000,2026-02-04 18:58:40.000,477,2026-02-04 18:58:37.450,2026-02-04 18:58:33.364,-4085.186,60.01017761230469,0
2026-02-04 18:58:30.000,2026-02-04 18:58:40.000,477,2026-02-04 18:58:37.466,2026-02-04 18:58:33.377,-4088.942,60.01028823852539,0
2026-02-04 18:58:30.000,2026-02-04 18:58:40.000,2423,2026-02-04 18:58:37.379,2026-02-04 18:58:33.378,-4001.264,50.028099060058594,0
2026-02-04 18:58:30.000,2026-02-04 18:58:40.000,2108,2026-02-04 18:58:37.466,2026-02-04 18:58:33.379,-4086.935,60.00971603393555,0
2026-02-04 18:58:30.000,2026-02-04 18:58:40.000,2108,2026-02-04 18:58:37.483,2026-02-04 18:58:33.407,-4075.426,60.01080322265625,0
2026-02-04 18:58:30.000,2026-02-04 18:58:40.000,2423,2026-02-04 18:58:37.400,2026-02-04 18:58:33.407,-3992.098,50.028812408447266,0
2026-02-04 18:58:30.000,2026-02-04 18:58:40.000,2108,2026-02-04 18:58:37.500,2026-02-04 18:58:33.411,-4088.105,60.0100212097168,0
2026-02-04 18:58:30.000,2026-02-04 18:58:40.000,477,2026-02-04 18:58:37.483,2026-02-04 18:58:33.414,-4069.225,60.00988006591797,0
2026-02-04 18:58:30.000,2026-02-04 18:58:40.000,477,2026-02-04 18:58:37.500,2026-02-04 18:58:33.414,-4085.905,60.009300231933594,0
2026-02-04 18:58:30.000,2026-02-04 18:58:40.000,2423,2026-02-04 18:58:37.420,2026-02-04 18:58:33.418,-4001.905,50.02953338623047,0
2026-02-04 18:58:30.000,2026-02-04 18:58:40.000,477,2026-02-04 18:58:37.516,2026-02-04 18:58:33.422,-4094.061,60.00952911376953,0
2026-02-04 18:58:30.000,2026-02-04 18:58:40.000,2108,2026-02-04 18:58:37.516,2026-02-04 18:58:33.428,-4088.055,60.011199951171875,0
2026-02-04 18:58:30.000,2026-02-04 18:58:40.000,477,2026-02-04 18:58:37.533,2026-02-04 18:58:33.438,-4094.592,60.009944915771484,0
2026-02-04 18:58:30.000,2026-02-04 18:58:40.000,2423,2026-02-04 18:58:37.440,2026-02-04 18:58:33.438,-4001.256,50.0300178527832,0
2026-02-04 18:58:30.000,2026-02-04 18:58:40.000,477,2026-02-04 18:58:37.550,2026-02-04 18:58:33.455,-4094.969,60.0095329284668,0
2026-02-04 18:58:30.000,2026-02-04 18:58:40.000,2423,2026-02-04 18:58:37.459,2026-02-04 18:58:33.458,-4001.961,50.03042221069336,0
2026-02-04 18:58:30.000,2026-02-04 18:58:40.000,477,2026-02-04 18:58:37.566,2026-02-04 18:58:33.471,-4095.593,60.00947570800781,0
2026-02-04 18:58:30.000,2026-02-04 18:58:40.000,2108,2026-02-04 18:58:37.533,2026-02-04 18:58:33.472,-4060.751,60.01181411743164,0
2026-02-04 18:58:30.000,2026-02-04 18:58:40.000,2108,2026-02-04 18:58:37.550,2026-02-04 18:58:33.473,-4076.410,60.010520935058594,0
2026-02-04 18:58:30.000,2026-02-04 18:58:40.000,2423,2026-02-04 18:58:37.480,2026-02-04 18:58:33.479,-4000.924,50.03022766113281,0
2026-02-04 18:58:30.000,2026-02-04 18:58:40.000,2108,2026-02-04 18:58:37.566,2026-02-04 18:58:33.479,-4087.090,60.008506774902344,0
2026-02-04 18:58:30.000,2026-02-04 18:58:40.000,2108,2026-02-04 18:58:37.583,2026-02-04 18:58:33.506,-4077.132,60.00791549682617,0
2026-02-04 18:58:30.000,2026-02-04 18:58:40.000,2423,2026-02-04 18:58:37.500,2026-02-04 18:58:33.506,-3993.266,50.029876708984375,0
2026-02-04 18:58:30.000,2026-02-04 18:58:40.000,2108,2026-02-04 18:58:37.600,2026-02-04 18:58:33.514,-4085.937,60.009765625,0
2026-02-04 18:58:30.000,2026-02-04 18:58:40.000,477,2026-02-04 18:58:37.583,2026-02-04 18:58:33.514,-4069.273,60.00998306274414,0
2026-02-04 18:58:30.000,2026-02-04 18:58:40.000,477,2026-02-04 18:58:37.600,2026-02-04 18:58:33.514,-4085.394,60.009918212890625,0
2026-02-04 18:58:30.000,2026-02-04 18:58:40.000,2423,2026-02-04 18:58:37.520,2026-02-04 18:58:33.518,-4001.630,50.02894592285156,0
2026-02-04 18:58:30.000,2026-02-04 18:58:40.000,477,2026-02-04 18:58:37.616,2026-02-04 18:58:33.522,-4094.619,60.009979248046875,0
2026-02-04 18:58:30.000,2026-02-04 18:58:40.000,2108,2026-02-04 18:58:37.616,2026-02-04 18:58:33.529,-4087.353,60.011985778808594,0
2026-02-04 18:58:30.000,2026-02-04 18:58:40.000,2423,2026-02-04 18:58:37.539,2026-02-04 18:58:33.537,-4002.170,50.0283088684082,0
2026-02-04 18:58:30.000,2026-02-04 18:58:40.000,477,2026-02-04 18:58:37.633,2026-02-04 18:58:33.537,-4095.505,60.01044845581055,0
2026-02-04 18:58:30.000,2026-02-04 18:58:40.000,2423,2026-02-04 18:58:37.560,2026-02-04 18:58:33.557,-4002.214,50.03103256225586,0
2026-02-04 18:58:30.000,2026-02-04 18:58:40.000,2108,2026-02-04 18:58:37.633,2026-02-04 18:58:33.562,-4070.525,60.010772705078125,0
2026-02-04 18:58:30.000,2026-02-04 18:58:40.000,2108,2026-02-04 18:58:37.650,2026-02-04 18:58:33.564,-4085.682,60.00850296020508,0
2026-02-04 18:58:30.000,2026-02-04 18:58:40.000,477,2026-02-04 18:58:37.650,2026-02-04 18:58:33.574,-4075.049,60.010494232177734,0
2026-02-04 18:58:30.000,2026-02-04 18:58:40.000,477,2026-02-04 18:58:37.666,2026-02-04 18:58:33.574,-4091.712,60.009666442871094,0
2026-02-04 18:58:30.000,2026-02-04 18:58:40.000,2423,2026-02-04 18:58:37.580,2026-02-04 18:58:33.578,-4001.508,50.03316879272461,0
2026-02-04 18:58:30.000,2026-02-04 18:58:40.000,2108,2026-02-04 18:58:37.666,2026-02-04 18:58:33.578,-4088.164,60.007808685302734,0
2026-02-04 18:58:30.000,2026-02-04 18:58:40.000,477,2026-02-04 18:58:37.683,2026-02-04 18:58:33.588,-4095.312,60.009437561035156,0
2026-02-04 18:58:30.000,2026-02-04 18:58:40.000,2108,2026-02-04 18:58:37.683,2026-02-04 18:58:33.595,-4087.995,60.008296966552734,0
2026-02-04 18:58:30.000,2026-02-04 18:58:40.000,2423,2026-02-04 18:58:37.600,2026-02-04 18:58:33.598,-4001.665,50.03068923950195,0
2026-02-04 18:58:30.000,2026-02-04 18:58:40.000,477,2026-02-04 18:58:37.699,2026-02-04 18:58:33.605,-4094.784,60.010189056396484,0
2026-02-04 18:58:30.000,2026-02-04 18:58:40.000,2108,2026-02-04 18:58:37.699,2026-02-04 18:58:33.611,-4088.618,60.01109313964844,0
2026-02-04 18:58:30.000,2026-02-04 18:58:40.000,2423,2026-02-04 18:58:37.619,2026-02-04 18:58:33.617,-4002.107,50.027320861816406,0
2026-02-04 18:58:30.000,2026-02-04 18:58:40.000,2108,2026-02-04 18:58:37.716,2026-02-04 18:58:33.629,-4087.214,60.01176071166992,0
2026-02-04 18:58:30.000,2026-02-04 18:58:40.000,477,2026-02-04 18:58:37.716,2026-02-04 18:58:33.632,-4083.706,60.01059341430664,0
2026-02-04 18:58:30.000,2026-02-04 18:58:40.000,2423,2026-02-04 18:58:37.640,2026-02-04 18:58:33.637,-4002.028,50.02801513671875,0
2026-02-04 18:58:30.000,2026-02-04 18:58:40.000,477,2026-02-04 18:58:37.733,2026-02-04 18:58:33.644,-4088.853,60.010276794433594,0
2026-02-04 18:58:30.000,2026-02-04 18:58:40.000,2108,2026-02-04 18:58:37.733,2026-02-04 18:58:33.645,-4087.845,60.00947570800781,0
2026-02-04 18:58:30.000,2026-02-04 18:58:40.000,2423,2026-02-04 18:58:37.660,2026-02-04 18:58:33.658,-4002.007,50.031978607177734,0
2026-02-04 18:58:30.000,2026-02-04 18:58:40.000,477,2026-02-04 18:58:37.750,2026-02-04 18:58:33.659,-4090.999,60.01036834716797,0
2026-02-04 18:58:30.000,2026-02-04 18:58:40.000,2108,2026-02-04 18:58:37.750,2026-02-04 18:58:33.662,-4088.000,60.00935363769531,0
2026-02-04 18:58:30.000,2026-02-04 18:58:40.000,2423,2026-02-04 18:58:37.680,2026-02-04 18:58:33.677,-4002.061,50.03183364868164,0
2026-02-04 18:58:30.000,2026-02-04 18:58:40.000,2108,2026-02-04 18:58:37.766,2026-02-04 18:58:33.678,-4087.733,60.01085662841797,0
2026-02-04 18:58:30.000,2026-02-04 18:58:40.000,477,2026-02-04 18:58:37.766,2026-02-04 18:58:33.683,-4083.221,60.010498046875,0
2026-02-04 18:58:30.000,2026-02-04 18:58:40.000,477,2026-02-04 18:58:37.783,2026-02-04 18:58:33.687,-4095.884,60.00973892211914,0
2026-02-04 18:58:30.000,2026-02-04 18:58:40.000,2108,2026-02-04 18:58:37.783,2026-02-04 18:58:33.695,-4087.369,60.01299285888672,0
2026-02-04 18:58:30.000,2026-02-04 18:58:40.000,2423,2026-02-04 18:58:37.699,2026-02-04 18:58:33.697,-4002.023,50.0284538269043,0
2026-02-04 18:58:30.000,2026-02-04 18:58:40.000,477,2026-02-04 18:58:37.800,2026-02-04 18:58:33.704,-4095.530,60.00967788696289,0
2026-02-04 18:58:30.000,2026-02-04 18:58:40.000,2108,2026-02-04 18:58:37.800,2026-02-04 18:58:33.711,-4088.021,60.01480484008789,0
2026-02-04 18:58:30.000,2026-02-04 18:58:40.000,2423,2026-02-04 18:58:37.720,2026-02-04 18:58:33.718,-4001.925,50.029296875,0
2026-02-04 18:58:30.000,2026-02-04 18:58:40.000,477,2026-02-04 18:58:37.816,2026-02-04 18:58:33.721,-4095.591,60.010555267333984,0
2026-02-04 18:58:30.000,2026-02-04 18:58:40.000,2108,2026-02-04 18:58:37.816,2026-02-04 18:58:33.728,-4088.077,60.01042938232422,0
2026-02-04 18:58:30.000,2026-02-04 18:58:40.000,2423,2026-02-04 18:58:37.740,2026-02-04 18:58:33.738,-4001.914,50.031551361083984,0
2026-02-04 18:58:30.000,2026-02-04 18:58:40.000,477,2026-02-04 18:58:37.833,2026-02-04 18:58:33.738,-4095.234,60.010684967041016,0
2026-02-04 18:58:30.000,2026-02-04 18:58:40.000,2108,2026-02-04 18:58:37.833,2026-02-04 18:58:33.745,-4087.718,60.00163650512695,0
2026-02-04 18:58:30.000,2026-02-04 18:58:40.000,477,2026-02-04 18:58:37.850,2026-02-04 18:58:33.754,-4095.881,60.009788513183594,0
2026-02-04 18:58:30.000,2026-02-04 18:58:40.000,2423,2026-02-04 18:58:37.760,2026-02-04 18:58:33.758,-4001.883,50.03043746948242,0
2026-02-04 18:58:30.000,2026-02-04 18:58:40.000,2108,2026-02-04 18:58:37.850,2026-02-04 18:58:33.762,-4087.377,60.0035400390625,0
2026-02-04 18:58:30.000,2026-02-04 18:58:40.000,477,2026-02-04 18:58:37.866,2026-02-04 18:58:33.771,-4095.517,60.009368896484375,0
2026-02-04 18:58:30.000,2026-02-04 18:58:40.000,2423,2026-02-04 18:58:37.779,2026-02-04 18:58:33.777,-4002.335,50.02953338623047,0
2026-02-04 18:58:30.000,2026-02-04 18:58:40.000,2108,2026-02-04 18:58:37.866,2026-02-04 18:58:33.778,-4088.006,60.013336181640625,0
2026-02-04 18:58:30.000,2026-02-04 18:58:40.000,477,2026-02-04 18:58:37.883,2026-02-04 18:58:33.787,-4095.705,60.00969314575195,0
2026-02-04 18:58:30.000,2026-02-04 18:58:40.000,2108,2026-02-04 18:58:37.883,2026-02-04 18:58:33.796,-4087.195,60.0134162902832,0
2026-02-04 18:58:30.000,2026-02-04 18:58:40.000,2423,2026-02-04 18:58:37.800,2026-02-04 18:58:33.798,-4001.868,50.03151321411133,0
2026-02-04 18:58:30.000,2026-02-04 18:58:40.000,477,2026-02-04 18:58:37.900,2026-02-04 18:58:33.804,-4095.364,60.00935363769531,0
2026-02-04 18:58:30.000,2026-02-04 18:58:40.000,2108,2026-02-04 18:58:37.900,2026-02-04 18:58:33.812,-4087.315,60.00761795043945,0
2026-02-04 18:58:30.000,2026-02-04 18:58:40.000,2423,2026-02-04 18:58:37.820,2026-02-04 18:58:33.817,-4002.244,50.03269577026367,0
2026-02-04 18:58:30.000,2026-02-04 18:58:40.000,477,2026-02-04 18:58:37.916,2026-02-04 18:58:33.821,-4094.910,60.00918197631836,0
2026-02-04 18:58:30.000,2026-02-04 18:58:40.000,2108,2026-02-04 18:58:37.916,2026-02-04 18:58:33.829,-4087.399,60.00690841674805,0
2026-02-04 18:58:30.000,2026-02-04 18:58:40.000,2423,2026-02-04 18:58:37.840,2026-02-04 18:58:33.837,-4002.217,50.031131744384766,0
2026-02-04 18:58:30.000,2026-02-04 18:58:40.000,477,2026-02-04 18:58:37.933,2026-02-04 18:58:33.837,-4095.553,60.01007080078125,0
2026-02-04 18:58:30.000,2026-02-04 18:58:40.000,2108,2026-02-04 18:58:37.933,2026-02-04 18:58:33.846,-4087.168,60.010494232177734,0
2026-02-04 18:58:30.000,2026-02-04 18:58:40.000,477,2026-02-04 18:58:37.950,2026-02-04 18:58:33.854,-4095.326,60.01009750366211,0
2026-02-04 18:58:30.000,2026-02-04 18:58:40.000,2423,2026-02-04 18:58:37.859,2026-02-04 18:58:33.857,-4002.318,50.029476165771484,0
2026-02-04 18:58:30.000,2026-02-04 18:58:40.000,2108,2026-02-04 18:58:37.950,2026-02-04 18:58:33.862,-4087.326,60.012779235839844,0
2026-02-04 18:58:30.000,2026-02-04 18:58:40.000,477,2026-02-04 18:58:37.966,2026-02-04 18:58:33.871,-4094.912,60.00947570800781,0
2026-02-04 18:58:30.000,2026-02-04 18:58:40.000,2423,2026-02-04 18:58:37.880,2026-02-04 18:58:33.878,-4001.988,50.02976989746094,0
2026-02-04 18:58:30.000,2026-02-04 18:58:40.000,2108,2026-02-04 18:58:37.966,2026-02-04 18:58:33.879,-4087.660,60.01124954223633,0
2026-02-04 18:58:30.000,2026-02-04 18:58:40.000,477,2026-02-04 18:58:37.983,2026-02-04 18:58:33.888,-4095.123,60.00957107543945,0
2026-02-04 18:58:30.000,2026-02-04 18:58:40.000,2108,2026-02-04 18:58:37.983,2026-02-04 18:58:33.895,-4087.610,60.00737380981445,0
2026-02-04 18:58:30.000,2026-02-04 18:58:40.000,2423,2026-02-04 18:58:37.900,2026-02-04 18:58:33.897,-4002.282,50.031097412109375,0
2026-02-04 18:58:30.000,2026-02-04 18:58:40.000,477,2026-02-04 18:58:38.000,2026-02-04 18:58:33.905,-4094.765,60.00935745239258,0
2026-02-04 18:58:30.000,2026-02-04 18:58:40.000,2108,2026-02-04 18:58:38.000,2026-02-04 18:58:33.912,-4087.251,60.0062370300293,0
2026-02-04 18:58:30.000,2026-02-04 18:58:40.000,2423,2026-02-04 18:58:37.920,2026-02-04 18:58:33.917,-4002.131,50.030826568603516,0
2026-02-04 18:58:30.000,2026-02-04 18:58:40.000,477,2026-02-04 18:58:38.016,2026-02-04 18:58:33.921,-4094.793,60.00912857055664,0
2026-02-04 18:58:30.000,2026-02-04 18:58:40.000,2108,2026-02-04 18:58:38.016,2026-02-04 18:58:33.929,-4087.277,60.01105499267578,0
2026-02-04 18:58:30.000,2026-02-04 18:58:40.000,2423,2026-02-04 18:58:37.939,2026-02-04 18:58:33.937,-4002.088,50.03092575073242,0
2026-02-04 18:58:30.000,2026-02-04 18:58:40.000,477,2026-02-04 18:58:38.033,2026-02-04 18:58:33.937,-4095.424,60.01002883911133,0
2026-02-04 18:58:30.000,2026-02-04 18:58:40.000,2108,2026-02-04 18:58:38.033,2026-02-04 18:58:33.945,-4087.387,60.01539993286133,0
2026-02-04 18:58:30.000,2026-02-04 18:58:40.000,477,2026-02-04 18:58:38.050,2026-02-04 18:58:33.954,-4095.551,60.010684967041016,0
2026-02-04 18:58:30.000,2026-02-04 18:58:40.000,2423,2026-02-04 18:58:37.960,2026-02-04 18:58:33.958,-4001.551,50.03252029418945,0
2026-02-04 18:58:30.000,2026-02-04 18:58:40.000,2108,2026-02-04 18:58:38.050,2026-02-04 18:58:33.961,-4088.551,60.01247787475586,0
2026-02-04 18:58:30.000,2026-02-04 18:58:40.000,477,2026-02-04 18:58:38.066,2026-02-04 18:58:33.971,-4095.188,60.010353088378906,0
2026-02-04 18:58:30.000,2026-02-04 18:58:40.000,2423,2026-02-04 18:58:37.980,2026-02-04 18:58:33.977,-4002.516,50.03104782104492,0
2026-02-04 18:58:30.000,2026-02-04 18:58:40.000,2108,2026-02-04 18:58:38.066,2026-02-04 18:58:33.979,-4087.166,60.00627899169922,0
2026-02-04 18:58:30.000,2026-02-04 18:58:40.000,477,2026-02-04 18:58:38.083,2026-02-04 18:58:33.989,-4093.804,60.00954818725586,0
2026-02-04 18:58:30.000,2026-02-04 18:58:40.000,2108,2026-02-04 18:58:38.083,2026-02-04 18:58:34.005,-4078.050,60.00316619873047,0
2026-02-04 18:58:30.000,2026-02-04 18:58:40.000,2423,2026-02-04 18:58:38.000,2026-02-04 18:58:34.017,-3982.185,50.02817153930664,0
2026-02-04 18:58:30.000,2026-02-04 18:58:40.000,477,2026-02-04 18:58:38.099,2026-02-04 18:58:34.017,-4082.177,60.008731842041016,0
2026-02-04 18:58:30.000,2026-02-04 18:58:40.000,2108,2026-02-04 18:58:38.099,2026-02-04 18:58:34.020,-4079.178,60.00470733642578,0
2026-02-04 18:58:30.000,2026-02-04 18:58:40.000,2423,2026-02-04 18:58:38.019,2026-02-04 18:58:34.021,-3998.178,50.02866744995117,0
2026-02-04 18:58:30.000,2026-02-04 18:58:40.000,477,2026-02-04 18:58:38.116,2026-02-04 18:58:34.022,-4093.854,60.00875473022461,0
2026-02-04 18:58:30.000,2026-02-04 18:58:40.000,2108,2026-02-04 18:58:38.116,2026-02-04 18:58:34.028,-4087.771,60.009178161621094,0
2026-02-04 18:58:30.000,2026-02-04 18:58:40.000,477,2026-02-04 18:58:38.133,2026-02-04 18:58:34.038,-4094.915,60.00912094116211,0
2026-02-04 18:58:30.000,2026-02-04 18:58:40.000,2423,2026-02-04 18:58:38.040,2026-02-04 18:58:34.038,-4001.579,50.030757904052734,0
2026-02-04 18:58:30.000,2026-02-04 18:58:40.000,2108,2026-02-04 18:58:38.133,2026-02-04 18:58:34.050,-4082.400,60.0106315612793,0
2026-02-04 18:58:30.000,2026-02-04 18:58:40.000,477,2026-02-04 18:58:38.150,2026-02-04 18:58:34.062,-4087.044,60.008636474609375,0
2026-02-04 18:58:30.000,2026-02-04 18:58:40.000,2423,2026-02-04 18:58:38.060,2026-02-04 18:58:34.063,-3996.045,50.03165054321289,0
2026-02-04 18:58:30.000,2026-02-04 18:58:40.000,2108,2026-02-04 18:58:38.150,2026-02-04 18:58:34.063,-4086.037,60.00853729248047,0
2026-02-04 18:58:30.000,2026-02-04 18:58:40.000,2108,2026-02-04 18:58:38.166,2026-02-04 18:58:34.180,-3986.523,60.009090423583984,0
2026-02-04 18:58:30.000,2026-02-04 18:58:40.000,2108,2026-02-04 18:58:38.183,2026-02-04 18:58:34.182,-4000.680,60.01112365722656,0
2026-02-04 18:58:30.000,2026-02-04 18:58:40.000,477,2026-02-04 18:58:38.166,2026-02-04 18:58:34.182,-3984.016,60.008338928222656,0
2026-02-04 18:58:30.000,2026-02-04 18:58:40.000,2108,2026-02-04 18:58:38.200,2026-02-04 18:58:34.183,-4016.337,60.0090217590332,0
2026-02-04 18:58:30.000,2026-02-04 18:58:40.000,2423,2026-02-04 18:58:38.080,2026-02-04 18:58:34.183,-3896.337,50.03154754638672,0
2026-02-04 18:58:30.000,2026-02-04 18:58:40.000,477,2026-02-04 18:58:38.183,2026-02-04 18:58:34.183,-3999.673,60.00843811035156,0
2026-02-04 18:58:30.000,2026-02-04 18:58:40.000,477,2026-02-04 18:58:38.200,2026-02-04 18:58:34.183,-4016.337,60.0084228515625,0
2026-02-04 18:58:30.000,2026-02-04 18:58:40.000,2108,2026-02-04 18:58:38.216,2026-02-04 18:58:34.184,-4032.001,60.00507736206055,0
2026-02-04 18:58:30.000,2026-02-04 18:58:40.000,2108,2026-02-04 18:58:38.233,2026-02-04 18:58:34.184,-4048.665,60.006900787353516,0
2026-02-04 18:58:30.000,2026-02-04 18:58:40.000,477,2026-02-04 18:58:38.216,2026-02-04 18:58:34.184,-4032.001,60.008602142333984,0
2026-02-04 18:58:30.000,2026-02-04 18:58:40.000,2108,2026-02-04 18:58:38.250,2026-02-04 18:58:34.185,-4064.334,60.01173782348633,0
2026-02-04 18:58:30.000,2026-02-04 18:58:40.000,477,2026-02-04 18:58:38.233,2026-02-04 18:58:34.185,-4047.662,60.00863265991211,0
2026-02-04 18:58:30.000,2026-02-04 18:58:40.000,477,2026-02-04 18:58:38.250,2026-02-04 18:58:34.186,-4063.333,60.00902557373047,0
2026-02-04 18:58:30.000,2026-02-04 18:58:40.000,2108,2026-02-04 18:58:38.266,2026-02-04 18:58:34.197,-4069.488,60.01200485229492,0
2026-02-04 18:58:30.000,2026-02-04 18:58:40.000,2423,2026-02-04 18:58:38.099,2026-02-04 18:58:34.198,-3901.816,50.03017807006836,0
2026-02-04 18:58:30.000,2026-02-04 18:58:40.000,2423,2026-02-04 18:58:38.120,2026-02-04 18:58:34.198,-3921.824,50.0301399230957,0
2026-02-04 18:58:30.000,2026-02-04 18:58:40.000,2423,2026-02-04 18:58:38.140,2026-02-04 18:58:34.198,-3941.832,50.032188415527344,0
2026-02-04 18:58:30.000,2026-02-04 18:58:40.000,2423,2026-02-04 18:58:38.160,2026-02-04 18:58:34.199,-3960.824,50.0324592590332,0
2026-02-04 18:58:30.000,2026-02-04 18:58:40.000,2423,2026-02-04 18:58:38.179,2026-02-04 18:58:34.199,-3980.816,50.03125,0
2026-02-04 18:58:30.000,2026-02-04 18:58:40.000,477,2026-02-04 18:58:38.266,2026-02-04 18:58:34.200,-4066.489,60.00888442993164,0
2026-02-04 18:58:30.000,2026-02-04 18:58:40.000,2108,2026-02-04 18:58:38.283,2026-02-04 18:58:34.201,-4082.150,60.00971984863281,0
2026-02-04 18:58:30.000,2026-02-04 18:58:40.000,477,2026-02-04 18:58:38.283,2026-02-04 18:58:34.201,-4082.150,60.00819778442383,0
2026-02-04 18:58:30.000,2026-02-04 18:58:40.000,2423,2026-02-04 18:58:38.200,2026-02-04 18:58:34.201,-3998.822,50.03138732910156,0
2026-02-04 18:58:30.000,2026-02-04 18:58:40.000,477,2026-02-04 18:58:38.300,2026-02-04 18:58:34.211,-4088.791,60.00811767578125,0
2026-02-04 18:58:30.000,2026-02-04 18:58:40.000,2423,2026-02-04 18:58:38.220,2026-02-04 18:58:34.219,-4000.277,50.03201675415039,0
2026-02-04 18:58:30.000,2026-02-04 18:58:40.000,477,2026-02-04 18:58:38.316,2026-02-04 18:58:34.223,-4093.430,60.00826644897461,0
2026-02-04 18:58:30.000,2026-02-04 18:58:40.000,2423,2026-02-04 18:58:38.240,2026-02-04 18:58:34.240,-3999.233,50.03116226196289,0
2026-02-04 18:58:30.000,2026-02-04 18:58:40.000,477,2026-02-04 18:58:38.333,2026-02-04 18:58:34.240,-4092.569,60.008399963378906,0
2026-02-04 18:58:30.000,2026-02-04 18:58:40.000,2108,2026-02-04 18:58:38.300,2026-02-04 18:58:34.256,-4043.209,60.006370544433594,0
2026-02-04 18:58:30.000,2026-02-04 18:58:40.000,2108,2026-02-04 18:58:38.316,2026-02-04 18:58:34.256,-4059.873,60.00601577758789,0
2026-02-04 18:58:30.000,2026-02-04 18:58:40.000,2108,2026-02-04 18:58:38.333,2026-02-04 18:58:34.257,-4075.538,60.00895690917969,0
2026-02-04 18:58:30.000,2026-02-04 18:58:40.000,477,2026-02-04 18:58:38.350,2026-02-04 18:58:34.258,-4091.201,60.008827209472656,0
2026-02-04 18:58:30.000,2026-02-04 18:58:40.000,2423,2026-02-04 18:58:38.259,2026-02-04 18:58:34.258,-4001.193,50.02957534790039,0
2026-02-04 18:58:30.000,2026-02-04 18:58:40.000,2108,2026-02-04 18:58:38.350,2026-02-04 18:58:34.261,-4088.201,60.0089225769043,0
2026-02-04 18:58:30.000,2026-02-04 18:58:40.000,477,2026-02-04 18:58:38.366,2026-02-04 18:58:34.271,-4095.355,60.009361267089844,0
2026-02-04 18:58:30.000,2026-02-04 18:58:40.000,2423,2026-02-04 18:58:38.280,2026-02-04 18:58:34.277,-4002.163,50.03017807006836,0
2026-02-04 18:58:30.000,2026-02-04 18:58:40.000,2108,2026-02-04 18:58:38.366,2026-02-04 18:58:34.278,-4087.837,60.007755279541016,0
2026-02-04 18:58:30.000,2026-02-04 18:58:40.000,477,2026-02-04 18:58:38.383,2026-02-04 18:58:34.288,-4095.158,60.0089225769043,0
2026-02-04 18:58:30.000,2026-02-04 18:58:40.000,2108,2026-02-04 18:58:38.383,2026-02-04 18:58:34.295,-4087.640,60.00711441040039,0
2026-02-04 18:58:30.000,2026-02-04 18:58:40.000,2423,2026-02-04 18:58:38.300,2026-02-04 18:58:34.298,-4001.314,50.03156280517578,0
2026-02-04 18:58:30.000,2026-02-04 18:58:40.000,477,2026-02-04 18:58:38.400,2026-02-04 18:58:34.307,-4092.783,60.00766372680664,0
2026-02-04 18:58:30.000,2026-02-04 18:58:40.000,2108,2026-02-04 18:58:38.400,2026-02-04 18:58:34.312,-4087.266,60.00760269165039,0
2026-02-04 18:58:30.000,2026-02-04 18:58:40.000,2423,2026-02-04 18:58:38.320,2026-02-04 18:58:34.317,-4002.251,50.030128479003906,0
2026-02-04 18:58:30.000,2026-02-04 18:58:40.000,477,2026-02-04 18:58:38.416,2026-02-04 18:58:34.329,-4087.627,60.00739669799805,0
2026-02-04 18:58:30.000,2026-02-04 18:58:40.000,2108,2026-02-04 18:58:38.416,2026-02-04 18:58:34.331,-4085.630,60.01073455810547,0
2026-02-04 18:58:30.000,2026-02-04 18:58:40.000,2423,2026-02-04 18:58:38.339,2026-02-04 18:58:34.346,-3993.232,50.02899932861328,0
2026-02-04 18:58:30.000,2026-02-04 18:58:40.000,477,2026-02-04 18:58:38.433,2026-02-04 18:58:34.346,-4086.568,60.00853729248047,0
2026-02-04 18:58:30.000,2026-02-04 18:58:40.000,2108,2026-02-04 18:58:38.433,2026-02-04 18:58:34.347,-4085.571,60.01091384887695,0
2026-02-04 18:58:30.000,2026-02-04 18:58:40.000,477,2026-02-04 18:58:38.450,2026-02-04 18:58:34.354,-4095.083,60.00869369506836,0
2026-02-04 18:58:30.000,2026-02-04 18:58:40.000,2423,2026-02-04 18:58:38.360,2026-02-04 18:58:34.358,-4001.573,50.03096389770508,0
2026-02-04 18:58:30.000,2026-02-04 18:58:40.000,2108,2026-02-04 18:58:38.450,2026-02-04 18:58:34.363,-4086.060,60.004173278808594,0
2026-02-04 18:58:30.000,2026-02-04 18:58:40.000,477,2026-02-04 18:58:38.466,2026-02-04 18:58:34.370,-4095.718,60.00841522216797,0
2026-02-04 18:58:30.000,2026-02-04 18:58:40.000,2423,2026-02-04 18:58:38.380,2026-02-04 18:58:34.378,-4001.940,50.03186798095703,0
2026-02-04 18:58:30.000,2026-02-04 18:58:40.000,2108,2026-02-04 18:58:38.466,2026-02-04 18:58:34.379,-4087.596,60.002723693847656,0
2026-02-04 18:58:30.000,2026-02-04 18:58:40.000,477,2026-02-04 18:58:38.483,2026-02-04 18:58:34.387,-4095.749,60.00852584838867,0
2026-02-04 18:58:30.000,2026-02-04 18:58:40.000,2108,2026-02-04 18:58:38.483,2026-02-04 18:58:34.395,-4087.347,60.0093879699707,0
2026-02-04 18:58:30.000,2026-02-04 18:58:40.000,2423,2026-02-04 18:58:38.400,2026-02-04 18:58:34.397,-4002.020,50.03025436401367,0
2026-02-04 18:58:30.000,2026-02-04 18:58:40.000,2108,2026-02-04 18:58:38.499,2026-02-04 18:58:34.411,-4088.157,60.012264251708984,0
2026-02-04 18:58:30.000,2026-02-04 18:58:40.000,2423,2026-02-04 18:58:38.419,2026-02-04 18:58:34.418,-4001.648,50.02897644042969,0
2026-02-04 18:58:30.000,2026-02-04 18:58:40.000,477,2026-02-04 18:58:38.499,2026-02-04 18:58:34.423,-4076.134,60.007896423339844,0
2026-02-04 18:58:30.000,2026-02-04 18:58:40.000,477,2026-02-04 18:58:38.516,2026-02-04 18:58:34.423,-4092.814,60.00794982910156,0
2026-02-04 18:58:30.000,2026-02-04 18:58:40.000,2108,2026-02-04 18:58:38.516,2026-02-04 18:58:34.428,-4087.808,60.00910568237305,0
2026-02-04 18:58:30.000,2026-02-04 18:58:40.000,2423,2026-02-04 18:58:38.440,2026-02-04 18:58:34.454,-3985.905,50.02891159057617,0
2026-02-04 18:58:30.000,2026-02-04 18:58:40.000,477,2026-02-04 18:58:38.533,2026-02-04 18:58:34.454,-4079.241,60.00895690917969,0
2026-02-04 18:58:30.000,2026-02-04 18:58:40.000,2108,2026-02-04 18:58:38.533,2026-02-04 18:58:34.455,-4078.243,60.00516128540039,0
2026-02-04 18:58:30.000,2026-02-04 18:58:40.000,477,2026-02-04 18:58:38.550,2026-02-04 18:58:34.455,-4094.907,60.008480072021484,0
2026-02-04 18:58:30.000,2026-02-04 18:58:40.000,2423,2026-02-04 18:58:38.460,2026-02-04 18:58:34.468,-3991.887,50.03007125854492,0
2026-02-04 18:58:30.000,2026-02-04 18:58:40.000,477,2026-02-04 18:58:38.566,2026-02-04 18:58:34.478,-4088.531,60.00736618041992,0
2026-02-04 18:58:30.000,2026-02-04 18:58:40.000,2423,2026-02-04 18:58:38.480,2026-02-04 18:58:34.479,-4000.851,50.03056716918945,0
2026-02-04 18:58:30.000,2026-02-04 18:58:40.000,2108,2026-02-04 18:58:38.550,2026-02-04 18:58:34.483,-4066.338,60.005271911621094,0
2026-02-04 18:58:30.000,2026-02-04 18:58:40.000,2108,2026-02-04 18:58:38.566,2026-02-04 18:58:34.483,-4083.010,60.00886917114258,0
2026-02-04 18:58:30.000,2026-02-04 18:58:40.000,477,2026-02-04 18:58:38.583,2026-02-04 18:58:34.487,-4095.668,60.007843017578125,0
2026-02-04 18:58:30.000,2026-02-04 18:58:40.000,2108,2026-02-04 18:58:38.583,2026-02-04 18:58:34.497,-4086.149,60.011905670166016,0
2026-02-04 18:58:30.000,2026-02-04 18:58:40.000,2423,2026-02-04 18:58:38.499,2026-02-04 18:58:34.500,-3999.804,50.029850006103516,0
2026-02-04 18:58:30.000,2026-02-04 18:58:40.000,2108,2026-02-04 18:58:38.600,2026-02-04 18:58:34.526,-4073.187,60.00862121582031,0
2026-02-04 18:58:30.000,2026-02-04 18:58:40.000,2423,2026-02-04 18:58:38.520,2026-02-04 18:58:34.526,-3993.187,50.03097152709961,0
2026-02-04 18:58:30.000,2026-02-04 18:58:40.000,477,2026-02-04 18:58:38.600,2026-02-04 18:58:34.527,-4072.188,60.00808334350586,0
2026-02-04 18:58:30.000,2026-02-04 18:58:40.000,477,2026-02-04 18:58:38.616,2026-02-04 18:58:34.527,-4088.852,60.007774353027344,0
2026-02-04 18:58:30.000,2026-02-04 18:58:40.000,2108,2026-02-04 18:58:38.616,2026-02-04 18:58:34.530,-4085.852,60.00392150878906,0
2026-02-04 18:58:30.000,2026-02-04 18:58:40.000,477,2026-02-04 18:58:38.633,2026-02-04 18:58:34.544,-4088.768,60.008235931396484,0
2026-02-04 18:58:30.000,2026-02-04 18:58:40.000,2423,2026-02-04 18:58:38.540,2026-02-04 18:58:34.544,-3995.448,50.0329475402832,0
2026-02-04 18:58:30.000,2026-02-04 18:58:40.000,477,2026-02-04 18:58:38.650,2026-02-04 18:58:34.569,-4080.343,60.00789260864258,0
2026-02-04 18:58:30.000,2026-02-04 18:58:40.000,2423,2026-02-04 18:58:38.560,2026-02-04 18:58:34.570,-3989.343,50.0322265625,0
2026-02-04 18:58:30.000,2026-02-04 18:58:40.000,477,2026-02-04 18:58:38.666,2026-02-04 18:58:34.571,-4095.500,60.00743103027344,0
2026-02-04 18:58:30.000,2026-02-04 18:58:40.000,2108,2026-02-04 18:58:38.633,2026-02-04 18:58:34.572,-4060.658,60.00815963745117,0
2026-02-04 18:58:30.000,2026-02-04 18:58:40.000,2108,2026-02-04 18:58:38.650,2026-02-04 18:58:34.573,-4076.323,60.01233673095703,0
2026-02-04 18:58:30.000,2026-02-04 18:58:40.000,2423,2026-02-04 18:58:38.579,2026-02-04 18:58:34.577,-4002.316,50.030391693115234,0
2026-02-04 18:58:30.000,2026-02-04 18:58:40.000,2108,2026-02-04 18:58:38.666,2026-02-04 18:58:34.578,-4087.988,60.00879669189453,0
2026-02-04 18:58:30.000,2026-02-04 18:58:40.000,477,2026-02-04 18:58:38.683,2026-02-04 18:58:34.588,-4095.138,60.007564544677734,0
2026-02-04 18:58:30.000,2026-02-04 18:58:40.000,2108,2026-02-04 18:58:38.683,2026-02-04 18:58:34.598,-4084.620,60.00482177734375,0
2026-02-04 18:58:30.000,2026-02-04 18:58:40.000,2423,2026-02-04 18:58:38.600,2026-02-04 18:58:34.598,-4001.292,50.03030014038086,0
2026-02-04 18:58:30.000,2026-02-04 18:58:40.000,477,2026-02-04 18:58:38.700,2026-02-04 18:58:34.604,-4095.282,60.00678253173828,0
2026-02-04 18:58:30.000,2026-02-04 18:58:40.000,2108,2026-02-04 18:58:38.700,2026-02-04 18:58:34.612,-4087.264,60.00595474243164,0
2026-02-04 18:58:30.000,2026-02-04 18:58:40.000,2423,2026-02-04 18:58:38.620,2026-02-04 18:58:34.639,-3980.719,50.030338287353516,0
2026-02-04 18:58:30.000,2026-02-04 18:58:40.000,477,2026-02-04 18:58:38.716,2026-02-04 18:58:34.639,-4077.383,60.00667190551758,0
2026-02-04 18:58:30.000,2026-02-04 18:58:40.000,2108,2026-02-04 18:58:38.716,2026-02-04 18:58:34.639,-4077.383,60.009586334228516,0
2026-02-04 18:58:30.000,2026-02-04 18:58:40.000,477,2026-02-04 18:58:38.733,2026-02-04 18:58:34.640,-4092.540,60.007904052734375,0
2026-02-04 18:58:30.000,2026-02-04 18:58:40.000,2423,2026-02-04 18:58:38.640,2026-02-04 18:58:34.640,-3999.204,50.029483795166016,0
2026-02-04 18:58:30.000,2026-02-04 18:58:40.000,2108,2026-02-04 18:58:38.733,2026-02-04 18:58:34.646,-4087.015,60.011085510253906,0
2026-02-04 18:58:30.000,2026-02-04 18:58:40.000,477,2026-02-04 18:58:38.750,2026-02-04 18:58:34.654,-4095.662,60.00847244262695,0
2026-02-04 18:58:30.000,2026-02-04 18:58:40.000,2423,2026-02-04 18:58:38.659,2026-02-04 18:58:34.658,-4001.652,50.029056549072266,0
2026-02-04 18:58:30.000,2026-02-04 18:58:40.000,2108,2026-02-04 18:58:38.750,2026-02-04 18:58:34.662,-4087.155,60.00809097290039,0
2026-02-04 18:58:30.000,2026-02-04 18:58:40.000,477,2026-02-04 18:58:38.766,2026-02-04 18:58:34.673,-4092.793,60.00803756713867,0
2026-02-04 18:58:30.000,2026-02-04 18:58:40.000,2423,2026-02-04 18:58:38.680,2026-02-04 18:58:34.677,-4002.121,50.0301399230957,0
2026-02-04 18:58:30.000,2026-02-04 18:58:40.000,2108,2026-02-04 18:58:38.766,2026-02-04 18:58:34.679,-4087.302,60.003692626953125,0
2026-02-04 18:58:30.000,2026-02-04 18:58:40.000,477,2026-02-04 18:58:38.783,2026-02-04 18:58:34.687,-4095.733,60.0071907043457,0
2026-02-04 18:58:30.000,2026-02-04 18:58:40.000,2108,2026-02-04 18:58:38.783,2026-02-04 18:58:34.696,-4087.216,60.00511169433594,0
2026-02-04 18:58:30.000,2026-02-04 18:58:40.000,2423,2026-02-04 18:58:38.700,2026-02-04 18:58:34.698,-4001.847,50.03110122680664,0
2026-02-04 18:58:30.000,2026-02-04 18:58:40.000,477,2026-02-04 18:58:38.800,2026-02-04 18:58:34.704,-4095.330,60.006736755371094,0
2026-02-04 18:58:30.000,2026-02-04 18:58:40.000,2108,2026-02-04 18:58:38.800,2026-02-04 18:58:34.712,-4087.311,60.00945281982422,0
2026-02-04 18:58:30.000,2026-02-04 18:58:40.000,2423,2026-02-04 18:58:38.720,2026-02-04 18:58:34.723,-3996.533,50.03060531616211,0
2026-02-04 18:58:30.000,2026-02-04 18:58:40.000,477,2026-02-04 18:58:38.816,2026-02-04 18:58:34.724,-4092.195,60.007442474365234,0
2026-02-04 18:58:30.000,2026-02-04 18:58:40.000,2108,2026-02-04 18:58:38.816,2026-02-04 18:58:34.728,-4088.195,60.011356353759766,0
2026-02-04 18:58:30.000,2026-02-04 18:58:40.000,477,2026-02-04 18:58:38.833,2026-02-04 18:58:34.737,-4095.348,60.00840759277344,0
2026-02-04 18:58:30.000,2026-02-04 18:58:40.000,2423,2026-02-04 18:58:38.739,2026-02-04 18:58:34.737,-4002.012,50.030704498291016,0
2026-02-04 18:58:30.000,2026-02-04 18:58:40.000,2108,2026-02-04 18:58:38.833,2026-02-04 18:58:34.752,-4081.281,60.00908279418945,0
2026-02-04 18:58:30.000,2026-02-04 18:58:40.000,477,2026-02-04 18:58:38.850,2026-02-04 18:58:34.754,-4095.593,60.00857925415039,0
2026-02-04 18:58:30.000,2026-02-04 18:58:40.000,2423,2026-02-04 18:58:38.760,2026-02-04 18:58:34.758,-4001.594,50.031253814697266,0
2026-02-04 18:58:30.000,2026-02-04 18:58:40.000,2108,2026-02-04 18:58:38.850,2026-02-04 18:58:34.771,-4078.081,60.0081787109375,0
2026-02-04 18:58:30.000,2026-02-04 18:58:40.000,477,2026-02-04 18:58:38.866,2026-02-04 18:58:34.771,-4094.745,60.00831604003906,0
2026-02-04 18:58:30.000,2026-02-04 18:58:40.000,2423,2026-02-04 18:58:38.780,2026-02-04 18:58:34.778,-4001.648,50.03147506713867,0
2026-02-04 18:58:30.000,2026-02-04 18:58:40.000,2108,2026-02-04 18:58:38.866,2026-02-04 18:58:34.784,-4081.794,60.01372146606445,0
2026-02-04 18:58:30.000,2026-02-04 18:58:40.000,477,2026-02-04 18:58:38.883,2026-02-04 18:58:34.787,-4095.459,60.007843017578125,0
2026-02-04 18:58:30.000,2026-02-04 18:58:40.000,2108,2026-02-04 18:58:38.883,2026-02-04 18:58:34.795,-4087.400,60.01141357421875,0
2026-02-04 18:58:30.000,2026-02-04 18:58:40.000,2423,2026-02-04 18:58:38.800,2026-02-04 18:58:34.797,-4002.072,50.03146743774414,0
2026-02-04 18:58:30.000,2026-02-04 18:58:40.000,477,2026-02-04 18:58:38.899,2026-02-04 18:58:34.804,-4095.551,60.0068244934082,0
2026-02-04 18:58:30.000,2026-02-04 18:58:40.000,2108,2026-02-04 18:58:38.899,2026-02-04 18:58:34.812,-4087.355,60.000823974609375,0
2026-02-04 18:58:30.000,2026-02-04 18:58:40.000,2423,2026-02-04 18:58:38.819,2026-02-04 18:58:34.818,-4001.274,50.02930450439453,0
2026-02-04 18:58:30.000,2026-02-04 18:58:40.000,477,2026-02-04 18:58:38.916,2026-02-04 18:58:34.821,-4094.956,60.0066032409668,0
2026-02-04 18:58:30.000,2026-02-04 18:58:40.000,2108,2026-02-04 18:58:38.916,2026-02-04 18:58:34.829,-4087.444,59.99991226196289,0
2026-02-04 18:58:30.000,2026-02-04 18:58:40.000,2423,2026-02-04 18:58:38.840,2026-02-04 18:58:34.837,-4002.261,50.028255462646484,0
2026-02-04 18:58:30.000,2026-02-04 18:58:40.000,477,2026-02-04 18:58:38.933,2026-02-04 18:58:34.837,-4095.597,60.0074348449707,0
2026-02-04 18:58:30.000,2026-02-04 18:58:40.000,2108,2026-02-04 18:58:38.933,2026-02-04 18:58:34.845,-4088.086,60.00749969482422,0
2026-02-04 18:58:30.000,2026-02-04 18:58:40.000,477,2026-02-04 18:58:38.950,2026-02-04 18:58:34.854,-4095.234,60.0079460144043,0
2026-02-04 18:58:30.000,2026-02-04 18:58:40.000,2423,2026-02-04 18:58:38.860,2026-02-04 18:58:34.857,-4002.243,50.03108596801758,0
2026-02-04 18:58:30.000,2026-02-04 18:58:40.000,2108,2026-02-04 18:58:38.950,2026-02-04 18:58:34.862,-4087.233,60.01047897338867,0
2026-02-04 18:58:30.000,2026-02-04 18:58:40.000,477,2026-02-04 18:58:38.966,2026-02-04 18:58:34.871,-4095.394,60.008174896240234,0
2026-02-04 18:58:30.000,2026-02-04 18:58:40.000,2423,2026-02-04 18:58:38.880,2026-02-04 18:58:34.877,-4002.212,50.0321159362793,0
2026-02-04 18:58:30.000,2026-02-04 18:58:40.000,2108,2026-02-04 18:58:38.966,2026-02-04 18:58:34.878,-4087.877,60.00990295410156,0
2026-02-04 18:58:30.000,2026-02-04 18:58:40.000,477,2026-02-04 18:58:38.983,2026-02-04 18:58:34.887,-4095.489,60.0078125,0
2026-02-04 18:58:30.000,2026-02-04 18:58:40.000,2108,2026-02-04 18:58:38.983,2026-02-04 18:58:34.895,-4087.426,60.007476806640625,0
2026-02-04 18:58:30.000,2026-02-04 18:58:40.000,2423,2026-02-04 18:58:38.899,2026-02-04 18:58:34.897,-4002.083,50.031158447265625,0
2026-02-04 18:58:30.000,2026-02-04 18:58:40.000,477,2026-02-04 18:58:39.000,2026-02-04 18:58:34.904,-4095.051,60.007286071777344,0
2026-02-04 18:58:30.000,2026-02-04 18:58:40.000,2108,2026-02-04 18:58:39.000,2026-02-04 18:58:34.911,-4088.536,60.0035400390625,0
2026-02-04 18:58:30.000,2026-02-04 18:58:40.000,2423,2026-02-04 18:58:38.920,2026-02-04 18:58:34.917,-4002.026,50.032047271728516,0
2026-02-04 18:58:30.000,2026-02-04 18:58:40.000,477,2026-02-04 18:58:39.016,2026-02-04 18:58:34.921,-4094.691,60.007503509521484,0
2026-02-04 18:58:30.000,2026-02-04 18:58:40.000,2108,2026-02-04 18:58:39.016,2026-02-04 18:58:34.929,-4087.581,60.00663375854492,0
2026-02-04 18:58:30.000,2026-02-04 18:58:40.000,477,2026-02-04 18:58:39.033,2026-02-04 18:58:34.937,-4095.729,60.0078239440918,0
2026-02-04 18:58:30.000,2026-02-04 18:58:40.000,2423,2026-02-04 18:58:38.940,2026-02-04 18:58:34.938,-4001.413,50.03250503540039,0
2026-02-04 18:58:30.000,2026-02-04 18:58:40.000,2108,2026-02-04 18:58:39.033,2026-02-04 18:58:34.945,-4087.661,60.01105880737305,0
2026-02-04 18:58:30.000,2026-02-04 18:58:40.000,477,2026-02-04 18:58:39.050,2026-02-04 18:58:34.954,-4095.229,60.0073127746582,0
2026-02-04 18:58:30.000,2026-02-04 18:58:40.000,2423,2026-02-04 18:58:38.960,2026-02-04 18:58:34.957,-4002.231,50.030609130859375,0
2026-02-04 18:58:30.000,2026-02-04 18:58:40.000,2108,2026-02-04 18:58:39.050,2026-02-04 18:58:34.961,-4088.232,60.00872802734375,0
2026-02-04 18:58:30.000,2026-02-04 18:58:40.000,477,2026-02-04 18:58:39.066,2026-02-04 18:58:34.971,-4095.385,60.00694274902344,0
2026-02-04 18:58:30.000,2026-02-04 18:58:40.000,2423,2026-02-04 18:58:38.979,2026-02-04 18:58:34.977,-4002.203,50.029144287109375,0
2026-02-04 18:58:30.000,2026-02-04 18:58:40.000,2108,2026-02-04 18:58:39.066,2026-02-04 18:58:34.978,-4087.871,60.004337310791016,0
2026-02-04 18:58:30.000,2026-02-04 18:58:40.000,477,2026-02-04 18:58:39.083,2026-02-04 18:58:34.988,-4095.027,60.00728988647461,0
2026-02-04 18:58:30.000,2026-02-04 18:58:40.000,2108,2026-02-04 18:58:39.083,2026-02-04 18:58:34.995,-4087.512,60.00052261352539,0
2026-02-04 18:58:30.000,2026-02-04 18:58:40.000,2423,2026-02-04 18:58:39.000,2026-02-04 18:58:34.997,-4002.183,50.030616760253906,0
2026-02-04 18:58:30.000,2026-02-04 18:58:40.000,477,2026-02-04 18:58:39.100,2026-02-04 18:58:35.004,-4095.683,60.00725173950195,0
2026-02-04 18:58:30.000,2026-02-04 18:58:40.000,2108,2026-02-04 18:58:39.100,2026-02-04 18:58:35.011,-4088.173,60.00302505493164,0
2026-02-04 18:58:30.000,2026-02-04 18:58:40.000,2423,2026-02-04 18:58:39.020,2026-02-04 18:58:35.017,-4002.084,50.031795501708984,0
2026-02-04 18:58:30.000,2026-02-04 18:58:40.000,477,2026-02-04 18:58:39.116,2026-02-04 18:58:35.020,-4095.748,60.00691223144531,0
2026-02-04 18:58:30.000,2026-02-04 18:58:40.000,2108,2026-02-04 18:58:39.116,2026-02-04 18:58:35.028,-4088.237,60.01075744628906,0
2026-02-04 18:58:30.000,2026-02-04 18:58:40.000,2423,2026-02-04 18:58:39.040,2026-02-04 18:58:35.037,-4002.055,50.0317268371582,0
2026-02-04 18:58:30.000,2026-02-04 18:58:40.000,477,2026-02-04 18:58:39.133,2026-02-04 18:58:35.037,-4095.391,60.00681686401367,0
2026-02-04 18:58:30.000,2026-02-04 18:58:40.000,2108,2026-02-04 18:58:39.133,2026-02-04 18:58:35.045,-4087.353,60.01100540161133,0
2026-02-04 18:58:30.000,2026-02-04 18:58:40.000,477,2026-02-04 18:58:39.150,2026-02-04 18:58:35.054,-4095.515,60.00716018676758,0
2026-02-04 18:58:30.000,2026-02-04 18:58:40.000,2423,2026-02-04 18:58:39.059,2026-02-04 18:58:35.058,-4001.507,50.03296661376953,0
2026-02-04 18:58:30.000,2026-02-04 18:58:40.000,2108,2026-02-04 18:58:39.150,2026-02-04 18:58:35.061,-4088.516,60.00629425048828,0
2026-02-04 18:58:30.000,2026-02-04 18:58:40.000,2423,2026-02-04 18:58:39.080,2026-02-04 18:58:35.078,-4001.907,50.03335952758789,0
2026-02-04 18:58:30.000,2026-02-04 18:58:40.000,2108,2026-02-04 18:58:39.166,2026-02-04 18:58:35.079,-4087.576,60.007755279541016,0
2026-02-04 18:58:30.000,2026-02-04 18:58:40.000,477,2026-02-04 18:58:39.166,2026-02-04 18:58:35.092,-4073.905,60.00767517089844,0
2026-02-04 18:58:30.000,2026-02-04 18:58:40.000,477,2026-02-04 18:58:39.183,2026-02-04 18:58:35.092,-4090.569,60.00795364379883,0
2026-02-04 18:58:30.000,2026-02-04 18:58:40.000,2108,2026-02-04 18:58:39.183,2026-02-04 18:58:35.096,-4087.120,60.00988006591797,0
2026-02-04 18:58:30.000,2026-02-04 18:58:40.000,2423,2026-02-04 18:58:39.100,2026-02-04 18:58:35.098,-4001.787,50.03251647949219,0
2026-02-04 18:58:30.000,2026-02-04 18:58:40.000,477,2026-02-04 18:58:39.200,2026-02-04 18:58:35.104,-4095.166,60.007713317871094,0
2026-02-04 18:58:30.000,2026-02-04 18:58:40.000,2108,2026-02-04 18:58:39.200,2026-02-04 18:58:35.112,-4087.153,60.006046295166016,0
2026-02-04 18:58:30.000,2026-02-04 18:58:40.000,2423,2026-02-04 18:58:39.120,2026-02-04 18:58:35.117,-4002.142,50.0319938659668,0
2026-02-04 18:58:30.000,2026-02-04 18:58:40.000,477,2026-02-04 18:58:39.216,2026-02-04 18:58:35.120,-4095.806,60.007225036621094,0
2026-02-04 18:58:30.000,2026-02-04 18:58:40.000,477,2026-02-04 18:58:39.233,2026-02-04 18:58:35.137,-4095.623,60.007179260253906,0
2026-02-04 18:58:30.000,2026-02-04 18:58:40.000,2423,2026-02-04 18:58:39.139,2026-02-04 18:58:35.138,-4001.286,50.030147552490234,0
2026-02-04 18:58:30.000,2026-02-04 18:58:40.000,2108,2026-02-04 18:58:39.216,2026-02-04 18:58:35.152,-4063.883,60.00422286987305,0
2026-02-04 18:58:30.000,2026-02-04 18:58:40.000,2108,2026-02-04 18:58:39.233,2026-02-04 18:58:35.152,-4080.547,60.00753402709961,0
2026-02-04 18:58:30.000,2026-02-04 18:58:40.000,477,2026-02-04 18:58:39.250,2026-02-04 18:58:35.154,-4095.726,60.00751495361328,0
2026-02-04 18:58:30.000,2026-02-04 18:58:40.000,2423,2026-02-04 18:58:39.160,2026-02-04 18:58:35.158,-4001.727,50.03032302856445,0
2026-02-04 18:58:30.000,2026-02-04 18:58:40.000,2108,2026-02-04 18:58:39.250,2026-02-04 18:58:35.161,-4088.726,60.0119514465332,0
2026-02-04 18:58:30.000,2026-02-04 18:58:40.000,2423,2026-02-04 18:58:39.180,2026-02-04 18:58:35.177,-4002.176,50.03384017944336,0
2026-02-04 18:58:30.000,2026-02-04 18:58:40.000,2108,2026-02-04 18:58:39.266,2026-02-04 18:58:35.178,-4087.830,60.01069259643555,0
2026-02-04 18:58:30.000,2026-02-04 18:58:40.000,477,2026-02-04 18:58:39.266,2026-02-04 18:58:35.192,-4074.029,60.00762939453125,0
2026-02-04 18:58:30.000,2026-02-04 18:58:40.000,477,2026-02-04 18:58:39.283,2026-02-04 18:58:35.193,-4089.589,60.00706100463867,0
2026-02-04 18:58:30.000,2026-02-04 18:58:40.000,2108,2026-02-04 18:58:39.283,2026-02-04 18:58:35.195,-4087.587,60.0042610168457,0
2026-02-04 18:58:30.000,2026-02-04 18:58:40.000,2423,2026-02-04 18:58:39.200,2026-02-04 18:58:35.197,-4002.257,50.03289794921875,0
2026-02-04 18:58:30.000,2026-02-04 18:58:40.000,477,2026-02-04 18:58:39.299,2026-02-04 18:58:35.204,-4095.160,60.006866455078125,0
2026-02-04 18:58:30.000,2026-02-04 18:58:40.000,2423,2026-02-04 18:58:39.219,2026-02-04 18:58:35.217,-4002.141,50.02988815307617,0
2026-02-04 18:58:30.000,2026-02-04 18:58:40.000,477,2026-02-04 18:58:39.316,2026-02-04 18:58:35.220,-4095.821,60.00711441040039,0
2026-02-04 18:58:30.000,2026-02-04 18:58:40.000,2423,2026-02-04 18:58:39.240,2026-02-04 18:58:35.237,-4002.010,50.031673431396484,0
2026-02-04 18:58:30.000,2026-02-04 18:58:40.000,477,2026-02-04 18:58:39.333,2026-02-04 18:58:35.237,-4095.346,60.006980895996094,0
2026-02-04 18:58:30.000,2026-02-04 18:58:40.000,2108,2026-02-04 18:58:39.299,2026-02-04 18:58:35.242,-4057.002,60.0014533996582,0
2026-02-04 18:58:30.000,2026-02-04 18:58:40.000,2108,2026-02-04 18:58:39.316,2026-02-04 18:58:35.242,-4073.682,60.00495147705078,0
2026-02-04 18:58:30.000,2026-02-04 18:58:40.000,2108,2026-02-04 18:58:39.333,2026-02-04 18:58:35.245,-4088.203,60.01002883911133,0
2026-02-04 18:58:30.000,2026-02-04 18:58:40.000,477,2026-02-04 18:58:39.350,2026-02-04 18:58:35.254,-4095.353,60.00727462768555,0
2026-02-04 18:58:30.000,2026-02-04 18:58:40.000,2423,2026-02-04 18:58:39.260,2026-02-04 18:58:35.257,-4002.362,50.03345489501953,0
2026-02-04 18:58:30.000,2026-02-04 18:58:40.000,2108,2026-02-04 18:58:39.350,2026-02-04 18:58:35.261,-4088.354,60.01090621948242,0
2026-02-04 18:58:30.000,2026-02-04 18:58:40.000,477,2026-02-04 18:58:39.366,2026-02-04 18:58:35.271,-4094.949,60.007781982421875,0
2026-02-04 18:58:30.000,2026-02-04 18:58:40.000,2423,2026-02-04 18:58:39.280,2026-02-04 18:58:35.277,-4002.090,50.03110885620117,0
2026-02-04 18:58:30.000,2026-02-04 18:58:40.000,2108,2026-02-04 18:58:39.366,2026-02-04 18:58:35.278,-4087.762,60.00724792480469,0
2026-02-04 18:58:30.000,2026-02-04 18:58:40.000,477,2026-02-04 18:58:39.383,2026-02-04 18:58:35.288,-4095.263,60.007164001464844,0
2026-02-04 18:58:30.000,2026-02-04 18:58:40.000,2108,2026-02-04 18:58:39.383,2026-02-04 18:58:35.295,-4087.752,60.00365447998047,0
2026-02-04 18:58:30.000,2026-02-04 18:58:40.000,2423,2026-02-04 18:58:39.299,2026-02-04 18:58:35.297,-4002.407,50.02989959716797,0
2026-02-04 18:58:30.000,2026-02-04 18:58:40.000,477,2026-02-04 18:58:39.400,2026-02-04 18:58:35.305,-4094.967,60.00614929199219,0
2026-02-04 18:58:30.000,2026-02-04 18:58:40.000,2108,2026-02-04 18:58:39.400,2026-02-04 18:58:35.311,-4088.458,60.00611877441406,0
2026-02-04 18:58:30.000,2026-02-04 18:58:40.000,2423,2026-02-04 18:58:39.320,2026-02-04 18:58:35.318,-4001.944,50.03123474121094,0
2026-02-04 18:58:30.000,2026-02-04 18:58:40.000,477,2026-02-04 18:58:39.416,2026-02-04 18:58:35.321,-4095.609,60.00598907470703,0
2026-02-04 18:58:30.000,2026-02-04 18:58:40.000,2108,2026-02-04 18:58:39.416,2026-02-04 18:58:35.329,-4087.587,60.010169982910156,0
2026-02-04 18:58:30.000,2026-02-04 18:58:40.000,2423,2026-02-04 18:58:39.340,2026-02-04 18:58:35.337,-4002.414,50.03118133544922,0
2026-02-04 18:58:30.000,2026-02-04 18:58:40.000,477,2026-02-04 18:58:39.433,2026-02-04 18:58:35.338,-4094.739,60.00664138793945,0
2026-02-04 18:58:30.000,2026-02-04 18:58:40.000,2108,2026-02-04 18:58:39.433,2026-02-04 18:58:35.345,-4087.719,60.00843048095703,0
2026-02-04 18:58:30.000,2026-02-04 18:58:40.000,477,2026-02-04 18:58:39.450,2026-02-04 18:58:35.354,-4095.214,60.007076263427734,0
2026-02-04 18:58:30.000,2026-02-04 18:58:40.000,2423,2026-02-04 18:58:39.360,2026-02-04 18:58:35.357,-4002.045,50.03084182739258,0
2026-02-04 18:58:30.000,2026-02-04 18:58:40.000,2108,2026-02-04 18:58:39.450,2026-02-04 18:58:35.361,-4088.042,60.003868103027344,0
2026-02-04 18:58:30.000,2026-02-04 18:58:40.000,477,2026-02-04 18:58:39.466,2026-02-04 18:58:35.371,-4095.199,60.00743865966797,0
2026-02-04 18:58:30.000,2026-02-04 18:58:40.000,2423,2026-02-04 18:58:39.379,2026-02-04 18:58:35.377,-4002.016,50.03220748901367,0
2026-02-04 18:58:30.000,2026-02-04 18:58:40.000,2108,2026-02-04 18:58:39.466,2026-02-04 18:58:35.378,-4087.686,60.00316619873047,0
2026-02-04 18:58:30.000,2026-02-04 18:58:40.000,477,2026-02-04 18:58:39.483,2026-02-04 18:58:35.389,-4094.124,60.007972717285156,0
2026-02-04 18:58:30.000,2026-02-04 18:58:40.000,2108,2026-02-04 18:58:39.483,2026-02-04 18:58:35.395,-4087.614,60.00739288330078,0
2026-02-04 18:58:30.000,2026-02-04 18:58:40.000,2423,2026-02-04 18:58:39.400,2026-02-04 18:58:35.397,-4002.282,50.03371047973633,0
2026-02-04 18:58:30.000,2026-02-04 18:58:40.000,477,2026-02-04 18:58:39.500,2026-02-04 18:58:35.404,-4095.784,60.00762176513672,0
2026-02-04 18:58:30.000,2026-02-04 18:58:40.000,2108,2026-02-04 18:58:39.500,2026-02-04 18:58:35.411,-4088.263,60.01092529296875,0
2026-02-04 18:58:30.000,2026-02-04 18:58:40.000,2423,2026-02-04 18:58:39.420,2026-02-04 18:58:35.418,-4001.902,50.03379440307617,0
2026-02-04 18:58:30.000,2026-02-04 18:58:40.000,477,2026-02-04 18:58:39.516,2026-02-04 18:58:35.421,-4095.567,60.00654220581055,0
2026-02-04 18:58:30.000,2026-02-04 18:58:40.000,2108,2026-02-04 18:58:39.516,2026-02-04 18:58:35.428,-4088.058,60.00797653198242,0
2026-02-04 18:58:30.000,2026-02-04 18:58:40.000,2423,2026-02-04 18:58:39.440,2026-02-04 18:58:35.437,-4002.096,50.031654357910156,0
2026-02-04 18:58:30.000,2026-02-04 18:58:40.000,477,2026-02-04 18:58:39.533,2026-02-04 18:58:35.437,-4095.432,60.006187438964844,0
2026-02-04 18:58:30.000,2026-02-04 18:58:40.000,2108,2026-02-04 18:58:39.533,2026-02-04 18:58:35.445,-4088.096,60.0027961730957,0
2026-02-04 18:58:30.000,2026-02-04 18:58:40.000,477,2026-02-04 18:58:39.550,2026-02-04 18:58:35.457,-4092.248,60.00689697265625,0
2026-02-04 18:58:30.000,2026-02-04 18:58:40.000,2423,2026-02-04 18:58:39.459,2026-02-04 18:58:35.458,-4001.239,50.02922821044922,0
2026-02-04 18:58:30.000,2026-02-04 18:58:40.000,2108,2026-02-04 18:58:39.550,2026-02-04 18:58:35.461,-4088.246,60.00583267211914,0
2026-02-04 18:58:30.000,2026-02-04 18:58:40.000,477,2026-02-04 18:58:39.566,2026-02-04 18:58:35.481,-4084.938,60.00748062133789,0
2026-02-04 18:58:30.000,2026-02-04 18:58:40.000,2423,2026-02-04 18:58:39.480,2026-02-04 18:58:35.482,-3997.264,50.030887603759766,0
2026-02-04 18:58:30.000,2026-02-04 18:58:40.000,2108,2026-02-04 18:58:39.566,2026-02-04 18:58:35.483,-4082.845,60.011146545410156,0
2026-02-04 18:58:30.000,2026-02-04 18:58:40.000,477,2026-02-04 18:58:39.583,2026-02-04 18:58:35.497,-4085.995,60.00785827636719,0
2026-02-04 18:58:30.000,2026-02-04 18:58:40.000,2108,2026-02-04 18:58:39.583,2026-02-04 18:58:35.499,-4083.993,60.01105499267578,0
2026-02-04 18:58:30.000,2026-02-04 18:58:40.000,2423,2026-02-04 18:58:39.500,2026-02-04 18:58:35.499,-4000.665,50.0335578918457,0
2026-02-04 18:58:30.000,2026-02-04 18:58:40.000,477,2026-02-04 18:58:39.600,2026-02-04 18:58:35.504,-4095.144,60.00790786743164,0
2026-02-04 18:58:30.000,2026-02-04 18:58:40.000,2108,2026-02-04 18:58:39.600,2026-02-04 18:58:35.513,-4086.126,60.010135650634766,0
2026-02-04 18:58:30.000,2026-02-04 18:58:40.000,2423,2026-02-04 18:58:39.520,2026-02-04 18:58:35.528,-3991.614,50.03288650512695,0
2026-02-04 18:58:30.000,2026-02-04 18:58:40.000,477,2026-02-04 18:58:39.616,2026-02-04 18:58:35.528,-4088.278,60.007205963134766,0
2026-02-04 18:58:30.000,2026-02-04 18:58:40.000,2108,2026-02-04 18:58:39.616,2026-02-04 18:58:35.530,-4086.277,60.00714111328125,0
2026-02-04 18:58:30.000,2026-02-04 18:58:40.000,2423,2026-02-04 18:58:39.539,2026-02-04 18:58:35.537,-4002.090,50.031944274902344,0
2026-02-04 18:58:30.000,2026-02-04 18:58:40.000,477,2026-02-04 18:58:39.633,2026-02-04 18:58:35.537,-4095.426,60.007022857666016,0
2026-02-04 18:58:30.000,2026-02-04 18:58:40.000,2108,2026-02-04 18:58:39.633,2026-02-04 18:58:35.558,-4074.893,60.00258255004883,0
2026-02-04 18:58:30.000,2026-02-04 18:58:40.000,477,2026-02-04 18:58:39.650,2026-02-04 18:58:35.559,-4090.060,60.00726318359375,0
2026-02-04 18:58:30.000,2026-02-04 18:58:40.000,2423,2026-02-04 18:58:39.560,2026-02-04 18:58:35.559,-4000.060,50.032814025878906,0
2026-02-04 18:58:30.000,2026-02-04 18:58:40.000,2108,2026-02-04 18:58:39.650,2026-02-04 18:58:35.564,-4085.545,60.003910064697266,0
2026-02-04 18:58:30.000,2026-02-04 18:58:40.000,477,2026-02-04 18:58:39.666,2026-02-04 18:58:35.573,-4093.188,60.0070915222168,0
2026-02-04 18:58:30.000,2026-02-04 18:58:40.000,2423,2026-02-04 18:58:39.580,2026-02-04 18:58:35.588,-3991.493,50.033321380615234,0
2026-02-04 18:58:30.000,2026-02-04 18:58:40.000,2108,2026-02-04 18:58:39.666,2026-02-04 18:58:35.589,-4077.149,60.007564544677734,0
2026-02-04 18:58:30.000,2026-02-04 18:58:40.000,477,2026-02-04 18:58:39.683,2026-02-04 18:58:35.589,-4093.813,60.00696563720703,0
2026-02-04 18:58:30.000,2026-02-04 18:58:40.000,2108,2026-02-04 18:58:39.683,2026-02-04 18:58:35.605,-4078.279,60.00627136230469,0
2026-02-04 18:58:30.000,2026-02-04 18:58:40.000,2423,2026-02-04 18:58:39.600,2026-02-04 18:58:35.605,-3994.951,50.031620025634766,0
2026-02-04 18:58:30.000,2026-02-04 18:58:40.000,477,2026-02-04 18:58:39.699,2026-02-04 18:58:35.606,-4093.944,60.006752014160156,0
2026-02-04 18:58:30.000,2026-02-04 18:58:40.000,2108,2026-02-04 18:58:39.699,2026-02-04 18:58:35.620,-4079.926,60.00572204589844,0
2026-02-04 18:58:30.000,2026-02-04 18:58:40.000,2423,2026-02-04 18:58:39.619,2026-02-04 18:58:35.620,-3999.926,50.03020477294922,0
2026-02-04 18:58:30.000,2026-02-04 18:58:40.000,477,2026-02-04 18:58:39.716,2026-02-04 18:58:35.621,-4095.605,60.006343841552734,0
2026-02-04 18:58:30.000,2026-02-04 18:58:40.000,2108,2026-02-04 18:58:39.716,2026-02-04 18:58:35.628,-4088.095,60.00817108154297,0
2026-02-04 18:58:30.000,2026-02-04 18:58:40.000,477,2026-02-04 18:58:39.733,2026-02-04 18:58:35.647,-4085.730,60.00600051879883,0
2026-02-04 18:58:30.000,2026-02-04 18:58:40.000,2423,2026-02-04 18:58:39.640,2026-02-04 18:58:35.648,-3991.888,50.0319938659668,0
2026-02-04 18:58:30.000,2026-02-04 18:58:40.000,2108,2026-02-04 18:58:39.733,2026-02-04 18:58:35.648,-4085.224,60.00794219970703,0
2026-02-04 18:58:30.000,2026-02-04 18:58:40.000,477,2026-02-04 18:58:39.750,2026-02-04 18:58:35.654,-4095.367,60.00608444213867,0
2026-02-04 18:58:30.000,2026-02-04 18:58:40.000,2423,2026-02-04 18:58:39.660,2026-02-04 18:58:35.657,-4002.376,50.03253936767578,0
2026-02-04 18:58:30.000,2026-02-04 18:58:40.000,2108,2026-02-04 18:58:39.750,2026-02-04 18:58:35.661,-4088.227,60.00654220581055,0
2026-02-04 18:58:30.000,2026-02-04 18:58:40.000,477,2026-02-04 18:58:39.766,2026-02-04 18:58:35.671,-4095.630,60.006378173828125,0
2026-02-04 18:58:30.000,2026-02-04 18:58:40.000,2423,2026-02-04 18:58:39.680,2026-02-04 18:58:35.680,-3999.447,50.02958679199219,0
2026-02-04 18:58:30.000,2026-02-04 18:58:40.000,2108,2026-02-04 18:58:39.766,2026-02-04 18:58:35.680,-4086.119,60.004398345947266,0
2026-02-04 18:58:30.000,2026-02-04 18:58:40.000,477,2026-02-04 18:58:39.783,2026-02-04 18:58:35.694,-4089.239,60.00626754760742,0
2026-02-04 18:58:30.000,2026-02-04 18:58:40.000,2108,2026-02-04 18:58:39.783,2026-02-04 18:58:35.696,-4087.231,60.00399398803711,0
2026-02-04 18:58:30.000,2026-02-04 18:58:40.000,2423,2026-02-04 18:58:39.699,2026-02-04 18:58:35.698,-4001.888,50.02879333496094,0
2026-02-04 18:58:30.000,2026-02-04 18:58:40.000,477,2026-02-04 18:58:39.800,2026-02-04 18:58:35.704,-4095.089,60.00591278076172,0
2026-02-04 18:58:30.000,2026-02-04 18:58:40.000,2108,2026-02-04 18:58:39.800,2026-02-04 18:58:35.712,-4087.064,60.00698471069336,0
2026-02-04 18:58:30.000,2026-02-04 18:58:40.000,2423,2026-02-04 18:58:39.720,2026-02-04 18:58:35.726,-3993.311,50.030887603759766,0
2026-02-04 18:58:30.000,2026-02-04 18:58:40.000,477,2026-02-04 18:58:39.816,2026-02-04 18:58:35.727,-4089.447,60.0059700012207,0
2026-02-04 18:58:30.000,2026-02-04 18:58:40.000,2108,2026-02-04 18:58:39.816,2026-02-04 18:58:35.736,-4080.563,60.00751876831055,0
2026-02-04 18:58:30.000,2026-02-04 18:58:40.000,477,2026-02-04 18:58:39.833,2026-02-04 18:58:35.739,-4093.707,60.00617599487305,0
2026-02-04 18:58:30.000,2026-02-04 18:58:40.000,2423,2026-02-04 18:58:39.740,2026-02-04 18:58:35.740,-3999.799,50.03264236450195,0
2026-02-04 18:58:30.000,2026-02-04 18:58:40.000,2108,2026-02-04 18:58:39.833,2026-02-04 18:58:35.754,-4078.367,60.00506591796875,0
2026-02-04 18:58:30.000,2026-02-04 18:58:40.000,477,2026-02-04 18:58:39.850,2026-02-04 18:58:35.755,-4094.040,60.00613784790039,0
2026-02-04 18:58:30.000,2026-02-04 18:58:40.000,2423,2026-02-04 18:58:39.760,2026-02-04 18:58:35.757,-4002.039,50.03226852416992,0
2026-02-04 18:58:30.000,2026-02-04 18:58:40.000,2108,2026-02-04 18:58:39.850,2026-02-04 18:58:35.761,-4088.039,60.00410842895508,0
2026-02-04 18:58:30.000,2026-02-04 18:58:40.000,477,2026-02-04 18:58:39.866,2026-02-04 18:58:35.771,-4095.187,60.0059700012207,0
2026-02-04 18:58:30.000,2026-02-04 18:58:40.000,2108,2026-02-04 18:58:39.866,2026-02-04 18:58:35.780,-4085.669,60.00836944580078,0
2026-02-04 18:58:30.000,2026-02-04 18:58:40.000,2423,2026-02-04 18:58:39.779,2026-02-04 18:58:35.780,-3998.997,50.0306396484375,0
2026-02-04 18:58:30.000,2026-02-04 18:58:40.000,477,2026-02-04 18:58:39.883,2026-02-04 18:58:35.788,-4095.312,60.00568389892578,0
2026-02-04 18:58:30.000,2026-02-04 18:58:40.000,2108,2026-02-04 18:58:39.883,2026-02-04 18:58:35.796,-4087.276,60.01277160644531,0
2026-02-04 18:58:30.000,2026-02-04 18:58:40.000,2423,2026-02-04 18:58:39.800,2026-02-04 18:58:35.798,-4001.947,50.03117752075195,0
2026-02-04 18:58:30.000,2026-02-04 18:58:40.000,477,2026-02-04 18:58:39.900,2026-02-04 18:58:35.816,-4083.260,60.005767822265625,0
2026-02-04 18:58:30.000,2026-02-04 18:58:40.000,2108,2026-02-04 18:58:39.900,2026-02-04 18:58:35.816,-4083.260,60.009578704833984,0
2026-02-04 18:58:30.000,2026-02-04 18:58:40.000,2423,2026-02-04 18:58:39.820,2026-02-04 18:58:35.819,-4000.258,50.03303527832031,0
2026-02-04 18:58:30.000,2026-02-04 18:58:40.000,477,2026-02-04 18:58:39.916,2026-02-04 18:58:35.833,-4082.898,60.0058708190918,0
2026-02-04 18:58:30.000,2026-02-04 18:58:40.000,2108,2026-02-04 18:58:39.916,2026-02-04 18:58:35.834,-4081.899,60.00297164916992,0
2026-02-04 18:58:30.000,2026-02-04 18:58:40.000,477,2026-02-04 18:58:39.933,2026-02-04 18:58:35.838,-4094.565,60.005577087402344,0
2026-02-04 18:58:30.000,2026-02-04 18:58:40.000,2423,2026-02-04 18:58:39.840,2026-02-04 18:58:35.838,-4001.229,50.03289794921875,0
2026-02-04 18:58:30.000,2026-02-04 18:58:40.000,2108,2026-02-04 18:58:39.933,2026-02-04 18:58:35.845,-4087.536,60.003265380859375,0
2026-02-04 18:58:30.000,2026-02-04 18:58:40.000,477,2026-02-04 18:58:39.950,2026-02-04 18:58:35.858,-4091.689,60.005645751953125,0
2026-02-04 18:58:30.000,2026-02-04 18:58:40.000,2423,2026-02-04 18:58:39.859,2026-02-04 18:58:35.859,-4000.681,50.032554626464844,0
2026-02-04 18:58:30.000,2026-02-04 18:58:40.000,2108,2026-02-04 18:58:39.950,2026-02-04 18:58:35.862,-4087.689,60.00889587402344,0
2026-02-04 18:58:30.000,2026-02-04 18:58:40.000,477,2026-02-04 18:58:39.966,2026-02-04 18:58:35.870,-4095.843,60.00638198852539,0
2026-02-04 18:58:30.000,2026-02-04 18:58:40.000,2423,2026-02-04 18:58:39.880,2026-02-04 18:58:35.878,-4001.662,50.03377151489258,0
2026-02-04 18:58:30.000,2026-02-04 18:58:40.000,2108,2026-02-04 18:58:39.966,2026-02-04 18:58:35.879,-4087.334,60.00933837890625,0
2026-02-04 18:58:30.000,2026-02-04 18:58:40.000,477,2026-02-04 18:58:39.983,2026-02-04 18:58:35.894,-4089.166,60.00632858276367,0
2026-02-04 18:58:30.000,2026-02-04 18:58:40.000,2108,2026-02-04 18:58:39.983,2026-02-04 18:58:35.896,-4087.165,60.005035400390625,0
2026-02-04 18:58:30.000,2026-02-04 18:58:40.000,2423,2026-02-04 18:58:39.900,2026-02-04 18:58:35.899,-4000.836,50.03310775756836,0
2026-02-04 18:58:30.000,2026-02-04 18:58:40.000,477,2026-02-04 18:58:40.000,2026-02-04 18:58:35.904,-4095.316,60.005592346191406,0
2026-02-04 18:58:30.000,2026-02-04 18:58:40.000,2108,2026-02-04 18:58:40.000,2026-02-04 18:58:35.912,-4087.293,60.003570556640625,0
2026-02-04 18:58:30.000,2026-02-04 18:58:40.000,2423,2026-02-04 18:58:39.920,2026-02-04 18:58:35.920,-3999.285,50.03133010864258,0
2026-02-04 18:58:30.000,2026-02-04 18:58:40.000,477,2026-02-04 18:58:40.016,2026-02-04 18:58:35.921,-4094.890,60.00590515136719,0
2026-02-04 18:58:30.000,2026-02-04 18:58:40.000,2108,2026-02-04 18:58:40.016,2026-02-04 18:58:35.940,-4076.220,60.00731658935547,0
2026-02-04 18:58:30.000,2026-02-04 18:58:40.000,2423,2026-02-04 18:58:39.939,2026-02-04 18:58:35.941,-3998.551,50.03128433227539,0
2026-02-04 18:58:30.000,2026-02-04 18:58:40.000,477,2026-02-04 18:58:40.033,2026-02-04 18:58:35.941,-4091.887,60.00701904296875,0
2026-02-04 18:58:30.000,2026-02-04 18:58:40.000,2108,2026-02-04 18:58:40.033,2026-02-04 18:58:35.945,-4087.367,60.013214111328125,0
2026-02-04 18:58:30.000,2026-02-04 18:58:40.000,477,2026-02-04 18:58:40.050,2026-02-04 18:58:35.954,-4095.528,60.00718688964844,0
2026-02-04 18:58:30.000,2026-02-04 18:58:40.000,2423,2026-02-04 18:58:39.960,2026-02-04 18:58:35.961,-3998.523,50.031436920166016,0
2026-02-04 18:58:30.000,2026-02-04 18:58:40.000,2108,2026-02-04 18:58:40.050,2026-02-04 18:58:35.961,-4088.523,60.01289367675781,0
2026-02-04 18:58:30.000,2026-02-04 18:58:40.000,477,2026-02-04 18:58:40.066,2026-02-04 18:58:35.970,-4095.666,60.00666427612305,0
2026-02-04 18:58:30.000,2026-02-04 18:58:40.000,2423,2026-02-04 18:58:39.980,2026-02-04 18:58:35.978,-4001.493,50.03247833251953,0
2026-02-04 18:58:30.000,2026-02-04 18:58:40.000,2108,2026-02-04 18:58:40.066,2026-02-04 18:58:35.979,-4087.149,60.00411605834961,0
2026-02-04 18:58:30.000,2026-02-04 18:58:40.000,477,2026-02-04 18:58:40.083,2026-02-04 18:58:35.988,-4095.302,60.00668716430664,0
2026-02-04 18:58:30.000,2026-02-04 18:58:40.000,2108,2026-02-04 18:58:40.083,2026-02-04 18:58:36.004,-4079.301,59.99849319458008,0
2026-02-04 18:58:30.000,2026-02-04 18:58:40.000,2423,2026-02-04 18:58:40.000,2026-02-04 18:58:36.004,-3995.973,50.033329010009766,0
2026-02-04 18:58:30.000,2026-02-04 18:58:40.000,477,2026-02-04 18:58:40.099,2026-02-04 18:58:36.005,-4094.958,60.00666427612305,0
2026-02-04 18:58:30.000,2026-02-04 18:58:40.000,2108,2026-02-04 18:58:40.099,2026-02-04 18:58:36.018,-4081.362,60.00313186645508,0
2026-02-04 18:58:30.000,2026-02-04 18:58:40.000,2423,2026-02-04 18:58:40.019,2026-02-04 18:58:36.019,-4000.362,50.031280517578125,0
2026-02-04 18:58:30.000,2026-02-04 18:58:40.000,477,2026-02-04 18:58:40.116,2026-02-04 18:58:36.021,-4095.043,60.0062370300293,0
2026-02-04 18:58:30.000,2026-02-04 18:58:40.000,2108,2026-02-04 18:58:40.116,2026-02-04 18:58:36.029,-4087.524,60.008628845214844,0
2026-02-04 18:58:30.000,2026-02-04 18:58:40.000,2423,2026-02-04 18:58:40.040,2026-02-04 18:58:36.037,-4002.326,50.0298957824707,0
2026-02-04 18:58:30.000,2026-02-04 18:58:40.000,477,2026-02-04 18:58:40.133,2026-02-04 18:58:36.037,-4095.662,60.005863189697266,0
2026-02-04 18:58:30.000,2026-02-04 18:58:40.000,2108,2026-02-04 18:58:40.133,2026-02-04 18:58:36.046,-4087.143,60.007659912109375,0
2026-02-04 18:58:30.000,2026-02-04 18:58:40.000,477,2026-02-04 18:58:40.150,2026-02-04 18:58:36.054,-4095.296,60.006019592285156,0
2026-02-04 18:58:30.000,2026-02-04 18:58:40.000,2423,2026-02-04 18:58:40.060,2026-02-04 18:58:36.057,-4002.303,50.03132247924805,0
2026-02-04 18:58:30.000,2026-02-04 18:58:40.000,2108,2026-02-04 18:58:40.150,2026-02-04 18:58:36.062,-4087.296,60.004913330078125,0
2026-02-04 18:58:30.000,2026-02-04 18:58:40.000,477,2026-02-04 18:58:40.166,2026-02-04 18:58:36.070,-4095.829,60.005958557128906,0
2026-02-04 18:58:30.000,2026-02-04 18:58:40.000,2423,2026-02-04 18:58:40.080,2026-02-04 18:58:36.078,-4001.643,50.03165817260742,0
2026-02-04 18:58:30.000,2026-02-04 18:58:40.000,2108,2026-02-04 18:58:40.166,2026-02-04 18:58:36.084,-4081.802,60.00455856323242,0
2026-02-04 18:58:30.000,2026-02-04 18:58:40.000,477,2026-02-04 18:58:40.183,2026-02-04 18:58:36.099,-4083.395,60.00568771362305,0
2026-02-04 18:58:30.000,2026-02-04 18:58:40.000,2108,2026-02-04 18:58:40.183,2026-02-04 18:58:36.100,-4082.398,60.007572174072266,0
2026-02-04 18:58:30.000,2026-02-04 18:58:40.000,2423,2026-02-04 18:58:40.099,2026-02-04 18:58:36.101,-3998.054,50.03135299682617,0
2026-02-04 18:58:30.000,2026-02-04 18:58:40.000,477,2026-02-04 18:58:40.200,2026-02-04 18:58:36.112,-4087.168,60.00653076171875,0
2026-02-04 18:58:30.000,2026-02-04 18:58:40.000,2108,2026-02-04 18:58:40.200,2026-02-04 18:58:36.113,-4086.160,60.012977600097656,0
2026-02-04 18:58:30.000,2026-02-04 18:58:40.000,2423,2026-02-04 18:58:40.120,2026-02-04 18:58:36.122,-3997.154,50.03411102294922,0
2026-02-04 18:58:30.000,2026-02-04 18:58:40.000,477,2026-02-04 18:58:40.216,2026-02-04 18:58:36.123,-4093.311,60.00728988647461,0
2026-02-04 18:58:30.000,2026-02-04 18:58:40.000,2108,2026-02-04 18:58:40.216,2026-02-04 18:58:36.134,-4081.786,60.010807037353516,0
2026-02-04 18:58:30.000,2026-02-04 18:58:40.000,477,2026-02-04 18:58:40.233,2026-02-04 18:58:36.137,-4095.450,60.00696563720703,0
2026-02-04 18:58:30.000,2026-02-04 18:58:40.000,2423,2026-02-04 18:58:40.140,2026-02-04 18:58:36.137,-4002.130,50.03539276123047,0
2026-02-04 18:58:30.000,2026-02-04 18:58:40.000,2108,2026-02-04 18:58:40.233,2026-02-04 18:58:36.145,-4087.939,60.00251388549805,0
2026-02-04 18:58:30.000,2026-02-04 18:58:40.000,2423,2026-02-04 18:58:40.160,2026-02-04 18:58:36.157,-4002.098,50.0318603515625,0
2026-02-04 18:58:30.000,2026-02-04 18:58:40.000,2108,2026-02-04 18:58:40.250,2026-02-04 18:58:36.161,-4088.101,60.00310516357422,0
2026-02-04 18:58:30.000,2026-02-04 18:58:40.000,477,2026-02-04 18:58:40.250,2026-02-04 18:58:36.177,-4072.068,60.006675720214844,0
2026-02-04 18:58:30.000,2026-02-04 18:58:40.000,477,2026-02-04 18:58:40.266,2026-02-04 18:58:36.178,-4087.733,60.00644302368164,0
2026-02-04 18:58:30.000,2026-02-04 18:58:40.000,2423,2026-02-04 18:58:40.179,2026-02-04 18:58:36.178,-4001.060,50.02967834472656,0
2026-02-04 18:58:30.000,2026-02-04 18:58:40.000,2108,2026-02-04 18:58:40.266,2026-02-04 18:58:36.179,-4086.732,60.006736755371094,0
2026-02-04 18:58:30.000,2026-02-04 18:58:40.000,477,2026-02-04 18:58:40.283,2026-02-04 18:58:36.190,-4092.876,60.00591278076172,0
2026-02-04 18:58:30.000,2026-02-04 18:58:40.000,2423,2026-02-04 18:58:40.200,2026-02-04 18:58:36.197,-4002.038,50.03120803833008,0
2026-02-04 18:58:30.000,2026-02-04 18:58:40.000,477,2026-02-04 18:58:40.300,2026-02-04 18:58:36.205,-4094.527,60.00617218017578,0
2026-02-04 18:58:30.000,2026-02-04 18:58:40.000,2423,2026-02-04 18:58:40.220,2026-02-04 18:58:36.218,-4001.715,50.03292465209961,0
2026-02-04 18:58:30.000,2026-02-04 18:58:40.000,477,2026-02-04 18:58:40.316,2026-02-04 18:58:36.221,-4095.378,60.006954193115234,0
2026-02-04 18:58:30.000,2026-02-04 18:58:40.000,2108,2026-02-04 18:58:40.283,2026-02-04 18:58:36.222,-4060.529,60.00773239135742,0
2026-02-04 18:58:30.000,2026-02-04 18:58:40.000,2108,2026-02-04 18:58:40.300,2026-02-04 18:58:36.223,-4076.203,60.00926208496094,0
2026-02-04 18:58:30.000,2026-02-04 18:58:40.000,2108,2026-02-04 18:58:40.316,2026-02-04 18:58:36.235,-4081.343,60.00899124145508,0
2026-02-04 18:58:30.000,2026-02-04 18:58:40.000,2423,2026-02-04 18:58:40.240,2026-02-04 18:58:36.250,-3989.159,50.03200912475586,0
2026-02-04 18:58:30.000,2026-02-04 18:58:40.000,2108,2026-02-04 18:58:40.333,2026-02-04 18:58:36.255,-4077.981,60.00857925415039,0
2026-02-04 18:58:30.000,2026-02-04 18:58:40.000,2423,2026-02-04 18:58:40.259,2026-02-04 18:58:36.257,-4002.637,50.030338287353516,0
2026-02-04 18:58:30.000,2026-02-04 18:58:40.000,477,2026-02-04 18:58:40.333,2026-02-04 18:58:36.261,-4071.980,60.00661849975586,0
2026-02-04 18:58:30.000,2026-02-04 18:58:40.000,2108,2026-02-04 18:58:40.350,2026-02-04 18:58:36.262,-4087.137,60.0074462890625,0
2026-02-04 18:58:30.000,2026-02-04 18:58:40.000,477,2026-02-04 18:58:40.350,2026-02-04 18:58:36.262,-4087.137,60.006324768066406,0
2026-02-04 18:58:30.000,2026-02-04 18:58:40.000,477,2026-02-04 18:58:40.366,2026-02-04 18:58:36.275,-4091.291,60.006473541259766,0
2026-02-04 18:58:30.000,2026-02-04 18:58:40.000,2423,2026-02-04 18:58:40.280,2026-02-04 18:58:36.278,-4001.619,50.031211853027344,0
2026-02-04 18:58:30.000,2026-02-04 18:58:40.000,477,2026-02-04 18:58:40.383,2026-02-04 18:58:36.287,-4095.441,60.00566101074219,0
2026-02-04 18:58:30.000,2026-02-04 18:58:40.000,2423,2026-02-04 18:58:40.300,2026-02-04 18:58:36.311,-3988.036,50.03194046020508,0
2026-02-04 18:58:30.000,2026-02-04 18:58:40.000,477,2026-02-04 18:58:40.400,2026-02-04 18:58:36.311,-4088.028,60.0053596496582,0
2026-02-04 18:58:30.000,2026-02-04 18:58:40.000,2108,2026-02-04 18:58:40.366,2026-02-04 18:58:36.318,-4048.190,60.00239944458008,0
2026-02-04 18:58:30.000,2026-02-04 18:58:40.000,2108,2026-02-04 18:58:40.383,2026-02-04 18:58:36.318,-4064.854,59.99913787841797,0
2026-02-04 18:58:30.000,2026-02-04 18:58:40.000,2108,2026-02-04 18:58:40.400,2026-02-04 18:58:36.318,-4081.518,60.00404739379883,0
2026-02-04 18:58:30.000,2026-02-04 18:58:40.000,2423,2026-02-04 18:58:40.320,2026-02-04 18:58:36.319,-4000.517,50.03136444091797,0
2026-02-04 18:58:30.000,2026-02-04 18:58:40.000,477,2026-02-04 18:58:40.416,2026-02-04 18:58:36.326,-4089.669,60.00648498535156,0
2026-02-04 18:58:30.000,2026-02-04 18:58:40.000,2108,2026-02-04 18:58:40.416,2026-02-04 18:58:36.328,-4087.671,60.01029586791992,0
2026-02-04 18:58:30.000,2026-02-04 18:58:40.000,477,2026-02-04 18:58:40.433,2026-02-04 18:58:36.338,-4095.308,60.00695037841797,0
2026-02-04 18:58:30.000,2026-02-04 18:58:40.000,2423,2026-02-04 18:58:40.339,2026-02-04 18:58:36.338,-4001.972,50.03169631958008,0
2026-02-04 18:58:30.000,2026-02-04 18:58:40.000,2108,2026-02-04 18:58:40.433,2026-02-04 18:58:36.345,-4088.101,60.01211166381836,0
2026-02-04 18:58:30.000,2026-02-04 18:58:40.000,477,2026-02-04 18:58:40.450,2026-02-04 18:58:36.354,-4095.262,60.007110595703125,0
2026-02-04 18:58:30.000,2026-02-04 18:58:40.000,2423,2026-02-04 18:58:40.360,2026-02-04 18:58:36.357,-4002.256,50.0321044921875,0
2026-02-04 18:58:30.000,2026-02-04 18:58:40.000,2108,2026-02-04 18:58:40.450,2026-02-04 18:58:36.362,-4087.257,60.01002883911133,0
2026-02-04 18:58:30.000,2026-02-04 18:58:40.000,477,2026-02-04 18:58:40.466,2026-02-04 18:58:36.371,-4094.861,60.00795364379883,0
2026-02-04 18:58:30.000,2026-02-04 18:58:40.000,2423,2026-02-04 18:58:40.380,2026-02-04 18:58:36.377,-4002.169,50.031646728515625,0
2026-02-04 18:58:30.000,2026-02-04 18:58:40.000,2108,2026-02-04 18:58:40.466,2026-02-04 18:58:36.378,-4087.825,60.006248474121094,0
2026-02-04 18:58:30.000,2026-02-04 18:58:40.000,477,2026-02-04 18:58:40.483,2026-02-04 18:58:36.388,-4094.971,60.00770568847656,0
2026-02-04 18:58:30.000,2026-02-04 18:58:40.000,2108,2026-02-04 18:58:40.483,2026-02-04 18:58:36.395,-4087.453,60.0054817199707,0
2026-02-04 18:58:30.000,2026-02-04 18:58:40.000,2423,2026-02-04 18:58:40.400,2026-02-04 18:58:36.402,-3997.125,50.03106689453125,0
2026-02-04 18:58:30.000,2026-02-04 18:58:40.000,2108,2026-02-04 18:58:40.499,2026-02-04 18:58:36.411,-4088.508,60.008872985839844,0
2026-02-04 18:58:30.000,2026-02-04 18:58:40.000,2423,2026-02-04 18:58:40.419,2026-02-04 18:58:36.417,-4001.996,50.03062438964844,0
2026-02-04 18:58:30.000,2026-02-04 18:58:40.000,2108,2026-02-04 18:58:40.516,2026-02-04 18:58:36.434,-4082.644,60.01013946533203,0
2026-02-04 18:58:30.000,2026-02-04 18:58:40.000,477,2026-02-04 18:58:40.499,2026-02-04 18:58:36.434,-4065.964,60.00677490234375,0
2026-02-04 18:58:30.000,2026-02-04 18:58:40.000,477,2026-02-04 18:58:40.516,2026-02-04 18:58:36.435,-4081.638,60.00669860839844,0
2026-02-04 18:58:30.000,2026-02-04 18:58:40.000,477,2026-02-04 18:58:40.533,2026-02-04 18:58:36.449,-4084.244,60.006370544433594,0
2026-02-04 18:58:30.000,2026-02-04 18:58:40.000,2423,2026-02-04 18:58:40.440,2026-02-04 18:58:36.450,-3989.908,50.03165817260742,0
2026-02-04 18:58:30.000,2026-02-04 18:58:40.000,2108,2026-02-04 18:58:40.533,2026-02-04 18:58:36.451,-4082.245,60.004783630371094,0
2026-02-04 18:58:30.000,2026-02-04 18:58:40.000,477,2026-02-04 18:58:40.550,2026-02-04 18:58:36.454,-4095.396,60.00542449951172,0
2026-02-04 18:58:30.000,2026-02-04 18:58:40.000,2423,2026-02-04 18:58:40.460,2026-02-04 18:58:36.457,-4002.397,50.03351593017578,0
2026-02-04 18:58:30.000,2026-02-04 18:58:40.000,477,2026-02-04 18:58:40.566,2026-02-04 18:58:36.470,-4095.699,60.00563049316406,0
2026-02-04 18:58:30.000,2026-02-04 18:58:40.000,2423,2026-02-04 18:58:40.480,2026-02-04 18:58:36.477,-4002.510,50.03232192993164,0
2026-02-04 18:58:30.000,2026-02-04 18:58:40.000,477,2026-02-04 18:58:40.583,2026-02-04 18:58:36.493,-4089.823,60.00666427612305,0
2026-02-04 18:58:30.000,2026-02-04 18:58:40.000,2108,2026-02-04 18:58:40.550,2026-02-04 18:58:36.493,-4056.487,60.00294494628906,0
2026-02-04 18:58:30.000,2026-02-04 18:58:40.000,2108,2026-02-04 18:58:40.566,2026-02-04 18:58:36.494,-4072.151,60.00810241699219,0
2026-02-04 18:58:30.000,2026-02-04 18:58:40.000,2108,2026-02-04 18:58:40.583,2026-02-04 18:58:36.495,-4087.809,60.01128005981445,0
2026-02-04 18:58:30.000,2026-02-04 18:58:40.000,2423,2026-02-04 18:58:40.499,2026-02-04 18:58:36.510,-3989.440,50.02989196777344,0
2026-02-04 18:58:30.000,2026-02-04 18:58:40.000,2108,2026-02-04 18:58:40.600,2026-02-04 18:58:36.526,-4073.424,60.00571060180664,0
2026-02-04 18:58:30.000,2026-02-04 18:58:40.000,2423,2026-02-04 18:58:40.520,2026-02-04 18:58:36.526,-3993.424,50.030521392822266,0
2026-02-04 18:58:30.000,2026-02-04 18:58:40.000,2108,2026-02-04 18:58:40.616,2026-02-04 18:58:36.528,-4088.089,59.998817443847656,0
2026-02-04 18:58:30.000,2026-02-04 18:58:40.000,477,2026-02-04 18:58:40.600,2026-02-04 18:58:36.533,-4066.920,60.007080078125,0
2026-02-04 18:58:30.000,2026-02-04 18:58:40.000,477,2026-02-04 18:58:40.616,2026-02-04 18:58:36.534,-4082.577,60.00715255737305,0
2026-02-04 18:58:30.000,2026-02-04 18:58:40.000,477,2026-02-04 18:58:40.633,2026-02-04 18:58:36.538,-4095.236,60.00748825073242,0
2026-02-04 18:58:30.000,2026-02-04 18:58:40.000,2423,2026-02-04 18:58:40.540,2026-02-04 18:58:36.538,-4001.916,50.032020568847656,0
2026-02-04 18:58:30.000,2026-02-04 18:58:40.000,2108,2026-02-04 18:58:40.633,2026-02-04 18:58:36.555,-4077.477,60.004150390625,0
2026-02-04 18:58:30.000,2026-02-04 18:58:40.000,477,2026-02-04 18:58:40.650,2026-02-04 18:58:36.557,-4092.147,60.00801467895508,0
2026-02-04 18:58:30.000,2026-02-04 18:58:40.000,2423,2026-02-04 18:58:40.560,2026-02-04 18:58:36.557,-4002.147,50.03158187866211,0
2026-02-04 18:58:30.000,2026-02-04 18:58:40.000,477,2026-02-04 18:58:40.666,2026-02-04 18:58:36.571,-4095.274,60.008140563964844,0
2026-02-04 18:58:30.000,2026-02-04 18:58:40.000,2423,2026-02-04 18:58:40.579,2026-02-04 18:58:36.586,-3993.066,50.03096008300781,0
2026-02-04 18:58:30.000,2026-02-04 18:58:40.000,2108,2026-02-04 18:58:40.650,2026-02-04 18:58:36.587,-4062.075,60.010711669921875,0
2026-02-04 18:58:30.000,2026-02-04 18:58:40.000,2108,2026-02-04 18:58:40.666,2026-02-04 18:58:36.587,-4078.739,60.009742736816406,0
2026-02-04 18:58:30.000,2026-02-04 18:58:40.000,477,2026-02-04 18:58:40.683,2026-02-04 18:58:36.587,-4095.403,60.00783920288086,0
2026-02-04 18:58:30.000,2026-02-04 18:58:40.000,2108,2026-02-04 18:58:40.683,2026-02-04 18:58:36.595,-4087.891,60.007720947265625,0
2026-02-04 18:58:30.000,2026-02-04 18:58:40.000,2423,2026-02-04 18:58:40.600,2026-02-04 18:58:36.597,-4002.059,50.03192138671875,0
2026-02-04 18:58:30.000,2026-02-04 18:58:40.000,477,2026-02-04 18:58:40.700,2026-02-04 18:58:36.604,-4095.550,60.007293701171875,0
2026-02-04 18:58:30.000,2026-02-04 18:58:40.000,2108,2026-02-04 18:58:40.700,2026-02-04 18:58:36.611,-4088.032,60.00265884399414,0
2026-02-04 18:58:30.000,2026-02-04 18:58:40.000,2423,2026-02-04 18:58:40.620,2026-02-04 18:58:36.618,-4001.515,50.032623291015625,0
2026-02-04 18:58:30.000,2026-02-04 18:58:40.000,477,2026-02-04 18:58:40.716,2026-02-04 18:58:36.621,-4095.179,60.00640869140625,0
2026-02-04 18:58:30.000,2026-02-04 18:58:40.000,2108,2026-02-04 18:58:40.716,2026-02-04 18:58:36.629,-4087.667,59.999839782714844,0
2026-02-04 18:58:30.000,2026-02-04 18:58:40.000,477,2026-02-04 18:58:40.733,2026-02-04 18:58:36.643,-4089.745,60.005889892578125,0
2026-02-04 18:58:30.000,2026-02-04 18:58:40.000,2423,2026-02-04 18:58:40.640,2026-02-04 18:58:36.643,-3996.409,50.030792236328125,0
2026-02-04 18:58:30.000,2026-02-04 18:58:40.000,2108,2026-02-04 18:58:40.733,2026-02-04 18:58:36.646,-4086.738,60.006099700927734,0
2026-02-04 18:58:30.000,2026-02-04 18:58:40.000,477,2026-02-04 18:58:40.750,2026-02-04 18:58:36.654,-4095.334,60.00690460205078,0
2026-02-04 18:58:30.000,2026-02-04 18:58:40.000,2423,2026-02-04 18:58:40.659,2026-02-04 18:58:36.657,-4002.326,50.0294075012207,0
2026-02-04 18:58:30.000,2026-02-04 18:58:40.000,2108,2026-02-04 18:58:40.750,2026-02-04 18:58:36.662,-4087.332,60.012908935546875,0
2026-02-04 18:58:30.000,2026-02-04 18:58:40.000,477,2026-02-04 18:58:40.766,2026-02-04 18:58:36.671,-4095.491,60.00816345214844,0
2026-02-04 18:58:30.000,2026-02-04 18:58:40.000,2423,2026-02-04 18:58:40.680,2026-02-04 18:58:36.677,-4002.308,50.03104782104492,0
2026-02-04 18:58:30.000,2026-02-04 18:58:40.000,2108,2026-02-04 18:58:40.766,2026-02-04 18:58:36.678,-4087.981,60.01128387451172,0
2026-02-04 18:58:30.000,2026-02-04 18:58:40.000,477,2026-02-04 18:58:40.783,2026-02-04 18:58:36.696,-4086.968,60.008087158203125,0
2026-02-04 18:58:30.000,2026-02-04 18:58:40.000,2108,2026-02-04 18:58:40.783,2026-02-04 18:58:36.697,-4085.968,60.00852966308594,0
2026-02-04 18:58:30.000,2026-02-04 18:58:40.000,2423,2026-02-04 18:58:40.700,2026-02-04 18:58:36.698,-4001.640,50.0322151184082,0
2026-02-04 18:58:30.000,2026-02-04 18:58:40.000,477,2026-02-04 18:58:40.800,2026-02-04 18:58:36.704,-4095.112,60.007389068603516,0
2026-02-04 18:58:30.000,2026-02-04 18:58:40.000,2108,2026-02-04 18:58:40.800,2026-02-04 18:58:36.711,-4088.600,60.007568359375,0
2026-02-04 18:58:30.000,2026-02-04 18:58:40.000,2423,2026-02-04 18:58:40.720,2026-02-04 18:58:36.726,-3993.575,50.030670166015625,0
2026-02-04 18:58:30.000,2026-02-04 18:58:40.000,477,2026-02-04 18:58:40.816,2026-02-04 18:58:36.727,-4089.237,60.00678634643555,0
2026-02-04 18:58:30.000,2026-02-04 18:58:40.000,2108,2026-02-04 18:58:40.816,2026-02-04 18:58:36.730,-4086.238,60.00473403930664,0
2026-02-04 18:58:30.000,2026-02-04 18:58:40.000,2423,2026-02-04 18:58:40.739,2026-02-04 18:58:36.746,-3993.542,50.02910614013672,0
2026-02-04 18:58:30.000,2026-02-04 18:58:40.000,477,2026-02-04 18:58:40.833,2026-02-04 18:58:36.746,-4086.878,60.006893157958984,0
2026-02-04 18:58:30.000,2026-02-04 18:58:40.000,2108,2026-02-04 18:58:40.833,2026-02-04 18:58:36.747,-4085.879,60.00519943237305,0
2026-02-04 18:58:30.000,2026-02-04 18:58:40.000,477,2026-02-04 18:58:40.850,2026-02-04 18:58:36.756,-4093.039,60.00711441040039,0
2026-02-04 18:58:30.000,2026-02-04 18:58:40.000,2423,2026-02-04 18:58:40.760,2026-02-04 18:58:36.764,-3995.792,50.03036117553711,0
2026-02-04 18:58:30.000,2026-02-04 18:58:40.000,2108,2026-02-04 18:58:40.850,2026-02-04 18:58:36.765,-4084.790,60.006614685058594,0
2026-02-04 18:58:30.000,2026-02-04 18:58:40.000,477,2026-02-04 18:58:40.866,2026-02-04 18:58:36.772,-4093.943,60.007110595703125,0
2026-02-04 18:58:30.000,2026-02-04 18:58:40.000,2423,2026-02-04 18:58:40.780,2026-02-04 18:58:36.785,-3994.763,50.03203582763672,0
2026-02-04 18:58:30.000,2026-02-04 18:58:40.000,2108,2026-02-04 18:58:40.866,2026-02-04 18:58:36.786,-4080.419,60.006797790527344,0
2026-02-04 18:58:30.000,2026-02-04 18:58:40.000,477,2026-02-04 18:58:40.883,2026-02-04 18:58:36.788,-4095.080,60.00703430175781,0
2026-02-04 18:58:30.000,2026-02-04 18:58:40.000,2108,2026-02-04 18:58:40.883,2026-02-04 18:58:36.795,-4087.574,60.0077018737793,0
2026-02-04 18:58:30.000,2026-02-04 18:58:40.000,2423,2026-02-04 18:58:40.800,2026-02-04 18:58:36.797,-4002.247,50.03132629394531,0
2026-02-04 18:58:30.000,2026-02-04 18:58:40.000,477,2026-02-04 18:58:40.899,2026-02-04 18:58:36.804,-4095.053,60.007164001464844,0
2026-02-04 18:58:30.000,2026-02-04 18:58:40.000,2108,2026-02-04 18:58:40.899,2026-02-04 18:58:36.811,-4088.026,60.00981521606445,0
2026-02-04 18:58:30.000,2026-02-04 18:58:40.000,2423,2026-02-04 18:58:40.819,2026-02-04 18:58:36.818,-4001.511,50.02992248535156,0
2026-02-04 18:58:30.000,2026-02-04 18:58:40.000,477,2026-02-04 18:58:40.916,2026-02-04 18:58:36.821,-4095.191,60.00759506225586,0
2026-02-04 18:58:30.000,2026-02-04 18:58:40.000,2108,2026-02-04 18:58:40.916,2026-02-04 18:58:36.829,-4087.672,60.00931930541992,0
2026-02-04 18:58:30.000,2026-02-04 18:58:40.000,477,2026-02-04 18:58:40.933,2026-02-04 18:58:36.841,-4092.307,60.0072135925293,0
2026-02-04 18:58:30.000,2026-02-04 18:58:40.000,2423,2026-02-04 18:58:40.840,2026-02-04 18:58:36.841,-3998.971,50.03059387207031,0
2026-02-04 18:58:30.000,2026-02-04 18:58:40.000,2108,2026-02-04 18:58:40.933,2026-02-04 18:58:36.845,-4087.792,60.006187438964844,0
2026-02-04 18:58:30.000,2026-02-04 18:58:40.000,477,2026-02-04 18:58:40.950,2026-02-04 18:58:36.860,-4089.416,60.00673294067383,0
2026-02-04 18:58:30.000,2026-02-04 18:58:40.000,2423,2026-02-04 18:58:40.860,2026-02-04 18:58:36.861,-3998.423,50.0322151184082,0
2026-02-04 18:58:30.000,2026-02-04 18:58:40.000,2108,2026-02-04 18:58:40.950,2026-02-04 18:58:36.862,-4087.417,60.00659942626953,0
2026-02-04 18:58:30.000,2026-02-04 18:58:40.000,477,2026-02-04 18:58:40.966,2026-02-04 18:58:36.877,-4088.799,60.006900787353516,0
2026-02-04 18:58:30.000,2026-02-04 18:58:40.000,2423,2026-02-04 18:58:40.880,2026-02-04 18:58:36.878,-4001.122,50.03187561035156,0
2026-02-04 18:58:30.000,2026-02-04 18:58:40.000,2108,2026-02-04 18:58:40.966,2026-02-04 18:58:36.878,-4087.794,60.00834274291992,0
2026-02-04 18:58:30.000,2026-02-04 18:58:40.000,477,2026-02-04 18:58:40.983,2026-02-04 18:58:36.894,-4088.430,60.00679397583008,0
2026-02-04 18:58:30.000,2026-02-04 18:58:40.000,2108,2026-02-04 18:58:40.983,2026-02-04 18:58:36.896,-4086.429,60.006160736083984,0
2026-02-04 18:58:30.000,2026-02-04 18:58:40.000,2423,2026-02-04 18:58:40.899,2026-02-04 18:58:36.897,-4002.085,50.03030014038086,0
2026-02-04 18:58:30.000,2026-02-04 18:58:40.000,477,2026-02-04 18:58:41.000,2026-02-04 18:58:36.904,-4095.584,60.006752014160156,0
2026-02-04 18:58:30.000,2026-02-04 18:58:40.000,2108,2026-02-04 18:58:41.000,2026-02-04 18:58:36.911,-4088.066,60.00310134887695,0
2026-02-04 18:58:30.000,2026-02-04 18:58:40.000,2423,2026-02-04 18:58:40.920,2026-02-04 18:58:36.918,-4001.996,50.0302848815918,0
2026-02-04 18:58:30.000,2026-02-04 18:58:40.000,477,2026-02-04 18:58:41.016,2026-02-04 18:58:36.929,-4087.126,60.007164001464844,0
2026-02-04 18:58:30.000,2026-02-04 18:58:40.000,2108,2026-02-04 18:58:41.016,2026-02-04 18:58:36.931,-4085.125,60.00752258300781,0
2026-02-04 18:58:30.000,2026-02-04 18:58:40.000,2423,2026-02-04 18:58:40.940,2026-02-04 18:58:36.942,-3997.444,50.03191375732422,0
2026-02-04 18:58:30.000,2026-02-04 18:58:40.000,477,2026-02-04 18:58:41.033,2026-02-04 18:58:36.943,-4089.568,60.00718307495117,0
2026-02-04 18:58:30.000,2026-02-04 18:58:40.000,2108,2026-02-04 18:58:41.033,2026-02-04 18:58:36.945,-4087.565,60.013797760009766,0
2026-02-04 18:58:30.000,2026-02-04 18:58:40.000,2423,2026-02-04 18:58:40.960,2026-02-04 18:58:36.958,-4001.933,50.03191375732422,0
2026-02-04 18:58:30.000,2026-02-04 18:58:40.000,2108,2026-02-04 18:58:41.050,2026-02-04 18:58:36.962,-4087.427,60.01254653930664,0
2026-02-04 18:58:30.000,2026-02-04 18:58:40.000,477,2026-02-04 18:58:41.050,2026-02-04 18:58:36.987,-4062.392,60.00690841674805,0
2026-02-04 18:58:30.000,2026-02-04 18:58:40.000,477,2026-02-04 18:58:41.066,2026-02-04 18:58:36.987,-4079.056,60.00718688964844,0
2026-02-04 18:58:30.000,2026-02-04 18:58:40.000,2423,2026-02-04 18:58:40.979,2026-02-04 18:58:36.988,-3991.383,50.03034591674805,0
2026-02-04 18:58:30.000,2026-02-04 18:58:40.000,2108,2026-02-04 18:58:41.066,2026-02-04 18:58:36.989,-4077.056,60.007537841796875,0
2026-02-04 18:58:30.000,2026-02-04 18:58:40.000,477,2026-02-04 18:58:41.083,2026-02-04 18:58:36.989,-4093.720,60.00758361816406,0
2026-02-04 18:58:30.000,2026-02-04 18:58:40.000,2108,2026-02-04 18:58:41.083,2026-02-04 18:58:37.004,-4078.696,60.00417709350586,0
2026-02-04 18:58:30.000,2026-02-04 18:58:40.000,2423,2026-02-04 18:58:41.000,2026-02-04 18:58:37.004,-3995.368,50.031002044677734,0
2026-02-04 18:58:30.000,2026-02-04 18:58:40.000,477,2026-02-04 18:58:41.100,2026-02-04 18:58:37.005,-4094.374,60.00741958618164,0
2026-02-04 18:58:30.000,2026-02-04 18:58:40.000,2423,2026-02-04 18:58:41.020,2026-02-04 18:58:37.018,-4001.654,50.03330993652344,0
2026-02-04 18:58:30.000,2026-02-04 18:58:40.000,477,2026-02-04 18:58:41.116,2026-02-04 18:58:37.021,-4095.315,60.00709533691406,0
2026-02-04 18:58:30.000,2026-02-04 18:58:40.000,2108,2026-02-04 18:58:41.100,2026-02-04 18:58:37.033,-4066.051,60.00456619262695,0
2026-02-04 18:58:30.000,2026-02-04 18:58:40.000,2108,2026-02-04 18:58:41.116,2026-02-04 18:58:37.034,-4081.715,60.007450103759766,0
2026-02-04 18:58:30.000,2026-02-04 18:58:40.000,477,2026-02-04 18:58:41.133,2026-02-04 18:58:37.049,-4083.867,60.00727462768555,0
2026-02-04 18:58:30.000,2026-02-04 18:58:40.000,2423,2026-02-04 18:58:41.040,2026-02-04 18:58:37.050,-3989.530,50.03235626220703,0
2026-02-04 18:58:30.000,2026-02-04 18:58:40.000,2108,2026-02-04 18:58:41.133,2026-02-04 18:58:37.051,-4081.867,60.010215759277344,0
2026-02-04 18:58:30.000,2026-02-04 18:58:40.000,2423,2026-02-04 18:58:41.059,2026-02-04 18:58:37.057,-4002.003,50.02980041503906,0
2026-02-04 18:58:30.000,2026-02-04 18:58:40.000,2108,2026-02-04 18:58:41.150,2026-02-04 18:58:37.061,-4088.010,60.007781982421875,0
2026-02-04 18:58:30.000,2026-02-04 18:58:40.000,477,2026-02-04 18:58:41.150,2026-02-04 18:58:37.080,-4069.984,60.007423400878906,0
2026-02-04 18:58:30.000,2026-02-04 18:58:40.000,477,2026-02-04 18:58:41.166,2026-02-04 18:58:37.080,-4086.656,60.0073127746582,0
2026-02-04 18:58:30.000,2026-02-04 18:58:40.000,2423,2026-02-04 18:58:41.080,2026-02-04 18:58:37.081,-3998.985,50.031700134277344,0
2026-02-04 18:58:30.000,2026-02-04 18:58:40.000,2108,2026-02-04 18:58:41.166,2026-02-04 18:58:37.081,-4085.657,60.002838134765625,0
2026-02-04 18:58:30.000,2026-02-04 18:58:40.000,2423,2026-02-04 18:58:41.100,2026-02-04 18:58:37.113,-3986.377,50.0344352722168,0
2026-02-04 18:58:30.000,2026-02-04 18:58:40.000,477,2026-02-04 18:58:41.183,2026-02-04 18:58:37.115,-4067.706,60.00669479370117,0
2026-02-04 18:58:30.000,2026-02-04 18:58:40.000,477,2026-02-04 18:58:41.200,2026-02-04 18:58:37.116,-4083.371,60.00554656982422,0
2026-02-04 18:58:30.000,2026-02-04 18:58:40.000,2423,2026-02-04 18:58:41.120,2026-02-04 18:58:37.118,-4001.371,50.03187561035156,0
2026-02-04 18:58:30.000,2026-02-04 18:58:40.000,2108,2026-02-04 18:58:41.183,2026-02-04 18:58:37.122,-4060.352,60.003868103027344,0
2026-02-04 18:58:30.000,2026-02-04 18:58:40.000,2108,2026-02-04 18:58:41.200,2026-02-04 18:58:37.122,-4077.016,60.008235931396484,0
2026-02-04 18:58:30.000,2026-02-04 18:58:40.000,2108,2026-02-04 18:58:41.216,2026-02-04 18:58:37.131,-4085.637,60.01064682006836,0
2026-02-04 18:58:30.000,2026-02-04 18:58:40.000,2423,2026-02-04 18:58:41.139,2026-02-04 18:58:37.138,-4001.451,50.02872085571289,0
2026-02-04 18:58:30.000,2026-02-04 18:58:40.000,477,2026-02-04 18:58:41.216,2026-02-04 18:58:37.147,-4069.042,60.00515365600586,0
2026-02-04 18:58:30.000,2026-02-04 18:58:40.000,477,2026-02-04 18:58:41.233,2026-02-04 18:58:37.148,-4084.708,60.00617599487305,0
2026-02-04 18:58:30.000,2026-02-04 18:58:40.000,477,2026-02-04 18:58:41.250,2026-02-04 18:58:37.155,-4094.867,60.00710678100586,0
2026-02-04 18:58:30.000,2026-02-04 18:58:40.000,2423,2026-02-04 18:58:41.160,2026-02-04 18:58:37.158,-4001.867,50.03070068359375,0
2026-02-04 18:58:30.000,2026-02-04 18:58:40.000,477,2026-02-04 18:58:41.266,2026-02-04 18:58:37.171,-4095.011,60.00693893432617,0
2026-02-04 18:58:30.000,2026-02-04 18:58:40.000,2108,2026-02-04 18:58:41.233,2026-02-04 18:58:37.173,-4060.166,60.00763702392578,0
2026-02-04 18:58:30.000,2026-02-04 18:58:40.000,2108,2026-02-04 18:58:41.250,2026-02-04 18:58:37.173,-4076.838,60.00210952758789,0
2026-02-04 18:58:30.000,2026-02-04 18:58:40.000,2423,2026-02-04 18:58:41.180,2026-02-04 18:58:37.185,-3994.327,50.033485412597656,0
2026-02-04 18:58:30.000,2026-02-04 18:58:40.000,2108,2026-02-04 18:58:41.266,2026-02-04 18:58:37.186,-4079.982,60.0037956237793,0
2026-02-04 18:58:30.000,2026-02-04 18:58:40.000,2108,2026-02-04 18:58:41.283,2026-02-04 18:58:37.195,-4087.632,60.009735107421875,0
2026-02-04 18:58:30.000,2026-02-04 18:58:40.000,2423,2026-02-04 18:58:41.200,2026-02-04 18:58:37.201,-3998.296,50.03187561035156,0
2026-02-04 18:58:30.000,2026-02-04 18:58:40.000,2108,2026-02-04 18:58:41.299,2026-02-04 18:58:37.212,-4087.959,60.00673294067383,0
2026-02-04 18:58:30.000,2026-02-04 18:58:40.000,477,2026-02-04 18:58:41.283,2026-02-04 18:58:37.213,-4070.287,60.00666046142578,0
2026-02-04 18:58:30.000,2026-02-04 18:58:40.000,477,2026-02-04 18:58:41.299,2026-02-04 18:58:37.213,-4086.444,60.006980895996094,0
2026-02-04 18:58:30.000,2026-02-04 18:58:40.000,2423,2026-02-04 18:58:41.219,2026-02-04 18:58:37.218,-4001.430,50.02965545654297,0
2026-02-04 18:58:30.000,2026-02-04 18:58:40.000,2108,2026-02-04 18:58:41.316,2026-02-04 18:58:37.229,-4087.595,60.00141525268555,0
2026-02-04 18:58:30.000,2026-02-04 18:58:40.000,2423,2026-02-04 18:58:41.240,2026-02-04 18:58:37.240,-3999.411,50.03047180175781,0
2026-02-04 18:58:30.000,2026-02-04 18:58:40.000,477,2026-02-04 18:58:41.316,2026-02-04 18:58:37.253,-4063.054,60.0074577331543,0
2026-02-04 18:58:30.000,2026-02-04 18:58:40.000,477,2026-02-04 18:58:41.333,2026-02-04 18:58:37.253,-4079.718,60.007450103759766,0
2026-02-04 18:58:30.000,2026-02-04 18:58:40.000,477,2026-02-04 18:58:41.350,2026-02-04 18:58:37.256,-4093.376,60.0078125,0
2026-02-04 18:58:30.000,2026-02-04 18:58:40.000,2423,2026-02-04 18:58:41.260,2026-02-04 18:58:37.257,-4002.383,50.03216552734375,0
2026-02-04 18:58:30.000,2026-02-04 18:58:40.000,2108,2026-02-04 18:58:41.333,2026-02-04 18:58:37.263,-4070.206,60.00897216796875,0
2026-02-04 18:58:30.000,2026-02-04 18:58:40.000,2108,2026-02-04 18:58:41.350,2026-02-04 18:58:37.263,-4086.870,60.017459869384766,0
2026-02-04 18:58:30.000,2026-02-04 18:58:40.000,477,2026-02-04 18:58:41.366,2026-02-04 18:58:37.271,-4095.532,60.007808685302734,0
2026-02-04 18:58:30.000,2026-02-04 18:58:40.000,2423,2026-02-04 18:58:41.280,2026-02-04 18:58:37.277,-4002.350,50.032928466796875,0
2026-02-04 18:58:30.000,2026-02-04 18:58:40.000,2108,2026-02-04 18:58:41.366,2026-02-04 18:58:37.278,-4088.022,60.01195526123047,0
2026-02-04 18:58:30.000,2026-02-04 18:58:40.000,477,2026-02-04 18:58:41.383,2026-02-04 18:58:37.287,-4095.568,60.0070686340332,0
2026-02-04 18:58:30.000,2026-02-04 18:58:40.000,2108,2026-02-04 18:58:41.383,2026-02-04 18:58:37.295,-4087.552,59.99970626831055,0
2026-02-04 18:58:30.000,2026-02-04 18:58:40.000,2423,2026-02-04 18:58:41.299,2026-02-04 18:58:37.297,-4002.205,50.033016204833984,0
2026-02-04 18:58:30.000,2026-02-04 18:58:40.000,477,2026-02-04 18:58:41.400,2026-02-04 18:58:37.304,-4095.706,60.00715637207031,0
2026-02-04 18:58:30.000,2026-02-04 18:58:40.000,2108,2026-02-04 18:58:41.400,2026-02-04 18:58:37.312,-4087.417,59.99622344970703,0
2026-02-04 18:58:30.000,2026-02-04 18:58:40.000,2423,2026-02-04 18:58:41.320,2026-02-04 18:58:37.318,-4001.908,50.03177261352539,0
2026-02-04 18:58:30.000,2026-02-04 18:58:40.000,477,2026-02-04 18:58:41.416,2026-02-04 18:58:37.321,-4095.571,60.00748062133789,0
2026-02-04 18:58:30.000,2026-02-04 18:58:40.000,2108,2026-02-04 18:58:41.416,2026-02-04 18:58:37.331,-4084.963,60.005435943603516,0
2026-02-04 18:58:30.000,2026-02-04 18:58:40.000,477,2026-02-04 18:58:41.433,2026-02-04 18:58:37.337,-4095.474,60.007232666015625,0
2026-02-04 18:58:30.000,2026-02-04 18:58:40.000,2423,2026-02-04 18:58:41.340,2026-02-04 18:58:37.337,-4002.154,50.03152084350586,0
2026-02-04 18:58:30.000,2026-02-04 18:58:40.000,2108,2026-02-04 18:58:41.433,2026-02-04 18:58:37.345,-4087.373,60.01406478881836,0
2026-02-04 18:58:30.000,2026-02-04 18:58:40.000,2423,2026-02-04 18:58:41.360,2026-02-04 18:58:37.358,-4001.671,50.03298568725586,0
2026-02-04 18:58:30.000,2026-02-04 18:58:40.000,2108,2026-02-04 18:58:41.450,2026-02-04 18:58:37.362,-4087.167,60.011112213134766,0
2026-02-04 18:58:30.000,2026-02-04 18:58:40.000,477,2026-02-04 18:58:41.450,2026-02-04 18:58:37.372,-4077.147,60.00672912597656,0
2026-02-04 18:58:30.000,2026-02-04 18:58:40.000,477,2026-02-04 18:58:41.466,2026-02-04 18:58:37.372,-4093.811,60.00640106201172,0
2026-02-04 18:58:30.000,2026-02-04 18:58:40.000,2423,2026-02-04 18:58:41.379,2026-02-04 18:58:37.377,-4002.129,50.0325813293457,0
2026-02-04 18:58:30.000,2026-02-04 18:58:40.000,2108,2026-02-04 18:58:41.466,2026-02-04 18:58:37.378,-4087.800,60.004886627197266,0
2026-02-04 18:58:30.000,2026-02-04 18:58:40.000,477,2026-02-04 18:58:41.483,2026-02-04 18:58:37.388,-4094.926,60.00669479370117,0
2026-02-04 18:58:30.000,2026-02-04 18:58:40.000,2108,2026-02-04 18:58:41.483,2026-02-04 18:58:37.395,-4087.414,60.004764556884766,0
2026-02-04 18:58:30.000,2026-02-04 18:58:40.000,2423,2026-02-04 18:58:41.400,2026-02-04 18:58:37.398,-4001.760,50.03193664550781,0
2026-02-04 18:58:30.000,2026-02-04 18:58:40.000,477,2026-02-04 18:58:41.500,2026-02-04 18:58:37.404,-4095.257,60.007232666015625,0
2026-02-04 18:58:30.000,2026-02-04 18:58:40.000,2108,2026-02-04 18:58:41.500,2026-02-04 18:58:37.412,-4087.237,60.0050048828125,0
2026-02-04 18:58:30.000,2026-02-04 18:58:40.000,2423,2026-02-04 18:58:41.420,2026-02-04 18:58:37.418,-4001.230,50.03197479248047,0
2026-02-04 18:58:30.000,2026-02-04 18:58:40.000,477,2026-02-04 18:58:41.516,2026-02-04 18:58:37.421,-4094.894,60.00700759887695,0
2026-02-04 18:58:30.000,2026-02-04 18:58:40.000,2108,2026-02-04 18:58:41.516,2026-02-04 18:58:37.428,-4087.839,60.00537872314453,0
2026-02-04 18:58:30.000,2026-02-04 18:58:40.000,2423,2026-02-04 18:58:41.440,2026-02-04 18:58:37.439,-4000.641,50.03109359741211,0
2026-02-04 18:58:30.000,2026-02-04 18:58:40.000,477,2026-02-04 18:58:41.533,2026-02-04 18:58:37.440,-4092.977,60.00664520263672,0
2026-02-04 18:58:30.000,2026-02-04 18:58:40.000,2108,2026-02-04 18:58:41.533,2026-02-04 18:58:37.445,-4087.458,60.00651550292969,0
2026-02-04 18:58:30.000,2026-02-04 18:58:40.000,477,2026-02-04 18:58:41.550,2026-02-04 18:58:37.454,-4095.065,60.006591796875,0
2026-02-04 18:58:30.000,2026-02-04 18:58:40.000,2423,2026-02-04 18:58:41.459,2026-02-04 18:58:37.457,-4002.059,50.0313720703125,0
2026-02-04 18:58:30.000,2026-02-04 18:58:40.000,2108,2026-02-04 18:58:41.550,2026-02-04 18:58:37.461,-4088.065,60.004615783691406,0
2026-02-04 18:58:30.000,2026-02-04 18:58:40.000,477,2026-02-04 18:58:41.566,2026-02-04 18:58:37.471,-4095.229,60.00672149658203,0
2026-02-04 18:58:30.000,2026-02-04 18:58:40.000,2423,2026-02-04 18:58:41.480,2026-02-04 18:58:37.477,-4002.046,50.03186798095703,0
2026-02-04 18:58:30.000,2026-02-04 18:58:40.000,2108,2026-02-04 18:58:41.566,2026-02-04 18:58:37.478,-4087.718,60.00520324707031,0
2026-02-04 18:58:30.000,2026-02-04 18:58:40.000,477,2026-02-04 18:58:41.583,2026-02-04 18:58:37.487,-4095.340,60.006587982177734,0
2026-02-04 18:58:30.000,2026-02-04 18:58:40.000,2108,2026-02-04 18:58:41.583,2026-02-04 18:58:37.495,-4088.224,60.00801086425781,0
2026-02-04 18:58:30.000,2026-02-04 18:58:40.000,2423,2026-02-04 18:58:41.500,2026-02-04 18:58:37.498,-4001.892,50.0318489074707,0
2026-02-04 18:58:30.000,2026-02-04 18:58:40.000,477,2026-02-04 18:58:41.600,2026-02-04 18:58:37.504,-4095.376,60.00636291503906,0
2026-02-04 18:58:30.000,2026-02-04 18:58:40.000,2108,2026-02-04 18:58:41.600,2026-02-04 18:58:37.512,-4087.356,60.0073356628418,0
2026-02-04 18:58:30.000,2026-02-04 18:58:40.000,2423,2026-02-04 18:58:41.520,2026-02-04 18:58:37.518,-4001.349,50.033226013183594,0
2026-02-04 18:58:30.000,2026-02-04 18:58:40.000,477,2026-02-04 18:58:41.616,2026-02-04 18:58:37.521,-4095.015,60.00650405883789,0
2026-02-04 18:58:30.000,2026-02-04 18:58:40.000,2108,2026-02-04 18:58:41.616,2026-02-04 18:58:37.528,-4087.859,60.00652313232422,0
2026-02-04 18:58:30.000,2026-02-04 18:58:40.000,477,2026-02-04 18:58:41.633,2026-02-04 18:58:37.537,-4095.455,60.006656646728516,0
2026-02-04 18:58:30.000,2026-02-04 18:58:40.000,2423,2026-02-04 18:58:41.539,2026-02-04 18:58:37.537,-4002.120,50.03264617919922,0
2026-02-04 18:58:30.000,2026-02-04 18:58:40.000,2108,2026-02-04 18:58:41.633,2026-02-04 18:58:37.557,-4075.910,60.0089225769043,0
2026-02-04 18:58:30.000,2026-02-04 18:58:40.000,2423,2026-02-04 18:58:41.560,2026-02-04 18:58:37.558,-4001.583,50.030330657958984,0
2026-02-04 18:58:30.000,2026-02-04 18:58:40.000,2108,2026-02-04 18:58:41.650,2026-02-04 18:58:37.571,-4078.487,60.009639739990234,0
2026-02-04 18:58:30.000,2026-02-04 18:58:40.000,2423,2026-02-04 18:58:41.580,2026-02-04 18:58:37.588,-3991.958,50.03085708618164,0
2026-02-04 18:58:30.000,2026-02-04 18:58:40.000,2108,2026-02-04 18:58:41.666,2026-02-04 18:58:37.588,-4078.614,60.00760269165039,0
2026-02-04 18:58:30.000,2026-02-04 18:58:40.000,477,2026-02-04 18:58:41.650,2026-02-04 18:58:37.588,-4061.950,60.00728225708008,0
2026-02-04 18:58:30.000,2026-02-04 18:58:40.000,477,2026-02-04 18:58:41.666,2026-02-04 18:58:37.589,-4077.612,60.00755310058594,0
2026-02-04 18:58:30.000,2026-02-04 18:58:40.000,477,2026-02-04 18:58:41.683,2026-02-04 18:58:37.589,-4094.276,60.00726318359375,0
2026-02-04 18:58:30.000,2026-02-04 18:58:40.000,2108,2026-02-04 18:58:41.683,2026-02-04 18:58:37.603,-4079.541,60.00522994995117,0
2026-02-04 18:58:30.000,2026-02-04 18:58:40.000,2423,2026-02-04 18:58:41.600,2026-02-04 18:58:37.603,-3996.213,50.0318603515625,0
2026-02-04 18:58:30.000,2026-02-04 18:58:40.000,477,2026-02-04 18:58:41.699,2026-02-04 18:58:37.604,-4095.206,60.00724792480469,0
2026-02-04 18:58:30.000,2026-02-04 18:58:40.000,2108,2026-02-04 18:58:41.699,2026-02-04 18:58:37.618,-4081.187,60.00182342529297,0
2026-02-04 18:58:30.000,2026-02-04 18:58:40.000,2423,2026-02-04 18:58:41.619,2026-02-04 18:58:37.618,-4001.187,50.0306396484375,0
2026-02-04 18:58:30.000,2026-02-04 18:58:40.000,477,2026-02-04 18:58:41.716,2026-02-04 18:58:37.621,-4095.359,60.00705337524414,0
2026-02-04 18:58:30.000,2026-02-04 18:58:40.000,2108,2026-02-04 18:58:41.716,2026-02-04 18:58:37.628,-4087.836,60.00373840332031,0
2026-02-04 18:58:30.000,2026-02-04 18:58:40.000,477,2026-02-04 18:58:41.733,2026-02-04 18:58:37.638,-4095.139,60.006690979003906,0
2026-02-04 18:58:30.000,2026-02-04 18:58:40.000,2423,2026-02-04 18:58:41.640,2026-02-04 18:58:37.639,-4000.803,50.03025817871094,0
2026-02-04 18:58:30.000,2026-02-04 18:58:40.000,2108,2026-02-04 18:58:41.733,2026-02-04 18:58:37.649,-4084.104,60.007957458496094,0
2026-02-04 18:58:30.000,2026-02-04 18:58:40.000,477,2026-02-04 18:58:41.750,2026-02-04 18:58:37.663,-4086.751,60.0067138671875,0
2026-02-04 18:58:30.000,2026-02-04 18:58:40.000,2423,2026-02-04 18:58:41.660,2026-02-04 18:58:37.664,-3995.757,50.031951904296875,0
2026-02-04 18:58:30.000,2026-02-04 18:58:40.000,2108,2026-02-04 18:58:41.750,2026-02-04 18:58:37.664,-4085.749,60.00692367553711,0
2026-02-04 18:58:30.000,2026-02-04 18:58:40.000,477,2026-02-04 18:58:41.766,2026-02-04 18:58:37.671,-4095.421,60.00638198852539,0
2026-02-04 18:58:30.000,2026-02-04 18:58:40.000,2423,2026-02-04 18:58:41.680,2026-02-04 18:58:37.686,-3993.719,50.031246185302734,0
2026-02-04 18:58:30.000,2026-02-04 18:58:40.000,2108,2026-02-04 18:58:41.766,2026-02-04 18:58:37.687,-4079.390,60.006927490234375,0
2026-02-04 18:58:30.000,2026-02-04 18:58:40.000,477,2026-02-04 18:58:41.783,2026-02-04 18:58:37.688,-4095.054,60.00619125366211,0
2026-02-04 18:58:30.000,2026-02-04 18:58:40.000,2108,2026-02-04 18:58:41.783,2026-02-04 18:58:37.695,-4087.539,60.008262634277344,0
2026-02-04 18:58:30.000,2026-02-04 18:58:40.000,2423,2026-02-04 18:58:41.699,2026-02-04 18:58:37.697,-4002.195,50.02872848510742,0
2026-02-04 18:58:30.000,2026-02-04 18:58:40.000,477,2026-02-04 18:58:41.800,2026-02-04 18:58:37.704,-4095.173,60.007144927978516,0
2026-02-04 18:58:30.000,2026-02-04 18:58:40.000,2108,2026-02-04 18:58:41.800,2026-02-04 18:58:37.719,-4080.148,60.00664520263672,0
2026-02-04 18:58:30.000,2026-02-04 18:58:40.000,2423,2026-02-04 18:58:41.720,2026-02-04 18:58:37.719,-4000.148,50.029441833496094,0
2026-02-04 18:58:30.000,2026-02-04 18:58:40.000,477,2026-02-04 18:58:41.816,2026-02-04 18:58:37.721,-4094.813,60.007476806640625,0
2026-02-04 18:58:30.000,2026-02-04 18:58:40.000,2108,2026-02-04 18:58:41.816,2026-02-04 18:58:37.728,-4088.301,60.00496292114258,0
2026-02-04 18:58:30.000,2026-02-04 18:58:40.000,2423,2026-02-04 18:58:41.740,2026-02-04 18:58:37.737,-4002.138,50.032684326171875,0
2026-02-04 18:58:30.000,2026-02-04 18:58:40.000,477,2026-02-04 18:58:41.833,2026-02-04 18:58:37.737,-4095.458,60.00681686401367,0
2026-02-04 18:58:30.000,2026-02-04 18:58:40.000,2108,2026-02-04 18:58:41.833,2026-02-04 18:58:37.745,-4087.403,60.00399398803711,0
2026-02-04 18:58:30.000,2026-02-04 18:58:40.000,477,2026-02-04 18:58:41.850,2026-02-04 18:58:37.754,-4095.563,60.006500244140625,0
2026-02-04 18:58:30.000,2026-02-04 18:58:40.000,2423,2026-02-04 18:58:41.760,2026-02-04 18:58:37.757,-4002.558,50.034297943115234,0
2026-02-04 18:58:30.000,2026-02-04 18:58:40.000,2108,2026-02-04 18:58:41.850,2026-02-04 18:58:37.761,-4088.557,60.00345230102539,0
2026-02-04 18:58:30.000,2026-02-04 18:58:40.000,477,2026-02-04 18:58:41.866,2026-02-04 18:58:37.771,-4095.582,60.00672149658203,0
2026-02-04 18:58:30.000,2026-02-04 18:58:40.000,2423,2026-02-04 18:58:41.779,2026-02-04 18:58:37.778,-4001.392,50.0322265625,0
2026-02-04 18:58:30.000,2026-02-04 18:58:40.000,2108,2026-02-04 18:58:41.866,2026-02-04 18:58:37.779,-4087.063,60.00778579711914,0
2026-02-04 18:58:30.000,2026-02-04 18:58:40.000,477,2026-02-04 18:58:41.883,2026-02-04 18:58:37.788,-4095.214,60.00760269165039,0
2026-02-04 18:58:30.000,2026-02-04 18:58:40.000,2108,2026-02-04 18:58:41.883,2026-02-04 18:58:37.795,-4087.709,60.01316833496094,0
2026-02-04 18:58:30.000,2026-02-04 18:58:40.000,2423,2026-02-04 18:58:41.800,2026-02-04 18:58:37.797,-4002.383,50.030662536621094,0
2026-02-04 18:58:30.000,2026-02-04 18:58:40.000,477,2026-02-04 18:58:41.900,2026-02-04 18:58:37.804,-4095.880,60.00772476196289,0
2026-02-04 18:58:30.000,2026-02-04 18:58:40.000,2108,2026-02-04 18:58:41.900,2026-02-04 18:58:37.812,-4087.370,60.01143264770508,0
2026-02-04 18:58:30.000,2026-02-04 18:58:40.000,2423,2026-02-04 18:58:41.820,2026-02-04 18:58:37.818,-4001.860,50.03184127807617,0
2026-02-04 18:58:30.000,2026-02-04 18:58:40.000,477,2026-02-04 18:58:41.916,2026-02-04 18:58:37.821,-4095.524,60.00655746459961,0
2026-02-04 18:58:30.000,2026-02-04 18:58:40.000,2108,2026-02-04 18:58:41.916,2026-02-04 18:58:37.828,-4088.007,60.00402069091797,0
2026-02-04 18:58:30.000,2026-02-04 18:58:40.000,2423,2026-02-04 18:58:41.840,2026-02-04 18:58:37.837,-4002.164,50.03133010864258,0
2026-02-04 18:58:30.000,2026-02-04 18:58:40.000,477,2026-02-04 18:58:41.933,2026-02-04 18:58:37.837,-4095.500,60.00558853149414,0
2026-02-04 18:58:30.000,2026-02-04 18:58:40.000,2108,2026-02-04 18:58:41.933,2026-02-04 18:58:37.845,-4087.915,59.99977493286133,0
2026-02-04 18:58:30.000,2026-02-04 18:58:40.000,477,2026-02-04 18:58:41.950,2026-02-04 18:58:37.854,-4095.064,60.005767822265625,0
2026-02-04 18:58:30.000,2026-02-04 18:58:40.000,2423,2026-02-04 18:58:41.859,2026-02-04 18:58:37.857,-4002.058,50.03020095825195,0
2026-02-04 18:58:30.000,2026-02-04 18:58:40.000,2108,2026-02-04 18:58:41.950,2026-02-04 18:58:37.861,-4088.066,60.004486083984375,0
2026-02-04 18:58:30.000,2026-02-04 18:58:40.000,477,2026-02-04 18:58:41.966,2026-02-04 18:58:37.871,-4095.657,60.00653076171875,0
2026-02-04 18:58:30.000,2026-02-04 18:58:40.000,2423,2026-02-04 18:58:41.880,2026-02-04 18:58:37.877,-4002.473,50.0314826965332,0
2026-02-04 18:58:30.000,2026-02-04 18:58:40.000,2108,2026-02-04 18:58:41.966,2026-02-04 18:58:37.878,-4088.143,60.01054382324219,0
2026-02-04 18:58:30.000,2026-02-04 18:58:40.000,477,2026-02-04 18:58:41.983,2026-02-04 18:58:37.887,-4095.753,60.0069465637207,0
2026-02-04 18:58:30.000,2026-02-04 18:58:40.000,2108,2026-02-04 18:58:41.983,2026-02-04 18:58:37.896,-4086.686,60.00913619995117,0
2026-02-04 18:58:30.000,2026-02-04 18:58:40.000,2423,2026-02-04 18:58:41.900,2026-02-04 18:58:37.897,-4002.358,50.03340530395508,0
2026-02-04 18:58:30.000,2026-02-04 18:58:40.000,477,2026-02-04 18:58:42.000,2026-02-04 18:58:37.905,-4094.904,60.00712966918945,0
2026-02-04 18:58:30.000,2026-02-04 18:58:40.000,2108,2026-02-04 18:58:42.000,2026-02-04 18:58:37.912,-4087.393,60.005558013916016,0
2026-02-04 18:58:30.000,2026-02-04 18:58:40.000,2423,2026-02-04 18:58:41.920,2026-02-04 18:58:37.919,-4000.897,50.03271484375,0
2026-02-04 18:58:30.000,2026-02-04 18:58:40.000,477,2026-02-04 18:58:42.016,2026-02-04 18:58:37.921,-4094.933,60.00690460205078,0
2026-02-04 18:58:30.000,2026-02-04 18:58:40.000,2108,2026-02-04 18:58:42.016,2026-02-04 18:58:37.929,-4087.492,60.005393981933594,0
2026-02-04 18:58:30.000,2026-02-04 18:58:40.000,2423,2026-02-04 18:58:41.939,2026-02-04 18:58:37.938,-4001.817,50.02983474731445,0
2026-02-04 18:58:30.000,2026-02-04 18:58:40.000,477,2026-02-04 18:58:42.033,2026-02-04 18:58:37.938,-4094.629,60.00636291503906,0
2026-02-04 18:58:30.000,2026-02-04 18:58:40.000,2108,2026-02-04 18:58:42.033,2026-02-04 18:58:37.947,-4086.127,60.00788116455078,0
2026-02-04 18:58:30.000,2026-02-04 18:58:40.000,477,2026-02-04 18:58:42.050,2026-02-04 18:58:37.954,-4095.182,60.006038665771484,0
2026-02-04 18:58:30.000,2026-02-04 18:58:40.000,2423,2026-02-04 18:58:41.960,2026-02-04 18:58:37.958,-4001.961,50.02841567993164,0
2026-02-04 18:58:30.000,2026-02-04 18:58:40.000,2108,2026-02-04 18:58:42.050,2026-02-04 18:58:37.962,-4087.391,60.011985778808594,0
2026-02-04 18:58:30.000,2026-02-04 18:58:40.000,477,2026-02-04 18:58:42.066,2026-02-04 18:58:37.971,-4095.049,60.00591278076172,0
2026-02-04 18:58:30.000,2026-02-04 18:58:40.000,2423,2026-02-04 18:58:41.980,2026-02-04 18:58:37.978,-4001.371,50.0289421081543,0
2026-02-04 18:58:30.000,2026-02-04 18:58:40.000,2108,2026-02-04 18:58:42.066,2026-02-04 18:58:37.978,-4088.027,60.01156234741211,0
2026-02-04 18:58:30.000,2026-02-04 18:58:40.000,477,2026-02-04 18:58:42.083,2026-02-04 18:58:37.987,-4095.656,60.006099700927734,0
2026-02-04 18:58:30.000,2026-02-04 18:58:40.000,2108,2026-02-04 18:58:42.083,2026-02-04 18:58:37.994,-4088.600,60.00413131713867,0
2026-02-04 18:58:30.000,2026-02-04 18:58:40.000,2423,2026-02-04 18:58:42.000,2026-02-04 18:58:37.998,-4001.757,50.029903411865234,0
2026-02-04 18:58:30.000,2026-02-04 18:58:40.000,477,2026-02-04 18:58:42.099,2026-02-04 18:58:38.004,-4095.239,60.00672912597656,0
2026-02-04 18:58:30.000,2026-02-04 18:58:40.000,2108,2026-02-04 18:58:42.099,2026-02-04 18:58:38.011,-4088.160,60.00115966796875,0
2026-02-04 18:58:30.000,2026-02-04 18:58:40.000,2423,2026-02-04 18:58:42.019,2026-02-04 18:58:38.018,-4001.534,50.030372619628906,0
2026-02-04 18:58:30.000,2026-02-04 18:58:40.000,477,2026-02-04 18:58:42.116,2026-02-04 18:58:38.021,-4095.211,60.006813049316406,0
2026-02-04 18:58:30.000,2026-02-04 18:58:40.000,2108,2026-02-04 18:58:42.116,2026-02-04 18:58:38.028,-4087.699,60.005699157714844,0
2026-02-04 18:58:30.000,2026-02-04 18:58:40.000,477,2026-02-04 18:58:42.133,2026-02-04 18:58:38.038,-4095.302,60.00657272338867,0
2026-02-04 18:58:30.000,2026-02-04 18:58:40.000,2423,2026-02-04 18:58:42.040,2026-02-04 18:58:38.038,-4001.966,50.03078842163086,0
2026-02-04 18:58:30.000,2026-02-04 18:58:40.000,2108,2026-02-04 18:58:42.133,2026-02-04 18:58:38.045,-4087.788,60.0090217590332,0
2026-02-04 18:58:30.000,2026-02-04 18:58:40.000,477,2026-02-04 18:58:42.150,2026-02-04 18:58:38.054,-4095.065,60.00666427612305,0
2026-02-04 18:58:30.000,2026-02-04 18:58:40.000,2423,2026-02-04 18:58:42.060,2026-02-04 18:58:38.057,-4002.019,50.03099060058594,0
2026-02-04 18:58:30.000,2026-02-04 18:58:40.000,2108,2026-02-04 18:58:42.150,2026-02-04 18:58:38.061,-4088.011,60.008277893066406,0
2026-02-04 18:58:30.000,2026-02-04 18:58:40.000,477,2026-02-04 18:58:42.166,2026-02-04 18:58:38.071,-4095.233,60.0062370300293,0
2026-02-04 18:58:30.000,2026-02-04 18:58:40.000,2423,2026-02-04 18:58:42.080,2026-02-04 18:58:38.077,-4002.534,50.030181884765625,0
2026-02-04 18:58:30.000,2026-02-04 18:58:40.000,2108,2026-02-04 18:58:42.166,2026-02-04 18:58:38.079,-4087.205,60.00581359863281,0
2026-02-04 18:58:30.000,2026-02-04 18:58:40.000,477,2026-02-04 18:58:42.183,2026-02-04 18:58:38.087,-4095.840,60.005619049072266,0
2026-02-04 18:58:30.000,2026-02-04 18:58:40.000,2108,2026-02-04 18:58:42.183,2026-02-04 18:58:38.095,-4088.330,60.005863189697266,0
2026-02-04 18:58:30.000,2026-02-04 18:58:40.000,2423,2026-02-04 18:58:42.099,2026-02-04 18:58:38.098,-4001.987,50.02898406982422,0
2026-02-04 18:58:30.000,2026-02-04 18:58:40.000,477,2026-02-04 18:58:42.200,2026-02-04 18:58:38.104,-4095.485,60.00615692138672,0
2026-02-04 18:58:30.000,2026-02-04 18:58:40.000,2108,2026-02-04 18:58:42.200,2026-02-04 18:58:38.111,-4088.792,60.00895690917969,0
2026-02-04 18:58:30.000,2026-02-04 18:58:40.000,2423,2026-02-04 18:58:42.120,2026-02-04 18:58:38.117,-4002.275,50.02965545654297,0
2026-02-04 18:58:30.000,2026-02-04 18:58:40.000,477,2026-02-04 18:58:42.216,2026-02-04 18:58:38.121,-4094.939,60.007057189941406,0
2026-02-04 18:58:30.000,2026-02-04 18:58:40.000,2108,2026-02-04 18:58:42.216,2026-02-04 18:58:38.128,-4087.922,60.01039123535156,0
2026-02-04 18:58:30.000,2026-02-04 18:58:40.000,477,2026-02-04 18:58:42.233,2026-02-04 18:58:38.138,-4095.232,60.00703430175781,0
2026-02-04 18:58:30.000,2026-02-04 18:58:40.000,2423,2026-02-04 18:58:42.140,2026-02-04 18:58:38.138,-4001.912,50.03164291381836,0
2026-02-04 18:58:30.000,2026-02-04 18:58:40.000,2108,2026-02-04 18:58:42.233,2026-02-04 18:58:38.145,-4087.718,60.00539779663086,0
2026-02-04 18:58:30.000,2026-02-04 18:58:40.000,477,2026-02-04 18:58:42.250,2026-02-04 18:58:38.154,-4095.879,60.00670623779297,0
2026-02-04 18:58:30.000,2026-02-04 18:58:40.000,2423,2026-02-04 18:58:42.160,2026-02-04 18:58:38.158,-4001.879,50.03129577636719,0
2026-02-04 18:58:30.000,2026-02-04 18:58:40.000,2108,2026-02-04 18:58:42.250,2026-02-04 18:58:38.162,-4087.374,60.00296401977539,0
2026-02-04 18:58:30.000,2026-02-04 18:58:40.000,477,2026-02-04 18:58:42.266,2026-02-04 18:58:38.171,-4095.030,60.006099700927734,0
2026-02-04 18:58:30.000,2026-02-04 18:58:40.000,2423,2026-02-04 18:58:42.179,2026-02-04 18:58:38.178,-4001.950,50.029258728027344,0
2026-02-04 18:58:30.000,2026-02-04 18:58:40.000,2108,2026-02-04 18:58:42.266,2026-02-04 18:58:38.179,-4087.624,60.008522033691406,0
2026-02-04 18:58:30.000,2026-02-04 18:58:40.000,477,2026-02-04 18:58:42.283,2026-02-04 18:58:38.187,-4095.775,60.006065368652344,0
2026-02-04 18:58:30.000,2026-02-04 18:58:40.000,2108,2026-02-04 18:58:42.283,2026-02-04 18:58:38.195,-4087.345,60.010032653808594,0
2026-02-04 18:58:30.000,2026-02-04 18:58:40.000,2423,2026-02-04 18:58:42.200,2026-02-04 18:58:38.200,-3999.018,50.03054428100586,0
2026-02-04 18:58:30.000,2026-02-04 18:58:40.000,477,2026-02-04 18:58:42.300,2026-02-04 18:58:38.204,-4095.515,60.006954193115234,0
2026-02-04 18:58:30.000,2026-02-04 18:58:40.000,2108,2026-02-04 18:58:42.300,2026-02-04 18:58:38.212,-4088.005,60.007164001464844,0
2026-02-04 18:58:30.000,2026-02-04 18:58:40.000,2423,2026-02-04 18:58:42.220,2026-02-04 18:58:38.218,-4001.908,50.03296661376953,0
2026-02-04 18:58:30.000,2026-02-04 18:58:40.000,477,2026-02-04 18:58:42.316,2026-02-04 18:58:38.221,-4095.571,60.00738525390625,0
2026-02-04 18:58:30.000,2026-02-04 18:58:40.000,2108,2026-02-04 18:58:42.316,2026-02-04 18:58:38.228,-4088.053,60.00653839111328,0
2026-02-04 18:58:30.000,2026-02-04 18:58:40.000,477,2026-02-04 18:58:42.333,2026-02-04 18:58:38.237,-4095.618,60.00707244873047,0
2026-02-04 18:58:30.000,2026-02-04 18:58:40.000,2423,2026-02-04 18:58:42.240,2026-02-04 18:58:38.238,-4001.284,50.031700134277344,0
2026-02-04 18:58:30.000,2026-02-04 18:58:40.000,2108,2026-02-04 18:58:42.333,2026-02-04 18:58:38.245,-4087.494,60.00791931152344,0
2026-02-04 18:58:30.000,2026-02-04 18:58:40.000,477,2026-02-04 18:58:42.350,2026-02-04 18:58:38.254,-4095.086,60.00614929199219,0
2026-02-04 18:58:30.000,2026-02-04 18:58:40.000,2423,2026-02-04 18:58:42.259,2026-02-04 18:58:38.257,-4002.078,50.02979278564453,0
2026-02-04 18:58:30.000,2026-02-04 18:58:40.000,2108,2026-02-04 18:58:42.350,2026-02-04 18:58:38.261,-4088.088,60.00944137573242,0
2026-02-04 18:58:30.000,2026-02-04 18:58:40.000,477,2026-02-04 18:58:42.366,2026-02-04 18:58:38.270,-4095.737,60.00543975830078,0
2026-02-04 18:58:30.000,2026-02-04 18:58:40.000,2423,2026-02-04 18:58:42.280,2026-02-04 18:58:38.277,-4002.025,50.02986526489258,0
2026-02-04 18:58:30.000,2026-02-04 18:58:40.000,2108,2026-02-04 18:58:42.366,2026-02-04 18:58:38.278,-4087.695,60.008270263671875,0
2026-02-04 18:58:30.000,2026-02-04 18:58:40.000,477,2026-02-04 18:58:42.383,2026-02-04 18:58:38.287,-4095.877,60.006019592285156,0
2026-02-04 18:58:30.000,2026-02-04 18:58:40.000,2108,2026-02-04 18:58:42.383,2026-02-04 18:58:38.295,-4087.486,60.00343704223633,0
2026-02-04 18:58:30.000,2026-02-04 18:58:40.000,2423,2026-02-04 18:58:42.300,2026-02-04 18:58:38.297,-4002.158,50.0313835144043,0
2026-02-04 18:58:30.000,2026-02-04 18:58:40.000,477,2026-02-04 18:58:42.400,2026-02-04 18:58:38.304,-4095.089,60.00692367553711,0
2026-02-04 18:58:30.000,2026-02-04 18:58:40.000,2108,2026-02-04 18:58:42.400,2026-02-04 18:58:38.322,-4077.164,60.00154113769531,0
2026-02-04 18:58:30.000,2026-02-04 18:58:40.000,2423,2026-02-04 18:58:42.320,2026-02-04 18:58:38.323,-3996.063,50.03074645996094,0
2026-02-04 18:58:30.000,2026-02-04 18:58:40.000,477,2026-02-04 18:58:42.416,2026-02-04 18:58:38.323,-4092.727,60.0068359375,0
2026-02-04 18:58:30.000,2026-02-04 18:58:40.000,2108,2026-02-04 18:58:42.416,2026-02-04 18:58:38.328,-4087.722,60.00643539428711,0
2026-02-04 18:58:30.000,2026-02-04 18:58:40.000,2423,2026-02-04 18:58:42.339,2026-02-04 18:58:38.338,-4001.766,50.02764129638672,0
2026-02-04 18:58:30.000,2026-02-04 18:58:40.000,477,2026-02-04 18:58:42.433,2026-02-04 18:58:38.338,-4095.102,60.00674819946289,0
2026-02-04 18:58:30.000,2026-02-04 18:58:40.000,2108,2026-02-04 18:58:42.433,2026-02-04 18:58:38.345,-4087.371,60.011444091796875,0
2026-02-04 18:58:30.000,2026-02-04 18:58:40.000,477,2026-02-04 18:58:42.450,2026-02-04 18:58:38.354,-4095.536,60.00714111328125,0
2026-02-04 18:58:30.000,2026-02-04 18:58:40.000,2423,2026-02-04 18:58:42.360,2026-02-04 18:58:38.370,-3989.655,50.028961181640625,0
2026-02-04 18:58:30.000,2026-02-04 18:58:40.000,2108,2026-02-04 18:58:42.450,2026-02-04 18:58:38.371,-4078.656,60.011600494384766,0
2026-02-04 18:58:30.000,2026-02-04 18:58:40.000,477,2026-02-04 18:58:42.466,2026-02-04 18:58:38.374,-4091.805,60.006866455078125,0
2026-02-04 18:58:30.000,2026-02-04 18:58:40.000,2423,2026-02-04 18:58:42.380,2026-02-04 18:58:38.378,-4001.637,50.032562255859375,0
2026-02-04 18:58:30.000,2026-02-04 18:58:40.000,2108,2026-02-04 18:58:42.466,2026-02-04 18:58:38.379,-4087.294,60.0078239440918,0
2026-02-04 18:58:30.000,2026-02-04 18:58:40.000,477,2026-02-04 18:58:42.483,2026-02-04 18:58:38.400,-4082.842,60.00682830810547,0
2026-02-04 18:58:30.000,2026-02-04 18:58:40.000,2108,2026-02-04 18:58:42.483,2026-02-04 18:58:38.401,-4081.841,60.007198333740234,0
2026-02-04 18:58:30.000,2026-02-04 18:58:40.000,2423,2026-02-04 18:58:42.400,2026-02-04 18:58:38.402,-3997.007,50.031124114990234,0
2026-02-04 18:58:30.000,2026-02-04 18:58:40.000,477,2026-02-04 18:58:42.499,2026-02-04 18:58:38.410,-4089.478,60.007476806640625,0
2026-02-04 18:58:30.000,2026-02-04 18:58:40.000,2108,2026-02-04 18:58:42.499,2026-02-04 18:58:38.415,-4084.965,60.012306213378906,0
2026-02-04 18:58:30.000,2026-02-04 18:58:40.000,2423,2026-02-04 18:58:42.419,2026-02-04 18:58:38.418,-4001.964,50.02718734741211,0
2026-02-04 18:58:30.000,2026-02-04 18:58:40.000,477,2026-02-04 18:58:42.516,2026-02-04 18:58:38.428,-4088.125,60.007713317871094,0
2026-02-04 18:58:30.000,2026-02-04 18:58:40.000,2108,2026-02-04 18:58:42.516,2026-02-04 18:58:38.429,-4087.124,60.011627197265625,0
2026-02-04 18:58:30.000,2026-02-04 18:58:40.000,2423,2026-02-04 18:58:42.440,2026-02-04 18:58:38.441,-3998.930,50.027809143066406,0
2026-02-04 18:58:30.000,2026-02-04 18:58:40.000,477,2026-02-04 18:58:42.533,2026-02-04 18:58:38.441,-4092.266,60.00724792480469,0
2026-02-04 18:58:30.000,2026-02-04 18:58:40.000,2108,2026-02-04 18:58:42.533,2026-02-04 18:58:38.446,-4086.743,60.002811431884766,0
2026-02-04 18:58:30.000,2026-02-04 18:58:40.000,477,2026-02-04 18:58:42.550,2026-02-04 18:58:38.457,-4092.386,60.00686264038086,0
2026-02-04 18:58:30.000,2026-02-04 18:58:40.000,2423,2026-02-04 18:58:42.460,2026-02-04 18:58:38.457,-4002.394,50.031524658203125,0
2026-02-04 18:58:30.000,2026-02-04 18:58:40.000,2108,2026-02-04 18:58:42.550,2026-02-04 18:58:38.463,-4086.343,60.00126266479492,0
2026-02-04 18:58:30.000,2026-02-04 18:58:40.000,477,2026-02-04 18:58:42.566,2026-02-04 18:58:38.475,-4090.990,60.00676727294922,0
2026-02-04 18:58:30.000,2026-02-04 18:58:40.000,2423,2026-02-04 18:58:42.480,2026-02-04 18:58:38.482,-3997.320,50.03121566772461,0
2026-02-04 18:58:30.000,2026-02-04 18:58:40.000,2108,2026-02-04 18:58:42.566,2026-02-04 18:58:38.483,-4083.485,60.008827209472656,0
2026-02-04 18:58:30.000,2026-02-04 18:58:40.000,477,2026-02-04 18:58:42.583,2026-02-04 18:58:38.488,-4095.143,60.006797790527344,0
2026-02-04 18:58:30.000,2026-02-04 18:58:40.000,2108,2026-02-04 18:58:42.583,2026-02-04 18:58:38.495,-4087.625,60.011497497558594,0
2026-02-04 18:58:30.000,2026-02-04 18:58:40.000,2423,2026-02-04 18:58:42.499,2026-02-04 18:58:38.497,-4002.281,50.028194427490234,0
2026-02-04 18:58:30.000,2026-02-04 18:58:40.000,477,2026-02-04 18:58:42.600,2026-02-04 18:58:38.505,-4094.914,60.00737380981445,0
2026-02-04 18:58:30.000,2026-02-04 18:58:40.000,2108,2026-02-04 18:58:42.600,2026-02-04 18:58:38.516,-4083.990,60.008522033691406,0
2026-02-04 18:58:30.000,2026-02-04 18:58:40.000,2423,2026-02-04 18:58:42.520,2026-02-04 18:58:38.518,-4001.993,50.029197692871094,0
2026-02-04 18:58:30.000,2026-02-04 18:58:40.000,477,2026-02-04 18:58:42.616,2026-02-04 18:58:38.521,-4095.658,60.008148193359375,0
2026-02-04 18:58:30.000,2026-02-04 18:58:40.000,2108,2026-02-04 18:58:42.616,2026-02-04 18:58:38.533,-4083.632,60.00575256347656,0
2026-02-04 18:58:30.000,2026-02-04 18:58:40.000,2423,2026-02-04 18:58:42.540,2026-02-04 18:58:38.538,-4001.965,50.031959533691406,0
2026-02-04 18:58:30.000,2026-02-04 18:58:40.000,477,2026-02-04 18:58:42.633,2026-02-04 18:58:38.538,-4095.284,60.008304595947266,0
2026-02-04 18:58:30.000,2026-02-04 18:58:40.000,2108,2026-02-04 18:58:42.633,2026-02-04 18:58:38.545,-4087.766,60.004737854003906,0
2026-02-04 18:58:30.000,2026-02-04 18:58:40.000,477,2026-02-04 18:58:42.650,2026-02-04 18:58:38.553,-4096.389,60.007102966308594,0
2026-02-04 18:58:30.000,2026-02-04 18:58:40.000,2423,2026-02-04 18:58:42.560,2026-02-04 18:58:38.558,-4001.873,50.03095626831055,0
2026-02-04 18:58:30.000,2026-02-04 18:58:40.000,2108,2026-02-04 18:58:42.650,2026-02-04 18:58:38.562,-4087.337,60.00519561767578,0
2026-02-04 18:58:30.000,2026-02-04 18:58:40.000,477,2026-02-04 18:58:42.666,2026-02-04 18:58:38.571,-4094.944,60.00544738769531,0
2026-02-04 18:58:30.000,2026-02-04 18:58:40.000,2423,2026-02-04 18:58:42.579,2026-02-04 18:58:38.577,-4002.103,50.02888107299805,0
2026-02-04 18:58:30.000,2026-02-04 18:58:40.000,2108,2026-02-04 18:58:42.666,2026-02-04 18:58:38.578,-4087.772,60.006065368652344,0
2026-02-04 18:58:30.000,2026-02-04 18:58:40.000,477,2026-02-04 18:58:42.683,2026-02-04 18:58:38.588,-4095.163,60.00543212890625,0
2026-02-04 18:58:30.000,2026-02-04 18:58:40.000,2108,2026-02-04 18:58:42.683,2026-02-04 18:58:38.596,-4086.655,60.00674057006836,0
2026-02-04 18:58:30.000,2026-02-04 18:58:40.000,2423,2026-02-04 18:58:42.600,2026-02-04 18:58:38.598,-4001.895,50.02980041503906,0
2026-02-04 18:58:30.000,2026-02-04 18:58:40.000,477,2026-02-04 18:58:42.700,2026-02-04 18:58:38.604,-4095.395,60.00666427612305,0
2026-02-04 18:58:30.000,2026-02-04 18:58:40.000,2108,2026-02-04 18:58:42.700,2026-02-04 18:58:38.612,-4087.358,60.005374908447266,0
2026-02-04 18:58:30.000,2026-02-04 18:58:40.000,2423,2026-02-04 18:58:42.620,2026-02-04 18:58:38.618,-4001.350,50.031776428222656,0
2026-02-04 18:58:30.000,2026-02-04 18:58:40.000,477,2026-02-04 18:58:42.716,2026-02-04 18:58:38.621,-4095.016,60.0070686340332,0
2026-02-04 18:58:30.000,2026-02-04 18:58:40.000,2108,2026-02-04 18:58:42.716,2026-02-04 18:58:38.628,-4087.937,60.005672454833984,0
2026-02-04 18:58:30.000,2026-02-04 18:58:40.000,2423,2026-02-04 18:58:42.640,2026-02-04 18:58:38.637,-4002.009,50.03119659423828,0
2026-02-04 18:58:30.000,2026-02-04 18:58:40.000,477,2026-02-04 18:58:42.733,2026-02-04 18:58:38.637,-4095.345,60.00709533691406,0
2026-02-04 18:58:30.000,2026-02-04 18:58:40.000,2108,2026-02-04 18:58:42.733,2026-02-04 18:58:38.646,-4087.309,60.00670623779297,0
2026-02-04 18:58:30.000,2026-02-04 18:58:40.000,477,2026-02-04 18:58:42.750,2026-02-04 18:58:38.654,-4095.462,60.00750732421875,0
2026-02-04 18:58:30.000,2026-02-04 18:58:40.000,2423,2026-02-04 18:58:42.659,2026-02-04 18:58:38.657,-4002.459,50.02961730957031,0
2026-02-04 18:58:30.000,2026-02-04 18:58:40.000,2108,2026-02-04 18:58:42.750,2026-02-04 18:58:38.662,-4087.466,60.00700759887695,0
2026-02-04 18:58:30.000,2026-02-04 18:58:40.000,477,2026-02-04 18:58:42.766,2026-02-04 18:58:38.671,-4095.624,60.00728225708008,0
2026-02-04 18:58:30.000,2026-02-04 18:58:40.000,2423,2026-02-04 18:58:42.680,2026-02-04 18:58:38.677,-4002.440,50.02984619140625,0
2026-02-04 18:58:30.000,2026-02-04 18:58:40.000,2108,2026-02-04 18:58:42.766,2026-02-04 18:58:38.679,-4087.114,60.00612258911133,0
2026-02-04 18:58:30.000,2026-02-04 18:58:40.000,477,2026-02-04 18:58:42.783,2026-02-04 18:58:38.693,-4089.751,60.007076263427734,0
2026-02-04 18:58:30.000,2026-02-04 18:58:40.000,2108,2026-02-04 18:58:42.783,2026-02-04 18:58:38.696,-4086.755,60.00425338745117,0
2026-02-04 18:58:30.000,2026-02-04 18:58:40.000,2423,2026-02-04 18:58:42.700,2026-02-04 18:58:38.697,-4002.427,50.03085708618164,0
2026-02-04 18:58:30.000,2026-02-04 18:58:40.000,2108,2026-02-04 18:58:42.800,2026-02-04 18:58:38.712,-4087.323,60.00696563720703,0
2026-02-04 18:58:30.000,2026-02-04 18:58:40.000,477,2026-02-04 18:58:42.800,2026-02-04 18:58:38.717,-4082.316,60.00759506225586,0
2026-02-04 18:58:30.000,2026-02-04 18:58:40.000,2423,2026-02-04 18:58:42.720,2026-02-04 18:58:38.718,-4001.317,50.02995300292969,0
2026-02-04 18:58:30.000,2026-02-04 18:58:40.000,477,2026-02-04 18:58:42.816,2026-02-04 18:58:38.728,-4087.929,60.00767517089844,0
2026-02-04 18:58:30.000,2026-02-04 18:58:40.000,2108,2026-02-04 18:58:42.816,2026-02-04 18:58:38.728,-4087.929,60.01131820678711,0
2026-02-04 18:58:30.000,2026-02-04 18:58:40.000,2423,2026-02-04 18:58:42.739,2026-02-04 18:58:38.738,-4001.791,50.028053283691406,0
2026-02-04 18:58:30.000,2026-02-04 18:58:40.000,477,2026-02-04 18:58:42.833,2026-02-04 18:58:38.744,-4088.616,60.0072135925293,0
2026-02-04 18:58:30.000,2026-02-04 18:58:40.000,2108,2026-02-04 18:58:42.833,2026-02-04 18:58:38.745,-4087.617,60.010581970214844,0
2026-02-04 18:58:30.000,2026-02-04 18:58:40.000,477,2026-02-04 18:58:42.850,2026-02-04 18:58:38.754,-4095.780,60.007389068603516,0
2026-02-04 18:58:30.000,2026-02-04 18:58:40.000,2423,2026-02-04 18:58:42.760,2026-02-04 18:58:38.758,-4001.781,50.02824783325195,0
2026-02-04 18:58:30.000,2026-02-04 18:58:40.000,2108,2026-02-04 18:58:42.850,2026-02-04 18:58:38.762,-4087.275,60.00483703613281,0
2026-02-04 18:58:30.000,2026-02-04 18:58:40.000,477,2026-02-04 18:58:42.866,2026-02-04 18:58:38.771,-4094.932,60.00761032104492,0
2026-02-04 18:58:30.000,2026-02-04 18:58:40.000,2423,2026-02-04 18:58:42.780,2026-02-04 18:58:38.778,-4001.769,50.028839111328125,0
2026-02-04 18:58:30.000,2026-02-04 18:58:40.000,2108,2026-02-04 18:58:42.866,2026-02-04 18:58:38.779,-4087.420,60.00282669067383,0
2026-02-04 18:58:30.000,2026-02-04 18:58:40.000,477,2026-02-04 18:58:42.883,2026-02-04 18:58:38.787,-4095.577,60.007442474365234,0
2026-02-04 18:58:30.000,2026-02-04 18:58:40.000,2108,2026-02-04 18:58:42.883,2026-02-04 18:58:38.795,-4087.414,60.00800323486328,0
2026-02-04 18:58:30.000,2026-02-04 18:58:40.000,2423,2026-02-04 18:58:42.800,2026-02-04 18:58:38.797,-4002.082,50.0283317565918,0
2026-02-04 18:58:30.000,2026-02-04 18:58:40.000,477,2026-02-04 18:58:42.899,2026-02-04 18:58:38.804,-4095.656,60.00687789916992,0
2026-02-04 18:58:30.000,2026-02-04 18:58:40.000,2108,2026-02-04 18:58:42.899,2026-02-04 18:58:38.812,-4087.415,60.01101303100586,0
2026-02-04 18:58:30.000,2026-02-04 18:58:40.000,2423,2026-02-04 18:58:42.819,2026-02-04 18:58:38.818,-4001.903,50.028106689453125,0
2026-02-04 18:58:30.000,2026-02-04 18:58:40.000,477,2026-02-04 18:58:42.916,2026-02-04 18:58:38.821,-4095.586,60.00646209716797,0
2026-02-04 18:58:30.000,2026-02-04 18:58:40.000,2108,2026-02-04 18:58:42.916,2026-02-04 18:58:38.828,-4088.067,60.006168365478516,0
2026-02-04 18:58:30.000,2026-02-04 18:58:40.000,2423,2026-02-04 18:58:42.840,2026-02-04 18:58:38.837,-4002.206,50.02977752685547,0
2026-02-04 18:58:30.000,2026-02-04 18:58:40.000,477,2026-02-04 18:58:42.933,2026-02-04 18:58:38.837,-4095.542,60.006954193115234,0
2026-02-04 18:58:30.000,2026-02-04 18:58:40.000,2108,2026-02-04 18:58:42.933,2026-02-04 18:58:38.845,-4087.490,60.00110626220703,0
2026-02-04 18:58:30.000,2026-02-04 18:58:40.000,2423,2026-02-04 18:58:42.860,2026-02-04 18:58:38.858,-4001.956,50.03227233886719,0
2026-02-04 18:58:30.000,2026-02-04 18:58:40.000,2108,2026-02-04 18:58:42.950,2026-02-04 18:58:38.862,-4087.444,60.00379180908203,0
2026-02-04 18:58:30.000,2026-02-04 18:58:40.000,477,2026-02-04 18:58:42.950,2026-02-04 18:58:38.874,-4075.106,60.007118225097656,0
2026-02-04 18:58:30.000,2026-02-04 18:58:40.000,477,2026-02-04 18:58:42.966,2026-02-04 18:58:38.875,-4090.779,60.00660705566406,0
2026-02-04 18:58:30.000,2026-02-04 18:58:40.000,2423,2026-02-04 18:58:42.880,2026-02-04 18:58:38.877,-4002.107,50.03252029418945,0
2026-02-04 18:58:30.000,2026-02-04 18:58:40.000,2108,2026-02-04 18:58:42.966,2026-02-04 18:58:38.878,-4087.779,60.00794219970703,0
2026-02-04 18:58:30.000,2026-02-04 18:58:40.000,477,2026-02-04 18:58:42.983,2026-02-04 18:58:38.888,-4095.012,60.0067024230957,0
2026-02-04 18:58:30.000,2026-02-04 18:58:40.000,2108,2026-02-04 18:58:42.983,2026-02-04 18:58:38.896,-4086.490,60.008628845214844,0
2026-02-04 18:58:30.000,2026-02-04 18:58:40.000,2423,2026-02-04 18:58:42.899,2026-02-04 18:58:38.897,-4002.146,50.03064727783203,0
2026-02-04 18:58:30.000,2026-02-04 18:58:40.000,477,2026-02-04 18:58:43.000,2026-02-04 18:58:38.904,-4095.647,60.00667190551758,0
2026-02-04 18:58:30.000,2026-02-04 18:58:40.000,2108,2026-02-04 18:58:43.000,2026-02-04 18:58:38.911,-4088.533,60.00697708129883,0
2026-02-04 18:58:30.000,2026-02-04 18:58:40.000,2423,2026-02-04 18:58:42.920,2026-02-04 18:58:38.917,-4002.017,50.0285758972168,0
2026-02-04 18:58:30.000,2026-02-04 18:58:40.000,477,2026-02-04 18:58:43.016,2026-02-04 18:58:38.921,-4094.685,60.006404876708984,0
2026-02-04 18:58:30.000,2026-02-04 18:58:40.000,2108,2026-02-04 18:58:43.016,2026-02-04 18:58:38.929,-4087.642,60.003822326660156,0
2026-02-04 18:58:30.000,2026-02-04 18:58:40.000,2423,2026-02-04 18:58:42.940,2026-02-04 18:58:38.938,-4001.963,50.02971649169922,0
2026-02-04 18:58:30.000,2026-02-04 18:58:40.000,477,2026-02-04 18:58:43.033,2026-02-04 18:58:38.938,-4095.283,60.0073127746582,0
2026-02-04 18:58:30.000,2026-02-04 18:58:40.000,2108,2026-02-04 18:58:43.033,2026-02-04 18:58:38.945,-4087.762,60.005157470703125,0
2026-02-04 18:58:30.000,2026-02-04 18:58:40.000,477,2026-02-04 18:58:43.050,2026-02-04 18:58:38.954,-4095.362,60.007144927978516,0
2026-02-04 18:58:30.000,2026-02-04 18:58:40.000,2423,2026-02-04 18:58:42.960,2026-02-04 18:58:38.957,-4002.363,50.03150177001953,0
2026-02-04 18:58:30.000,2026-02-04 18:58:40.000,2108,2026-02-04 18:58:43.050,2026-02-04 18:58:38.961,-4088.363,60.00893020629883,0
2026-02-04 18:58:30.000,2026-02-04 18:58:40.000,477,2026-02-04 18:58:43.066,2026-02-04 18:58:38.970,-4095.991,60.005977630615234,0
2026-02-04 18:58:30.000,2026-02-04 18:58:40.000,2423,2026-02-04 18:58:42.979,2026-02-04 18:58:38.978,-4001.243,50.02974319458008,0
2026-02-04 18:58:30.000,2026-02-04 18:58:40.000,2108,2026-02-04 18:58:43.066,2026-02-04 18:58:38.978,-4087.915,60.00838088989258,0
2026-02-04 18:58:30.000,2026-02-04 18:58:40.000,477,2026-02-04 18:58:43.083,2026-02-04 18:58:38.988,-4095.069,60.00705337524414,0
2026-02-04 18:58:30.000,2026-02-04 18:58:40.000,2108,2026-02-04 18:58:43.083,2026-02-04 18:58:38.995,-4087.552,60.005165100097656,0
2026-02-04 18:58:30.000,2026-02-04 18:58:40.000,2423,2026-02-04 18:58:43.000,2026-02-04 18:58:38.997,-4002.225,50.02997970581055,0
2026-02-04 18:58:30.000,2026-02-04 18:58:40.000,477,2026-02-04 18:58:43.100,2026-02-04 18:58:39.004,-4095.958,60.007781982421875,0
2026-02-04 18:58:30.000,2026-02-04 18:58:40.000,2108,2026-02-04 18:58:43.100,2026-02-04 18:58:39.012,-4087.449,60.00230407714844,0
2026-02-04 18:58:30.000,2026-02-04 18:58:40.000,2423,2026-02-04 18:58:43.020,2026-02-04 18:58:39.017,-4002.059,50.032501220703125,0
2026-02-04 18:58:30.000,2026-02-04 18:58:40.000,477,2026-02-04 18:58:43.116,2026-02-04 18:58:39.021,-4094.722,60.00684356689453,0
2026-02-04 18:58:30.000,2026-02-04 18:58:40.000,2108,2026-02-04 18:58:43.116,2026-02-04 18:58:39.028,-4087.679,60.00360870361328,0
2026-02-04 18:58:30.000,2026-02-04 18:58:40.000,477,2026-02-04 18:58:43.133,2026-02-04 18:58:39.037,-4095.828,60.00680160522461,0
2026-02-04 18:58:30.000,2026-02-04 18:58:40.000,2423,2026-02-04 18:58:43.040,2026-02-04 18:58:39.038,-4001.491,50.03074645996094,0
2026-02-04 18:58:30.000,2026-02-04 18:58:40.000,2108,2026-02-04 18:58:43.133,2026-02-04 18:58:39.046,-4087.317,60.00849533081055,0
2026-02-04 18:58:30.000,2026-02-04 18:58:40.000,477,2026-02-04 18:58:43.150,2026-02-04 18:58:39.054,-4095.467,60.00681686401367,0
2026-02-04 18:58:30.000,2026-02-04 18:58:40.000,2423,2026-02-04 18:58:43.059,2026-02-04 18:58:39.057,-4002.160,50.028526306152344,0
2026-02-04 18:58:30.000,2026-02-04 18:58:40.000,2108,2026-02-04 18:58:43.150,2026-02-04 18:58:39.061,-4088.169,60.00862503051758,0
2026-02-04 18:58:30.000,2026-02-04 18:58:40.000,477,2026-02-04 18:58:43.166,2026-02-04 18:58:39.070,-4095.767,60.0067024230957,0
2026-02-04 18:58:30.000,2026-02-04 18:58:40.000,2423,2026-02-04 18:58:43.080,2026-02-04 18:58:39.078,-4001.630,50.030094146728516,0
2026-02-04 18:58:30.000,2026-02-04 18:58:40.000,2108,2026-02-04 18:58:43.166,2026-02-04 18:58:39.078,-4088.302,60.00423049926758,0
2026-02-04 18:58:30.000,2026-02-04 18:58:40.000,477,2026-02-04 18:58:43.183,2026-02-04 18:58:39.090,-4092.937,60.006778717041016,0
2026-02-04 18:58:30.000,2026-02-04 18:58:40.000,2108,2026-02-04 18:58:43.183,2026-02-04 18:58:39.095,-4087.425,60.004207611083984,0
2026-02-04 18:58:30.000,2026-02-04 18:58:40.000,2423,2026-02-04 18:58:43.100,2026-02-04 18:58:39.097,-4002.096,50.03092956542969,0
2026-02-04 18:58:30.000,2026-02-04 18:58:40.000,477,2026-02-04 18:58:43.200,2026-02-04 18:58:39.105,-4094.553,60.0061149597168,0
2026-02-04 18:58:30.000,2026-02-04 18:58:40.000,2108,2026-02-04 18:58:43.200,2026-02-04 18:58:39.112,-4087.445,60.006046295166016,0
2026-02-04 18:58:30.000,2026-02-04 18:58:40.000,2423,2026-02-04 18:58:43.120,2026-02-04 18:58:39.117,-4002.274,50.02962112426758,0
2026-02-04 18:58:30.000,2026-02-04 18:58:40.000,477,2026-02-04 18:58:43.216,2026-02-04 18:58:39.121,-4094.940,60.00580596923828,0
2026-02-04 18:58:30.000,2026-02-04 18:58:40.000,2108,2026-02-04 18:58:43.216,2026-02-04 18:58:39.129,-4087.424,60.00546646118164,0
2026-02-04 18:58:30.000,2026-02-04 18:58:40.000,2423,2026-02-04 18:58:43.139,2026-02-04 18:58:39.137,-4002.233,50.02783966064453,0
2026-02-04 18:58:30.000,2026-02-04 18:58:40.000,477,2026-02-04 18:58:43.233,2026-02-04 18:58:39.138,-4094.573,60.00665283203125,0
2026-02-04 18:58:30.000,2026-02-04 18:58:40.000,2108,2026-02-04 18:58:43.233,2026-02-04 18:58:39.146,-4086.370,60.00566101074219,0
2026-02-04 18:58:30.000,2026-02-04 18:58:40.000,477,2026-02-04 18:58:43.250,2026-02-04 18:58:39.154,-4095.649,60.00705337524414,0
2026-02-04 18:58:30.000,2026-02-04 18:58:40.000,2423,2026-02-04 18:58:43.160,2026-02-04 18:58:39.157,-4002.599,50.02882766723633,0
2026-02-04 18:58:30.000,2026-02-04 18:58:40.000,2108,2026-02-04 18:58:43.250,2026-02-04 18:58:39.161,-4088.598,60.0070915222168,0
2026-02-04 18:58:30.000,2026-02-04 18:58:40.000,477,2026-02-04 18:58:43.266,2026-02-04 18:58:39.170,-4095.745,60.006534576416016,0
2026-02-04 18:58:30.000,2026-02-04 18:58:40.000,2423,2026-02-04 18:58:43.180,2026-02-04 18:58:39.178,-4001.615,50.031585693359375,0
2026-02-04 18:58:30.000,2026-02-04 18:58:40.000,2108,2026-02-04 18:58:43.266,2026-02-04 18:58:39.178,-4088.271,60.00665283203125,0
2026-02-04 18:58:30.000,2026-02-04 18:58:40.000,477,2026-02-04 18:58:43.283,2026-02-04 18:58:39.187,-4095.495,60.00620651245117,0
2026-02-04 18:58:30.000,2026-02-04 18:58:40.000,2108,2026-02-04 18:58:43.283,2026-02-04 18:58:39.195,-4087.940,60.006771087646484,0
2026-02-04 18:58:30.000,2026-02-04 18:58:40.000,2423,2026-02-04 18:58:43.200,2026-02-04 18:58:39.198,-4001.610,50.030391693115234,0
2026-02-04 18:58:30.000,2026-02-04 18:58:40.000,477,2026-02-04 18:58:43.299,2026-02-04 18:58:39.204,-4095.095,60.006134033203125,0
2026-02-04 18:58:30.000,2026-02-04 18:58:40.000,2108,2026-02-04 18:58:43.299,2026-02-04 18:58:39.211,-4088.547,60.008541107177734,0
2026-02-04 18:58:30.000,2026-02-04 18:58:40.000,2423,2026-02-04 18:58:43.219,2026-02-04 18:58:39.217,-4002.036,50.028350830078125,0
2026-02-04 18:58:30.000,2026-02-04 18:58:40.000,477,2026-02-04 18:58:43.316,2026-02-04 18:58:39.221,-4094.713,60.00619888305664,0
2026-02-04 18:58:30.000,2026-02-04 18:58:40.000,2108,2026-02-04 18:58:43.316,2026-02-04 18:58:39.228,-4088.230,60.00606155395508,0
2026-02-04 18:58:30.000,2026-02-04 18:58:40.000,477,2026-02-04 18:58:43.333,2026-02-04 18:58:39.238,-4094.377,60.00629425048828,0
2026-02-04 18:58:30.000,2026-02-04 18:58:40.000,2423,2026-02-04 18:58:43.240,2026-02-04 18:58:39.238,-4001.041,50.03075408935547,0
2026-02-04 18:58:30.000,2026-02-04 18:58:40.000,2108,2026-02-04 18:58:43.333,2026-02-04 18:58:39.246,-4087.317,60.00407028198242,0
2026-02-04 18:58:30.000,2026-02-04 18:58:40.000,477,2026-02-04 18:58:43.350,2026-02-04 18:58:39.254,-4095.464,60.00590133666992,0
2026-02-04 18:58:30.000,2026-02-04 18:58:40.000,2423,2026-02-04 18:58:43.260,2026-02-04 18:58:39.257,-4002.473,50.03276824951172,0
2026-02-04 18:58:30.000,2026-02-04 18:58:40.000,2108,2026-02-04 18:58:43.350,2026-02-04 18:58:39.262,-4087.466,60.007198333740234,0
2026-02-04 18:58:30.000,2026-02-04 18:58:40.000,477,2026-02-04 18:58:43.366,2026-02-04 18:58:39.271,-4095.627,60.00585174560547,0
2026-02-04 18:58:30.000,2026-02-04 18:58:40.000,2423,2026-02-04 18:58:43.280,2026-02-04 18:58:39.277,-4002.444,50.02928924560547,0
2026-02-04 18:58:30.000,2026-02-04 18:58:40.000,2108,2026-02-04 18:58:43.366,2026-02-04 18:58:39.278,-4088.117,60.009307861328125,0
2026-02-04 18:58:30.000,2026-02-04 18:58:40.000,477,2026-02-04 18:58:43.383,2026-02-04 18:58:39.287,-4095.678,60.0068359375,0
2026-02-04 18:58:30.000,2026-02-04 18:58:40.000,2108,2026-02-04 18:58:43.383,2026-02-04 18:58:39.296,-4087.303,60.008113861083984,0
2026-02-04 18:58:30.000,2026-02-04 18:58:40.000,2423,2026-02-04 18:58:43.299,2026-02-04 18:58:39.298,-4001.959,50.026771545410156,0
2026-02-04 18:58:30.000,2026-02-04 18:58:40.000,477,2026-02-04 18:58:43.400,2026-02-04 18:58:39.304,-4095.454,60.00709533691406,0
2026-02-04 18:58:30.000,2026-02-04 18:58:40.000,2108,2026-02-04 18:58:43.400,2026-02-04 18:58:39.312,-4087.201,60.00535583496094,0
2026-02-04 18:58:30.000,2026-02-04 18:58:40.000,2423,2026-02-04 18:58:43.320,2026-02-04 18:58:39.318,-4001.689,50.029632568359375,0
2026-02-04 18:58:30.000,2026-02-04 18:58:40.000,477,2026-02-04 18:58:43.416,2026-02-04 18:58:39.321,-4095.356,60.00672149658203,0
2026-02-04 18:58:30.000,2026-02-04 18:58:40.000,2108,2026-02-04 18:58:43.416,2026-02-04 18:58:39.328,-4087.841,60.00462341308594,0
2026-02-04 18:58:30.000,2026-02-04 18:58:40.000,477,2026-02-04 18:58:43.433,2026-02-04 18:58:39.337,-4095.440,60.006324768066406,0
2026-02-04 18:58:30.000,2026-02-04 18:58:40.000,2423,2026-02-04 18:58:43.340,2026-02-04 18:58:39.337,-4002.120,50.03248977661133,0
2026-02-04 18:58:30.000,2026-02-04 18:58:40.000,2108,2026-02-04 18:58:43.433,2026-02-04 18:58:39.345,-4087.420,60.0069465637207,0
2026-02-04 18:58:30.000,2026-02-04 18:58:40.000,477,2026-02-04 18:58:43.450,2026-02-04 18:58:39.354,-4095.619,60.005680084228516,0
2026-02-04 18:58:30.000,2026-02-04 18:58:40.000,2423,2026-02-04 18:58:43.360,2026-02-04 18:58:39.357,-4002.619,50.03266143798828,0
2026-02-04 18:58:30.000,2026-02-04 18:58:40.000,2108,2026-02-04 18:58:43.450,2026-02-04 18:58:39.362,-4087.621,60.008087158203125,0
2026-02-04 18:58:30.000,2026-02-04 18:58:40.000,477,2026-02-04 18:58:43.466,2026-02-04 18:58:39.371,-4094.769,60.00592803955078,0
2026-02-04 18:58:30.000,2026-02-04 18:58:40.000,2423,2026-02-04 18:58:43.379,2026-02-04 18:58:39.378,-4001.343,50.03144073486328,0
2026-02-04 18:58:30.000,2026-02-04 18:58:40.000,2108,2026-02-04 18:58:43.466,2026-02-04 18:58:39.378,-4088.015,60.00606155395508,0
2026-02-04 18:58:30.000,2026-02-04 18:58:40.000,477,2026-02-04 18:58:43.483,2026-02-04 18:58:39.389,-4094.326,60.00679016113281,0
2026-02-04 18:58:30.000,2026-02-04 18:58:40.000,2108,2026-02-04 18:58:43.483,2026-02-04 18:58:39.395,-4087.815,60.00545120239258,0
2026-02-04 18:58:30.000,2026-02-04 18:58:40.000,2423,2026-02-04 18:58:43.400,2026-02-04 18:58:39.397,-4002.485,50.02933120727539,0
2026-02-04 18:58:30.000,2026-02-04 18:58:40.000,477,2026-02-04 18:58:43.500,2026-02-04 18:58:39.426,-4073.824,60.0060920715332,0
2026-02-04 18:58:30.000,2026-02-04 18:58:40.000,2108,2026-02-04 18:58:43.500,2026-02-04 18:58:39.428,-4071.824,60.008358001708984,0
2026-02-04 18:58:30.000,2026-02-04 18:58:40.000,2423,2026-02-04 18:58:43.420,2026-02-04 18:58:39.428,-3991.824,50.028743743896484,0
2026-02-04 18:58:30.000,2026-02-04 18:58:40.000,477,2026-02-04 18:58:43.516,2026-02-04 18:58:39.429,-4087.488,60.005062103271484,0
2026-02-04 18:58:30.000,2026-02-04 18:58:40.000,2108,2026-02-04 18:58:43.516,2026-02-04 18:58:39.430,-4086.487,60.010494232177734,0
2026-02-04 18:58:30.000,2026-02-04 18:58:40.000,2423,2026-02-04 18:58:43.440,2026-02-04 18:58:39.442,-3997.305,50.03069305419922,0
2026-02-04 18:58:30.000,2026-02-04 18:58:40.000,477,2026-02-04 18:58:43.533,2026-02-04 18:58:39.442,-4090.641,60.00580596923828,0
2026-02-04 18:58:30.000,2026-02-04 18:58:40.000,2108,2026-02-04 18:58:43.533,2026-02-04 18:58:39.445,-4087.395,60.01154327392578,0
2026-02-04 18:58:30.000,2026-02-04 18:58:40.000,477,2026-02-04 18:58:43.550,2026-02-04 18:58:39.458,-4091.552,60.006465911865234,0
2026-02-04 18:58:30.000,2026-02-04 18:58:40.000,2423,2026-02-04 18:58:43.459,2026-02-04 18:58:39.462,-3997.041,50.0301399230957,0
2026-02-04 18:58:30.000,2026-02-04 18:58:40.000,2108,2026-02-04 18:58:43.550,2026-02-04 18:58:39.462,-4087.049,60.008426666259766,0
2026-02-04 18:58:30.000,2026-02-04 18:58:40.000,477,2026-02-04 18:58:43.566,2026-02-04 18:58:39.472,-4093.709,60.0060920715332,0
2026-02-04 18:58:30.000,2026-02-04 18:58:40.000,2423,2026-02-04 18:58:43.480,2026-02-04 18:58:39.487,-3992.347,50.02751541137695,0
2026-02-04 18:58:30.000,2026-02-04 18:58:40.000,2108,2026-02-04 18:58:43.566,2026-02-04 18:58:39.488,-4078.020,60.00456237792969,0
2026-02-04 18:58:30.000,2026-02-04 18:58:40.000,477,2026-02-04 18:58:43.583,2026-02-04 18:58:39.488,-4094.684,60.005550384521484,0
2026-02-04 18:58:30.000,2026-02-04 18:58:40.000,2108,2026-02-04 18:58:43.583,2026-02-04 18:58:39.495,-4088.173,60.005584716796875,0
2026-02-04 18:58:30.000,2026-02-04 18:58:40.000,2423,2026-02-04 18:58:43.500,2026-02-04 18:58:39.507,-3992.203,50.028465270996094,0
2026-02-04 18:58:30.000,2026-02-04 18:58:40.000,477,2026-02-04 18:58:43.600,2026-02-04 18:58:39.508,-4091.194,60.00541687011719,0
2026-02-04 18:58:30.000,2026-02-04 18:58:40.000,2108,2026-02-04 18:58:43.600,2026-02-04 18:58:39.518,-4081.167,60.00588607788086,0
2026-02-04 18:58:30.000,2026-02-04 18:58:40.000,2423,2026-02-04 18:58:43.520,2026-02-04 18:58:39.518,-4001.167,50.029884338378906,0
2026-02-04 18:58:30.000,2026-02-04 18:58:40.000,477,2026-02-04 18:58:43.616,2026-02-04 18:58:39.527,-4089.323,60.00568389892578,0
2026-02-04 18:58:30.000,2026-02-04 18:58:40.000,2108,2026-02-04 18:58:43.616,2026-02-04 18:58:39.528,-4088.321,60.00480270385742,0
2026-02-04 18:58:30.000,2026-02-04 18:58:40.000,2423,2026-02-04 18:58:43.539,2026-02-04 18:58:39.539,-4000.091,50.030216217041016,0
2026-02-04 18:58:30.000,2026-02-04 18:58:40.000,477,2026-02-04 18:58:43.633,2026-02-04 18:58:39.540,-4092.432,60.00599670410156,0
2026-02-04 18:58:30.000,2026-02-04 18:58:40.000,2108,2026-02-04 18:58:43.633,2026-02-04 18:58:39.549,-4083.402,60.003273010253906,0
2026-02-04 18:58:30.000,2026-02-04 18:58:40.000,477,2026-02-04 18:58:43.650,2026-02-04 18:58:39.554,-4095.633,60.005638122558594,0
2026-02-04 18:58:30.000,2026-02-04 18:58:40.000,2423,2026-02-04 18:58:43.560,2026-02-04 18:58:39.563,-3996.020,50.031856536865234,0
2026-02-04 18:58:30.000,2026-02-04 18:58:40.000,2108,2026-02-04 18:58:43.650,2026-02-04 18:58:39.565,-4084.021,60.00157928466797,0
2026-02-04 18:58:30.000,2026-02-04 18:58:40.000,477,2026-02-04 18:58:43.666,2026-02-04 18:58:39.570,-4095.686,60.00511169433594,0
2026-02-04 18:58:30.000,2026-02-04 18:58:40.000,2423,2026-02-04 18:58:43.580,2026-02-04 18:58:39.578,-4002.004,50.031497955322266,0
2026-02-04 18:58:30.000,2026-02-04 18:58:40.000,2108,2026-02-04 18:58:43.666,2026-02-04 18:58:39.580,-4086.660,60.004329681396484,0
2026-02-04 18:58:30.000,2026-02-04 18:58:40.000,477,2026-02-04 18:58:43.683,2026-02-04 18:58:39.587,-4095.743,60.004913330078125,0
2026-02-04 18:58:30.000,2026-02-04 18:58:40.000,2108,2026-02-04 18:58:43.683,2026-02-04 18:58:39.596,-4086.428,60.00804901123047,0
2026-02-04 18:58:30.000,2026-02-04 18:58:40.000,2423,2026-02-04 18:58:43.600,2026-02-04 18:58:39.597,-4002.100,50.02859115600586,0
2026-02-04 18:58:30.000,2026-02-04 18:58:40.000,477,2026-02-04 18:58:43.699,2026-02-04 18:58:39.604,-4095.537,60.004913330078125,0
2026-02-04 18:58:30.000,2026-02-04 18:58:40.000,2108,2026-02-04 18:58:43.699,2026-02-04 18:58:39.611,-4088.020,60.00532150268555,0
2026-02-04 18:58:30.000,2026-02-04 18:58:40.000,2423,2026-02-04 18:58:43.619,2026-02-04 18:58:39.617,-4002.633,50.02691650390625,0
2026-02-04 18:58:30.000,2026-02-04 18:58:40.000,477,2026-02-04 18:58:43.716,2026-02-04 18:58:39.621,-4095.313,60.00552749633789,0
2026-02-04 18:58:30.000,2026-02-04 18:58:40.000,2108,2026-02-04 18:58:43.716,2026-02-04 18:58:39.628,-4087.802,60.00516128540039,0
2026-02-04 18:58:30.000,2026-02-04 18:58:40.000,2423,2026-02-04 18:58:43.640,2026-02-04 18:58:39.637,-4002.638,50.02882766723633,0
2026-02-04 18:58:30.000,2026-02-04 18:58:40.000,477,2026-02-04 18:58:43.733,2026-02-04 18:58:39.638,-4094.973,60.00632095336914,0
2026-02-04 18:58:30.000,2026-02-04 18:58:40.000,2108,2026-02-04 18:58:43.733,2026-02-04 18:58:39.645,-4087.459,60.011932373046875,0
2026-02-04 18:58:30.000,2026-02-04 18:58:40.000,477,2026-02-04 18:58:43.750,2026-02-04 18:58:39.654,-4095.522,60.006961822509766,0
2026-02-04 18:58:30.000,2026-02-04 18:58:40.000,2423,2026-02-04 18:58:43.660,2026-02-04 18:58:39.657,-4002.529,50.032691955566406,0
2026-02-04 18:58:30.000,2026-02-04 18:58:40.000,2108,2026-02-04 18:58:43.750,2026-02-04 18:58:39.661,-4088.522,60.013389587402344,0
2026-02-04 18:58:30.000,2026-02-04 18:58:40.000,477,2026-02-04 18:58:43.766,2026-02-04 18:58:39.671,-4095.170,60.00648880004883,0
2026-02-04 18:58:30.000,2026-02-04 18:58:40.000,2423,2026-02-04 18:58:43.680,2026-02-04 18:58:39.677,-4002.065,50.031864166259766,0
2026-02-04 18:58:30.000,2026-02-04 18:58:40.000,2108,2026-02-04 18:58:43.766,2026-02-04 18:58:39.678,-4087.739,60.00743865966797,0
2026-02-04 18:58:30.000,2026-02-04 18:58:40.000,477,2026-02-04 18:58:43.783,2026-02-04 18:58:39.688,-4095.196,60.0053596496582,0
2026-02-04 18:58:30.000,2026-02-04 18:58:40.000,2108,2026-02-04 18:58:43.783,2026-02-04 18:58:39.695,-4087.687,60.00278091430664,0
2026-02-04 18:58:30.000,2026-02-04 18:58:40.000,2423,2026-02-04 18:58:43.699,2026-02-04 18:58:39.697,-4002.342,50.02830505371094,0
2026-02-04 18:58:30.000,2026-02-04 18:58:40.000,477,2026-02-04 18:58:43.800,2026-02-04 18:58:39.704,-4095.280,60.00544357299805,0
2026-02-04 18:58:30.000,2026-02-04 18:58:40.000,2108,2026-02-04 18:58:43.800,2026-02-04 18:58:39.711,-4088.770,60.00298309326172,0
2026-02-04 18:58:30.000,2026-02-04 18:58:40.000,2423,2026-02-04 18:58:43.720,2026-02-04 18:58:39.718,-4001.256,50.02952194213867,0
2026-02-04 18:58:30.000,2026-02-04 18:58:40.000,477,2026-02-04 18:58:43.816,2026-02-04 18:58:39.721,-4094.921,60.00627517700195,0
2026-02-04 18:58:30.000,2026-02-04 18:58:40.000,2108,2026-02-04 18:58:43.816,2026-02-04 18:58:39.728,-4087.865,60.00621795654297,0
2026-02-04 18:58:30.000,2026-02-04 18:58:40.000,2423,2026-02-04 18:58:43.740,2026-02-04 18:58:39.738,-4001.799,50.0309944152832,0
2026-02-04 18:58:30.000,2026-02-04 18:58:40.000,477,2026-02-04 18:58:43.833,2026-02-04 18:58:39.738,-4095.119,60.00644302368164,0
2026-02-04 18:58:30.000,2026-02-04 18:58:40.000,2108,2026-02-04 18:58:43.833,2026-02-04 18:58:39.745,-4088.102,60.01028060913086,0
2026-02-04 18:58:30.000,2026-02-04 18:58:40.000,477,2026-02-04 18:58:43.850,2026-02-04 18:58:39.755,-4094.246,60.006263732910156,0
2026-02-04 18:58:30.000,2026-02-04 18:58:40.000,2423,2026-02-04 18:58:43.760,2026-02-04 18:58:39.757,-4002.245,50.02878952026367,0
2026-02-04 18:58:30.000,2026-02-04 18:58:40.000,2108,2026-02-04 18:58:43.850,2026-02-04 18:58:39.761,-4088.024,60.00870132446289,0
2026-02-04 18:58:30.000,2026-02-04 18:58:40.000,477,2026-02-04 18:58:43.866,2026-02-04 18:58:39.771,-4095.599,60.0062141418457,0
2026-02-04 18:58:30.000,2026-02-04 18:58:40.000,2423,2026-02-04 18:58:43.779,2026-02-04 18:58:39.777,-4002.415,50.028690338134766,0
2026-02-04 18:58:30.000,2026-02-04 18:58:40.000,2108,2026-02-04 18:58:43.866,2026-02-04 18:58:39.778,-4088.087,60.00260543823242,0
2026-02-04 18:58:30.000,2026-02-04 18:58:40.000,477,2026-02-04 18:58:43.883,2026-02-04 18:58:39.787,-4095.714,60.00559616088867,0
2026-02-04 18:58:30.000,2026-02-04 18:58:40.000,2423,2026-02-04 18:58:43.800,2026-02-04 18:58:39.797,-4002.003,50.03107833862305,0
2026-02-04 18:58:30.000,2026-02-04 18:58:40.000,2108,2026-02-04 18:58:43.883,2026-02-04 18:58:39.800,-4082.332,60.003238677978516,0
2026-02-04 18:58:30.000,2026-02-04 18:58:40.000,477,2026-02-04 18:58:43.900,2026-02-04 18:58:39.804,-4095.499,60.0047607421875,0
2026-02-04 18:58:30.000,2026-02-04 18:58:40.000,2108,2026-02-04 18:58:43.900,2026-02-04 18:58:39.814,-4085.487,60.00788879394531,0
2026-02-04 18:58:30.000,2026-02-04 18:58:40.000,2423,2026-02-04 18:58:43.820,2026-02-04 18:58:39.817,-4002.486,50.03152847290039,0
2026-02-04 18:58:30.000,2026-02-04 18:58:40.000,477,2026-02-04 18:58:43.916,2026-02-04 18:58:39.822,-4094.148,60.005008697509766,0
2026-02-04 18:58:30.000,2026-02-04 18:58:40.000,2108,2026-02-04 18:58:43.916,2026-02-04 18:58:39.835,-4081.124,60.00918960571289,0
2026-02-04 18:58:30.000,2026-02-04 18:58:40.000,2423,2026-02-04 18:58:43.840,2026-02-04 18:58:39.837,-4002.450,50.02962875366211,0
2026-02-04 18:58:30.000,2026-02-04 18:58:40.000,477,2026-02-04 18:58:43.933,2026-02-04 18:58:39.838,-4094.788,60.006263732910156,0
2026-02-04 18:58:30.000,2026-02-04 18:58:40.000,2108,2026-02-04 18:58:43.933,2026-02-04 18:58:39.845,-4087.487,60.00621032714844,0
2026-02-04 18:58:30.000,2026-02-04 18:58:40.000,477,2026-02-04 18:58:43.950,2026-02-04 18:58:39.854,-4095.643,60.006412506103516,0
2026-02-04 18:58:30.000,2026-02-04 18:58:40.000,2423,2026-02-04 18:58:43.859,2026-02-04 18:58:39.857,-4002.635,50.02937316894531,0
2026-02-04 18:58:30.000,2026-02-04 18:58:40.000,2108,2026-02-04 18:58:43.950,2026-02-04 18:58:39.861,-4088.641,60.00270462036133,0
2026-02-04 18:58:30.000,2026-02-04 18:58:40.000,477,2026-02-04 18:58:43.966,2026-02-04 18:58:39.870,-4095.793,60.005435943603516,0
2026-02-04 18:58:30.000,2026-02-04 18:58:40.000,2423,2026-02-04 18:58:43.880,2026-02-04 18:58:39.877,-4002.079,50.031192779541016,0
2026-02-04 18:58:30.000,2026-02-04 18:58:40.000,2108,2026-02-04 18:58:43.966,2026-02-04 18:58:39.878,-4087.754,60.007171630859375,0
2026-02-04 18:58:30.000,2026-02-04 18:58:40.000,477,2026-02-04 18:58:43.983,2026-02-04 18:58:39.888,-4095.288,60.00532150268555,0
2026-02-04 18:58:30.000,2026-02-04 18:58:40.000,2108,2026-02-04 18:58:43.983,2026-02-04 18:58:39.896,-4086.773,60.010887145996094,0
2026-02-04 18:58:30.000,2026-02-04 18:58:40.000,2423,2026-02-04 18:58:43.900,2026-02-04 18:58:39.897,-4002.450,50.02988815307617,0
2026-02-04 18:58:30.000,2026-02-04 18:58:40.000,477,2026-02-04 18:58:44.000,2026-02-04 18:58:39.904,-4095.331,60.00566482543945,0
2026-02-04 18:58:30.000,2026-02-04 18:58:40.000,2108,2026-02-04 18:58:44.000,2026-02-04 18:58:39.912,-4087.320,60.00477981567383,0
2026-02-04 18:58:30.000,2026-02-04 18:58:40.000,2423,2026-02-04 18:58:43.920,2026-02-04 18:58:39.917,-4002.309,50.02716064453125,0
2026-02-04 18:58:30.000,2026-02-04 18:58:40.000,477,2026-02-04 18:58:44.016,2026-02-04 18:58:39.921,-4094.977,60.00615310668945,0
2026-02-04 18:58:30.000,2026-02-04 18:58:40.000,2108,2026-02-04 18:58:44.016,2026-02-04 18:58:39.929,-4087.463,60.00282287597656,0
2026-02-04 18:58:30.000,2026-02-04 18:58:40.000,477,2026-02-04 18:58:44.033,2026-02-04 18:58:39.937,-4095.434,60.006935119628906,0
2026-02-04 18:58:30.000,2026-02-04 18:58:40.000,2423,2026-02-04 18:58:43.939,2026-02-04 18:58:39.937,-4002.098,50.02846908569336,0
2026-02-04 18:58:30.000,2026-02-04 18:58:40.000,2108,2026-02-04 18:58:44.033,2026-02-04 18:58:39.945,-4087.376,60.0094108581543,0
2026-02-04 18:58:30.000,2026-02-04 18:58:40.000,477,2026-02-04 18:58:44.050,2026-02-04 18:58:39.954,-4095.614,60.00703430175781,0
2026-02-04 18:58:30.000,2026-02-04 18:58:40.000,2423,2026-02-04 18:58:43.960,2026-02-04 18:58:39.958,-4001.612,50.03056716918945,0
2026-02-04 18:58:30.000,2026-02-04 18:58:40.000,2108,2026-02-04 18:58:44.050,2026-02-04 18:58:39.961,-4088.102,60.01130294799805,0
2026-02-04 18:58:30.000,2026-02-04 18:58:40.000,477,2026-02-04 18:58:44.066,2026-02-04 18:58:39.971,-4095.486,60.006813049316406,0
2026-02-04 18:58:30.000,2026-02-04 18:58:40.000,2423,2026-02-04 18:58:43.980,2026-02-04 18:58:39.978,-4001.312,50.03089141845703,0
2026-02-04 18:58:30.000,2026-02-04 18:58:40.000,2108,2026-02-04 18:58:44.066,2026-02-04 18:58:39.978,-4087.968,60.00627136230469,0
2026-02-04 18:58:30.000,2026-02-04 18:58:40.000,477,2026-02-04 18:58:44.083,2026-02-04 18:58:39.987,-4095.470,60.006893157958984,0
2026-02-04 18:58:30.000,2026-02-04 18:58:40.000,2108,2026-02-04 18:58:44.083,2026-02-04 18:58:39.995,-4087.363,60.00107192993164,0
2026-02-04 18:58:30.000,2026-02-04 18:58:40.000,2423,2026-02-04 18:58:44.000,2026-02-04 18:58:39.997,-4002.035,50.0301399230957,0
