window_start_utc,window_end_utc,ppa,utc_measurement,utc_arrival,delta_ms,value,flags
2026-02-04 18:57:50.000,2026-02-04 18:58:00.000,477,2026-02-04 18:57:54.099,2026-02-04 18:57:50.004,-4095.459,59.98403549194336,0
2026-02-04 18:57:50.000,2026-02-04 18:58:00.000,2108,2026-02-04 18:57:54.099,2026-02-04 18:57:50.031,-4068.429,59.98381423950195,0
2026-02-04 18:57:50.000,2026-02-04 18:58:00.000,2423,2026-02-04 18:57:54.019,2026-02-04 18:57:50.032,-3987.430,50.03099060058594,0
2026-02-04 18:57:50.000,2026-02-04 18:58:00.000,477,2026-02-04 18:57:54.116,2026-02-04 18:57:50.032,-4084.110,59.98502731323242,0
2026-02-04 18:57:50.000,2026-02-04 18:58:00.000,2108,2026-02-04 18:57:54.116,2026-02-04 18:57:50.032,-4084.110,59.98468017578125,0
2026-02-04 18:57:50.000,2026-02-04 18:58:00.000,477,2026-02-04 18:57:54.133,2026-02-04 18:57:50.038,-4095.263,59.985435485839844,0
2026-02-04 18:57:50.000,2026-02-04 18:58:00.000,2423,2026-02-04 18:57:54.040,2026-02-04 18:57:50.038,-4001.927,50.03061294555664,0
2026-02-04 18:57:50.000,2026-02-04 18:58:00.000,2108,2026-02-04 18:57:54.133,2026-02-04 18:57:50.045,-4087.752,59.987060546875,0
2026-02-04 18:57:50.000,2026-02-04 18:58:00.000,477,2026-02-04 18:57:54.150,2026-02-04 18:57:50.054,-4095.240,59.98546600341797,0
2026-02-04 18:57:50.000,2026-02-04 18:58:00.000,2423,2026-02-04 18:57:54.060,2026-02-04 18:57:50.058,-4001.252,50.03033447265625,0
2026-02-04 18:57:50.000,2026-02-04 18:58:00.000,2108,2026-02-04 18:57:54.150,2026-02-04 18:57:50.061,-4088.243,59.987789154052734,0
2026-02-04 18:57:50.000,2026-02-04 18:58:00.000,477,2026-02-04 18:57:54.166,2026-02-04 18:57:50.071,-4095.397,59.98502731323242,0
2026-02-04 18:57:50.000,2026-02-04 18:58:00.000,2423,2026-02-04 18:57:54.080,2026-02-04 18:57:50.077,-4002.207,50.029876708984375,0
2026-02-04 18:57:50.000,2026-02-04 18:58:00.000,2108,2026-02-04 18:57:54.166,2026-02-04 18:57:50.078,-4087.879,59.985557556152344,0
2026-02-04 18:57:50.000,2026-02-04 18:58:00.000,477,2026-02-04 18:57:54.183,2026-02-04 18:57:50.088,-4094.903,59.984840393066406,0
2026-02-04 18:57:50.000,2026-02-04 18:58:00.000,2108,2026-02-04 18:57:54.183,2026-02-04 18:57:50.095,-4087.636,59.9842414855957,0
2026-02-04 18:57:50.000,2026-02-04 18:58:00.000,2423,2026-02-04 18:57:54.099,2026-02-04 18:57:50.098,-4001.733,50.02978515625,0
2026-02-04 18:57:50.000,2026-02-04 18:58:00.000,477,2026-02-04 18:57:54.200,2026-02-04 18:57:50.104,-4095.298,59.985591888427734,0
2026-02-04 18:57:50.000,2026-02-04 18:58:00.000,2108,2026-02-04 18:57:54.200,2026-02-04 18:57:50.111,-4088.294,59.985164642333984,0
2026-02-04 18:57:50.000,2026-02-04 18:58:00.000,2423,2026-02-04 18:57:54.120,2026-02-04 18:57:50.118,-4001.779,50.03087615966797,0
2026-02-04 18:57:50.000,2026-02-04 18:58:00.000,477,2026-02-04 18:57:54.216,2026-02-04 18:57:50.121,-4095.448,59.98606872558594,0
2026-02-04 18:57:50.000,2026-02-04 18:58:00.000,2108,2026-02-04 18:57:54.216,2026-02-04 18:57:50.129,-4087.266,59.985679626464844,0
2026-02-04 18:57:50.000,2026-02-04 18:58:00.000,477,2026-02-04 18:57:54.233,2026-02-04 18:57:50.138,-4094.819,59.98615264892578,0
2026-02-04 18:57:50.000,2026-02-04 18:58:00.000,2423,2026-02-04 18:57:54.140,2026-02-04 18:57:50.138,-4001.499,50.03193283081055,0
2026-02-04 18:57:50.000,2026-02-04 18:58:00.000,2108,2026-02-04 18:57:54.233,2026-02-04 18:57:50.145,-4087.647,59.987693786621094,0
2026-02-04 18:57:50.000,2026-02-04 18:58:00.000,477,2026-02-04 18:57:54.250,2026-02-04 18:57:50.155,-4094.801,59.9866828918457,0
2026-02-04 18:57:50.000,2026-02-04 18:58:00.000,2423,2026-02-04 18:57:54.160,2026-02-04 18:57:50.158,-4001.801,50.0322380065918,0
2026-02-04 18:57:50.000,2026-02-04 18:58:00.000,2108,2026-02-04 18:57:54.250,2026-02-04 18:57:50.163,-4086.783,59.98850631713867,0
2026-02-04 18:57:50.000,2026-02-04 18:58:00.000,477,2026-02-04 18:57:54.266,2026-02-04 18:57:50.170,-4095.815,59.986549377441406,0
2026-02-04 18:57:50.000,2026-02-04 18:58:00.000,2423,2026-02-04 18:57:54.179,2026-02-04 18:57:50.178,-4001.628,50.0308723449707,0
2026-02-04 18:57:50.000,2026-02-04 18:58:00.000,2108,2026-02-04 18:57:54.266,2026-02-04 18:57:50.179,-4087.299,59.982887268066406,0
2026-02-04 18:57:50.000,2026-02-04 18:58:00.000,477,2026-02-04 18:57:54.283,2026-02-04 18:57:50.189,-4094.327,59.985904693603516,0
2026-02-04 18:57:50.000,2026-02-04 18:58:00.000,2108,2026-02-04 18:57:54.283,2026-02-04 18:57:50.195,-4087.716,59.98130416870117,0
2026-02-04 18:57:50.000,2026-02-04 18:58:00.000,2423,2026-02-04 18:57:54.200,2026-02-04 18:57:50.198,-4001.388,50.028255462646484,0
2026-02-04 18:57:50.000,2026-02-04 18:58:00.000,477,2026-02-04 18:57:54.300,2026-02-04 18:57:50.206,-4093.888,59.9859504699707,0
2026-02-04 18:57:50.000,2026-02-04 18:58:00.000,2108,2026-02-04 18:57:54.300,2026-02-04 18:57:50.212,-4087.889,59.9857177734375,0
2026-02-04 18:57:50.000,2026-02-04 18:58:00.000,2423,2026-02-04 18:57:54.220,2026-02-04 18:57:50.217,-4002.377,50.02897262573242,0
2026-02-04 18:57:50.000,2026-02-04 18:58:00.000,477,2026-02-04 18:57:54.316,2026-02-04 18:57:50.221,-4095.044,59.98585891723633,0
2026-02-04 18:57:50.000,2026-02-04 18:58:00.000,2108,2026-02-04 18:57:54.316,2026-02-04 18:57:50.228,-4087.974,59.986759185791016,0
2026-02-04 18:57:50.000,2026-02-04 18:58:00.000,2423,2026-02-04 18:57:54.240,2026-02-04 18:57:50.238,-4001.787,50.03135681152344,0
2026-02-04 18:57:50.000,2026-02-04 18:58:00.000,477,2026-02-04 18:57:54.333,2026-02-04 18:57:50.238,-4095.124,59.98539352416992,0
2026-02-04 18:57:50.000,2026-02-04 18:58:00.000,2108,2026-02-04 18:57:54.333,2026-02-04 18:57:50.245,-4087.997,59.98427200317383,0
2026-02-04 18:57:50.000,2026-02-04 18:58:00.000,477,2026-02-04 18:57:54.350,2026-02-04 18:57:50.254,-4095.637,59.98535919189453,0
2026-02-04 18:57:50.000,2026-02-04 18:58:00.000,2423,2026-02-04 18:57:54.259,2026-02-04 18:57:50.258,-4001.629,50.0303955078125,0
2026-02-04 18:57:50.000,2026-02-04 18:58:00.000,2108,2026-02-04 18:57:54.350,2026-02-04 18:57:50.262,-4087.636,59.9834098815918,0
2026-02-04 18:57:50.000,2026-02-04 18:58:00.000,477,2026-02-04 18:57:54.366,2026-02-04 18:57:50.271,-4094.792,59.98581314086914,0
2026-02-04 18:57:50.000,2026-02-04 18:58:00.000,2423,2026-02-04 18:57:54.280,2026-02-04 18:57:50.279,-4000.606,50.030357360839844,0
2026-02-04 18:57:50.000,2026-02-04 18:58:00.000,2108,2026-02-04 18:57:54.366,2026-02-04 18:57:50.280,-4086.280,59.9852294921875,0
2026-02-04 18:57:50.000,2026-02-04 18:58:00.000,477,2026-02-04 18:57:54.383,2026-02-04 18:57:50.287,-4095.900,59.98583221435547,0
2026-02-04 18:57:50.000,2026-02-04 18:58:00.000,2108,2026-02-04 18:57:54.383,2026-02-04 18:57:50.295,-4087.863,59.9870491027832,0
2026-02-04 18:57:50.000,2026-02-04 18:58:00.000,2423,2026-02-04 18:57:54.300,2026-02-04 18:57:50.298,-4001.534,50.03237533569336,0
2026-02-04 18:57:50.000,2026-02-04 18:58:00.000,477,2026-02-04 18:57:54.400,2026-02-04 18:57:50.304,-4095.326,59.98517608642578,0
2026-02-04 18:57:50.000,2026-02-04 18:58:00.000,2108,2026-02-04 18:57:54.400,2026-02-04 18:57:50.314,-4085.810,59.987525939941406,0
2026-02-04 18:57:50.000,2026-02-04 18:58:00.000,2423,2026-02-04 18:57:54.320,2026-02-04 18:57:50.318,-4001.812,50.03240203857422,0
2026-02-04 18:57:50.000,2026-02-04 18:58:00.000,477,2026-02-04 18:57:54.416,2026-02-04 18:57:50.322,-4094.472,59.98503494262695,0
2026-02-04 18:57:50.000,2026-02-04 18:58:00.000,2108,2026-02-04 18:57:54.416,2026-02-04 18:57:50.329,-4087.432,59.98530578613281,0
2026-02-04 18:57:50.000,2026-02-04 18:58:00.000,477,2026-02-04 18:57:54.433,2026-02-04 18:57:50.337,-4095.527,59.98584747314453,0
2026-02-04 18:57:50.000,2026-02-04 18:58:00.000,2423,2026-02-04 18:57:54.339,2026-02-04 18:57:50.338,-4001.192,50.030799865722656,0
2026-02-04 18:57:50.000,2026-02-04 18:58:00.000,2108,2026-02-04 18:57:54.433,2026-02-04 18:57:50.345,-4087.453,59.98451232910156,0
2026-02-04 18:57:50.000,2026-02-04 18:58:00.000,477,2026-02-04 18:57:54.450,2026-02-04 18:57:50.354,-4095.608,59.986629486083984,0
2026-02-04 18:57:50.000,2026-02-04 18:58:00.000,2423,2026-02-04 18:57:54.360,2026-02-04 18:57:50.358,-4001.610,50.029056549072266,0
2026-02-04 18:57:50.000,2026-02-04 18:58:00.000,2108,2026-02-04 18:57:54.450,2026-02-04 18:57:50.362,-4087.612,59.98717498779297,0
2026-02-04 18:57:50.000,2026-02-04 18:58:00.000,477,2026-02-04 18:57:54.466,2026-02-04 18:57:50.371,-4095.434,59.98631286621094,0
2026-02-04 18:57:50.000,2026-02-04 18:58:00.000,2423,2026-02-04 18:57:54.380,2026-02-04 18:57:50.378,-4001.733,50.02915954589844,0
2026-02-04 18:57:50.000,2026-02-04 18:58:00.000,2108,2026-02-04 18:57:54.466,2026-02-04 18:57:50.379,-4087.392,59.986576080322266,0
2026-02-04 18:57:50.000,2026-02-04 18:58:00.000,477,2026-02-04 18:57:54.483,2026-02-04 18:57:50.388,-4094.854,59.98582458496094,0
2026-02-04 18:57:50.000,2026-02-04 18:58:00.000,2108,2026-02-04 18:57:54.483,2026-02-04 18:57:50.396,-4086.829,59.98338317871094,0
2026-02-04 18:57:50.000,2026-02-04 18:58:00.000,2423,2026-02-04 18:57:54.400,2026-02-04 18:57:50.398,-4001.499,50.03136444091797,0
2026-02-04 18:57:50.000,2026-02-04 18:58:00.000,477,2026-02-04 18:57:54.499,2026-02-04 18:57:50.404,-4095.344,59.98603057861328,0
2026-02-04 18:57:50.000,2026-02-04 18:58:00.000,2108,2026-02-04 18:57:54.499,2026-02-04 18:57:50.413,-4086.344,59.981388092041016,0
2026-02-04 18:57:50.000,2026-02-04 18:58:00.000,2423,2026-02-04 18:57:54.419,2026-02-04 18:57:50.417,-4002.291,50.03226089477539,0
2026-02-04 18:57:50.000,2026-02-04 18:58:00.000,477,2026-02-04 18:57:54.516,2026-02-04 18:57:50.421,-4094.968,59.98632049560547,0
2026-02-04 18:57:50.000,2026-02-04 18:58:00.000,2108,2026-02-04 18:57:54.516,2026-02-04 18:57:50.429,-4087.450,59.983394622802734,0
2026-02-04 18:57:50.000,2026-02-04 18:58:00.000,477,2026-02-04 18:57:54.533,2026-02-04 18:57:50.438,-4094.960,59.986698150634766,0
2026-02-04 18:57:50.000,2026-02-04 18:58:00.000,2423,2026-02-04 18:57:54.440,2026-02-04 18:57:50.438,-4001.624,50.02952194213867,0
2026-02-04 18:57:50.000,2026-02-04 18:58:00.000,2108,2026-02-04 18:57:54.533,2026-02-04 18:57:50.445,-4087.451,59.9887809753418,0
2026-02-04 18:57:50.000,2026-02-04 18:58:00.000,477,2026-02-04 18:57:54.550,2026-02-04 18:57:50.455,-4094.600,59.98738098144531,0
2026-02-04 18:57:50.000,2026-02-04 18:58:00.000,2423,2026-02-04 18:57:54.460,2026-02-04 18:57:50.458,-4001.610,50.028900146484375,0
2026-02-04 18:57:50.000,2026-02-04 18:58:00.000,2108,2026-02-04 18:57:54.550,2026-02-04 18:57:50.462,-4087.598,59.99092483520508,0
2026-02-04 18:57:50.000,2026-02-04 18:58:00.000,477,2026-02-04 18:57:54.566,2026-02-04 18:57:50.471,-4095.012,59.98671340942383,0
2026-02-04 18:57:50.000,2026-02-04 18:58:00.000,2423,2026-02-04 18:57:54.480,2026-02-04 18:57:50.478,-4001.830,50.032066345214844,0
2026-02-04 18:57:50.000,2026-02-04 18:58:00.000,2108,2026-02-04 18:57:54.566,2026-02-04 18:57:50.479,-4087.502,59.98667907714844,0
2026-02-04 18:57:50.000,2026-02-04 18:58:00.000,477,2026-02-04 18:57:54.583,2026-02-04 18:57:50.487,-4096.100,59.98552703857422,0
2026-02-04 18:57:50.000,2026-02-04 18:58:00.000,2108,2026-02-04 18:57:54.583,2026-02-04 18:57:50.496,-4087.076,59.98454666137695,0
2026-02-04 18:57:50.000,2026-02-04 18:58:00.000,2423,2026-02-04 18:57:54.499,2026-02-04 18:57:50.498,-4001.732,50.0320930480957,0
2026-02-04 18:57:50.000,2026-02-04 18:58:00.000,477,2026-02-04 18:57:54.600,2026-02-04 18:57:50.504,-4095.230,59.98625183105469,0
2026-02-04 18:57:50.000,2026-02-04 18:58:00.000,2108,2026-02-04 18:57:54.600,2026-02-04 18:57:50.630,-3969.921,59.988712310791016,0
2026-02-04 18:57:50.000,2026-02-04 18:58:00.000,477,2026-02-04 18:57:54.616,2026-02-04 18:57:50.630,-3986.585,59.986454010009766,0
2026-02-04 18:57:50.000,2026-02-04 18:58:00.000,2108,2026-02-04 18:57:54.616,2026-02-04 18:57:50.641,-3975.075,59.98874282836914,0
2026-02-04 18:57:50.000,2026-02-04 18:58:00.000,477,2026-02-04 18:57:54.633,2026-02-04 18:57:50.641,-3991.739,59.98550796508789,0
2026-02-04 18:57:50.000,2026-02-04 18:58:00.000,2108,2026-02-04 18:57:54.633,2026-02-04 18:57:50.642,-3990.739,59.98493957519531,0
2026-02-04 18:57:50.000,2026-02-04 18:58:00.000,477,2026-02-04 18:57:54.650,2026-02-04 18:57:50.642,-4007.411,59.985565185546875,0
2026-02-04 18:57:50.000,2026-02-04 18:58:00.000,2108,2026-02-04 18:57:54.650,2026-02-04 18:57:50.642,-4007.411,59.9836540222168,0
2026-02-04 18:57:50.000,2026-02-04 18:58:00.000,477,2026-02-04 18:57:54.666,2026-02-04 18:57:50.642,-4024.075,59.98622131347656,0
2026-02-04 18:57:50.000,2026-02-04 18:58:00.000,2108,2026-02-04 18:57:54.666,2026-02-04 18:57:50.643,-4023.075,59.985382080078125,0
2026-02-04 18:57:50.000,2026-02-04 18:58:00.000,2108,2026-02-04 18:57:54.683,2026-02-04 18:57:50.643,-4039.739,59.98886489868164,0
2026-02-04 18:57:50.000,2026-02-04 18:58:00.000,477,2026-02-04 18:57:54.683,2026-02-04 18:57:50.643,-4039.739,59.98667526245117,0
2026-02-04 18:57:50.000,2026-02-04 18:58:00.000,2108,2026-02-04 18:57:54.700,2026-02-04 18:57:50.644,-4055.357,59.99042510986328,0
2026-02-04 18:57:50.000,2026-02-04 18:58:00.000,477,2026-02-04 18:57:54.700,2026-02-04 18:57:50.644,-4055.357,59.98704147338867,0
2026-02-04 18:57:50.000,2026-02-04 18:58:00.000,477,2026-02-04 18:57:54.716,2026-02-04 18:57:50.644,-4072.021,59.98642349243164,0
2026-02-04 18:57:50.000,2026-02-04 18:58:00.000,2108,2026-02-04 18:57:54.716,2026-02-04 18:57:50.645,-4071.020,59.98659896850586,0
2026-02-04 18:57:50.000,2026-02-04 18:58:00.000,2423,2026-02-04 18:57:54.520,2026-02-04 18:57:50.645,-3874.348,50.02944564819336,0
2026-02-04 18:57:50.000,2026-02-04 18:58:00.000,2423,2026-02-04 18:57:54.540,2026-02-04 18:57:50.646,-3893.356,50.02870178222656,0
2026-02-04 18:57:50.000,2026-02-04 18:58:00.000,2423,2026-02-04 18:57:54.560,2026-02-04 18:57:50.646,-3913.348,50.030517578125,0
2026-02-04 18:57:50.000,2026-02-04 18:58:00.000,2423,2026-02-04 18:57:54.579,2026-02-04 18:57:50.648,-3931.340,50.031776428222656,0
2026-02-04 18:57:50.000,2026-02-04 18:58:00.000,2423,2026-02-04 18:57:54.600,2026-02-04 18:57:50.648,-3951.348,50.03036117553711,0
2026-02-04 18:57:50.000,2026-02-04 18:58:00.000,2423,2026-02-04 18:57:54.620,2026-02-04 18:57:50.649,-3970.359,50.0294075012207,0
2026-02-04 18:57:50.000,2026-02-04 18:58:00.000,2423,2026-02-04 18:57:54.640,2026-02-04 18:57:50.649,-3990.351,50.02940368652344,0
2026-02-04 18:57:50.000,2026-02-04 18:58:00.000,477,2026-02-04 18:57:54.733,2026-02-04 18:57:50.649,-4083.687,59.98571014404297,0
2026-02-04 18:57:50.000,2026-02-04 18:58:00.000,2108,2026-02-04 18:57:54.733,2026-02-04 18:57:50.650,-4082.686,59.982688903808594,0
2026-02-04 18:57:50.000,2026-02-04 18:58:00.000,477,2026-02-04 18:57:54.750,2026-02-04 18:57:50.655,-4094.726,59.98640441894531,0
2026-02-04 18:57:50.000,2026-02-04 18:58:00.000,2423,2026-02-04 18:57:54.659,2026-02-04 18:57:50.658,-4001.717,50.0282096862793,0
2026-02-04 18:57:50.000,2026-02-04 18:58:00.000,2108,2026-02-04 18:57:54.750,2026-02-04 18:57:50.662,-4087.728,59.98556900024414,0
2026-02-04 18:57:50.000,2026-02-04 18:58:00.000,477,2026-02-04 18:57:54.766,2026-02-04 18:57:50.671,-4095.287,59.98672103881836,0
2026-02-04 18:57:50.000,2026-02-04 18:58:00.000,2423,2026-02-04 18:57:54.680,2026-02-04 18:57:50.678,-4001.574,50.02849197387695,0
2026-02-04 18:57:50.000,2026-02-04 18:58:00.000,2108,2026-02-04 18:57:54.766,2026-02-04 18:57:50.679,-4087.245,59.989166259765625,0
2026-02-04 18:57:50.000,2026-02-04 18:58:00.000,477,2026-02-04 18:57:54.783,2026-02-04 18:57:50.687,-4095.722,59.98606491088867,0
2026-02-04 18:57:50.000,2026-02-04 18:58:00.000,2108,2026-02-04 18:57:54.783,2026-02-04 18:57:50.695,-4087.682,59.988914489746094,0
2026-02-04 18:57:50.000,2026-02-04 18:58:00.000,2423,2026-02-04 18:57:54.700,2026-02-04 18:57:50.697,-4002.358,50.03010559082031,0
2026-02-04 18:57:50.000,2026-02-04 18:58:00.000,477,2026-02-04 18:57:54.800,2026-02-04 18:57:50.705,-4094.834,59.9857177734375,0
2026-02-04 18:57:50.000,2026-02-04 18:58:00.000,2108,2026-02-04 18:57:54.800,2026-02-04 18:57:50.711,-4088.331,59.98635482788086,0
2026-02-04 18:57:50.000,2026-02-04 18:58:00.000,2423,2026-02-04 18:57:54.720,2026-02-04 18:57:50.718,-4001.810,50.030113220214844,0
2026-02-04 18:57:50.000,2026-02-04 18:58:00.000,477,2026-02-04 18:57:54.816,2026-02-04 18:57:50.721,-4095.475,59.98642349243164,0
2026-02-04 18:57:50.000,2026-02-04 18:58:00.000,2108,2026-02-04 18:57:54.816,2026-02-04 18:57:50.728,-4087.684,59.985015869140625,0
2026-02-04 18:57:50.000,2026-02-04 18:58:00.000,477,2026-02-04 18:57:54.833,2026-02-04 18:57:50.738,-4094.842,59.98722457885742,0
2026-02-04 18:57:50.000,2026-02-04 18:58:00.000,2423,2026-02-04 18:57:54.739,2026-02-04 18:57:50.738,-4001.506,50.030296325683594,0
2026-02-04 18:57:50.000,2026-02-04 18:58:00.000,2108,2026-02-04 18:57:54.833,2026-02-04 18:57:50.745,-4087.703,59.986412048339844,0
2026-02-04 18:57:50.000,2026-02-04 18:58:00.000,477,2026-02-04 18:57:54.850,2026-02-04 18:57:50.755,-4094.857,59.98666000366211,0
2026-02-04 18:57:50.000,2026-02-04 18:58:00.000,2423,2026-02-04 18:57:54.760,2026-02-04 18:57:50.758,-4001.861,50.02989959716797,0
2026-02-04 18:57:50.000,2026-02-04 18:58:00.000,2108,2026-02-04 18:57:54.850,2026-02-04 18:57:50.762,-4087.859,59.985477447509766,0
2026-02-04 18:57:50.000,2026-02-04 18:58:00.000,477,2026-02-04 18:57:54.866,2026-02-04 18:57:50.771,-4095.007,59.98574447631836,0
2026-02-04 18:57:50.000,2026-02-04 18:58:00.000,2423,2026-02-04 18:57:54.780,2026-02-04 18:57:50.778,-4001.839,50.030155181884766,0
2026-02-04 18:57:50.000,2026-02-04 18:58:00.000,2108,2026-02-04 18:57:54.866,2026-02-04 18:57:50.779,-4087.495,59.98286437988281,0
2026-02-04 18:57:50.000,2026-02-04 18:58:00.000,477,2026-02-04 18:57:54.883,2026-02-04 18:57:50.788,-4095.074,59.986209869384766,0
2026-02-04 18:57:50.000,2026-02-04 18:58:00.000,2108,2026-02-04 18:57:54.883,2026-02-04 18:57:50.795,-4087.728,59.98214340209961,0
2026-02-04 18:57:50.000,2026-02-04 18:58:00.000,2423,2026-02-04 18:57:54.800,2026-02-04 18:57:50.797,-4002.400,50.03236770629883,0
2026-02-04 18:57:50.000,2026-02-04 18:58:00.000,477,2026-02-04 18:57:54.899,2026-02-04 18:57:50.804,-4095.340,59.986228942871094,0
2026-02-04 18:57:50.000,2026-02-04 18:58:00.000,2108,2026-02-04 18:57:54.899,2026-02-04 18:57:50.811,-4088.339,59.98552703857422,0
2026-02-04 18:57:50.000,2026-02-04 18:58:00.000,2423,2026-02-04 18:57:54.819,2026-02-04 18:57:50.819,-4000.815,50.031681060791016,0
2026-02-04 18:57:50.000,2026-02-04 18:58:00.000,477,2026-02-04 18:57:54.916,2026-02-04 18:57:50.822,-4094.494,59.98566818237305,0
2026-02-04 18:57:50.000,2026-02-04 18:58:00.000,2108,2026-02-04 18:57:54.916,2026-02-04 18:57:50.828,-4087.977,59.989559173583984,0
2026-02-04 18:57:50.000,2026-02-04 18:58:00.000,2423,2026-02-04 18:57:54.840,2026-02-04 18:57:50.837,-4002.796,50.02830123901367,0
2026-02-04 18:57:50.000,2026-02-04 18:58:00.000,477,2026-02-04 18:57:54.933,2026-02-04 18:57:50.839,-4093.621,59.986328125,0
2026-02-04 18:57:50.000,2026-02-04 18:58:00.000,2108,2026-02-04 18:57:54.933,2026-02-04 18:57:50.845,-4088.101,59.98863983154297,0
2026-02-04 18:57:50.000,2026-02-04 18:58:00.000,477,2026-02-04 18:57:54.950,2026-02-04 18:57:50.854,-4095.707,59.98658752441406,0
2026-02-04 18:57:50.000,2026-02-04 18:58:00.000,2423,2026-02-04 18:57:54.860,2026-02-04 18:57:50.858,-4001.718,50.02740478515625,0
2026-02-04 18:57:50.000,2026-02-04 18:58:00.000,2108,2026-02-04 18:57:54.950,2026-02-04 18:57:50.862,-4087.709,59.98682403564453,0
2026-02-04 18:57:50.000,2026-02-04 18:58:00.000,477,2026-02-04 18:57:54.966,2026-02-04 18:57:50.871,-4095.204,59.98634338378906,0
2026-02-04 18:57:50.000,2026-02-04 18:58:00.000,2423,2026-02-04 18:57:54.880,2026-02-04 18:57:50.878,-4001.331,50.02938461303711,0
2026-02-04 18:57:50.000,2026-02-04 18:58:00.000,2108,2026-02-04 18:57:54.966,2026-02-04 18:57:50.878,-4088.003,59.987083435058594,0
2026-02-04 18:57:50.000,2026-02-04 18:58:00.000,477,2026-02-04 18:57:54.983,2026-02-04 18:57:50.888,-4095.154,59.98712921142578,0
2026-02-04 18:57:50.000,2026-02-04 18:58:00.000,2108,2026-02-04 18:57:54.983,2026-02-04 18:57:50.895,-4088.132,59.98825454711914,0
2026-02-04 18:57:50.000,2026-02-04 18:58:00.000,2423,2026-02-04 18:57:54.899,2026-02-04 18:57:50.898,-4001.787,50.030189514160156,0
2026-02-04 18:57:50.000,2026-02-04 18:58:00.000,477,2026-02-04 18:57:55.000,2026-02-04 18:57:50.904,-4095.682,59.98758316040039,0
2026-02-04 18:57:50.000,2026-02-04 18:58:00.000,2108,2026-02-04 18:57:55.000,2026-02-04 18:57:50.912,-4087.682,59.989112854003906,0
2026-02-04 18:57:50.000,2026-02-04 18:58:00.000,2423,2026-02-04 18:57:54.920,2026-02-04 18:57:50.918,-4001.517,50.029441833496094,0
2026-02-04 18:57:50.000,2026-02-04 18:58:00.000,477,2026-02-04 18:57:55.016,2026-02-04 18:57:50.921,-4095.185,59.98665237426758,0
2026-02-04 18:57:50.000,2026-02-04 18:58:00.000,2108,2026-02-04 18:57:55.016,2026-02-04 18:57:50.928,-4088.126,59.989173889160156,0
2026-02-04 18:57:50.000,2026-02-04 18:58:00.000,2423,2026-02-04 18:57:54.940,2026-02-04 18:57:50.937,-4002.262,50.028717041015625,0
2026-02-04 18:57:50.000,2026-02-04 18:58:00.000,477,2026-02-04 18:57:55.033,2026-02-04 18:57:50.938,-4094.581,59.986236572265625,0
2026-02-04 18:57:50.000,2026-02-04 18:58:00.000,2108,2026-02-04 18:57:55.033,2026-02-04 18:57:50.945,-4087.550,59.9874382019043,0
2026-02-04 18:57:50.000,2026-02-04 18:58:00.000,477,2026-02-04 18:57:55.050,2026-02-04 18:57:50.955,-4094.713,59.98671340942383,0
2026-02-04 18:57:50.000,2026-02-04 18:58:00.000,2423,2026-02-04 18:57:54.960,2026-02-04 18:57:50.957,-4002.159,50.02846908569336,0
2026-02-04 18:57:50.000,2026-02-04 18:58:00.000,2108,2026-02-04 18:57:55.050,2026-02-04 18:57:50.961,-4088.149,59.98638916015625,0
2026-02-04 18:57:50.000,2026-02-04 18:58:00.000,477,2026-02-04 18:57:55.066,2026-02-04 18:57:50.971,-4095.298,59.986305236816406,0
2026-02-04 18:57:50.000,2026-02-04 18:58:00.000,2423,2026-02-04 18:57:54.979,2026-02-04 18:57:50.979,-4000.139,50.02891159057617,0
2026-02-04 18:57:50.000,2026-02-04 18:58:00.000,2108,2026-02-04 18:57:55.066,2026-02-04 18:57:50.979,-4086.811,59.98910140991211,0
2026-02-04 18:57:50.000,2026-02-04 18:58:00.000,477,2026-02-04 18:57:55.083,2026-02-04 18:57:50.989,-4093.962,59.986515045166016,0
2026-02-04 18:57:50.000,2026-02-04 18:58:00.000,2108,2026-02-04 18:57:55.083,2026-02-04 18:57:50.996,-4086.940,59.99030303955078,0
2026-02-04 18:57:50.000,2026-02-04 18:58:00.000,2423,2026-02-04 18:57:55.000,2026-02-04 18:57:50.998,-4001.612,50.0284423828125,0
2026-02-04 18:57:50.000,2026-02-04 18:58:00.000,477,2026-02-04 18:57:55.100,2026-02-04 18:57:51.004,-4095.501,59.98716354370117,0
2026-02-04 18:57:50.000,2026-02-04 18:58:00.000,2108,2026-02-04 18:57:55.100,2026-02-04 18:57:51.012,-4087.499,59.98679733276367,0
2026-02-04 18:57:50.000,2026-02-04 18:58:00.000,2423,2026-02-04 18:57:55.020,2026-02-04 18:57:51.017,-4002.449,50.027732849121094,0
2026-02-04 18:57:50.000,2026-02-04 18:58:00.000,477,2026-02-04 18:57:55.116,2026-02-04 18:57:51.021,-4095.112,59.98613357543945,0
2026-02-04 18:57:50.000,2026-02-04 18:58:00.000,2108,2026-02-04 18:57:55.116,2026-02-04 18:57:51.029,-4087.008,59.98365783691406,0
2026-02-04 18:57:50.000,2026-02-04 18:58:00.000,2423,2026-02-04 18:57:55.040,2026-02-04 18:57:51.037,-4002.314,50.0289306640625,0
2026-02-04 18:57:50.000,2026-02-04 18:58:00.000,477,2026-02-04 18:57:55.133,2026-02-04 18:57:51.038,-4094.645,59.9853401184082,0
2026-02-04 18:57:50.000,2026-02-04 18:58:00.000,2108,2026-02-04 18:57:55.133,2026-02-04 18:57:51.051,-4081.574,59.98527145385742,0
2026-02-04 18:57:50.000,2026-02-04 18:58:00.000,477,2026-02-04 18:57:55.150,2026-02-04 18:57:51.054,-4095.718,59.986106872558594,0
2026-02-04 18:57:50.000,2026-02-04 18:58:00.000,2423,2026-02-04 18:57:55.059,2026-02-04 18:57:51.058,-4001.709,50.02986145019531,0
2026-02-04 18:57:50.000,2026-02-04 18:58:00.000,2108,2026-02-04 18:57:55.150,2026-02-04 18:57:51.062,-4087.717,59.98842239379883,0
2026-02-04 18:57:50.000,2026-02-04 18:58:00.000,477,2026-02-04 18:57:55.166,2026-02-04 18:57:51.071,-4095.353,59.98659896850586,0
2026-02-04 18:57:50.000,2026-02-04 18:58:00.000,2423,2026-02-04 18:57:55.080,2026-02-04 18:57:51.078,-4001.646,50.02901077270508,0
2026-02-04 18:57:50.000,2026-02-04 18:58:00.000,2108,2026-02-04 18:57:55.166,2026-02-04 18:57:51.079,-4087.318,59.98931884765625,0
2026-02-04 18:57:50.000,2026-02-04 18:58:00.000,477,2026-02-04 18:57:55.183,2026-02-04 18:57:51.088,-4094.846,59.986812591552734,0
2026-02-04 18:57:50.000,2026-02-04 18:58:00.000,2108,2026-02-04 18:57:55.183,2026-02-04 18:57:51.096,-4087.270,59.98762130737305,0
2026-02-04 18:57:50.000,2026-02-04 18:58:00.000,2423,2026-02-04 18:57:55.100,2026-02-04 18:57:51.099,-4000.944,50.028167724609375,0
2026-02-04 18:57:50.000,2026-02-04 18:58:00.000,477,2026-02-04 18:57:55.200,2026-02-04 18:57:51.104,-4095.413,59.987308502197266,0
2026-02-04 18:57:50.000,2026-02-04 18:58:00.000,2108,2026-02-04 18:57:55.200,2026-02-04 18:57:51.112,-4087.409,59.98809051513672,0
2026-02-04 18:57:50.000,2026-02-04 18:58:00.000,2423,2026-02-04 18:57:55.120,2026-02-04 18:57:51.117,-4002.023,50.027748107910156,0
2026-02-04 18:57:50.000,2026-02-04 18:58:00.000,477,2026-02-04 18:57:55.216,2026-02-04 18:57:51.121,-4094.688,59.98722839355469,0
2026-02-04 18:57:50.000,2026-02-04 18:58:00.000,2108,2026-02-04 18:57:55.216,2026-02-04 18:57:51.130,-4086.171,59.99010467529297,0
2026-02-04 18:57:50.000,2026-02-04 18:58:00.000,2423,2026-02-04 18:57:55.139,2026-02-04 18:57:51.137,-4002.400,50.02711486816406,0
2026-02-04 18:57:50.000,2026-02-04 18:58:00.000,477,2026-02-04 18:57:55.233,2026-02-04 18:57:51.138,-4094.735,59.98717498779297,0
2026-02-04 18:57:50.000,2026-02-04 18:58:00.000,2108,2026-02-04 18:57:55.233,2026-02-04 18:57:51.145,-4087.522,59.98902893066406,0
2026-02-04 18:57:50.000,2026-02-04 18:58:00.000,477,2026-02-04 18:57:55.250,2026-02-04 18:57:51.154,-4095.292,59.98712158203125,0
2026-02-04 18:57:50.000,2026-02-04 18:58:00.000,2423,2026-02-04 18:57:55.160,2026-02-04 18:57:51.158,-4001.682,50.02781295776367,0
2026-02-04 18:57:50.000,2026-02-04 18:58:00.000,2108,2026-02-04 18:57:55.250,2026-02-04 18:57:51.170,-4079.167,59.98668670654297,0
2026-02-04 18:57:50.000,2026-02-04 18:58:00.000,2423,2026-02-04 18:57:55.180,2026-02-04 18:57:51.178,-4001.652,50.029273986816406,0
2026-02-04 18:57:50.000,2026-02-04 18:58:00.000,2108,2026-02-04 18:57:55.266,2026-02-04 18:57:51.179,-4087.314,59.98305892944336,0
2026-02-04 18:57:50.000,2026-02-04 18:58:00.000,477,2026-02-04 18:57:55.266,2026-02-04 18:57:51.196,-4070.342,59.986595153808594,0
2026-02-04 18:57:50.000,2026-02-04 18:58:00.000,477,2026-02-04 18:57:55.283,2026-02-04 18:57:51.196,-4086.472,59.98627471923828,0
2026-02-04 18:57:50.000,2026-02-04 18:58:00.000,2108,2026-02-04 18:57:55.283,2026-02-04 18:57:51.197,-4085.907,59.983848571777344,0
2026-02-04 18:57:50.000,2026-02-04 18:58:00.000,2423,2026-02-04 18:57:55.200,2026-02-04 18:57:51.198,-4001.534,50.030086517333984,0
2026-02-04 18:57:50.000,2026-02-04 18:58:00.000,477,2026-02-04 18:57:55.299,2026-02-04 18:57:51.204,-4095.127,59.98656463623047,0
2026-02-04 18:57:50.000,2026-02-04 18:58:00.000,2108,2026-02-04 18:57:55.299,2026-02-04 18:57:51.212,-4087.229,59.9906005859375,0
2026-02-04 18:57:50.000,2026-02-04 18:58:00.000,2423,2026-02-04 18:57:55.219,2026-02-04 18:57:51.221,-3998.649,50.02992630004883,0
2026-02-04 18:57:50.000,2026-02-04 18:58:00.000,477,2026-02-04 18:57:55.316,2026-02-04 18:57:51.221,-4094.786,59.98691940307617,0
2026-02-04 18:57:50.000,2026-02-04 18:58:00.000,2108,2026-02-04 18:57:55.316,2026-02-04 18:57:51.229,-4087.670,59.99229431152344,0
2026-02-04 18:57:50.000,2026-02-04 18:58:00.000,477,2026-02-04 18:57:55.333,2026-02-04 18:57:51.238,-4094.814,59.98723220825195,0
2026-02-04 18:57:50.000,2026-02-04 18:58:00.000,2423,2026-02-04 18:57:55.240,2026-02-04 18:57:51.238,-4001.478,50.0284309387207,0
2026-02-04 18:57:50.000,2026-02-04 18:58:00.000,2108,2026-02-04 18:57:55.333,2026-02-04 18:57:51.245,-4087.680,59.98794937133789,0
2026-02-04 18:57:50.000,2026-02-04 18:58:00.000,477,2026-02-04 18:57:55.350,2026-02-04 18:57:51.255,-4094.833,59.98735809326172,0
2026-02-04 18:57:50.000,2026-02-04 18:58:00.000,2423,2026-02-04 18:57:55.260,2026-02-04 18:57:51.258,-4001.841,50.02842712402344,0
2026-02-04 18:57:50.000,2026-02-04 18:58:00.000,2108,2026-02-04 18:57:55.350,2026-02-04 18:57:51.262,-4087.833,59.98347473144531,0
2026-02-04 18:57:50.000,2026-02-04 18:58:00.000,477,2026-02-04 18:57:55.366,2026-02-04 18:57:51.271,-4095.025,59.987335205078125,0
2026-02-04 18:57:50.000,2026-02-04 18:58:00.000,2423,2026-02-04 18:57:55.280,2026-02-04 18:57:51.278,-4001.844,50.029258728027344,0
2026-02-04 18:57:50.000,2026-02-04 18:58:00.000,2108,2026-02-04 18:57:55.366,2026-02-04 18:57:51.278,-4087.961,59.98466873168945,0
2026-02-04 18:57:50.000,2026-02-04 18:58:00.000,477,2026-02-04 18:57:55.383,2026-02-04 18:57:51.288,-4095.108,59.98794937133789,0
2026-02-04 18:57:50.000,2026-02-04 18:58:00.000,2108,2026-02-04 18:57:55.383,2026-02-04 18:57:51.296,-4087.086,59.989768981933594,0
2026-02-04 18:57:50.000,2026-02-04 18:58:00.000,2423,2026-02-04 18:57:55.299,2026-02-04 18:57:51.298,-4001.738,50.02751159667969,0
2026-02-04 18:57:50.000,2026-02-04 18:58:00.000,477,2026-02-04 18:57:55.400,2026-02-04 18:57:51.304,-4095.241,59.98797607421875,0
2026-02-04 18:57:50.000,2026-02-04 18:58:00.000,2108,2026-02-04 18:57:55.400,2026-02-04 18:57:51.311,-4088.235,59.989566802978516,0
2026-02-04 18:57:50.000,2026-02-04 18:58:00.000,2423,2026-02-04 18:57:55.320,2026-02-04 18:57:51.318,-4001.723,50.0255012512207,0
2026-02-04 18:57:50.000,2026-02-04 18:58:00.000,477,2026-02-04 18:57:55.416,2026-02-04 18:57:51.321,-4094.876,59.98759078979492,0
2026-02-04 18:57:50.000,2026-02-04 18:58:00.000,2108,2026-02-04 18:57:55.416,2026-02-04 18:57:51.331,-4085.360,59.98561096191406,0
2026-02-04 18:57:50.000,2026-02-04 18:58:00.000,2423,2026-02-04 18:57:55.340,2026-02-04 18:57:51.338,-4001.624,50.026832580566406,0
2026-02-04 18:57:50.000,2026-02-04 18:58:00.000,477,2026-02-04 18:57:55.433,2026-02-04 18:57:51.338,-4094.944,59.987545013427734,0
2026-02-04 18:57:50.000,2026-02-04 18:58:00.000,2108,2026-02-04 18:57:55.433,2026-02-04 18:57:51.345,-4087.891,59.98431396484375,0
2026-02-04 18:57:50.000,2026-02-04 18:58:00.000,477,2026-02-04 18:57:55.450,2026-02-04 18:57:51.354,-4095.391,59.986934661865234,0
2026-02-04 18:57:50.000,2026-02-04 18:58:00.000,2423,2026-02-04 18:57:55.360,2026-02-04 18:57:51.358,-4001.386,50.02909851074219,0
2026-02-04 18:57:50.000,2026-02-04 18:58:00.000,2108,2026-02-04 18:57:55.450,2026-02-04 18:57:51.362,-4087.386,59.987281799316406,0
2026-02-04 18:57:50.000,2026-02-04 18:58:00.000,477,2026-02-04 18:57:55.466,2026-02-04 18:57:51.371,-4094.994,59.987144470214844,0
2026-02-04 18:57:50.000,2026-02-04 18:58:00.000,2423,2026-02-04 18:57:55.379,2026-02-04 18:57:51.377,-4002.306,50.02900314331055,0
2026-02-04 18:57:50.000,2026-02-04 18:58:00.000,2108,2026-02-04 18:57:55.466,2026-02-04 18:57:51.378,-4087.972,59.99176025390625,0
2026-02-04 18:57:50.000,2026-02-04 18:58:00.000,477,2026-02-04 18:57:55.483,2026-02-04 18:57:51.387,-4095.618,59.98858642578125,0
2026-02-04 18:57:50.000,2026-02-04 18:58:00.000,2108,2026-02-04 18:57:55.483,2026-02-04 18:57:51.395,-4088.061,59.9897346496582,0
2026-02-04 18:57:50.000,2026-02-04 18:58:00.000,2423,2026-02-04 18:57:55.400,2026-02-04 18:57:51.398,-4001.731,50.027244567871094,0
2026-02-04 18:57:50.000,2026-02-04 18:58:00.000,477,2026-02-04 18:57:55.500,2026-02-04 18:57:51.404,-4095.265,59.98845672607422,0
2026-02-04 18:57:50.000,2026-02-04 18:58:00.000,2108,2026-02-04 18:57:55.500,2026-02-04 18:57:51.411,-4088.267,59.982582092285156,0
2026-02-04 18:57:50.000,2026-02-04 18:58:00.000,2423,2026-02-04 18:57:55.420,2026-02-04 18:57:51.418,-4001.754,50.027339935302734,0
2026-02-04 18:57:50.000,2026-02-04 18:58:00.000,477,2026-02-04 18:57:55.516,2026-02-04 18:57:51.422,-4094.419,59.987403869628906,0
2026-02-04 18:57:50.000,2026-02-04 18:58:00.000,2108,2026-02-04 18:57:55.516,2026-02-04 18:57:51.429,-4087.381,59.98432922363281,0
2026-02-04 18:57:50.000,2026-02-04 18:58:00.000,2423,2026-02-04 18:57:55.440,2026-02-04 18:57:51.438,-4001.548,50.02944564819336,0
2026-02-04 18:57:50.000,2026-02-04 18:58:00.000,477,2026-02-04 18:57:55.533,2026-02-04 18:57:51.438,-4094.884,59.988033294677734,0
2026-02-04 18:57:50.000,2026-02-04 18:58:00.000,2108,2026-02-04 18:57:55.533,2026-02-04 18:57:51.445,-4087.610,59.990020751953125,0
2026-02-04 18:57:50.000,2026-02-04 18:58:00.000,477,2026-02-04 18:57:55.550,2026-02-04 18:57:51.454,-4095.763,59.988922119140625,0
2026-02-04 18:57:50.000,2026-02-04 18:58:00.000,2423,2026-02-04 18:57:55.459,2026-02-04 18:57:51.458,-4001.754,50.028194427490234,0
2026-02-04 18:57:50.000,2026-02-04 18:58:00.000,2108,2026-02-04 18:57:55.550,2026-02-04 18:57:51.462,-4087.760,59.989925384521484,0
2026-02-04 18:57:50.000,2026-02-04 18:58:00.000,477,2026-02-04 18:57:55.566,2026-02-04 18:57:51.471,-4095.360,59.988624572753906,0
2026-02-04 18:57:50.000,2026-02-04 18:58:00.000,2423,2026-02-04 18:57:55.480,2026-02-04 18:57:51.479,-4000.665,50.02595520019531,0
2026-02-04 18:57:50.000,2026-02-04 18:58:00.000,2108,2026-02-04 18:57:55.566,2026-02-04 18:57:51.479,-4087.337,59.987117767333984,0
2026-02-04 18:57:50.000,2026-02-04 18:58:00.000,477,2026-02-04 18:57:55.583,2026-02-04 18:57:51.488,-4094.811,59.988468170166016,0
2026-02-04 18:57:50.000,2026-02-04 18:58:00.000,2108,2026-02-04 18:57:55.583,2026-02-04 18:57:51.496,-4087.065,59.984130859375,0
2026-02-04 18:57:50.000,2026-02-04 18:58:00.000,2423,2026-02-04 18:57:55.500,2026-02-04 18:57:51.498,-4001.738,50.027626037597656,0
2026-02-04 18:57:50.000,2026-02-04 18:58:00.000,477,2026-02-04 18:57:55.600,2026-02-04 18:57:51.504,-4095.676,59.988189697265625,0
2026-02-04 18:57:50.000,2026-02-04 18:58:00.000,2108,2026-02-04 18:57:55.600,2026-02-04 18:57:51.512,-4087.677,59.985408782958984,0
2026-02-04 18:57:50.000,2026-02-04 18:58:00.000,2423,2026-02-04 18:57:55.520,2026-02-04 18:57:51.518,-4001.580,50.02937698364258,0
2026-02-04 18:57:50.000,2026-02-04 18:58:00.000,477,2026-02-04 18:57:55.616,2026-02-04 18:57:51.521,-4095.244,59.9871940612793,0
2026-02-04 18:57:50.000,2026-02-04 18:58:00.000,2108,2026-02-04 18:57:55.616,2026-02-04 18:57:51.529,-4087.156,59.98974609375,0
2026-02-04 18:57:50.000,2026-02-04 18:58:00.000,2423,2026-02-04 18:57:55.539,2026-02-04 18:57:51.538,-4001.448,50.028377532958984,0
2026-02-04 18:57:50.000,2026-02-04 18:58:00.000,477,2026-02-04 18:57:55.633,2026-02-04 18:57:51.538,-4094.784,59.987083435058594,0
2026-02-04 18:57:50.000,2026-02-04 18:58:00.000,2108,2026-02-04 18:57:55.633,2026-02-04 18:57:51.546,-4087.179,59.98954391479492,0
2026-02-04 18:57:50.000,2026-02-04 18:58:00.000,477,2026-02-04 18:57:55.650,2026-02-04 18:57:51.555,-4094.745,59.987674713134766,0
2026-02-04 18:57:50.000,2026-02-04 18:58:00.000,2423,2026-02-04 18:57:55.560,2026-02-04 18:57:51.558,-4001.749,50.02768325805664,0
2026-02-04 18:57:50.000,2026-02-04 18:58:00.000,2108,2026-02-04 18:57:55.650,2026-02-04 18:57:51.562,-4087.751,59.98575210571289,0
2026-02-04 18:57:50.000,2026-02-04 18:58:00.000,477,2026-02-04 18:57:55.666,2026-02-04 18:57:51.571,-4094.842,59.98802947998047,0
2026-02-04 18:57:50.000,2026-02-04 18:58:00.000,2423,2026-02-04 18:57:55.580,2026-02-04 18:57:51.579,-4000.672,50.028560638427734,0
2026-02-04 18:57:50.000,2026-02-04 18:58:00.000,2108,2026-02-04 18:57:55.666,2026-02-04 18:57:51.580,-4086.331,59.985652923583984,0
2026-02-04 18:57:50.000,2026-02-04 18:58:00.000,477,2026-02-04 18:57:55.683,2026-02-04 18:57:51.588,-4095.327,59.988250732421875,0
2026-02-04 18:57:50.000,2026-02-04 18:58:00.000,2108,2026-02-04 18:57:55.683,2026-02-04 18:57:51.595,-4087.471,59.988887786865234,0
2026-02-04 18:57:50.000,2026-02-04 18:58:00.000,2423,2026-02-04 18:57:55.600,2026-02-04 18:57:51.597,-4002.142,50.028656005859375,0
2026-02-04 18:57:50.000,2026-02-04 18:58:00.000,477,2026-02-04 18:57:55.699,2026-02-04 18:57:51.604,-4095.625,59.9883918762207,0
2026-02-04 18:57:50.000,2026-02-04 18:58:00.000,2108,2026-02-04 18:57:55.699,2026-02-04 18:57:51.612,-4087.355,59.991573333740234,0
2026-02-04 18:57:50.000,2026-02-04 18:58:00.000,2423,2026-02-04 18:57:55.619,2026-02-04 18:57:51.618,-4001.272,50.02743148803711,0
2026-02-04 18:57:50.000,2026-02-04 18:58:00.000,477,2026-02-04 18:57:55.716,2026-02-04 18:57:51.621,-4094.952,59.98912048339844,0
2026-02-04 18:57:50.000,2026-02-04 18:58:00.000,2108,2026-02-04 18:57:55.716,2026-02-04 18:57:51.629,-4087.434,59.992000579833984,0
2026-02-04 18:57:50.000,2026-02-04 18:58:00.000,477,2026-02-04 18:57:55.733,2026-02-04 18:57:51.638,-4094.853,59.989463806152344,0
2026-02-04 18:57:50.000,2026-02-04 18:58:00.000,2423,2026-02-04 18:57:55.640,2026-02-04 18:57:51.638,-4001.517,50.02663803100586,0
2026-02-04 18:57:50.000,2026-02-04 18:58:00.000,2108,2026-02-04 18:57:55.733,2026-02-04 18:57:51.645,-4087.621,59.98759841918945,0
2026-02-04 18:57:50.000,2026-02-04 18:58:00.000,477,2026-02-04 18:57:55.750,2026-02-04 18:57:51.655,-4094.773,59.98835754394531,0
2026-02-04 18:57:50.000,2026-02-04 18:58:00.000,2423,2026-02-04 18:57:55.660,2026-02-04 18:57:51.658,-4001.783,50.02741622924805,0
2026-02-04 18:57:50.000,2026-02-04 18:58:00.000,2108,2026-02-04 18:57:55.750,2026-02-04 18:57:51.662,-4087.774,59.983436584472656,0
2026-02-04 18:57:50.000,2026-02-04 18:58:00.000,477,2026-02-04 18:57:55.766,2026-02-04 18:57:51.671,-4095.308,59.987571716308594,0
2026-02-04 18:57:50.000,2026-02-04 18:58:00.000,2423,2026-02-04 18:57:55.680,2026-02-04 18:57:51.677,-4002.123,50.02894592285156,0
2026-02-04 18:57:50.000,2026-02-04 18:58:00.000,2108,2026-02-04 18:57:55.766,2026-02-04 18:57:51.678,-4087.795,59.98558044433594,0
2026-02-04 18:57:50.000,2026-02-04 18:58:00.000,477,2026-02-04 18:57:55.783,2026-02-04 18:57:51.688,-4094.947,59.98823928833008,0
2026-02-04 18:57:50.000,2026-02-04 18:58:00.000,2108,2026-02-04 18:57:55.783,2026-02-04 18:57:51.696,-4087.011,59.98893737792969,0
2026-02-04 18:57:50.000,2026-02-04 18:58:00.000,2423,2026-02-04 18:57:55.699,2026-02-04 18:57:51.698,-4001.669,50.0291862487793,0
2026-02-04 18:57:50.000,2026-02-04 18:58:00.000,477,2026-02-04 18:57:55.800,2026-02-04 18:57:51.705,-4094.167,59.98881912231445,0
2026-02-04 18:57:50.000,2026-02-04 18:58:00.000,2108,2026-02-04 18:57:55.800,2026-02-04 18:57:51.711,-4088.167,59.98807907104492,0
2026-02-04 18:57:50.000,2026-02-04 18:58:00.000,2423,2026-02-04 18:57:55.720,2026-02-04 18:57:51.718,-4001.655,50.028076171875,0
2026-02-04 18:57:50.000,2026-02-04 18:58:00.000,477,2026-02-04 18:57:55.816,2026-02-04 18:57:51.721,-4095.320,59.989192962646484,0
2026-02-04 18:57:50.000,2026-02-04 18:58:00.000,2108,2026-02-04 18:57:55.816,2026-02-04 18:57:51.729,-4087.578,59.98748779296875,0
2026-02-04 18:57:50.000,2026-02-04 18:58:00.000,2423,2026-02-04 18:57:55.740,2026-02-04 18:57:51.738,-4001.411,50.02739334106445,0
2026-02-04 18:57:50.000,2026-02-04 18:58:00.000,477,2026-02-04 18:57:55.833,2026-02-04 18:57:51.738,-4094.731,59.98957061767578,0
2026-02-04 18:57:50.000,2026-02-04 18:58:00.000,2108,2026-02-04 18:57:55.833,2026-02-04 18:57:51.746,-4087.322,59.98944854736328,0
2026-02-04 18:57:50.000,2026-02-04 18:58:00.000,477,2026-02-04 18:57:55.850,2026-02-04 18:57:51.754,-4095.478,59.988670349121094,0
2026-02-04 18:57:50.000,2026-02-04 18:58:00.000,2423,2026-02-04 18:57:55.760,2026-02-04 18:57:51.758,-4001.477,50.02749252319336,0
2026-02-04 18:57:50.000,2026-02-04 18:58:00.000,2108,2026-02-04 18:57:55.850,2026-02-04 18:57:51.762,-4087.479,59.9871711730957,0
2026-02-04 18:57:50.000,2026-02-04 18:58:00.000,477,2026-02-04 18:57:55.866,2026-02-04 18:57:51.771,-4095.038,59.98781967163086,0
2026-02-04 18:57:50.000,2026-02-04 18:58:00.000,2423,2026-02-04 18:57:55.779,2026-02-04 18:57:51.778,-4001.923,50.02793502807617,0
2026-02-04 18:57:50.000,2026-02-04 18:58:00.000,2108,2026-02-04 18:57:55.866,2026-02-04 18:57:51.779,-4087.594,59.98495101928711,0
2026-02-04 18:57:50.000,2026-02-04 18:58:00.000,477,2026-02-04 18:57:55.883,2026-02-04 18:57:51.787,-4095.636,59.98811721801758,0
2026-02-04 18:57:50.000,2026-02-04 18:58:00.000,2108,2026-02-04 18:57:55.883,2026-02-04 18:57:51.795,-4087.669,59.98658752441406,0
2026-02-04 18:57:50.000,2026-02-04 18:58:00.000,2423,2026-02-04 18:57:55.800,2026-02-04 18:57:51.797,-4002.342,50.02764129638672,0
2026-02-04 18:57:50.000,2026-02-04 18:58:00.000,477,2026-02-04 18:57:55.900,2026-02-04 18:57:51.805,-4094.836,59.988037109375,0
2026-02-04 18:57:50.000,2026-02-04 18:58:00.000,2108,2026-02-04 18:57:55.900,2026-02-04 18:57:51.813,-4086.836,59.986507415771484,0
2026-02-04 18:57:50.000,2026-02-04 18:58:00.000,2423,2026-02-04 18:57:55.820,2026-02-04 18:57:51.818,-4001.567,50.026668548583984,0
2026-02-04 18:57:50.000,2026-02-04 18:58:00.000,477,2026-02-04 18:57:55.916,2026-02-04 18:57:51.821,-4095.230,59.988014221191406,0
2026-02-04 18:57:50.000,2026-02-04 18:58:00.000,2108,2026-02-04 18:57:55.916,2026-02-04 18:57:51.828,-4088.106,59.9886589050293,0
2026-02-04 18:57:50.000,2026-02-04 18:58:00.000,2423,2026-02-04 18:57:55.840,2026-02-04 18:57:51.838,-4001.351,50.02748107910156,0
2026-02-04 18:57:50.000,2026-02-04 18:58:00.000,477,2026-02-04 18:57:55.933,2026-02-04 18:57:51.838,-4094.687,59.988014221191406,0
2026-02-04 18:57:50.000,2026-02-04 18:58:00.000,2108,2026-02-04 18:57:55.933,2026-02-04 18:57:51.845,-4088.174,59.991092681884766,0
2026-02-04 18:57:50.000,2026-02-04 18:58:00.000,477,2026-02-04 18:57:55.950,2026-02-04 18:57:51.855,-4094.798,59.987693786621094,0
2026-02-04 18:57:50.000,2026-02-04 18:58:00.000,2423,2026-02-04 18:57:55.859,2026-02-04 18:57:51.858,-4001.790,50.028663635253906,0
2026-02-04 18:57:50.000,2026-02-04 18:58:00.000,2108,2026-02-04 18:57:55.950,2026-02-04 18:57:51.861,-4088.286,59.98771667480469,0
2026-02-04 18:57:50.000,2026-02-04 18:58:00.000,477,2026-02-04 18:57:55.966,2026-02-04 18:57:51.871,-4094.869,59.988651275634766,0
2026-02-04 18:57:50.000,2026-02-04 18:58:00.000,2423,2026-02-04 18:57:55.880,2026-02-04 18:57:51.878,-4001.686,50.02765655517578,0
2026-02-04 18:57:50.000,2026-02-04 18:58:00.000,2108,2026-02-04 18:57:55.966,2026-02-04 18:57:51.879,-4087.357,59.9852294921875,0
2026-02-04 18:57:50.000,2026-02-04 18:58:00.000,477,2026-02-04 18:57:55.983,2026-02-04 18:57:51.888,-4094.994,59.990264892578125,0
2026-02-04 18:57:50.000,2026-02-04 18:58:00.000,2108,2026-02-04 18:57:55.983,2026-02-04 18:57:51.895,-4088.210,59.9893798828125,0
2026-02-04 18:57:50.000,2026-02-04 18:58:00.000,2423,2026-02-04 18:57:55.900,2026-02-04 18:57:51.901,-3998.350,50.02792739868164,0
2026-02-04 18:57:50.000,2026-02-04 18:58:00.000,477,2026-02-04 18:57:56.000,2026-02-04 18:57:51.905,-4094.830,59.99005126953125,0
2026-02-04 18:57:50.000,2026-02-04 18:58:00.000,2108,2026-02-04 18:57:56.000,2026-02-04 18:57:51.913,-4086.769,59.992225646972656,0
2026-02-04 18:57:50.000,2026-02-04 18:58:00.000,2423,2026-02-04 18:57:55.920,2026-02-04 18:57:51.920,-3999.762,50.03001022338867,0
2026-02-04 18:57:50.000,2026-02-04 18:58:00.000,477,2026-02-04 18:57:56.016,2026-02-04 18:57:51.921,-4095.426,59.988983154296875,0
2026-02-04 18:57:50.000,2026-02-04 18:58:00.000,2108,2026-02-04 18:57:56.016,2026-02-04 18:57:51.930,-4086.342,59.99106216430664,0
2026-02-04 18:57:50.000,2026-02-04 18:58:00.000,2423,2026-02-04 18:57:55.939,2026-02-04 18:57:51.938,-4001.596,50.0290412902832,0
2026-02-04 18:57:50.000,2026-02-04 18:58:00.000,477,2026-02-04 18:57:56.033,2026-02-04 18:57:51.938,-4094.932,59.98895263671875,0
2026-02-04 18:57:50.000,2026-02-04 18:58:00.000,2108,2026-02-04 18:57:56.033,2026-02-04 18:57:51.945,-4087.892,59.987545013427734,0
2026-02-04 18:57:50.000,2026-02-04 18:58:00.000,477,2026-02-04 18:57:56.050,2026-02-04 18:57:51.954,-4095.325,59.98891067504883,0
2026-02-04 18:57:50.000,2026-02-04 18:58:00.000,2423,2026-02-04 18:57:55.960,2026-02-04 18:57:51.957,-4002.325,50.02669906616211,0
2026-02-04 18:57:50.000,2026-02-04 18:58:00.000,2108,2026-02-04 18:57:56.050,2026-02-04 18:57:51.961,-4088.324,59.98390197753906,0
2026-02-04 18:57:50.000,2026-02-04 18:58:00.000,477,2026-02-04 18:57:56.066,2026-02-04 18:57:51.971,-4095.475,59.98847579956055,0
2026-02-04 18:57:50.000,2026-02-04 18:58:00.000,2423,2026-02-04 18:57:55.980,2026-02-04 18:57:51.977,-4002.309,50.02714920043945,0
2026-02-04 18:57:50.000,2026-02-04 18:58:00.000,2108,2026-02-04 18:57:56.066,2026-02-04 18:57:51.978,-4087.965,59.98796463012695,0
2026-02-04 18:57:50.000,2026-02-04 18:58:00.000,477,2026-02-04 18:57:56.083,2026-02-04 18:57:51.988,-4095.121,59.98893356323242,0
2026-02-04 18:57:50.000,2026-02-04 18:58:00.000,2108,2026-02-04 18:57:56.083,2026-02-04 18:57:51.996,-4087.035,59.99346160888672,0
2026-02-04 18:57:50.000,2026-02-04 18:58:00.000,2423,2026-02-04 18:57:56.000,2026-02-04 18:57:51.998,-4001.707,50.02811813354492,0
2026-02-04 18:57:50.000,2026-02-04 18:58:00.000,477,2026-02-04 18:57:56.099,2026-02-04 18:57:52.004,-4095.593,59.98900604248047,0
2026-02-04 18:57:50.000,2026-02-04 18:58:00.000,2108,2026-02-04 18:57:56.099,2026-02-04 18:57:52.012,-4087.589,59.9909553527832,0
2026-02-04 18:57:50.000,2026-02-04 18:58:00.000,2423,2026-02-04 18:57:56.019,2026-02-04 18:57:52.018,-4001.364,50.027034759521484,0
2026-02-04 18:57:50.000,2026-02-04 18:58:00.000,477,2026-02-04 18:57:56.116,2026-02-04 18:57:52.021,-4095.044,59.98842239379883,0
2026-02-04 18:57:50.000,2026-02-04 18:58:00.000,2108,2026-02-04 18:57:56.116,2026-02-04 18:57:52.028,-4087.988,59.98674011230469,0
2026-02-04 18:57:50.000,2026-02-04 18:58:00.000,2423,2026-02-04 18:57:56.040,2026-02-04 18:57:52.038,-4001.709,50.026329040527344,0
2026-02-04 18:57:50.000,2026-02-04 18:58:00.000,477,2026-02-04 18:57:56.133,2026-02-04 18:57:52.038,-4095.045,59.98876953125,0
2026-02-04 18:57:50.000,2026-02-04 18:58:00.000,2108,2026-02-04 18:57:56.133,2026-02-04 18:57:52.048,-4084.993,59.989540100097656,0
2026-02-04 18:57:50.000,2026-02-04 18:58:00.000,477,2026-02-04 18:57:56.150,2026-02-04 18:57:52.054,-4095.606,59.98894119262695,0
2026-02-04 18:57:50.000,2026-02-04 18:58:00.000,2423,2026-02-04 18:57:56.060,2026-02-04 18:57:52.058,-4001.616,50.02821350097656,0
2026-02-04 18:57:50.000,2026-02-04 18:58:00.000,2108,2026-02-04 18:57:56.150,2026-02-04 18:57:52.062,-4087.607,59.993038177490234,0
2026-02-04 18:57:50.000,2026-02-04 18:58:00.000,477,2026-02-04 18:57:56.166,2026-02-04 18:57:52.071,-4095.230,59.98895263671875,0
2026-02-04 18:57:50.000,2026-02-04 18:58:00.000,2423,2026-02-04 18:57:56.080,2026-02-04 18:57:52.077,-4002.332,50.02970886230469,0
2026-02-04 18:57:50.000,2026-02-04 18:58:00.000,2108,2026-02-04 18:57:56.166,2026-02-04 18:57:52.078,-4088.003,59.9916877746582,0
2026-02-04 18:57:50.000,2026-02-04 18:58:00.000,477,2026-02-04 18:57:56.183,2026-02-04 18:57:52.087,-4095.645,59.98894500732422,0
2026-02-04 18:57:50.000,2026-02-04 18:58:00.000,2108,2026-02-04 18:57:56.183,2026-02-04 18:57:52.095,-4088.060,59.98961639404297,0
2026-02-04 18:57:50.000,2026-02-04 18:58:00.000,2423,2026-02-04 18:57:56.099,2026-02-04 18:57:52.097,-4002.178,50.02812957763672,0
2026-02-04 18:57:50.000,2026-02-04 18:58:00.000,477,2026-02-04 18:57:56.200,2026-02-04 18:57:52.104,-4095.671,59.988609313964844,0
2026-02-04 18:57:50.000,2026-02-04 18:58:00.000,2108,2026-02-04 18:57:56.200,2026-02-04 18:57:52.112,-4087.671,59.987178802490234,0
2026-02-04 18:57:50.000,2026-02-04 18:58:00.000,2423,2026-02-04 18:57:56.120,2026-02-04 18:57:52.117,-4002.397,50.02578353881836,0
2026-02-04 18:57:50.000,2026-02-04 18:58:00.000,477,2026-02-04 18:57:56.216,2026-02-04 18:57:52.122,-4094.061,59.98862838745117,0
2026-02-04 18:57:50.000,2026-02-04 18:58:00.000,2108,2026-02-04 18:57:56.216,2026-02-04 18:57:52.128,-4087.979,59.9867057800293,0
2026-02-04 18:57:50.000,2026-02-04 18:58:00.000,2423,2026-02-04 18:57:56.140,2026-02-04 18:57:52.138,-4001.809,50.02752685546875,0
2026-02-04 18:57:50.000,2026-02-04 18:58:00.000,477,2026-02-04 18:57:56.233,2026-02-04 18:57:52.138,-4095.129,59.989009857177734,0
2026-02-04 18:57:50.000,2026-02-04 18:58:00.000,2108,2026-02-04 18:57:56.233,2026-02-04 18:57:52.145,-4088.023,59.9895133972168,0
2026-02-04 18:57:50.000,2026-02-04 18:58:00.000,477,2026-02-04 18:57:56.250,2026-02-04 18:57:52.154,-4095.650,59.98907470703125,0
2026-02-04 18:57:50.000,2026-02-04 18:58:00.000,2423,2026-02-04 18:57:56.160,2026-02-04 18:57:52.158,-4001.650,50.030433654785156,0
2026-02-04 18:57:50.000,2026-02-04 18:58:00.000,2108,2026-02-04 18:57:56.250,2026-02-04 18:57:52.162,-4087.651,59.98836135864258,0
2026-02-04 18:57:50.000,2026-02-04 18:58:00.000,477,2026-02-04 18:57:56.266,2026-02-04 18:57:52.171,-4095.210,59.9888916015625,0
2026-02-04 18:57:50.000,2026-02-04 18:58:00.000,2423,2026-02-04 18:57:56.179,2026-02-04 18:57:52.178,-4001.265,50.02859878540039,0
2026-02-04 18:57:50.000,2026-02-04 18:58:00.000,2108,2026-02-04 18:57:56.266,2026-02-04 18:57:52.178,-4087.937,59.98440933227539,0
2026-02-04 18:57:50.000,2026-02-04 18:58:00.000,477,2026-02-04 18:57:56.283,2026-02-04 18:57:52.188,-4095.088,59.988922119140625,0
2026-02-04 18:57:50.000,2026-02-04 18:58:00.000,2108,2026-02-04 18:57:56.283,2026-02-04 18:57:52.195,-4087.982,59.9862060546875,0
2026-02-04 18:57:50.000,2026-02-04 18:58:00.000,2423,2026-02-04 18:57:56.200,2026-02-04 18:57:52.198,-4001.654,50.026588439941406,0
2026-02-04 18:57:50.000,2026-02-04 18:58:00.000,477,2026-02-04 18:57:56.300,2026-02-04 18:57:52.204,-4095.062,59.98896789550781,0
2026-02-04 18:57:50.000,2026-02-04 18:58:00.000,2108,2026-02-04 18:57:56.300,2026-02-04 18:57:52.215,-4084.548,59.989402770996094,0
2026-02-04 18:57:50.000,2026-02-04 18:58:00.000,2423,2026-02-04 18:57:56.220,2026-02-04 18:57:52.218,-4001.553,50.027339935302734,0
2026-02-04 18:57:50.000,2026-02-04 18:58:00.000,477,2026-02-04 18:57:56.316,2026-02-04 18:57:52.221,-4095.217,59.988975524902344,0
2026-02-04 18:57:50.000,2026-02-04 18:58:00.000,2108,2026-02-04 18:57:56.316,2026-02-04 18:57:52.228,-4087.873,59.99098587036133,0
2026-02-04 18:57:50.000,2026-02-04 18:58:00.000,2423,2026-02-04 18:57:56.240,2026-02-04 18:57:52.238,-4001.686,50.02750015258789,0
2026-02-04 18:57:50.000,2026-02-04 18:58:00.000,477,2026-02-04 18:57:56.333,2026-02-04 18:57:52.238,-4095.022,59.988834381103516,0
2026-02-04 18:57:50.000,2026-02-04 18:58:00.000,2108,2026-02-04 18:57:56.333,2026-02-04 18:57:52.245,-4087.910,59.99366760253906,0
2026-02-04 18:57:50.000,2026-02-04 18:58:00.000,477,2026-02-04 18:57:56.350,2026-02-04 18:57:52.254,-4095.157,59.988529205322266,0
2026-02-04 18:57:50.000,2026-02-04 18:58:00.000,2423,2026-02-04 18:57:56.259,2026-02-04 18:57:52.258,-4001.151,50.02663040161133,0
2026-02-04 18:57:50.000,2026-02-04 18:58:00.000,2108,2026-02-04 18:57:56.350,2026-02-04 18:57:52.261,-4088.158,59.99205017089844,0
2026-02-04 18:57:50.000,2026-02-04 18:58:00.000,477,2026-02-04 18:57:56.366,2026-02-04 18:57:52.271,-4095.320,59.988773345947266,0
2026-02-04 18:57:50.000,2026-02-04 18:58:00.000,2423,2026-02-04 18:57:56.280,2026-02-04 18:57:52.277,-4002.388,50.027610778808594,0
2026-02-04 18:57:50.000,2026-02-04 18:58:00.000,2108,2026-02-04 18:57:56.366,2026-02-04 18:57:52.279,-4087.060,59.990055084228516,0
2026-02-04 18:57:50.000,2026-02-04 18:58:00.000,477,2026-02-04 18:57:56.383,2026-02-04 18:57:52.287,-4095.532,59.989315032958984,0
2026-02-04 18:57:50.000,2026-02-04 18:58:00.000,2108,2026-02-04 18:57:56.383,2026-02-04 18:57:52.295,-4087.936,59.9912223815918,0
2026-02-04 18:57:50.000,2026-02-04 18:58:00.000,2423,2026-02-04 18:57:56.300,2026-02-04 18:57:52.298,-4001.608,50.0302619934082,0
2026-02-04 18:57:50.000,2026-02-04 18:58:00.000,477,2026-02-04 18:57:56.400,2026-02-04 18:57:52.304,-4095.409,59.98835372924805,0
2026-02-04 18:57:50.000,2026-02-04 18:58:00.000,2108,2026-02-04 18:57:56.400,2026-02-04 18:57:52.312,-4087.404,59.98872756958008,0
2026-02-04 18:57:50.000,2026-02-04 18:58:00.000,2423,2026-02-04 18:57:56.320,2026-02-04 18:57:52.318,-4001.350,50.03191375732422,0
2026-02-04 18:57:50.000,2026-02-04 18:58:00.000,477,2026-02-04 18:57:56.416,2026-02-04 18:57:52.321,-4095.014,59.98778533935547,0
2026-02-04 18:57:50.000,2026-02-04 18:58:00.000,2108,2026-02-04 18:57:56.416,2026-02-04 18:57:52.329,-4087.505,59.9858283996582,0
2026-02-04 18:57:50.000,2026-02-04 18:58:00.000,2423,2026-02-04 18:57:56.339,2026-02-04 18:57:52.338,-4001.773,50.029563903808594,0
2026-02-04 18:57:50.000,2026-02-04 18:58:00.000,477,2026-02-04 18:57:56.433,2026-02-04 18:57:52.338,-4095.109,59.988800048828125,0
2026-02-04 18:57:50.000,2026-02-04 18:58:00.000,2108,2026-02-04 18:57:56.433,2026-02-04 18:57:52.346,-4087.081,59.98737716674805,0
2026-02-04 18:57:50.000,2026-02-04 18:58:00.000,477,2026-02-04 18:57:56.450,2026-02-04 18:57:52.354,-4095.243,59.989131927490234,0
2026-02-04 18:57:50.000,2026-02-04 18:58:00.000,2423,2026-02-04 18:57:56.360,2026-02-04 18:57:52.357,-4002.244,50.02587890625,0
2026-02-04 18:57:50.000,2026-02-04 18:58:00.000,2108,2026-02-04 18:57:56.450,2026-02-04 18:57:52.363,-4086.739,59.991065979003906,0
2026-02-04 18:57:50.000,2026-02-04 18:58:00.000,477,2026-02-04 18:57:56.466,2026-02-04 18:57:52.371,-4095.397,59.9892578125,0
2026-02-04 18:57:50.000,2026-02-04 18:58:00.000,2423,2026-02-04 18:57:56.380,2026-02-04 18:57:52.378,-4001.504,50.027042388916016,0
2026-02-04 18:57:50.000,2026-02-04 18:58:00.000,2108,2026-02-04 18:57:56.466,2026-02-04 18:57:52.379,-4087.159,59.9907112121582,0
2026-02-04 18:57:50.000,2026-02-04 18:58:00.000,477,2026-02-04 18:57:56.483,2026-02-04 18:57:52.388,-4094.766,59.98957443237305,0
2026-02-04 18:57:50.000,2026-02-04 18:58:00.000,2108,2026-02-04 18:57:56.483,2026-02-04 18:57:52.396,-4087.040,59.987239837646484,0
2026-02-04 18:57:50.000,2026-02-04 18:58:00.000,2423,2026-02-04 18:57:56.400,2026-02-04 18:57:52.398,-4001.713,50.028564453125,0
2026-02-04 18:57:50.000,2026-02-04 18:58:00.000,477,2026-02-04 18:57:56.499,2026-02-04 18:57:52.404,-4095.196,59.98942565917969,0
2026-02-04 18:57:50.000,2026-02-04 18:58:00.000,2108,2026-02-04 18:57:56.499,2026-02-04 18:57:52.411,-4088.196,59.98537063598633,0
2026-02-04 18:57:50.000,2026-02-04 18:58:00.000,2423,2026-02-04 18:57:56.419,2026-02-04 18:57:52.418,-4001.684,50.02739715576172,0
2026-02-04 18:57:50.000,2026-02-04 18:58:00.000,477,2026-02-04 18:57:56.516,2026-02-04 18:57:52.421,-4095.365,59.9891357421875,0
2026-02-04 18:57:50.000,2026-02-04 18:58:00.000,2108,2026-02-04 18:57:56.516,2026-02-04 18:57:52.429,-4087.303,59.98501968383789,0
2026-02-04 18:57:50.000,2026-02-04 18:58:00.000,2423,2026-02-04 18:57:56.440,2026-02-04 18:57:52.438,-4001.558,50.0252571105957,0
2026-02-04 18:57:50.000,2026-02-04 18:58:00.000,477,2026-02-04 18:57:56.533,2026-02-04 18:57:52.438,-4094.894,59.988685607910156,0
2026-02-04 18:57:50.000,2026-02-04 18:58:00.000,2108,2026-02-04 18:57:56.533,2026-02-04 18:57:52.445,-4087.834,59.98815155029297,0
2026-02-04 18:57:50.000,2026-02-04 18:58:00.000,477,2026-02-04 18:57:56.550,2026-02-04 18:57:52.454,-4095.135,59.98822784423828,0
2026-02-04 18:57:50.000,2026-02-04 18:58:00.000,2423,2026-02-04 18:57:56.460,2026-02-04 18:57:52.457,-4002.146,50.022865295410156,0
2026-02-04 18:57:50.000,2026-02-04 18:58:00.000,2108,2026-02-04 18:57:56.550,2026-02-04 18:57:52.461,-4088.137,59.992469787597656,0
2026-02-04 18:57:50.000,2026-02-04 18:58:00.000,477,2026-02-04 18:57:56.566,2026-02-04 18:57:52.471,-4095.295,59.98823928833008,0
2026-02-04 18:57:50.000,2026-02-04 18:58:00.000,2423,2026-02-04 18:57:56.480,2026-02-04 18:57:52.477,-4002.341,50.02433776855469,0
2026-02-04 18:57:50.000,2026-02-04 18:58:00.000,2108,2026-02-04 18:57:56.566,2026-02-04 18:57:52.479,-4087.013,59.98942947387695,0
2026-02-04 18:57:50.000,2026-02-04 18:58:00.000,477,2026-02-04 18:57:56.583,2026-02-04 18:57:52.488,-4095.166,59.98854446411133,0
2026-02-04 18:57:50.000,2026-02-04 18:58:00.000,2108,2026-02-04 18:57:56.583,2026-02-04 18:57:52.495,-4088.142,59.984107971191406,0
2026-02-04 18:57:50.000,2026-02-04 18:58:00.000,2423,2026-02-04 18:57:56.499,2026-02-04 18:57:52.498,-4001.793,50.02739334106445,0
2026-02-04 18:57:50.000,2026-02-04 18:58:00.000,477,2026-02-04 18:57:56.600,2026-02-04 18:57:52.504,-4095.692,59.988990783691406,0
2026-02-04 18:57:50.000,2026-02-04 18:58:00.000,2108,2026-02-04 18:57:56.600,2026-02-04 18:57:52.512,-4087.692,59.98815155029297,0
2026-02-04 18:57:50.000,2026-02-04 18:58:00.000,2423,2026-02-04 18:57:56.520,2026-02-04 18:57:52.518,-4001.538,50.02775192260742,0
2026-02-04 18:57:50.000,2026-02-04 18:58:00.000,477,2026-02-04 18:57:56.616,2026-02-04 18:57:52.521,-4095.200,59.989681243896484,0
2026-02-04 18:57:50.000,2026-02-04 18:58:00.000,2108,2026-02-04 18:57:56.616,2026-02-04 18:57:52.528,-4088.016,59.992977142333984,0
2026-02-04 18:57:50.000,2026-02-04 18:58:00.000,477,2026-02-04 18:57:56.633,2026-02-04 18:57:52.538,-4095.168,59.98954772949219,0
2026-02-04 18:57:50.000,2026-02-04 18:58:00.000,2423,2026-02-04 18:57:56.540,2026-02-04 18:57:52.538,-4001.848,50.02908706665039,0
2026-02-04 18:57:50.000,2026-02-04 18:58:00.000,2108,2026-02-04 18:57:56.633,2026-02-04 18:57:52.545,-4088.141,59.990562438964844,0
2026-02-04 18:57:50.000,2026-02-04 18:58:00.000,477,2026-02-04 18:57:56.650,2026-02-04 18:57:52.554,-4095.228,59.9889030456543,0
2026-02-04 18:57:50.000,2026-02-04 18:58:00.000,2423,2026-02-04 18:57:56.560,2026-02-04 18:57:52.557,-4002.231,50.02983856201172,0
2026-02-04 18:57:50.000,2026-02-04 18:58:00.000,2108,2026-02-04 18:57:56.650,2026-02-04 18:57:52.561,-4088.232,59.98781204223633,0
2026-02-04 18:57:50.000,2026-02-04 18:58:00.000,477,2026-02-04 18:57:56.666,2026-02-04 18:57:52.571,-4094.870,59.98947525024414,0
2026-02-04 18:57:50.000,2026-02-04 18:58:00.000,2423,2026-02-04 18:57:56.579,2026-02-04 18:57:52.578,-4001.686,50.02645492553711,0
2026-02-04 18:57:50.000,2026-02-04 18:58:00.000,2108,2026-02-04 18:57:56.666,2026-02-04 18:57:52.579,-4087.355,59.98828125,0
2026-02-04 18:57:50.000,2026-02-04 18:58:00.000,477,2026-02-04 18:57:56.683,2026-02-04 18:57:52.588,-4094.506,59.99021530151367,0
2026-02-04 18:57:50.000,2026-02-04 18:58:00.000,2108,2026-02-04 18:57:56.683,2026-02-04 18:57:52.595,-4087.841,59.99044418334961,0
2026-02-04 18:57:50.000,2026-02-04 18:58:00.000,2423,2026-02-04 18:57:56.600,2026-02-04 18:57:52.597,-4002.006,50.02454376220703,0
2026-02-04 18:57:50.000,2026-02-04 18:58:00.000,477,2026-02-04 18:57:56.700,2026-02-04 18:57:52.605,-4094.927,59.98942184448242,0
2026-02-04 18:57:50.000,2026-02-04 18:58:00.000,2108,2026-02-04 18:57:56.700,2026-02-04 18:57:52.612,-4087.927,59.992088317871094,0
2026-02-04 18:57:50.000,2026-02-04 18:58:00.000,2423,2026-02-04 18:57:56.620,2026-02-04 18:57:52.618,-4001.418,50.02595138549805,0
2026-02-04 18:57:50.000,2026-02-04 18:58:00.000,477,2026-02-04 18:57:56.716,2026-02-04 18:57:52.622,-4094.081,59.98874282836914,0
2026-02-04 18:57:50.000,2026-02-04 18:58:00.000,2108,2026-02-04 18:57:56.716,2026-02-04 18:57:52.628,-4087.870,59.99045181274414,0
2026-02-04 18:57:50.000,2026-02-04 18:58:00.000,2423,2026-02-04 18:57:56.640,2026-02-04 18:57:52.638,-4001.692,50.027748107910156,0
2026-02-04 18:57:50.000,2026-02-04 18:58:00.000,477,2026-02-04 18:57:56.733,2026-02-04 18:57:52.638,-4095.027,59.98905944824219,0
2026-02-04 18:57:50.000,2026-02-04 18:58:00.000,2108,2026-02-04 18:57:56.733,2026-02-04 18:57:52.645,-4087.970,59.98661422729492,0
2026-02-04 18:57:50.000,2026-02-04 18:58:00.000,477,2026-02-04 18:57:56.750,2026-02-04 18:57:52.654,-4095.581,59.989479064941406,0
2026-02-04 18:57:50.000,2026-02-04 18:58:00.000,2423,2026-02-04 18:57:56.659,2026-02-04 18:57:52.658,-4001.573,50.02919387817383,0
2026-02-04 18:57:50.000,2026-02-04 18:58:00.000,2108,2026-02-04 18:57:56.750,2026-02-04 18:57:52.662,-4087.581,59.986080169677734,0
2026-02-04 18:57:50.000,2026-02-04 18:58:00.000,477,2026-02-04 18:57:56.766,2026-02-04 18:57:52.671,-4095.027,59.98975372314453,0
2026-02-04 18:57:50.000,2026-02-04 18:58:00.000,2423,2026-02-04 18:57:56.680,2026-02-04 18:57:52.678,-4001.846,50.029563903808594,0
2026-02-04 18:57:50.000,2026-02-04 18:58:00.000,2108,2026-02-04 18:57:56.766,2026-02-04 18:57:52.679,-4087.517,59.988189697265625,0
2026-02-04 18:57:50.000,2026-02-04 18:58:00.000,477,2026-02-04 18:57:56.783,2026-02-04 18:57:52.688,-4095.100,59.98850631713867,0
2026-02-04 18:57:50.000,2026-02-04 18:58:00.000,2108,2026-02-04 18:57:56.783,2026-02-04 18:57:52.695,-4088.075,59.98934555053711,0
2026-02-04 18:57:50.000,2026-02-04 18:58:00.000,2423,2026-02-04 18:57:56.700,2026-02-04 18:57:52.698,-4001.746,50.02833557128906,0
2026-02-04 18:57:50.000,2026-02-04 18:58:00.000,477,2026-02-04 18:57:56.800,2026-02-04 18:57:52.704,-4095.307,59.98773193359375,0
2026-02-04 18:57:50.000,2026-02-04 18:58:00.000,2108,2026-02-04 18:57:56.800,2026-02-04 18:57:52.711,-4088.304,59.98983383178711,0
2026-02-04 18:57:50.000,2026-02-04 18:58:00.000,2423,2026-02-04 18:57:56.720,2026-02-04 18:57:52.718,-4001.795,50.02601623535156,0
2026-02-04 18:57:50.000,2026-02-04 18:58:00.000,477,2026-02-04 18:57:56.816,2026-02-04 18:57:52.721,-4095.458,59.9890022277832,0
2026-02-04 18:57:50.000,2026-02-04 18:58:00.000,2108,2026-02-04 18:57:56.816,2026-02-04 18:57:52.729,-4087.260,59.988529205322266,0
2026-02-04 18:57:50.000,2026-02-04 18:58:00.000,477,2026-02-04 18:57:56.833,2026-02-04 18:57:52.738,-4094.866,59.98970031738281,0
2026-02-04 18:57:50.000,2026-02-04 18:58:00.000,2423,2026-02-04 18:57:56.739,2026-02-04 18:57:52.738,-4001.529,50.02496337890625,0
2026-02-04 18:57:50.000,2026-02-04 18:58:00.000,2108,2026-02-04 18:57:56.833,2026-02-04 18:57:52.745,-4087.354,59.98944091796875,0
2026-02-04 18:57:50.000,2026-02-04 18:58:00.000,477,2026-02-04 18:57:56.850,2026-02-04 18:57:52.754,-4095.517,59.98945617675781,0
2026-02-04 18:57:50.000,2026-02-04 18:58:00.000,2423,2026-02-04 18:57:56.760,2026-02-04 18:57:52.758,-4001.517,50.02630615234375,0
2026-02-04 18:57:50.000,2026-02-04 18:58:00.000,2108,2026-02-04 18:57:56.850,2026-02-04 18:57:52.762,-4087.517,59.99327087402344,0
2026-02-04 18:57:50.000,2026-02-04 18:58:00.000,477,2026-02-04 18:57:56.866,2026-02-04 18:57:52.771,-4095.003,59.98953628540039,0
2026-02-04 18:57:50.000,2026-02-04 18:58:00.000,2423,2026-02-04 18:57:56.780,2026-02-04 18:57:52.778,-4001.835,50.027252197265625,0
2026-02-04 18:57:50.000,2026-02-04 18:58:00.000,2108,2026-02-04 18:57:56.866,2026-02-04 18:57:52.779,-4087.493,59.99348068237305,0
2026-02-04 18:57:50.000,2026-02-04 18:58:00.000,477,2026-02-04 18:57:56.883,2026-02-04 18:57:52.788,-4095.088,59.98989486694336,0
2026-02-04 18:57:50.000,2026-02-04 18:58:00.000,2108,2026-02-04 18:57:56.883,2026-02-04 18:57:52.797,-4086.068,59.99082565307617,0
2026-02-04 18:57:50.000,2026-02-04 18:58:00.000,2423,2026-02-04 18:57:56.800,2026-02-04 18:57:52.798,-4001.738,50.02748107910156,0
2026-02-04 18:57:50.000,2026-02-04 18:58:00.000,477,2026-02-04 18:57:56.899,2026-02-04 18:57:52.804,-4095.383,59.989341735839844,0
2026-02-04 18:57:50.000,2026-02-04 18:58:00.000,2108,2026-02-04 18:57:56.899,2026-02-04 18:57:52.813,-4086.369,59.98875045776367,0
2026-02-04 18:57:50.000,2026-02-04 18:58:00.000,2423,2026-02-04 18:57:56.819,2026-02-04 18:57:52.818,-4001.788,50.02650451660156,0
2026-02-04 18:57:50.000,2026-02-04 18:58:00.000,477,2026-02-04 18:57:56.916,2026-02-04 18:57:52.822,-4094.470,59.98878479003906,0
2026-02-04 18:57:50.000,2026-02-04 18:58:00.000,2108,2026-02-04 18:57:56.916,2026-02-04 18:57:52.828,-4087.944,59.987186431884766,0
2026-02-04 18:57:50.000,2026-02-04 18:58:00.000,2423,2026-02-04 18:57:56.840,2026-02-04 18:57:52.838,-4001.620,50.02363586425781,0
2026-02-04 18:57:50.000,2026-02-04 18:58:00.000,2108,2026-02-04 18:57:56.933,2026-02-04 18:57:52.845,-4087.802,59.98782730102539,0
2026-02-04 18:57:50.000,2026-02-04 18:58:00.000,2423,2026-02-04 18:57:56.860,2026-02-04 18:57:52.857,-4002.194,50.02569580078125,0
2026-02-04 18:57:50.000,2026-02-04 18:58:00.000,2108,2026-02-04 18:57:56.950,2026-02-04 18:57:52.865,-4084.669,59.99184036254883,0
2026-02-04 18:57:50.000,2026-02-04 18:58:00.000,477,2026-02-04 18:57:56.933,2026-02-04 18:57:52.865,-4068.005,59.98908233642578,0
2026-02-04 18:57:50.000,2026-02-04 18:58:00.000,477,2026-02-04 18:57:56.950,2026-02-04 18:57:52.866,-4083.674,59.98942184448242,0
2026-02-04 18:57:50.000,2026-02-04 18:58:00.000,477,2026-02-04 18:57:56.966,2026-02-04 18:57:52.876,-4090.075,59.98982620239258,0
2026-02-04 18:57:50.000,2026-02-04 18:58:00.000,2423,2026-02-04 18:57:56.880,2026-02-04 18:57:52.877,-4002.403,50.0297737121582,0
2026-02-04 18:57:50.000,2026-02-04 18:58:00.000,2108,2026-02-04 18:57:56.966,2026-02-04 18:57:52.879,-4087.074,59.99161148071289,0
2026-02-04 18:57:50.000,2026-02-04 18:58:00.000,477,2026-02-04 18:57:56.983,2026-02-04 18:57:52.887,-4095.672,59.99025344848633,0
2026-02-04 18:57:50.000,2026-02-04 18:58:00.000,2108,2026-02-04 18:57:56.983,2026-02-04 18:57:52.896,-4087.040,59.98884963989258,0
2026-02-04 18:57:50.000,2026-02-04 18:58:00.000,2423,2026-02-04 18:57:56.899,2026-02-04 18:57:52.898,-4001.691,50.02763748168945,0
2026-02-04 18:57:50.000,2026-02-04 18:58:00.000,477,2026-02-04 18:57:57.000,2026-02-04 18:57:52.904,-4095.287,59.99037170410156,0
2026-02-04 18:57:50.000,2026-02-04 18:58:00.000,2108,2026-02-04 18:57:57.000,2026-02-04 18:57:52.911,-4088.290,59.99170684814453,0
2026-02-04 18:57:50.000,2026-02-04 18:58:00.000,2423,2026-02-04 18:57:56.920,2026-02-04 18:57:52.918,-4001.781,50.026004791259766,0
2026-02-04 18:57:50.000,2026-02-04 18:58:00.000,477,2026-02-04 18:57:57.016,2026-02-04 18:57:52.922,-4094.445,59.990352630615234,0
2026-02-04 18:57:50.000,2026-02-04 18:58:00.000,2108,2026-02-04 18:57:57.016,2026-02-04 18:57:52.929,-4087.400,59.99216079711914,0
2026-02-04 18:57:50.000,2026-02-04 18:58:00.000,2423,2026-02-04 18:57:56.940,2026-02-04 18:57:52.938,-4001.673,50.027976989746094,0
2026-02-04 18:57:50.000,2026-02-04 18:58:00.000,477,2026-02-04 18:57:57.033,2026-02-04 18:57:52.938,-4094.994,59.98990249633789,0
2026-02-04 18:57:50.000,2026-02-04 18:58:00.000,2108,2026-02-04 18:57:57.033,2026-02-04 18:57:52.945,-4087.828,59.98723602294922,0
2026-02-04 18:57:50.000,2026-02-04 18:58:00.000,477,2026-02-04 18:57:57.050,2026-02-04 18:57:52.955,-4094.918,59.98941421508789,0
2026-02-04 18:57:50.000,2026-02-04 18:58:00.000,2423,2026-02-04 18:57:56.960,2026-02-04 18:57:52.958,-4001.916,50.027950286865234,0
2026-02-04 18:57:50.000,2026-02-04 18:58:00.000,2108,2026-02-04 18:57:57.050,2026-02-04 18:57:52.962,-4087.919,59.987918853759766,0
2026-02-04 18:57:50.000,2026-02-04 18:58:00.000,477,2026-02-04 18:57:57.066,2026-02-04 18:57:52.971,-4095.071,59.989906311035156,0
2026-02-04 18:57:50.000,2026-02-04 18:58:00.000,2423,2026-02-04 18:57:56.979,2026-02-04 18:57:52.977,-4002.303,50.02737045288086,0
2026-02-04 18:57:50.000,2026-02-04 18:58:00.000,2108,2026-02-04 18:57:57.066,2026-02-04 18:57:52.981,-4084.975,59.99165344238281,0
2026-02-04 18:57:50.000,2026-02-04 18:58:00.000,477,2026-02-04 18:57:57.083,2026-02-04 18:57:52.988,-4095.127,59.99053192138672,0
2026-02-04 18:57:50.000,2026-02-04 18:58:00.000,2108,2026-02-04 18:57:57.083,2026-02-04 18:57:52.996,-4087.099,59.99217224121094,0
2026-02-04 18:57:50.000,2026-02-04 18:58:00.000,2423,2026-02-04 18:57:57.000,2026-02-04 18:57:52.998,-4001.772,50.02790832519531,0
2026-02-04 18:57:50.000,2026-02-04 18:58:00.000,477,2026-02-04 18:57:57.100,2026-02-04 18:57:53.004,-4095.265,59.990848541259766,0
2026-02-04 18:57:50.000,2026-02-04 18:58:00.000,2108,2026-02-04 18:57:57.100,2026-02-04 18:57:53.013,-4086.751,59.994049072265625,0
2026-02-04 18:57:50.000,2026-02-04 18:58:00.000,2423,2026-02-04 18:57:57.020,2026-02-04 18:57:53.019,-4000.744,50.02782440185547,0
2026-02-04 18:57:50.000,2026-02-04 18:58:00.000,477,2026-02-04 18:57:57.116,2026-02-04 18:57:53.024,-4091.898,59.990806579589844,0
2026-02-04 18:57:50.000,2026-02-04 18:58:00.000,2108,2026-02-04 18:57:57.116,2026-02-04 18:57:53.029,-4086.899,59.992164611816406,0
2026-02-04 18:57:50.000,2026-02-04 18:58:00.000,2423,2026-02-04 18:57:57.040,2026-02-04 18:57:53.039,-4000.706,50.027706146240234,0
2026-02-04 18:57:50.000,2026-02-04 18:58:00.000,477,2026-02-04 18:57:57.133,2026-02-04 18:57:53.045,-4087.524,59.990142822265625,0
2026-02-04 18:57:50.000,2026-02-04 18:58:00.000,2108,2026-02-04 18:57:57.133,2026-02-04 18:57:53.046,-4086.525,59.98835754394531,0
2026-02-04 18:57:50.000,2026-02-04 18:58:00.000,477,2026-02-04 18:57:57.150,2026-02-04 18:57:53.058,-4091.675,59.989810943603516,0
2026-02-04 18:57:50.000,2026-02-04 18:58:00.000,2423,2026-02-04 18:57:57.059,2026-02-04 18:57:53.058,-4001.667,50.027008056640625,0
2026-02-04 18:57:50.000,2026-02-04 18:58:00.000,2108,2026-02-04 18:57:57.150,2026-02-04 18:57:53.076,-4073.633,59.9913215637207,0
2026-02-04 18:57:50.000,2026-02-04 18:58:00.000,2423,2026-02-04 18:57:57.080,2026-02-04 18:57:53.081,-3998.634,50.02464294433594,0
2026-02-04 18:57:50.000,2026-02-04 18:58:00.000,2108,2026-02-04 18:57:57.166,2026-02-04 18:57:53.082,-4084.305,59.991363525390625,0
2026-02-04 18:57:50.000,2026-02-04 18:58:00.000,2108,2026-02-04 18:57:57.183,2026-02-04 18:57:53.096,-4086.626,59.98772048950195,0
2026-02-04 18:57:50.000,2026-02-04 18:58:00.000,2423,2026-02-04 18:57:57.100,2026-02-04 18:57:53.098,-4001.299,50.023807525634766,0
2026-02-04 18:57:50.000,2026-02-04 18:58:00.000,2108,2026-02-04 18:57:57.200,2026-02-04 18:57:53.114,-4085.415,59.989925384521484,0
2026-02-04 18:57:50.000,2026-02-04 18:58:00.000,2423,2026-02-04 18:57:57.120,2026-02-04 18:57:53.120,-3999.413,50.026119232177734,0
2026-02-04 18:57:50.000,2026-02-04 18:58:00.000,477,2026-02-04 18:57:57.166,2026-02-04 18:57:53.127,-4039.481,59.99054718017578,0
2026-02-04 18:57:50.000,2026-02-04 18:58:00.000,477,2026-02-04 18:57:57.183,2026-02-04 18:57:53.127,-4056.145,59.99040222167969,0
2026-02-04 18:57:50.000,2026-02-04 18:58:00.000,477,2026-02-04 18:57:57.200,2026-02-04 18:57:53.127,-4072.809,59.98957443237305,0
2026-02-04 18:57:50.000,2026-02-04 18:58:00.000,477,2026-02-04 18:57:57.216,2026-02-04 18:57:53.128,-4087.965,59.99040222167969,0
2026-02-04 18:57:50.000,2026-02-04 18:58:00.000,2108,2026-02-04 18:57:57.216,2026-02-04 18:57:53.129,-4086.958,59.99241256713867,0
2026-02-04 18:57:50.000,2026-02-04 18:58:00.000,2423,2026-02-04 18:57:57.139,2026-02-04 18:57:53.143,-3996.267,50.028255462646484,0
2026-02-04 18:57:50.000,2026-02-04 18:58:00.000,2108,2026-02-04 18:57:57.233,2026-02-04 18:57:53.153,-4079.572,59.99135208129883,0
2026-02-04 18:57:50.000,2026-02-04 18:58:00.000,477,2026-02-04 18:57:57.233,2026-02-04 18:57:53.153,-4079.572,59.99081039428711,0
2026-02-04 18:57:50.000,2026-02-04 18:58:00.000,477,2026-02-04 18:57:57.250,2026-02-04 18:57:53.164,-4085.207,59.99018859863281,0
2026-02-04 18:57:50.000,2026-02-04 18:58:00.000,2423,2026-02-04 18:57:57.160,2026-02-04 18:57:53.165,-3994.201,50.02822494506836,0
2026-02-04 18:57:50.000,2026-02-04 18:58:00.000,2108,2026-02-04 18:57:57.250,2026-02-04 18:57:53.166,-4083.201,59.99236297607422,0
2026-02-04 18:57:50.000,2026-02-04 18:58:00.000,477,2026-02-04 18:57:57.266,2026-02-04 18:57:53.171,-4095.225,59.99092483520508,0
2026-02-04 18:57:50.000,2026-02-04 18:58:00.000,2423,2026-02-04 18:57:57.180,2026-02-04 18:57:53.188,-3991.529,50.02790832519531,0
2026-02-04 18:57:50.000,2026-02-04 18:58:00.000,2108,2026-02-04 18:57:57.266,2026-02-04 18:57:53.189,-4076.679,59.99260711669922,0
2026-02-04 18:57:50.000,2026-02-04 18:58:00.000,477,2026-02-04 18:57:57.283,2026-02-04 18:57:53.189,-4093.343,59.99152755737305,0
2026-02-04 18:57:50.000,2026-02-04 18:58:00.000,2108,2026-02-04 18:57:57.283,2026-02-04 18:57:53.198,-4084.821,59.989383697509766,0
2026-02-04 18:57:50.000,2026-02-04 18:58:00.000,2423,2026-02-04 18:57:57.200,2026-02-04 18:57:53.199,-4000.490,50.02817916870117,0
2026-02-04 18:57:50.000,2026-02-04 18:58:00.000,477,2026-02-04 18:57:57.299,2026-02-04 18:57:53.205,-4094.967,59.99113845825195,0
2026-02-04 18:57:50.000,2026-02-04 18:58:00.000,2108,2026-02-04 18:57:57.299,2026-02-04 18:57:53.214,-4085.451,59.99014663696289,0
2026-02-04 18:57:50.000,2026-02-04 18:58:00.000,2423,2026-02-04 18:57:57.219,2026-02-04 18:57:53.219,-4000.937,50.02740478515625,0
2026-02-04 18:57:50.000,2026-02-04 18:58:00.000,477,2026-02-04 18:57:57.316,2026-02-04 18:57:53.221,-4095.617,59.99162673950195,0
2026-02-04 18:57:50.000,2026-02-04 18:58:00.000,2108,2026-02-04 18:57:57.316,2026-02-04 18:57:53.229,-4087.545,59.99281692504883,0
2026-02-04 18:57:50.000,2026-02-04 18:58:00.000,2423,2026-02-04 18:57:57.240,2026-02-04 18:57:53.240,-3999.764,50.025917053222656,0
2026-02-04 18:57:50.000,2026-02-04 18:58:00.000,477,2026-02-04 18:57:57.333,2026-02-04 18:57:53.240,-4093.100,59.99209213256836,0
2026-02-04 18:57:50.000,2026-02-04 18:58:00.000,2108,2026-02-04 18:57:57.333,2026-02-04 18:57:53.246,-4087.040,59.992191314697266,0
2026-02-04 18:57:50.000,2026-02-04 18:58:00.000,477,2026-02-04 18:57:57.350,2026-02-04 18:57:53.254,-4095.649,59.99095916748047,0
2026-02-04 18:57:50.000,2026-02-04 18:58:00.000,2423,2026-02-04 18:57:57.260,2026-02-04 18:57:53.258,-4001.657,50.025333404541016,0
2026-02-04 18:57:50.000,2026-02-04 18:58:00.000,2108,2026-02-04 18:57:57.350,2026-02-04 18:57:53.262,-4087.649,59.990478515625,0
2026-02-04 18:57:50.000,2026-02-04 18:58:00.000,2423,2026-02-04 18:57:57.280,2026-02-04 18:57:53.278,-4001.577,50.0256462097168,0
2026-02-04 18:57:50.000,2026-02-04 18:58:00.000,2108,2026-02-04 18:57:57.366,2026-02-04 18:57:53.279,-4087.252,59.988197326660156,0
2026-02-04 18:57:50.000,2026-02-04 18:58:00.000,2108,2026-02-04 18:57:57.383,2026-02-04 18:57:53.295,-4087.810,59.988948822021484,0
2026-02-04 18:57:50.000,2026-02-04 18:58:00.000,2423,2026-02-04 18:57:57.299,2026-02-04 18:57:53.298,-4001.465,50.02577209472656,0
2026-02-04 18:57:50.000,2026-02-04 18:58:00.000,477,2026-02-04 18:57:57.366,2026-02-04 18:57:53.304,-4062.115,59.99018096923828,0
2026-02-04 18:57:50.000,2026-02-04 18:58:00.000,477,2026-02-04 18:57:57.383,2026-02-04 18:57:53.305,-4077.780,59.99071502685547,0
2026-02-04 18:57:50.000,2026-02-04 18:58:00.000,2108,2026-02-04 18:57:57.400,2026-02-04 18:57:53.313,-4086.444,59.992469787597656,0
2026-02-04 18:57:50.000,2026-02-04 18:58:00.000,477,2026-02-04 18:57:57.400,2026-02-04 18:57:53.318,-4081.397,59.99093246459961,0
2026-02-04 18:57:50.000,2026-02-04 18:58:00.000,2423,2026-02-04 18:57:57.320,2026-02-04 18:57:53.319,-4000.395,50.02610397338867,0
2026-02-04 18:57:50.000,2026-02-04 18:58:00.000,477,2026-02-04 18:57:57.416,2026-02-04 18:57:53.321,-4095.062,59.99078369140625,0
2026-02-04 18:57:50.000,2026-02-04 18:58:00.000,2108,2026-02-04 18:57:57.416,2026-02-04 18:57:53.329,-4086.980,59.99187469482422,0
2026-02-04 18:57:50.000,2026-02-04 18:58:00.000,2423,2026-02-04 18:57:57.340,2026-02-04 18:57:53.337,-4002.187,50.027652740478516,0
2026-02-04 18:57:50.000,2026-02-04 18:58:00.000,477,2026-02-04 18:57:57.433,2026-02-04 18:57:53.338,-4094.502,59.99098205566406,0
2026-02-04 18:57:50.000,2026-02-04 18:58:00.000,2108,2026-02-04 18:57:57.433,2026-02-04 18:57:53.345,-4087.986,59.987091064453125,0
2026-02-04 18:57:50.000,2026-02-04 18:58:00.000,477,2026-02-04 18:57:57.450,2026-02-04 18:57:53.354,-4095.294,59.99100875854492,0
2026-02-04 18:57:50.000,2026-02-04 18:58:00.000,2423,2026-02-04 18:57:57.360,2026-02-04 18:57:53.358,-4001.293,50.02809524536133,0
2026-02-04 18:57:50.000,2026-02-04 18:58:00.000,2108,2026-02-04 18:57:57.450,2026-02-04 18:57:53.361,-4088.294,59.98625564575195,0
2026-02-04 18:57:50.000,2026-02-04 18:58:00.000,477,2026-02-04 18:57:57.466,2026-02-04 18:57:53.373,-4092.825,59.990821838378906,0
2026-02-04 18:57:50.000,2026-02-04 18:58:00.000,2423,2026-02-04 18:57:57.379,2026-02-04 18:57:53.382,-3997.638,50.02499008178711,0
2026-02-04 18:57:50.000,2026-02-04 18:58:00.000,2108,2026-02-04 18:57:57.466,2026-02-04 18:57:53.382,-4084.310,59.9908561706543,0
2026-02-04 18:57:50.000,2026-02-04 18:58:00.000,477,2026-02-04 18:57:57.483,2026-02-04 18:57:53.387,-4095.462,59.99093246459961,0
2026-02-04 18:57:50.000,2026-02-04 18:58:00.000,2108,2026-02-04 18:57:57.483,2026-02-04 18:57:53.395,-4087.437,59.993980407714844,0
2026-02-04 18:57:50.000,2026-02-04 18:58:00.000,2423,2026-02-04 18:57:57.400,2026-02-04 18:57:53.397,-4002.113,50.022647857666016,0
2026-02-04 18:57:50.000,2026-02-04 18:58:00.000,477,2026-02-04 18:57:57.500,2026-02-04 18:57:53.404,-4095.158,59.99102783203125,0
2026-02-04 18:57:50.000,2026-02-04 18:58:00.000,2108,2026-02-04 18:57:57.500,2026-02-04 18:57:53.414,-4085.708,59.993186950683594,0
2026-02-04 18:57:50.000,2026-02-04 18:58:00.000,2423,2026-02-04 18:57:57.420,2026-02-04 18:57:53.418,-4001.367,50.025428771972656,0
2026-02-04 18:57:50.000,2026-02-04 18:58:00.000,477,2026-02-04 18:57:57.516,2026-02-04 18:57:53.421,-4094.863,59.990760803222656,0
2026-02-04 18:57:50.000,2026-02-04 18:58:00.000,2108,2026-02-04 18:57:57.516,2026-02-04 18:57:53.429,-4087.440,59.99092483520508,0
2026-02-04 18:57:50.000,2026-02-04 18:58:00.000,2423,2026-02-04 18:57:57.440,2026-02-04 18:57:53.438,-4001.512,50.028343200683594,0
2026-02-04 18:57:50.000,2026-02-04 18:58:00.000,477,2026-02-04 18:57:57.533,2026-02-04 18:57:53.438,-4094.848,59.99046325683594,0
2026-02-04 18:57:50.000,2026-02-04 18:58:00.000,2108,2026-02-04 18:57:57.533,2026-02-04 18:57:53.445,-4087.652,59.98973083496094,0
2026-02-04 18:57:50.000,2026-02-04 18:58:00.000,477,2026-02-04 18:57:57.550,2026-02-04 18:57:53.455,-4094.795,59.99083709716797,0
2026-02-04 18:57:50.000,2026-02-04 18:58:00.000,2423,2026-02-04 18:57:57.459,2026-02-04 18:57:53.458,-4001.786,50.02791976928711,0
2026-02-04 18:57:50.000,2026-02-04 18:58:00.000,2108,2026-02-04 18:57:57.550,2026-02-04 18:57:53.462,-4087.795,59.99040222167969,0
2026-02-04 18:57:50.000,2026-02-04 18:58:00.000,477,2026-02-04 18:57:57.566,2026-02-04 18:57:53.472,-4094.157,59.99118423461914,0
2026-02-04 18:57:50.000,2026-02-04 18:58:00.000,2423,2026-02-04 18:57:57.480,2026-02-04 18:57:53.478,-4001.975,50.02666473388672,0
2026-02-04 18:57:50.000,2026-02-04 18:58:00.000,477,2026-02-04 18:57:57.583,2026-02-04 18:57:53.488,-4094.769,59.99132537841797,0
2026-02-04 18:57:50.000,2026-02-04 18:58:00.000,2423,2026-02-04 18:57:57.500,2026-02-04 18:57:53.497,-4002.286,50.025901794433594,0
2026-02-04 18:57:50.000,2026-02-04 18:58:00.000,477,2026-02-04 18:57:57.600,2026-02-04 18:57:53.504,-4095.769,59.99148178100586,0
2026-02-04 18:57:50.000,2026-02-04 18:58:00.000,2108,2026-02-04 18:57:57.566,2026-02-04 18:57:53.511,-4054.926,59.98942947387695,0
2026-02-04 18:57:50.000,2026-02-04 18:58:00.000,2108,2026-02-04 18:57:57.583,2026-02-04 18:57:53.511,-4071.590,59.985687255859375,0
2026-02-04 18:57:50.000,2026-02-04 18:58:00.000,2108,2026-02-04 18:57:57.600,2026-02-04 18:57:53.511,-4088.254,59.98800277709961,0
2026-02-04 18:57:50.000,2026-02-04 18:58:00.000,2423,2026-02-04 18:57:57.520,2026-02-04 18:57:53.518,-4001.742,50.025753021240234,0
2026-02-04 18:57:50.000,2026-02-04 18:58:00.000,477,2026-02-04 18:57:57.616,2026-02-04 18:57:53.521,-4094.862,59.99097442626953,0
2026-02-04 18:57:50.000,2026-02-04 18:58:00.000,2108,2026-02-04 18:57:57.616,2026-02-04 18:57:53.529,-4087.335,59.99390411376953,0
2026-02-04 18:57:50.000,2026-02-04 18:58:00.000,477,2026-02-04 18:57:57.633,2026-02-04 18:57:53.539,-4093.440,59.990352630615234,0
2026-02-04 18:57:50.000,2026-02-04 18:58:00.000,2423,2026-02-04 18:57:57.539,2026-02-04 18:57:53.540,-3999.104,50.02629089355469,0
2026-02-04 18:57:50.000,2026-02-04 18:58:00.000,2108,2026-02-04 18:57:57.633,2026-02-04 18:57:53.545,-4087.417,59.99212646484375,0
2026-02-04 18:57:50.000,2026-02-04 18:58:00.000,477,2026-02-04 18:57:57.650,2026-02-04 18:57:53.554,-4095.320,59.990577697753906,0
2026-02-04 18:57:50.000,2026-02-04 18:58:00.000,2423,2026-02-04 18:57:57.560,2026-02-04 18:57:53.558,-4001.323,50.02638626098633,0
2026-02-04 18:57:50.000,2026-02-04 18:58:00.000,2108,2026-02-04 18:57:57.650,2026-02-04 18:57:53.561,-4088.323,59.98833465576172,0
2026-02-04 18:57:50.000,2026-02-04 18:58:00.000,477,2026-02-04 18:57:57.666,2026-02-04 18:57:53.571,-4094.959,59.99121856689453,0
2026-02-04 18:57:50.000,2026-02-04 18:58:00.000,2423,2026-02-04 18:57:57.580,2026-02-04 18:57:53.578,-4001.791,50.027095794677734,0
2026-02-04 18:57:50.000,2026-02-04 18:58:00.000,2108,2026-02-04 18:57:57.666,2026-02-04 18:57:53.580,-4086.445,59.98828887939453,0
2026-02-04 18:57:50.000,2026-02-04 18:58:00.000,477,2026-02-04 18:57:57.683,2026-02-04 18:57:53.587,-4095.594,59.99079132080078,0
2026-02-04 18:57:50.000,2026-02-04 18:58:00.000,2108,2026-02-04 18:57:57.683,2026-02-04 18:57:53.598,-4084.969,59.9882926940918,0
2026-02-04 18:57:50.000,2026-02-04 18:58:00.000,2423,2026-02-04 18:57:57.600,2026-02-04 18:57:53.598,-4001.641,50.02766418457031,0
2026-02-04 18:57:50.000,2026-02-04 18:58:00.000,477,2026-02-04 18:57:57.699,2026-02-04 18:57:53.604,-4095.121,59.989925384521484,0
2026-02-04 18:57:50.000,2026-02-04 18:58:00.000,2108,2026-02-04 18:57:57.699,2026-02-04 18:57:53.613,-4086.610,59.99036407470703,0
2026-02-04 18:57:50.000,2026-02-04 18:58:00.000,2423,2026-02-04 18:57:57.619,2026-02-04 18:57:53.624,-3995.508,50.02540588378906,0
2026-02-04 18:57:50.000,2026-02-04 18:58:00.000,477,2026-02-04 18:57:57.716,2026-02-04 18:57:53.625,-4091.192,59.990394592285156,0
2026-02-04 18:57:50.000,2026-02-04 18:58:00.000,2108,2026-02-04 18:57:57.716,2026-02-04 18:57:53.630,-4086.630,59.99528121948242,0
2026-02-04 18:57:50.000,2026-02-04 18:58:00.000,2423,2026-02-04 18:57:57.640,2026-02-04 18:57:53.640,-3999.439,50.02409744262695,0
2026-02-04 18:57:50.000,2026-02-04 18:58:00.000,477,2026-02-04 18:57:57.733,2026-02-04 18:57:53.641,-4091.773,59.99128723144531,0
2026-02-04 18:57:50.000,2026-02-04 18:58:00.000,2108,2026-02-04 18:57:57.733,2026-02-04 18:57:53.644,-4088.494,59.99504852294922,0
2026-02-04 18:57:50.000,2026-02-04 18:58:00.000,477,2026-02-04 18:57:57.750,2026-02-04 18:57:53.654,-4095.136,59.99116134643555,0
2026-02-04 18:57:50.000,2026-02-04 18:58:00.000,2423,2026-02-04 18:57:57.660,2026-02-04 18:57:53.657,-4002.145,50.02555465698242,0
2026-02-04 18:57:50.000,2026-02-04 18:58:00.000,2108,2026-02-04 18:57:57.750,2026-02-04 18:57:53.662,-4087.565,59.98832702636719,0
2026-02-04 18:57:50.000,2026-02-04 18:58:00.000,477,2026-02-04 18:57:57.766,2026-02-04 18:57:53.671,-4094.984,59.99094772338867,0
2026-02-04 18:57:50.000,2026-02-04 18:58:00.000,2423,2026-02-04 18:57:57.680,2026-02-04 18:57:53.678,-4001.802,50.02701950073242,0
2026-02-04 18:57:50.000,2026-02-04 18:58:00.000,2108,2026-02-04 18:57:57.766,2026-02-04 18:57:53.680,-4086.474,59.98487091064453,0
2026-02-04 18:57:50.000,2026-02-04 18:58:00.000,477,2026-02-04 18:57:57.783,2026-02-04 18:57:53.688,-4095.069,59.990665435791016,0
2026-02-04 18:57:50.000,2026-02-04 18:58:00.000,2108,2026-02-04 18:57:57.783,2026-02-04 18:57:53.695,-4087.860,59.986507415771484,0
2026-02-04 18:57:50.000,2026-02-04 18:58:00.000,2423,2026-02-04 18:57:57.699,2026-02-04 18:57:53.698,-4001.516,50.02591323852539,0
2026-02-04 18:57:50.000,2026-02-04 18:58:00.000,477,2026-02-04 18:57:57.800,2026-02-04 18:57:53.704,-4095.014,59.99045944213867,0
2026-02-04 18:57:50.000,2026-02-04 18:58:00.000,2108,2026-02-04 18:57:57.800,2026-02-04 18:57:53.711,-4088.014,59.98799514770508,0
2026-02-04 18:57:50.000,2026-02-04 18:58:00.000,2423,2026-02-04 18:57:57.720,2026-02-04 18:57:53.718,-4001.502,50.02456283569336,0
2026-02-04 18:57:50.000,2026-02-04 18:58:00.000,477,2026-02-04 18:57:57.816,2026-02-04 18:57:53.721,-4095.167,59.99155044555664,0
2026-02-04 18:57:50.000,2026-02-04 18:58:00.000,2108,2026-02-04 18:57:57.816,2026-02-04 18:57:53.729,-4087.075,59.988643646240234,0
2026-02-04 18:57:50.000,2026-02-04 18:58:00.000,477,2026-02-04 18:57:57.833,2026-02-04 18:57:53.738,-4095.229,59.991817474365234,0
2026-02-04 18:57:50.000,2026-02-04 18:58:00.000,2423,2026-02-04 18:57:57.740,2026-02-04 18:57:53.738,-4001.909,50.02668762207031,0
2026-02-04 18:57:50.000,2026-02-04 18:58:00.000,2108,2026-02-04 18:57:57.833,2026-02-04 18:57:53.745,-4087.713,59.99053192138672,0
2026-02-04 18:57:50.000,2026-02-04 18:58:00.000,477,2026-02-04 18:57:57.850,2026-02-04 18:57:53.755,-4094.866,59.990478515625,0
2026-02-04 18:57:50.000,2026-02-04 18:58:00.000,2423,2026-02-04 18:57:57.760,2026-02-04 18:57:53.758,-4001.868,50.02950668334961,0
2026-02-04 18:57:50.000,2026-02-04 18:58:00.000,2108,2026-02-04 18:57:57.850,2026-02-04 18:57:53.762,-4087.867,59.99268341064453,0
2026-02-04 18:57:50.000,2026-02-04 18:58:00.000,477,2026-02-04 18:57:57.866,2026-02-04 18:57:53.778,-4088.498,59.99012756347656,0
2026-02-04 18:57:50.000,2026-02-04 18:58:00.000,2423,2026-02-04 18:57:57.779,2026-02-04 18:57:53.782,-3997.828,50.028076171875,0
2026-02-04 18:57:50.000,2026-02-04 18:58:00.000,2108,2026-02-04 18:57:57.866,2026-02-04 18:57:53.782,-4084.499,59.99241256713867,0
2026-02-04 18:57:50.000,2026-02-04 18:58:00.000,477,2026-02-04 18:57:57.883,2026-02-04 18:57:53.788,-4095.095,59.99029541015625,0
2026-02-04 18:57:50.000,2026-02-04 18:58:00.000,2108,2026-02-04 18:57:57.883,2026-02-04 18:57:53.795,-4087.518,59.99066162109375,0
2026-02-04 18:57:50.000,2026-02-04 18:58:00.000,2423,2026-02-04 18:57:57.800,2026-02-04 18:57:53.797,-4002.188,50.02537536621094,0
2026-02-04 18:57:50.000,2026-02-04 18:58:00.000,477,2026-02-04 18:57:57.900,2026-02-04 18:57:53.805,-4094.685,59.99006271362305,0
2026-02-04 18:57:50.000,2026-02-04 18:58:00.000,2108,2026-02-04 18:57:57.900,2026-02-04 18:57:53.812,-4087.682,59.9880485534668,0
2026-02-04 18:57:50.000,2026-02-04 18:58:00.000,2423,2026-02-04 18:57:57.820,2026-02-04 18:57:53.817,-4002.175,50.02677917480469,0
2026-02-04 18:57:50.000,2026-02-04 18:58:00.000,477,2026-02-04 18:57:57.916,2026-02-04 18:57:53.821,-4094.839,59.990604400634766,0
2026-02-04 18:57:50.000,2026-02-04 18:58:00.000,2108,2026-02-04 18:57:57.916,2026-02-04 18:57:53.829,-4087.325,59.98928451538086,0
2026-02-04 18:57:50.000,2026-02-04 18:58:00.000,477,2026-02-04 18:57:57.933,2026-02-04 18:57:53.842,-4090.958,59.991127014160156,0
2026-02-04 18:57:50.000,2026-02-04 18:58:00.000,2423,2026-02-04 18:57:57.840,2026-02-04 18:57:53.842,-3997.622,50.02894973754883,0
2026-02-04 18:57:50.000,2026-02-04 18:58:00.000,2108,2026-02-04 18:57:57.933,2026-02-04 18:57:53.864,-4068.409,59.992332458496094,0
2026-02-04 18:57:50.000,2026-02-04 18:58:00.000,477,2026-02-04 18:57:57.950,2026-02-04 18:57:53.864,-4085.073,59.99081039428711,0
2026-02-04 18:57:50.000,2026-02-04 18:58:00.000,2423,2026-02-04 18:57:57.859,2026-02-04 18:57:53.865,-3994.067,50.027523040771484,0
2026-02-04 18:57:50.000,2026-02-04 18:58:00.000,2108,2026-02-04 18:57:57.950,2026-02-04 18:57:53.865,-4084.075,59.99127197265625,0
2026-02-04 18:57:50.000,2026-02-04 18:58:00.000,477,2026-02-04 18:57:57.966,2026-02-04 18:57:53.873,-4093.236,59.99005126953125,0
2026-02-04 18:57:50.000,2026-02-04 18:58:00.000,2423,2026-02-04 18:57:57.880,2026-02-04 18:57:53.878,-4001.550,50.0252799987793,0
2026-02-04 18:57:50.000,2026-02-04 18:58:00.000,2108,2026-02-04 18:57:57.966,2026-02-04 18:57:53.879,-4087.219,59.98759841918945,0
2026-02-04 18:57:50.000,2026-02-04 18:58:00.000,477,2026-02-04 18:57:57.983,2026-02-04 18:57:53.927,-4056.045,59.98963928222656,0
2026-02-04 18:57:50.000,2026-02-04 18:58:00.000,477,2026-02-04 18:57:58.000,2026-02-04 18:57:53.930,-4069.709,59.98985290527344,0
2026-02-04 18:57:50.000,2026-02-04 18:58:00.000,2423,2026-02-04 18:57:57.900,2026-02-04 18:57:53.931,-3968.717,50.02681350708008,0
2026-02-04 18:57:50.000,2026-02-04 18:58:00.000,2108,2026-02-04 18:57:57.983,2026-02-04 18:57:53.932,-4051.043,59.987464904785156,0
2026-02-04 18:57:50.000,2026-02-04 18:58:00.000,477,2026-02-04 18:57:58.016,2026-02-04 18:57:53.933,-4083.370,59.99001693725586,0
2026-02-04 18:57:50.000,2026-02-04 18:58:00.000,2108,2026-02-04 18:57:58.000,2026-02-04 18:57:53.933,-4066.706,59.99210739135742,0
2026-02-04 18:57:50.000,2026-02-04 18:58:00.000,2423,2026-02-04 18:57:57.920,2026-02-04 18:57:53.933,-3986.706,50.028045654296875,0
2026-02-04 18:57:50.000,2026-02-04 18:58:00.000,2108,2026-02-04 18:57:58.016,2026-02-04 18:57:53.934,-4082.286,59.99392318725586,0
2026-02-04 18:57:50.000,2026-02-04 18:58:00.000,2423,2026-02-04 18:57:57.939,2026-02-04 18:57:53.938,-4001.605,50.027198791503906,0
2026-02-04 18:57:50.000,2026-02-04 18:58:00.000,477,2026-02-04 18:57:58.033,2026-02-04 18:57:53.939,-4093.952,59.99014663696289,0
2026-02-04 18:57:50.000,2026-02-04 18:58:00.000,2108,2026-02-04 18:57:58.033,2026-02-04 18:57:53.945,-4087.435,59.991512298583984,0
2026-02-04 18:57:50.000,2026-02-04 18:58:00.000,477,2026-02-04 18:57:58.050,2026-02-04 18:57:53.956,-4093.590,59.99015426635742,0
2026-02-04 18:57:50.000,2026-02-04 18:58:00.000,2423,2026-02-04 18:57:57.960,2026-02-04 18:57:53.958,-4001.589,50.02738571166992,0
2026-02-04 18:57:50.000,2026-02-04 18:58:00.000,2108,2026-02-04 18:57:58.050,2026-02-04 18:57:53.962,-4087.590,59.98759841918945,0
2026-02-04 18:57:50.000,2026-02-04 18:58:00.000,477,2026-02-04 18:57:58.066,2026-02-04 18:57:53.975,-4091.486,59.989471435546875,0
2026-02-04 18:57:50.000,2026-02-04 18:58:00.000,2423,2026-02-04 18:57:57.980,2026-02-04 18:57:53.978,-4001.835,50.027549743652344,0
2026-02-04 18:57:50.000,2026-02-04 18:58:00.000,2108,2026-02-04 18:57:58.066,2026-02-04 18:57:53.979,-4087.485,59.98649215698242,0
2026-02-04 18:57:50.000,2026-02-04 18:58:00.000,477,2026-02-04 18:57:58.083,2026-02-04 18:57:53.993,-4089.987,59.989418029785156,0
2026-02-04 18:57:50.000,2026-02-04 18:58:00.000,2108,2026-02-04 18:57:58.083,2026-02-04 18:57:54.000,-4082.893,59.9886474609375,0
2026-02-04 18:57:50.000,2026-02-04 18:58:00.000,2423,2026-02-04 18:57:58.000,2026-02-04 18:57:54.001,-3998.564,50.02819061279297,0
2026-02-04 18:57:50.000,2026-02-04 18:58:00.000,477,2026-02-04 18:57:58.099,2026-02-04 18:57:54.004,-4095.529,59.99040222167969,0
2026-02-04 18:57:50.000,2026-02-04 18:58:00.000,2108,2026-02-04 18:57:58.099,2026-02-04 18:57:54.012,-4087.529,59.990909576416016,0
2026-02-04 18:57:50.000,2026-02-04 18:58:00.000,2423,2026-02-04 18:57:58.019,2026-02-04 18:57:54.017,-4002.017,50.02899932861328,0
2026-02-04 18:57:50.000,2026-02-04 18:58:00.000,477,2026-02-04 18:57:58.116,2026-02-04 18:57:54.021,-4094.697,59.99089050292969,0
2026-02-04 18:57:50.000,2026-02-04 18:58:00.000,2108,2026-02-04 18:57:58.116,2026-02-04 18:57:54.029,-4087.182,59.991573333740234,0
2026-02-04 18:57:50.000,2026-02-04 18:58:00.000,2423,2026-02-04 18:57:58.040,2026-02-04 18:57:54.038,-4001.455,50.02708053588867,0
2026-02-04 18:57:50.000,2026-02-04 18:58:00.000,477,2026-02-04 18:57:58.133,2026-02-04 18:57:54.038,-4094.791,59.99054718017578,0
2026-02-04 18:57:50.000,2026-02-04 18:58:00.000,2108,2026-02-04 18:57:58.133,2026-02-04 18:57:54.046,-4087.279,59.99004364013672,0
2026-02-04 18:57:50.000,2026-02-04 18:58:00.000,477,2026-02-04 18:57:58.150,2026-02-04 18:57:54.055,-4094.431,59.99046325683594,0
2026-02-04 18:57:50.000,2026-02-04 18:58:00.000,2423,2026-02-04 18:57:58.060,2026-02-04 18:57:54.058,-4001.440,50.0252685546875,0
2026-02-04 18:57:50.000,2026-02-04 18:58:00.000,2108,2026-02-04 18:57:58.150,2026-02-04 18:57:54.063,-4086.432,59.990787506103516,0
2026-02-04 18:57:50.000,2026-02-04 18:58:00.000,477,2026-02-04 18:57:58.166,2026-02-04 18:57:54.073,-4093.226,59.990501403808594,0
2026-02-04 18:57:50.000,2026-02-04 18:58:00.000,2423,2026-02-04 18:57:58.080,2026-02-04 18:57:54.080,-3999.546,50.026336669921875,0
2026-02-04 18:57:50.000,2026-02-04 18:58:00.000,2108,2026-02-04 18:57:58.166,2026-02-04 18:57:54.080,-4086.218,59.99307632446289,0
2026-02-04 18:57:50.000,2026-02-04 18:58:00.000,477,2026-02-04 18:57:58.183,2026-02-04 18:57:54.088,-4094.829,59.9901008605957,0
2026-02-04 18:57:50.000,2026-02-04 18:58:00.000,2108,2026-02-04 18:57:58.183,2026-02-04 18:57:54.095,-4087.795,59.992401123046875,0
2026-02-04 18:57:50.000,2026-02-04 18:58:00.000,2423,2026-02-04 18:57:58.099,2026-02-04 18:57:54.100,-3999.449,50.026756286621094,0
2026-02-04 18:57:50.000,2026-02-04 18:58:00.000,477,2026-02-04 18:57:58.200,2026-02-04 18:57:54.106,-4093.940,59.98966598510742,0
2026-02-04 18:57:50.000,2026-02-04 18:58:00.000,2108,2026-02-04 18:57:58.200,2026-02-04 18:57:54.112,-4087.945,59.98974609375,0
2026-02-04 18:57:50.000,2026-02-04 18:58:00.000,2423,2026-02-04 18:57:58.120,2026-02-04 18:57:54.120,-3999.425,50.02738952636719,0
2026-02-04 18:57:50.000,2026-02-04 18:58:00.000,477,2026-02-04 18:57:58.216,2026-02-04 18:57:54.121,-4095.086,59.98896408081055,0
2026-02-04 18:57:50.000,2026-02-04 18:58:00.000,2108,2026-02-04 18:57:58.216,2026-02-04 18:57:54.130,-4086.568,59.98816680908203,0
2026-02-04 18:57:50.000,2026-02-04 18:58:00.000,477,2026-02-04 18:57:58.233,2026-02-04 18:57:54.137,-4095.724,59.98887634277344,0
2026-02-04 18:57:50.000,2026-02-04 18:58:00.000,2423,2026-02-04 18:57:58.140,2026-02-04 18:57:54.138,-4001.398,50.02887725830078,0
2026-02-04 18:57:50.000,2026-02-04 18:58:00.000,2108,2026-02-04 18:57:58.233,2026-02-04 18:57:54.146,-4087.205,59.9893798828125,0
2026-02-04 18:57:50.000,2026-02-04 18:58:00.000,477,2026-02-04 18:57:58.250,2026-02-04 18:57:54.154,-4095.387,59.99014663696289,0
2026-02-04 18:57:50.000,2026-02-04 18:58:00.000,2423,2026-02-04 18:57:58.160,2026-02-04 18:57:54.158,-4001.382,50.02832794189453,0
2026-02-04 18:57:50.000,2026-02-04 18:58:00.000,2108,2026-02-04 18:57:58.250,2026-02-04 18:57:54.161,-4088.383,59.99229049682617,0
2026-02-04 18:57:50.000,2026-02-04 18:58:00.000,477,2026-02-04 18:57:58.266,2026-02-04 18:57:54.171,-4095.536,59.99074935913086,0
2026-02-04 18:57:50.000,2026-02-04 18:58:00.000,2423,2026-02-04 18:57:58.179,2026-02-04 18:57:54.178,-4001.651,50.02720642089844,0
2026-02-04 18:57:50.000,2026-02-04 18:58:00.000,2108,2026-02-04 18:57:58.266,2026-02-04 18:57:54.179,-4087.321,59.99298858642578,0
2026-02-04 18:57:50.000,2026-02-04 18:58:00.000,477,2026-02-04 18:57:58.283,2026-02-04 18:57:54.188,-4094.828,59.98984909057617,0
2026-02-04 18:57:50.000,2026-02-04 18:58:00.000,2108,2026-02-04 18:57:58.283,2026-02-04 18:57:54.195,-4087.809,59.98921585083008,0
2026-02-04 18:57:50.000,2026-02-04 18:58:00.000,2423,2026-02-04 18:57:58.200,2026-02-04 18:57:54.197,-4002.481,50.0262336730957,0
2026-02-04 18:57:50.000,2026-02-04 18:58:00.000,477,2026-02-04 18:57:58.300,2026-02-04 18:57:54.204,-4095.421,59.98981475830078,0
2026-02-04 18:57:50.000,2026-02-04 18:58:00.000,2108,2026-02-04 18:57:58.300,2026-02-04 18:57:54.212,-4087.421,59.98777770996094,0
2026-02-04 18:57:50.000,2026-02-04 18:58:00.000,2423,2026-02-04 18:57:58.220,2026-02-04 18:57:54.218,-4001.038,50.02611541748047,0
2026-02-04 18:57:50.000,2026-02-04 18:58:00.000,477,2026-02-04 18:57:58.316,2026-02-04 18:57:54.221,-4094.701,59.990333557128906,0
2026-02-04 18:57:50.000,2026-02-04 18:58:00.000,2108,2026-02-04 18:57:58.316,2026-02-04 18:57:54.229,-4087.190,59.990909576416016,0
2026-02-04 18:57:50.000,2026-02-04 18:58:00.000,477,2026-02-04 18:57:58.333,2026-02-04 18:57:54.237,-4095.344,59.98993682861328,0
2026-02-04 18:57:50.000,2026-02-04 18:58:00.000,2423,2026-02-04 18:57:58.240,2026-02-04 18:57:54.237,-4002.008,50.02677536010742,0
2026-02-04 18:57:50.000,2026-02-04 18:58:00.000,2108,2026-02-04 18:57:58.333,2026-02-04 18:57:54.245,-4087.826,59.9925422668457,0
2026-02-04 18:57:50.000,2026-02-04 18:58:00.000,477,2026-02-04 18:57:58.350,2026-02-04 18:57:54.254,-4095.321,59.98992156982422,0
2026-02-04 18:57:50.000,2026-02-04 18:58:00.000,2423,2026-02-04 18:57:58.259,2026-02-04 18:57:54.257,-4002.315,50.02592849731445,0
2026-02-04 18:57:50.000,2026-02-04 18:58:00.000,2108,2026-02-04 18:57:58.350,2026-02-04 18:57:54.261,-4088.321,59.99053955078125,0
2026-02-04 18:57:50.000,2026-02-04 18:58:00.000,477,2026-02-04 18:57:58.366,2026-02-04 18:57:54.271,-4095.478,59.99039840698242,0
2026-02-04 18:57:50.000,2026-02-04 18:58:00.000,2423,2026-02-04 18:57:58.280,2026-02-04 18:57:54.277,-4002.443,50.02641296386719,0
2026-02-04 18:57:50.000,2026-02-04 18:58:00.000,2108,2026-02-04 18:57:58.366,2026-02-04 18:57:54.279,-4087.115,59.98965835571289,0
2026-02-04 18:57:50.000,2026-02-04 18:58:00.000,477,2026-02-04 18:57:58.383,2026-02-04 18:57:54.287,-4095.424,59.99022674560547,0
2026-02-04 18:57:50.000,2026-02-04 18:58:00.000,2108,2026-02-04 18:57:58.383,2026-02-04 18:57:54.294,-4088.517,59.991764068603516,0
2026-02-04 18:57:50.000,2026-02-04 18:58:00.000,2423,2026-02-04 18:57:58.300,2026-02-04 18:57:54.297,-4002.151,50.02861022949219,0
2026-02-04 18:57:50.000,2026-02-04 18:58:00.000,477,2026-02-04 18:57:58.400,2026-02-04 18:57:54.306,-4093.451,59.990169525146484,0
2026-02-04 18:57:50.000,2026-02-04 18:58:00.000,2108,2026-02-04 18:57:58.400,2026-02-04 18:57:54.312,-4087.442,59.99260711669922,0
2026-02-04 18:57:50.000,2026-02-04 18:58:00.000,2423,2026-02-04 18:57:58.320,2026-02-04 18:57:54.317,-4002.393,50.02922821044922,0
2026-02-04 18:57:50.000,2026-02-04 18:58:00.000,477,2026-02-04 18:57:58.416,2026-02-04 18:57:54.321,-4095.057,59.99127960205078,0
2026-02-04 18:57:50.000,2026-02-04 18:58:00.000,2108,2026-02-04 18:57:58.416,2026-02-04 18:57:54.329,-4087.542,59.99268341064453,0
2026-02-04 18:57:50.000,2026-02-04 18:58:00.000,477,2026-02-04 18:57:58.433,2026-02-04 18:57:54.338,-4094.946,59.99142837524414,0
2026-02-04 18:57:50.000,2026-02-04 18:58:00.000,2423,2026-02-04 18:57:58.339,2026-02-04 18:57:54.338,-4001.610,50.026947021484375,0
2026-02-04 18:57:50.000,2026-02-04 18:58:00.000,2108,2026-02-04 18:57:58.433,2026-02-04 18:57:54.350,-4082.678,59.989986419677734,0
2026-02-04 18:57:50.000,2026-02-04 18:58:00.000,477,2026-02-04 18:57:58.450,2026-02-04 18:57:54.355,-4094.830,59.99029541015625,0
2026-02-04 18:57:50.000,2026-02-04 18:58:00.000,2423,2026-02-04 18:57:58.360,2026-02-04 18:57:54.358,-4001.827,50.024417877197266,0
2026-02-04 18:57:50.000,2026-02-04 18:58:00.000,2108,2026-02-04 18:57:58.450,2026-02-04 18:57:54.366,-4083.792,59.9873161315918,0
2026-02-04 18:57:50.000,2026-02-04 18:58:00.000,477,2026-02-04 18:57:58.466,2026-02-04 18:57:54.371,-4095.457,59.98979568481445,0
2026-02-04 18:57:50.000,2026-02-04 18:58:00.000,2423,2026-02-04 18:57:58.380,2026-02-04 18:57:54.378,-4001.663,50.02568054199219,0
2026-02-04 18:57:50.000,2026-02-04 18:58:00.000,2108,2026-02-04 18:57:58.466,2026-02-04 18:57:54.387,-4079.251,59.990901947021484,0
2026-02-04 18:57:50.000,2026-02-04 18:58:00.000,477,2026-02-04 18:57:58.483,2026-02-04 18:57:54.388,-4094.916,59.99009323120117,0
2026-02-04 18:57:50.000,2026-02-04 18:58:00.000,2108,2026-02-04 18:57:58.483,2026-02-04 18:57:54.396,-4086.920,59.99294662475586,0
2026-02-04 18:57:50.000,2026-02-04 18:58:00.000,2423,2026-02-04 18:57:58.400,2026-02-04 18:57:54.398,-4001.593,50.02879333496094,0
2026-02-04 18:57:50.000,2026-02-04 18:58:00.000,477,2026-02-04 18:57:58.499,2026-02-04 18:57:54.404,-4095.557,59.99047088623047,0
2026-02-04 18:57:50.000,2026-02-04 18:58:00.000,2108,2026-02-04 18:57:58.499,2026-02-04 18:57:54.412,-4087.559,59.98963165283203,0
2026-02-04 18:57:50.000,2026-02-04 18:58:00.000,2423,2026-02-04 18:57:58.419,2026-02-04 18:57:54.417,-4002.311,50.02898406982422,0
2026-02-04 18:57:50.000,2026-02-04 18:58:00.000,477,2026-02-04 18:57:58.516,2026-02-04 18:57:54.421,-4094.923,59.9909782409668,0
2026-02-04 18:57:50.000,2026-02-04 18:58:00.000,2108,2026-02-04 18:57:58.516,2026-02-04 18:57:54.428,-4087.857,59.98756408691406,0
2026-02-04 18:57:50.000,2026-02-04 18:58:00.000,2423,2026-02-04 18:57:58.440,2026-02-04 18:57:54.441,-3998.667,50.026222229003906,0
2026-02-04 18:57:50.000,2026-02-04 18:58:00.000,477,2026-02-04 18:57:58.533,2026-02-04 18:57:54.441,-4092.003,59.991241455078125,0
2026-02-04 18:57:50.000,2026-02-04 18:58:00.000,2108,2026-02-04 18:57:58.533,2026-02-04 18:57:54.446,-4086.888,59.989376068115234,0
2026-02-04 18:57:50.000,2026-02-04 18:58:00.000,477,2026-02-04 18:57:58.550,2026-02-04 18:57:54.454,-4095.418,59.99088668823242,0
2026-02-04 18:57:50.000,2026-02-04 18:58:00.000,2423,2026-02-04 18:57:58.460,2026-02-04 18:57:54.459,-4000.916,50.0262451171875,0
2026-02-04 18:57:50.000,2026-02-04 18:58:00.000,2108,2026-02-04 18:57:58.550,2026-02-04 18:57:54.462,-4087.665,59.99198532104492,0
2026-02-04 18:57:50.000,2026-02-04 18:58:00.000,477,2026-02-04 18:57:58.566,2026-02-04 18:57:54.471,-4094.836,59.99064254760742,0
2026-02-04 18:57:50.000,2026-02-04 18:58:00.000,2423,2026-02-04 18:57:58.480,2026-02-04 18:57:54.488,-3991.574,50.02757263183594,0
2026-02-04 18:57:50.000,2026-02-04 18:58:00.000,2108,2026-02-04 18:57:58.566,2026-02-04 18:57:54.489,-4077.247,59.99398422241211,0
2026-02-04 18:57:50.000,2026-02-04 18:58:00.000,477,2026-02-04 18:57:58.583,2026-02-04 18:57:54.489,-4093.911,59.99104309082031,0
2026-02-04 18:57:50.000,2026-02-04 18:58:00.000,2108,2026-02-04 18:57:58.583,2026-02-04 18:57:54.497,-4085.881,59.99249267578125,0
2026-02-04 18:57:50.000,2026-02-04 18:58:00.000,2423,2026-02-04 18:57:58.499,2026-02-04 18:57:54.498,-4001.535,50.02558898925781,0
2026-02-04 18:57:50.000,2026-02-04 18:58:00.000,477,2026-02-04 18:57:58.600,2026-02-04 18:57:54.504,-4095.036,59.991329193115234,0
2026-02-04 18:57:50.000,2026-02-04 18:58:00.000,2108,2026-02-04 18:57:58.600,2026-02-04 18:57:54.512,-4087.531,59.986106872558594,0
2026-02-04 18:57:50.000,2026-02-04 18:58:00.000,2423,2026-02-04 18:57:58.520,2026-02-04 18:57:54.517,-4002.015,50.02486801147461,0
2026-02-04 18:57:50.000,2026-02-04 18:58:00.000,477,2026-02-04 18:57:58.616,2026-02-04 18:57:54.521,-4095.142,59.990501403808594,0
2026-02-04 18:57:50.000,2026-02-04 18:58:00.000,2108,2026-02-04 18:57:58.616,2026-02-04 18:57:54.528,-4088.023,59.98579788208008,0
2026-02-04 18:57:50.000,2026-02-04 18:58:00.000,2423,2026-02-04 18:57:58.540,2026-02-04 18:57:54.538,-4001.855,50.02682113647461,0
2026-02-04 18:57:50.000,2026-02-04 18:58:00.000,477,2026-02-04 18:57:58.633,2026-02-04 18:57:54.538,-4095.175,59.989898681640625,0
2026-02-04 18:57:50.000,2026-02-04 18:58:00.000,2108,2026-02-04 18:57:58.633,2026-02-04 18:57:54.545,-4087.875,59.994384765625,0
2026-02-04 18:57:50.000,2026-02-04 18:58:00.000,477,2026-02-04 18:57:58.650,2026-02-04 18:57:54.554,-4095.389,59.990055084228516,0
2026-02-04 18:57:50.000,2026-02-04 18:58:00.000,2423,2026-02-04 18:57:58.560,2026-02-04 18:57:54.558,-4001.389,50.02739715576172,0
2026-02-04 18:57:50.000,2026-02-04 18:58:00.000,2108,2026-02-04 18:57:58.650,2026-02-04 18:57:54.561,-4088.386,59.99416732788086,0
2026-02-04 18:57:50.000,2026-02-04 18:58:00.000,477,2026-02-04 18:57:58.666,2026-02-04 18:57:54.571,-4095.029,59.990264892578125,0
2026-02-04 18:57:50.000,2026-02-04 18:58:00.000,2423,2026-02-04 18:57:58.579,2026-02-04 18:57:54.578,-4001.836,50.02618408203125,0
2026-02-04 18:57:50.000,2026-02-04 18:58:00.000,2108,2026-02-04 18:57:58.666,2026-02-04 18:57:54.579,-4087.508,59.97955322265625,0
2026-02-04 18:57:50.000,2026-02-04 18:58:00.000,477,2026-02-04 18:57:58.683,2026-02-04 18:57:54.587,-4095.596,59.99064254760742,0
2026-02-04 18:57:50.000,2026-02-04 18:58:00.000,2108,2026-02-04 18:57:58.683,2026-02-04 18:57:54.595,-4088.058,59.977020263671875,0
2026-02-04 18:57:50.000,2026-02-04 18:58:00.000,2423,2026-02-04 18:57:58.600,2026-02-04 18:57:54.598,-4001.728,50.0257453918457,0
2026-02-04 18:57:50.000,2026-02-04 18:58:00.000,477,2026-02-04 18:57:58.700,2026-02-04 18:57:54.604,-4095.605,59.991310119628906,0
2026-02-04 18:57:50.000,2026-02-04 18:58:00.000,2108,2026-02-04 18:57:58.700,2026-02-04 18:57:54.612,-4087.601,59.991275787353516,0
2026-02-04 18:57:50.000,2026-02-04 18:58:00.000,2423,2026-02-04 18:57:58.620,2026-02-04 18:57:54.618,-4001.506,50.02706527709961,0
2026-02-04 18:57:50.000,2026-02-04 18:58:00.000,477,2026-02-04 18:57:58.716,2026-02-04 18:57:54.621,-4095.170,59.99106216430664,0
2026-02-04 18:57:50.000,2026-02-04 18:58:00.000,2108,2026-02-04 18:57:58.716,2026-02-04 18:57:54.629,-4087.661,59.99553298950195,0
2026-02-04 18:57:50.000,2026-02-04 18:58:00.000,2423,2026-02-04 18:57:58.640,2026-02-04 18:57:54.637,-4002.478,50.027748107910156,0
2026-02-04 18:57:50.000,2026-02-04 18:58:00.000,477,2026-02-04 18:57:58.733,2026-02-04 18:57:54.638,-4094.810,59.99009323120117,0
2026-02-04 18:57:50.000,2026-02-04 18:58:00.000,2108,2026-02-04 18:57:58.733,2026-02-04 18:57:54.647,-4086.307,59.990116119384766,0
2026-02-04 18:57:50.000,2026-02-04 18:58:00.000,477,2026-02-04 18:57:58.750,2026-02-04 18:57:54.655,-4094.460,59.99053955078125,0
2026-02-04 18:57:50.000,2026-02-04 18:58:00.000,2423,2026-02-04 18:57:58.659,2026-02-04 18:57:54.658,-4001.451,50.026668548583984,0
2026-02-04 18:57:50.000,2026-02-04 18:58:00.000,2108,2026-02-04 18:57:58.750,2026-02-04 18:57:54.664,-4085.382,59.987098693847656,0
2026-02-04 18:57:50.000,2026-02-04 18:58:00.000,477,2026-02-04 18:57:58.766,2026-02-04 18:57:54.671,-4095.000,59.991661071777344,0
2026-02-04 18:57:50.000,2026-02-04 18:58:00.000,2423,2026-02-04 18:57:58.680,2026-02-04 18:57:54.678,-4001.818,50.024681091308594,0
2026-02-04 18:57:50.000,2026-02-04 18:58:00.000,2108,2026-02-04 18:57:58.766,2026-02-04 18:57:54.679,-4087.490,59.98973846435547,0
2026-02-04 18:57:50.000,2026-02-04 18:58:00.000,477,2026-02-04 18:57:58.783,2026-02-04 18:57:54.688,-4095.060,59.991703033447266,0
2026-02-04 18:57:50.000,2026-02-04 18:58:00.000,2108,2026-02-04 18:57:58.783,2026-02-04 18:57:54.704,-4078.909,59.994598388671875,0
2026-02-04 18:57:50.000,2026-02-04 18:58:00.000,2423,2026-02-04 18:57:58.700,2026-02-04 18:57:54.704,-3995.581,50.02426528930664,0
2026-02-04 18:57:50.000,2026-02-04 18:58:00.000,2108,2026-02-04 18:57:58.800,2026-02-04 18:57:54.712,-4087.567,59.993160247802734,0
2026-02-04 18:57:50.000,2026-02-04 18:58:00.000,2423,2026-02-04 18:57:58.720,2026-02-04 18:57:54.717,-4002.055,50.026641845703125,0
2026-02-04 18:57:50.000,2026-02-04 18:58:00.000,2108,2026-02-04 18:57:58.816,2026-02-04 18:57:54.729,-4087.202,59.98911666870117,0
2026-02-04 18:57:50.000,2026-02-04 18:58:00.000,477,2026-02-04 18:57:58.800,2026-02-04 18:57:54.732,-4067.539,59.991539001464844,0
2026-02-04 18:57:50.000,2026-02-04 18:58:00.000,477,2026-02-04 18:57:58.816,2026-02-04 18:57:54.733,-4083.203,59.99153518676758,0
2026-02-04 18:57:50.000,2026-02-04 18:58:00.000,477,2026-02-04 18:57:58.833,2026-02-04 18:57:54.738,-4094.657,59.99147415161133,0
2026-02-04 18:57:50.000,2026-02-04 18:58:00.000,2423,2026-02-04 18:57:58.739,2026-02-04 18:57:54.738,-4001.321,50.027671813964844,0
2026-02-04 18:57:50.000,2026-02-04 18:58:00.000,2108,2026-02-04 18:57:58.833,2026-02-04 18:57:54.749,-4084.132,59.98929977416992,0
2026-02-04 18:57:50.000,2026-02-04 18:58:00.000,477,2026-02-04 18:57:58.850,2026-02-04 18:57:54.755,-4094.297,59.99120330810547,0
2026-02-04 18:57:50.000,2026-02-04 18:58:00.000,2423,2026-02-04 18:57:58.760,2026-02-04 18:57:54.758,-4001.297,50.02724838256836,0
2026-02-04 18:57:50.000,2026-02-04 18:58:00.000,2108,2026-02-04 18:57:58.850,2026-02-04 18:57:54.761,-4088.296,59.9915771484375,0
2026-02-04 18:57:50.000,2026-02-04 18:58:00.000,477,2026-02-04 18:57:58.866,2026-02-04 18:57:54.774,-4092.345,59.99058151245117,0
2026-02-04 18:57:50.000,2026-02-04 18:58:00.000,2423,2026-02-04 18:57:58.780,2026-02-04 18:57:54.778,-4001.693,50.027950286865234,0
2026-02-04 18:57:50.000,2026-02-04 18:58:00.000,2108,2026-02-04 18:57:58.866,2026-02-04 18:57:54.779,-4087.347,59.99373245239258,0
2026-02-04 18:57:50.000,2026-02-04 18:58:00.000,477,2026-02-04 18:57:58.883,2026-02-04 18:57:54.794,-4088.766,59.990638732910156,0
2026-02-04 18:57:50.000,2026-02-04 18:58:00.000,2108,2026-02-04 18:57:58.883,2026-02-04 18:57:54.795,-4087.759,59.9933967590332,0
2026-02-04 18:57:50.000,2026-02-04 18:58:00.000,2423,2026-02-04 18:57:58.800,2026-02-04 18:57:54.798,-4001.433,50.02708435058594,0
2026-02-04 18:57:50.000,2026-02-04 18:58:00.000,477,2026-02-04 18:57:58.899,2026-02-04 18:57:54.805,-4094.913,59.99169158935547,0
2026-02-04 18:57:50.000,2026-02-04 18:58:00.000,2108,2026-02-04 18:57:58.899,2026-02-04 18:57:54.819,-4080.892,59.989959716796875,0
2026-02-04 18:57:50.000,2026-02-04 18:58:00.000,2423,2026-02-04 18:57:58.819,2026-02-04 18:57:54.819,-4000.892,50.02531814575195,0
2026-02-04 18:57:50.000,2026-02-04 18:58:00.000,477,2026-02-04 18:57:58.916,2026-02-04 18:57:54.821,-4095.059,59.99244689941406,0
2026-02-04 18:57:50.000,2026-02-04 18:58:00.000,2108,2026-02-04 18:57:58.916,2026-02-04 18:57:54.829,-4087.547,59.99070739746094,0
2026-02-04 18:57:50.000,2026-02-04 18:58:00.000,477,2026-02-04 18:57:58.933,2026-02-04 18:57:54.838,-4095.126,59.99174499511719,0
2026-02-04 18:57:50.000,2026-02-04 18:58:00.000,2423,2026-02-04 18:57:58.840,2026-02-04 18:57:54.838,-4001.790,50.02573013305664,0
2026-02-04 18:57:50.000,2026-02-04 18:58:00.000,2108,2026-02-04 18:57:58.933,2026-02-04 18:57:54.846,-4087.070,59.99372482299805,0
2026-02-04 18:57:50.000,2026-02-04 18:58:00.000,477,2026-02-04 18:57:58.950,2026-02-04 18:57:54.854,-4095.251,59.990909576416016,0
2026-02-04 18:57:50.000,2026-02-04 18:58:00.000,2423,2026-02-04 18:57:58.860,2026-02-04 18:57:54.857,-4002.253,50.02602767944336,0
2026-02-04 18:57:50.000,2026-02-04 18:58:00.000,2108,2026-02-04 18:57:58.950,2026-02-04 18:57:54.861,-4088.247,59.998931884765625,0
2026-02-04 18:57:50.000,2026-02-04 18:58:00.000,477,2026-02-04 18:57:58.966,2026-02-04 18:57:54.871,-4095.334,59.991294860839844,0
2026-02-04 18:57:50.000,2026-02-04 18:58:00.000,2423,2026-02-04 18:57:58.880,2026-02-04 18:57:54.878,-4001.484,50.02497863769531,0
2026-02-04 18:57:50.000,2026-02-04 18:58:00.000,2108,2026-02-04 18:57:58.966,2026-02-04 18:57:54.879,-4087.155,60.002742767333984,0
2026-02-04 18:57:50.000,2026-02-04 18:58:00.000,477,2026-02-04 18:57:58.983,2026-02-04 18:57:54.887,-4095.434,59.99186706542969,0
2026-02-04 18:57:50.000,2026-02-04 18:58:00.000,2108,2026-02-04 18:57:58.983,2026-02-04 18:57:54.895,-4087.614,59.99384307861328,0
2026-02-04 18:57:50.000,2026-02-04 18:58:00.000,2423,2026-02-04 18:57:58.899,2026-02-04 18:57:54.897,-4002.269,50.02425765991211,0
2026-02-04 18:57:50.000,2026-02-04 18:58:00.000,2108,2026-02-04 18:57:59.000,2026-02-04 18:57:54.912,-4087.765,59.98793029785156,0
2026-02-04 18:57:50.000,2026-02-04 18:58:00.000,2423,2026-02-04 18:57:58.920,2026-02-04 18:57:54.917,-4002.480,50.025089263916016,0
2026-02-04 18:57:50.000,2026-02-04 18:58:00.000,2108,2026-02-04 18:57:59.016,2026-02-04 18:57:54.929,-4086.983,59.99285888671875,0
2026-02-04 18:57:50.000,2026-02-04 18:58:00.000,477,2026-02-04 18:57:59.000,2026-02-04 18:57:54.931,-4068.320,59.99211120605469,0
2026-02-04 18:57:50.000,2026-02-04 18:58:00.000,477,2026-02-04 18:57:59.016,2026-02-04 18:57:54.931,-4084.984,59.99271774291992,0
2026-02-04 18:57:50.000,2026-02-04 18:58:00.000,2423,2026-02-04 18:57:58.940,2026-02-04 18:57:54.938,-4001.817,50.026771545410156,0
2026-02-04 18:57:50.000,2026-02-04 18:58:00.000,2108,2026-02-04 18:57:59.033,2026-02-04 18:57:54.946,-4087.065,59.991180419921875,0
2026-02-04 18:57:50.000,2026-02-04 18:58:00.000,2423,2026-02-04 18:57:58.960,2026-02-04 18:57:54.958,-4001.699,50.02681350708008,0
2026-02-04 18:57:50.000,2026-02-04 18:58:00.000,2108,2026-02-04 18:57:59.050,2026-02-04 18:57:54.962,-4087.699,59.984928131103516,0
2026-02-04 18:57:50.000,2026-02-04 18:58:00.000,2423,2026-02-04 18:57:58.979,2026-02-04 18:57:54.978,-4001.877,50.02488708496094,0
2026-02-04 18:57:50.000,2026-02-04 18:58:00.000,2108,2026-02-04 18:57:59.066,2026-02-04 18:57:54.979,-4087.552,59.98941421508789,0
2026-02-04 18:57:50.000,2026-02-04 18:58:00.000,2108,2026-02-04 18:57:59.083,2026-02-04 18:57:54.995,-4088.045,59.997676849365234,0
2026-02-04 18:57:50.000,2026-02-04 18:58:00.000,2423,2026-02-04 18:57:59.000,2026-02-04 18:57:54.998,-4001.715,50.02431869506836,0
2026-02-04 18:57:50.000,2026-02-04 18:58:00.000,477,2026-02-04 18:57:59.033,2026-02-04 18:57:55.002,-4031.043,59.9927864074707,0
2026-02-04 18:57:50.000,2026-02-04 18:58:00.000,477,2026-02-04 18:57:59.050,2026-02-04 18:57:55.003,-4046.718,59.99190139770508,0
2026-02-04 18:57:50.000,2026-02-04 18:58:00.000,477,2026-02-04 18:57:59.066,2026-02-04 18:57:55.003,-4063.382,59.991119384765625,0
2026-02-04 18:57:50.000,2026-02-04 18:58:00.000,477,2026-02-04 18:57:59.083,2026-02-04 18:57:55.004,-4078.637,59.99164962768555,0
2026-02-04 18:57:50.000,2026-02-04 18:58:00.000,2108,2026-02-04 18:57:59.100,2026-02-04 18:57:55.011,-4088.318,59.996482849121094,0
2026-02-04 18:57:50.000,2026-02-04 18:58:00.000,477,2026-02-04 18:57:59.100,2026-02-04 18:57:55.016,-4083.806,59.99257278442383,0
2026-02-04 18:57:50.000,2026-02-04 18:58:00.000,2423,2026-02-04 18:57:59.020,2026-02-04 18:57:55.018,-4001.806,50.026451110839844,0
2026-02-04 18:57:50.000,2026-02-04 18:58:00.000,477,2026-02-04 18:57:59.116,2026-02-04 18:57:55.021,-4094.961,59.992347717285156,0
2026-02-04 18:57:50.000,2026-02-04 18:58:00.000,2108,2026-02-04 18:57:59.116,2026-02-04 18:57:55.029,-4087.449,59.9919319152832,0
2026-02-04 18:57:50.000,2026-02-04 18:58:00.000,477,2026-02-04 18:57:59.133,2026-02-04 18:57:55.037,-4095.606,59.99169921875,0
2026-02-04 18:57:50.000,2026-02-04 18:58:00.000,2423,2026-02-04 18:57:59.040,2026-02-04 18:57:55.038,-4001.267,50.026878356933594,0
2026-02-04 18:57:50.000,2026-02-04 18:58:00.000,2108,2026-02-04 18:57:59.133,2026-02-04 18:57:55.046,-4087.094,59.990848541259766,0
2026-02-04 18:57:50.000,2026-02-04 18:58:00.000,477,2026-02-04 18:57:59.150,2026-02-04 18:57:55.054,-4095.401,59.991905212402344,0
2026-02-04 18:57:50.000,2026-02-04 18:58:00.000,2423,2026-02-04 18:57:59.059,2026-02-04 18:57:55.057,-4002.393,50.02553176879883,0
2026-02-04 18:57:50.000,2026-02-04 18:58:00.000,2108,2026-02-04 18:57:59.150,2026-02-04 18:57:55.061,-4088.401,59.990509033203125,0
2026-02-04 18:57:50.000,2026-02-04 18:58:00.000,477,2026-02-04 18:57:59.166,2026-02-04 18:57:55.071,-4095.562,59.99231719970703,0
2026-02-04 18:57:50.000,2026-02-04 18:58:00.000,2423,2026-02-04 18:57:59.080,2026-02-04 18:57:55.078,-4001.725,50.02548599243164,0
2026-02-04 18:57:50.000,2026-02-04 18:58:00.000,2108,2026-02-04 18:57:59.166,2026-02-04 18:57:55.079,-4087.394,59.99152755737305,0
2026-02-04 18:57:50.000,2026-02-04 18:58:00.000,477,2026-02-04 18:57:59.183,2026-02-04 18:57:55.087,-4095.460,59.9925422668457,0
2026-02-04 18:57:50.000,2026-02-04 18:58:00.000,2108,2026-02-04 18:57:59.183,2026-02-04 18:57:55.095,-4087.976,59.99429702758789,0
2026-02-04 18:57:50.000,2026-02-04 18:58:00.000,2423,2026-02-04 18:57:59.100,2026-02-04 18:57:55.098,-4001.642,50.025047302246094,0
2026-02-04 18:57:50.000,2026-02-04 18:58:00.000,477,2026-02-04 18:57:59.200,2026-02-04 18:57:55.104,-4095.566,59.992759704589844,0
2026-02-04 18:57:50.000,2026-02-04 18:58:00.000,2108,2026-02-04 18:57:59.200,2026-02-04 18:57:55.112,-4087.558,59.993656158447266,0
2026-02-04 18:57:50.000,2026-02-04 18:58:00.000,2423,2026-02-04 18:57:59.120,2026-02-04 18:57:55.118,-4001.287,50.024559020996094,0
2026-02-04 18:57:50.000,2026-02-04 18:58:00.000,2108,2026-02-04 18:57:59.216,2026-02-04 18:57:55.129,-4087.403,59.99049377441406,0
2026-02-04 18:57:50.000,2026-02-04 18:58:00.000,2423,2026-02-04 18:57:59.139,2026-02-04 18:57:55.138,-4001.543,50.02458953857422,0
2026-02-04 18:57:50.000,2026-02-04 18:58:00.000,477,2026-02-04 18:57:59.216,2026-02-04 18:57:55.141,-4075.213,59.99175262451172,0
2026-02-04 18:57:50.000,2026-02-04 18:58:00.000,477,2026-02-04 18:57:59.233,2026-02-04 18:57:55.141,-4091.877,59.99070358276367,0
2026-02-04 18:57:50.000,2026-02-04 18:58:00.000,2108,2026-02-04 18:57:59.233,2026-02-04 18:57:55.145,-4087.371,59.990135192871094,0
2026-02-04 18:57:50.000,2026-02-04 18:58:00.000,477,2026-02-04 18:57:59.250,2026-02-04 18:57:55.154,-4095.018,59.991310119628906,0
2026-02-04 18:57:50.000,2026-02-04 18:58:00.000,2423,2026-02-04 18:57:59.160,2026-02-04 18:57:55.157,-4002.018,50.02465057373047,0
2026-02-04 18:57:50.000,2026-02-04 18:58:00.000,2108,2026-02-04 18:57:59.250,2026-02-04 18:57:55.161,-4088.017,59.99127960205078,0
2026-02-04 18:57:50.000,2026-02-04 18:58:00.000,477,2026-02-04 18:57:59.266,2026-02-04 18:57:55.172,-4094.162,59.99188232421875,0
2026-02-04 18:57:50.000,2026-02-04 18:58:00.000,2423,2026-02-04 18:57:59.180,2026-02-04 18:57:55.178,-4001.996,50.02555465698242,0
2026-02-04 18:57:50.000,2026-02-04 18:58:00.000,2108,2026-02-04 18:57:59.266,2026-02-04 18:57:55.182,-4084.647,59.992916107177734,0
2026-02-04 18:57:50.000,2026-02-04 18:58:00.000,477,2026-02-04 18:57:59.283,2026-02-04 18:57:55.188,-4095.284,59.99104690551758,0
2026-02-04 18:57:50.000,2026-02-04 18:58:00.000,2108,2026-02-04 18:57:59.283,2026-02-04 18:57:55.196,-4087.240,59.991554260253906,0
2026-02-04 18:57:50.000,2026-02-04 18:58:00.000,2423,2026-02-04 18:57:59.200,2026-02-04 18:57:55.198,-4001.909,50.02550506591797,0
2026-02-04 18:57:50.000,2026-02-04 18:58:00.000,477,2026-02-04 18:57:59.299,2026-02-04 18:57:55.204,-4095.392,59.99117660522461,0
2026-02-04 18:57:50.000,2026-02-04 18:58:00.000,2108,2026-02-04 18:57:59.299,2026-02-04 18:57:55.213,-4086.781,59.988441467285156,0
2026-02-04 18:57:50.000,2026-02-04 18:58:00.000,2423,2026-02-04 18:57:59.219,2026-02-04 18:57:55.219,-4000.767,50.024208068847656,0
2026-02-04 18:57:50.000,2026-02-04 18:58:00.000,477,2026-02-04 18:57:59.316,2026-02-04 18:57:55.222,-4094.448,59.99252700805664,0
2026-02-04 18:57:50.000,2026-02-04 18:58:00.000,2108,2026-02-04 18:57:59.316,2026-02-04 18:57:55.230,-4086.392,59.99066925048828,0
2026-02-04 18:57:50.000,2026-02-04 18:58:00.000,2423,2026-02-04 18:57:59.240,2026-02-04 18:57:55.239,-4000.669,50.02446365356445,0
2026-02-04 18:57:50.000,2026-02-04 18:58:00.000,477,2026-02-04 18:57:59.333,2026-02-04 18:57:55.239,-4094.005,59.99277877807617,0
2026-02-04 18:57:50.000,2026-02-04 18:58:00.000,2108,2026-02-04 18:57:59.333,2026-02-04 18:57:55.246,-4086.486,59.993995666503906,0
2026-02-04 18:57:50.000,2026-02-04 18:58:00.000,477,2026-02-04 18:57:59.350,2026-02-04 18:57:55.255,-4094.635,59.9927978515625,0
2026-02-04 18:57:50.000,2026-02-04 18:58:00.000,2423,2026-02-04 18:57:59.260,2026-02-04 18:57:55.259,-4000.643,50.025943756103516,0
2026-02-04 18:57:50.000,2026-02-04 18:58:00.000,2108,2026-02-04 18:57:59.350,2026-02-04 18:57:55.262,-4087.634,59.993003845214844,0
2026-02-04 18:57:50.000,2026-02-04 18:58:00.000,477,2026-02-04 18:57:59.366,2026-02-04 18:57:55.271,-4095.090,59.992942810058594,0
2026-02-04 18:57:50.000,2026-02-04 18:58:00.000,2423,2026-02-04 18:57:59.280,2026-02-04 18:57:55.278,-4001.222,50.025718688964844,0
2026-02-04 18:57:50.000,2026-02-04 18:58:00.000,2108,2026-02-04 18:57:59.366,2026-02-04 18:57:55.279,-4086.894,59.991817474365234,0
2026-02-04 18:57:50.000,2026-02-04 18:58:00.000,477,2026-02-04 18:57:59.383,2026-02-04 18:57:55.290,-4092.536,59.99247741699219,0
2026-02-04 18:57:50.000,2026-02-04 18:58:00.000,2108,2026-02-04 18:57:59.383,2026-02-04 18:57:55.296,-4087.008,59.99472427368164,0
2026-02-04 18:57:50.000,2026-02-04 18:58:00.000,2423,2026-02-04 18:57:59.299,2026-02-04 18:57:55.304,-3995.561,50.02273941040039,0
2026-02-04 18:57:50.000,2026-02-04 18:58:00.000,477,2026-02-04 18:57:59.400,2026-02-04 18:57:55.305,-4094.562,59.99248123168945,0
2026-02-04 18:57:50.000,2026-02-04 18:58:00.000,2108,2026-02-04 18:57:59.400,2026-02-04 18:57:55.313,-4086.563,59.995330810546875,0
2026-02-04 18:57:50.000,2026-02-04 18:58:00.000,2423,2026-02-04 18:57:59.320,2026-02-04 18:57:55.319,-4000.041,50.02134704589844,0
2026-02-04 18:57:50.000,2026-02-04 18:58:00.000,477,2026-02-04 18:57:59.416,2026-02-04 18:57:55.326,-4090.192,59.99287796020508,0
2026-02-04 18:57:50.000,2026-02-04 18:58:00.000,2108,2026-02-04 18:57:59.416,2026-02-04 18:57:55.330,-4086.192,59.993499755859375,0
2026-02-04 18:57:50.000,2026-02-04 18:58:00.000,2423,2026-02-04 18:57:59.340,2026-02-04 18:57:55.338,-4001.016,50.02388381958008,0
2026-02-04 18:57:50.000,2026-02-04 18:58:00.000,477,2026-02-04 18:57:59.433,2026-02-04 18:57:55.339,-4093.337,59.99237060546875,0
2026-02-04 18:57:50.000,2026-02-04 18:58:00.000,2108,2026-02-04 18:57:59.433,2026-02-04 18:57:55.346,-4086.823,59.99200439453125,0
2026-02-04 18:57:50.000,2026-02-04 18:58:00.000,2423,2026-02-04 18:57:59.360,2026-02-04 18:57:55.358,-4001.438,50.02595520019531,0
2026-02-04 18:57:50.000,2026-02-04 18:58:00.000,2108,2026-02-04 18:57:59.450,2026-02-04 18:57:55.363,-4086.439,59.98899459838867,0
2026-02-04 18:57:50.000,2026-02-04 18:58:00.000,477,2026-02-04 18:57:59.450,2026-02-04 18:57:55.374,-4075.340,59.9915657043457,0
2026-02-04 18:57:50.000,2026-02-04 18:58:00.000,477,2026-02-04 18:57:59.466,2026-02-04 18:57:55.377,-4089.003,59.99148941040039,0
2026-02-04 18:57:50.000,2026-02-04 18:58:00.000,2423,2026-02-04 18:57:59.379,2026-02-04 18:57:55.381,-3998.331,50.02487564086914,0
2026-02-04 18:57:50.000,2026-02-04 18:58:00.000,2108,2026-02-04 18:57:59.466,2026-02-04 18:57:55.381,-4085.003,59.99081802368164,0
2026-02-04 18:57:50.000,2026-02-04 18:58:00.000,477,2026-02-04 18:57:59.483,2026-02-04 18:57:55.388,-4094.638,59.992061614990234,0
2026-02-04 18:57:50.000,2026-02-04 18:58:00.000,2108,2026-02-04 18:57:59.483,2026-02-04 18:57:55.397,-4085.608,59.99542999267578,0
2026-02-04 18:57:50.000,2026-02-04 18:58:00.000,2423,2026-02-04 18:57:59.400,2026-02-04 18:57:55.397,-4002.280,50.02460861206055,0
2026-02-04 18:57:50.000,2026-02-04 18:58:00.000,477,2026-02-04 18:57:59.500,2026-02-04 18:57:55.406,-4093.773,59.99287033081055,0
2026-02-04 18:57:50.000,2026-02-04 18:58:00.000,2108,2026-02-04 18:57:59.500,2026-02-04 18:57:55.413,-4086.772,59.993553161621094,0
2026-02-04 18:57:50.000,2026-02-04 18:58:00.000,2423,2026-02-04 18:57:59.420,2026-02-04 18:57:55.418,-4001.254,50.02713394165039,0
2026-02-04 18:57:50.000,2026-02-04 18:58:00.000,477,2026-02-04 18:57:59.516,2026-02-04 18:57:55.421,-4094.919,59.9927978515625,0
2026-02-04 18:57:50.000,2026-02-04 18:58:00.000,2108,2026-02-04 18:57:59.516,2026-02-04 18:57:55.434,-4082.383,59.990177154541016,0
2026-02-04 18:57:50.000,2026-02-04 18:58:00.000,477,2026-02-04 18:57:59.533,2026-02-04 18:57:55.438,-4095.047,59.99232864379883,0
2026-02-04 18:57:50.000,2026-02-04 18:58:00.000,2423,2026-02-04 18:57:59.440,2026-02-04 18:57:55.439,-4000.711,50.02703094482422,0
2026-02-04 18:57:50.000,2026-02-04 18:58:00.000,2108,2026-02-04 18:57:59.533,2026-02-04 18:57:55.448,-4084.973,59.99137496948242,0
2026-02-04 18:57:50.000,2026-02-04 18:58:00.000,477,2026-02-04 18:57:59.550,2026-02-04 18:57:55.456,-4093.294,59.99256896972656,0
2026-02-04 18:57:50.000,2026-02-04 18:58:00.000,2423,2026-02-04 18:57:59.459,2026-02-04 18:57:55.457,-4002.286,50.02339553833008,0
2026-02-04 18:57:50.000,2026-02-04 18:58:00.000,2108,2026-02-04 18:57:59.550,2026-02-04 18:57:55.461,-4088.294,59.992637634277344,0
2026-02-04 18:57:50.000,2026-02-04 18:58:00.000,477,2026-02-04 18:57:59.566,2026-02-04 18:57:55.471,-4095.452,59.99245071411133,0
2026-02-04 18:57:50.000,2026-02-04 18:58:00.000,2423,2026-02-04 18:57:59.480,2026-02-04 18:57:55.480,-3999.737,50.02172088623047,0
2026-02-04 18:57:50.000,2026-02-04 18:58:00.000,2108,2026-02-04 18:57:59.566,2026-02-04 18:57:55.480,-4086.409,59.994075775146484,0
2026-02-04 18:57:50.000,2026-02-04 18:58:00.000,477,2026-02-04 18:57:59.583,2026-02-04 18:57:55.488,-4095.033,59.99262619018555,0
2026-02-04 18:57:50.000,2026-02-04 18:58:00.000,2108,2026-02-04 18:57:59.583,2026-02-04 18:57:55.495,-4088.002,59.994136810302734,0
2026-02-04 18:57:50.000,2026-02-04 18:58:00.000,2423,2026-02-04 18:57:59.500,2026-02-04 18:57:55.498,-4001.673,50.02384948730469,0
2026-02-04 18:57:50.000,2026-02-04 18:58:00.000,477,2026-02-04 18:57:59.600,2026-02-04 18:57:55.506,-4093.537,59.99373245239258,0
2026-02-04 18:57:50.000,2026-02-04 18:58:00.000,2108,2026-02-04 18:57:59.600,2026-02-04 18:57:55.512,-4087.538,59.99043273925781,0
2026-02-04 18:57:50.000,2026-02-04 18:58:00.000,2423,2026-02-04 18:57:59.520,2026-02-04 18:57:55.518,-4001.465,50.02606201171875,0
2026-02-04 18:57:50.000,2026-02-04 18:58:00.000,477,2026-02-04 18:57:59.616,2026-02-04 18:57:55.521,-4095.130,59.99367904663086,0
2026-02-04 18:57:50.000,2026-02-04 18:58:00.000,2108,2026-02-04 18:57:59.616,2026-02-04 18:57:55.529,-4087.090,59.99116897583008,0
2026-02-04 18:57:50.000,2026-02-04 18:58:00.000,477,2026-02-04 18:57:59.633,2026-02-04 18:57:55.537,-4095.579,59.992496490478516,0
2026-02-04 18:57:50.000,2026-02-04 18:58:00.000,2423,2026-02-04 18:57:59.539,2026-02-04 18:57:55.538,-4001.241,50.02525329589844,0
2026-02-04 18:57:50.000,2026-02-04 18:58:00.000,2108,2026-02-04 18:57:59.633,2026-02-04 18:57:55.545,-4088.011,59.995819091796875,0
2026-02-04 18:57:50.000,2026-02-04 18:58:00.000,2423,2026-02-04 18:57:59.560,2026-02-04 18:57:55.558,-4001.658,50.023311614990234,0
2026-02-04 18:57:50.000,2026-02-04 18:58:00.000,2108,2026-02-04 18:57:59.650,2026-02-04 18:57:55.562,-4087.658,59.9965705871582,0
2026-02-04 18:57:50.000,2026-02-04 18:58:00.000,2423,2026-02-04 18:57:59.580,2026-02-04 18:57:55.578,-4001.683,50.023468017578125,0
2026-02-04 18:57:50.000,2026-02-04 18:58:00.000,2108,2026-02-04 18:57:59.666,2026-02-04 18:57:55.579,-4087.338,59.992740631103516,0
2026-02-04 18:57:50.000,2026-02-04 18:58:00.000,477,2026-02-04 18:57:59.650,2026-02-04 18:57:55.582,-4067.676,59.992374420166016,0
2026-02-04 18:57:50.000,2026-02-04 18:58:00.000,477,2026-02-04 18:57:59.666,2026-02-04 18:57:55.583,-4082.832,59.99258804321289,0
2026-02-04 18:57:50.000,2026-02-04 18:58:00.000,477,2026-02-04 18:57:59.683,2026-02-04 18:57:55.588,-4094.478,59.992591857910156,0
2026-02-04 18:57:50.000,2026-02-04 18:58:00.000,2108,2026-02-04 18:57:59.683,2026-02-04 18:57:55.595,-4087.873,59.990665435791016,0
2026-02-04 18:57:50.000,2026-02-04 18:58:00.000,2423,2026-02-04 18:57:59.600,2026-02-04 18:57:55.598,-4001.543,50.02458190917969,0
2026-02-04 18:57:50.000,2026-02-04 18:58:00.000,477,2026-02-04 18:57:59.699,2026-02-04 18:57:55.605,-4094.584,59.99275588989258,0
2026-02-04 18:57:50.000,2026-02-04 18:58:00.000,2108,2026-02-04 18:57:59.699,2026-02-04 18:57:55.618,-4081.875,59.99419403076172,0
2026-02-04 18:57:50.000,2026-02-04 18:58:00.000,2423,2026-02-04 18:57:59.619,2026-02-04 18:57:55.618,-4001.350,50.02415084838867,0
2026-02-04 18:57:50.000,2026-02-04 18:58:00.000,477,2026-02-04 18:57:59.716,2026-02-04 18:57:55.622,-4094.254,59.99263000488281,0
2026-02-04 18:57:50.000,2026-02-04 18:58:00.000,2108,2026-02-04 18:57:59.716,2026-02-04 18:57:55.629,-4087.436,59.99577713012695,0
2026-02-04 18:57:50.000,2026-02-04 18:58:00.000,477,2026-02-04 18:57:59.733,2026-02-04 18:57:55.638,-4094.502,59.9926643371582,0
2026-02-04 18:57:50.000,2026-02-04 18:58:00.000,2423,2026-02-04 18:57:59.640,2026-02-04 18:57:55.639,-4000.159,50.02280044555664,0
2026-02-04 18:57:50.000,2026-02-04 18:58:00.000,2108,2026-02-04 18:57:59.733,2026-02-04 18:57:55.645,-4087.759,59.99266052246094,0
2026-02-04 18:57:50.000,2026-02-04 18:58:00.000,477,2026-02-04 18:57:59.750,2026-02-04 18:57:55.654,-4095.405,59.99283218383789,0
2026-02-04 18:57:50.000,2026-02-04 18:58:00.000,2423,2026-02-04 18:57:59.660,2026-02-04 18:57:55.658,-4001.412,50.022789001464844,0
2026-02-04 18:57:50.000,2026-02-04 18:58:00.000,2108,2026-02-04 18:57:59.750,2026-02-04 18:57:55.661,-4088.407,59.988731384277344,0
2026-02-04 18:57:50.000,2026-02-04 18:58:00.000,477,2026-02-04 18:57:59.766,2026-02-04 18:57:55.671,-4095.561,59.993011474609375,0
2026-02-04 18:57:50.000,2026-02-04 18:58:00.000,2423,2026-02-04 18:57:59.680,2026-02-04 18:57:55.678,-4001.873,50.0244140625,0
2026-02-04 18:57:50.000,2026-02-04 18:58:00.000,2108,2026-02-04 18:57:59.766,2026-02-04 18:57:55.679,-4087.545,59.988380432128906,0
2026-02-04 18:57:50.000,2026-02-04 18:58:00.000,477,2026-02-04 18:57:59.783,2026-02-04 18:57:55.688,-4094.688,59.99319076538086,0
2026-02-04 18:57:50.000,2026-02-04 18:58:00.000,2108,2026-02-04 18:57:59.783,2026-02-04 18:57:55.696,-4087.147,59.99405288696289,0
2026-02-04 18:57:50.000,2026-02-04 18:58:00.000,2423,2026-02-04 18:57:59.699,2026-02-04 18:57:55.698,-4001.804,50.02553939819336,0
2026-02-04 18:57:50.000,2026-02-04 18:58:00.000,2108,2026-02-04 18:57:59.800,2026-02-04 18:57:55.711,-4088.230,59.997474670410156,0
2026-02-04 18:57:50.000,2026-02-04 18:58:00.000,2423,2026-02-04 18:57:59.720,2026-02-04 18:57:55.718,-4001.718,50.025264739990234,0
2026-02-04 18:57:50.000,2026-02-04 18:58:00.000,2108,2026-02-04 18:57:59.816,2026-02-04 18:57:55.729,-4087.342,59.994380950927734,0
2026-02-04 18:57:50.000,2026-02-04 18:58:00.000,477,2026-02-04 18:57:59.800,2026-02-04 18:57:55.732,-4067.676,59.993309020996094,0
2026-02-04 18:57:50.000,2026-02-04 18:58:00.000,477,2026-02-04 18:57:59.816,2026-02-04 18:57:55.732,-4084.340,59.993228912353516,0
2026-02-04 18:57:50.000,2026-02-04 18:58:00.000,477,2026-02-04 18:57:59.833,2026-02-04 18:57:55.737,-4095.496,59.99412536621094,0
2026-02-04 18:57:50.000,2026-02-04 18:58:00.000,2423,2026-02-04 18:57:59.740,2026-02-04 18:57:55.738,-4001.175,50.02475357055664,0
2026-02-04 18:57:50.000,2026-02-04 18:58:00.000,2108,2026-02-04 18:57:59.833,2026-02-04 18:57:55.745,-4087.982,59.99301528930664,0
2026-02-04 18:57:50.000,2026-02-04 18:58:00.000,477,2026-02-04 18:57:59.850,2026-02-04 18:57:55.754,-4095.274,59.994224548339844,0
2026-02-04 18:57:50.000,2026-02-04 18:58:00.000,2423,2026-02-04 18:57:59.760,2026-02-04 18:57:55.757,-4002.274,50.02458572387695,0
2026-02-04 18:57:50.000,2026-02-04 18:58:00.000,2108,2026-02-04 18:57:59.850,2026-02-04 18:57:55.761,-4088.274,59.99412536621094,0
2026-02-04 18:57:50.000,2026-02-04 18:58:00.000,477,2026-02-04 18:57:59.866,2026-02-04 18:57:55.771,-4095.424,59.99251174926758,0
2026-02-04 18:57:50.000,2026-02-04 18:58:00.000,2423,2026-02-04 18:57:59.779,2026-02-04 18:57:55.778,-4001.526,50.02412796020508,0
2026-02-04 18:57:50.000,2026-02-04 18:58:00.000,2108,2026-02-04 18:57:59.866,2026-02-04 18:57:55.779,-4087.197,59.99418258666992,0
2026-02-04 18:57:50.000,2026-02-04 18:58:00.000,477,2026-02-04 18:57:59.883,2026-02-04 18:57:55.787,-4095.770,59.992252349853516,0
2026-02-04 18:57:50.000,2026-02-04 18:58:00.000,2108,2026-02-04 18:57:59.883,2026-02-04 18:57:55.795,-4087.747,59.994937896728516,0
2026-02-04 18:57:50.000,2026-02-04 18:58:00.000,2423,2026-02-04 18:57:59.800,2026-02-04 18:57:55.798,-4001.422,50.02384567260742,0
2026-02-04 18:57:50.000,2026-02-04 18:58:00.000,477,2026-02-04 18:57:59.900,2026-02-04 18:57:55.804,-4095.322,59.99348831176758,0
2026-02-04 18:57:50.000,2026-02-04 18:58:00.000,2108,2026-02-04 18:57:59.900,2026-02-04 18:57:55.811,-4088.318,59.993221282958984,0
2026-02-04 18:57:50.000,2026-02-04 18:58:00.000,2423,2026-02-04 18:57:59.820,2026-02-04 18:57:55.818,-4001.807,50.024234771728516,0
2026-02-04 18:57:50.000,2026-02-04 18:58:00.000,477,2026-02-04 18:57:59.916,2026-02-04 18:57:55.821,-4095.470,59.99406814575195,0
2026-02-04 18:57:50.000,2026-02-04 18:58:00.000,2108,2026-02-04 18:57:59.916,2026-02-04 18:57:55.829,-4087.417,59.99306106567383,0
2026-02-04 18:57:50.000,2026-02-04 18:58:00.000,2423,2026-02-04 18:57:59.840,2026-02-04 18:57:55.838,-4001.616,50.02521514892578,0
2026-02-04 18:57:50.000,2026-02-04 18:58:00.000,477,2026-02-04 18:57:59.933,2026-02-04 18:57:55.841,-4091.954,59.9940185546875,0
2026-02-04 18:57:50.000,2026-02-04 18:58:00.000,2108,2026-02-04 18:57:59.933,2026-02-04 18:57:55.845,-4087.441,59.99630355834961,0
2026-02-04 18:57:50.000,2026-02-04 18:58:00.000,477,2026-02-04 18:57:59.950,2026-02-04 18:57:55.855,-4094.593,59.993927001953125,0
2026-02-04 18:57:50.000,2026-02-04 18:58:00.000,2423,2026-02-04 18:57:59.859,2026-02-04 18:57:55.858,-4001.586,50.0264778137207,0
2026-02-04 18:57:50.000,2026-02-04 18:58:00.000,2108,2026-02-04 18:57:59.950,2026-02-04 18:57:55.862,-4087.561,59.99510955810547,0
2026-02-04 18:57:50.000,2026-02-04 18:58:00.000,477,2026-02-04 18:57:59.966,2026-02-04 18:57:55.871,-4095.137,59.99345016479492,0
2026-02-04 18:57:50.000,2026-02-04 18:58:00.000,2423,2026-02-04 18:57:59.880,2026-02-04 18:57:55.877,-4002.126,50.025089263916016,0
2026-02-04 18:57:50.000,2026-02-04 18:58:00.000,2108,2026-02-04 18:57:59.966,2026-02-04 18:57:55.878,-4087.800,59.99168014526367,0
2026-02-04 18:57:50.000,2026-02-04 18:58:00.000,477,2026-02-04 18:57:59.983,2026-02-04 18:57:55.888,-4094.948,59.99317932128906,0
2026-02-04 18:57:50.000,2026-02-04 18:58:00.000,2108,2026-02-04 18:57:59.983,2026-02-04 18:57:55.895,-4087.920,59.99073791503906,0
2026-02-04 18:57:50.000,2026-02-04 18:58:00.000,2423,2026-02-04 18:57:59.900,2026-02-04 18:57:55.898,-4001.590,50.02450180053711,0
2026-02-04 18:57:50.000,2026-02-04 18:58:00.000,2108,2026-02-04 18:58:00.000,2026-02-04 18:57:55.911,-4088.075,59.99260711669922,0
2026-02-04 18:57:50.000,2026-02-04 18:58:00.000,2423,2026-02-04 18:57:59.920,2026-02-04 18:57:55.918,-4001.561,50.02693557739258,0
2026-02-04 18:57:50.000,2026-02-04 18:58:00.000,2108,2026-02-04 18:58:00.016,2026-02-04 18:57:55.928,-4088.192,59.99589920043945,0
2026-02-04 18:57:50.000,2026-02-04 18:58:00.000,477,2026-02-04 18:58:00.000,2026-02-04 18:57:55.933,-4066.528,59.993106842041016,0
2026-02-04 18:57:50.000,2026-02-04 18:58:00.000,477,2026-02-04 18:58:00.016,2026-02-04 18:57:55.934,-4082.017,59.992984771728516,0
2026-02-04 18:57:50.000,2026-02-04 18:58:00.000,2423,2026-02-04 18:57:59.939,2026-02-04 18:57:55.937,-4002.343,50.0249137878418,0
2026-02-04 18:57:50.000,2026-02-04 18:58:00.000,477,2026-02-04 18:58:00.033,2026-02-04 18:57:55.938,-4094.682,59.99335861206055,0
2026-02-04 18:57:50.000,2026-02-04 18:58:00.000,2108,2026-02-04 18:58:00.033,2026-02-04 18:57:55.945,-4088.077,59.99653244018555,0
2026-02-04 18:57:50.000,2026-02-04 18:58:00.000,477,2026-02-04 18:58:00.050,2026-02-04 18:57:55.954,-4095.325,59.99406814575195,0
2026-02-04 18:57:50.000,2026-02-04 18:58:00.000,2423,2026-02-04 18:57:59.960,2026-02-04 18:57:55.958,-4001.327,50.02080154418945,0
2026-02-04 18:57:50.000,2026-02-04 18:58:00.000,2108,2026-02-04 18:58:00.050,2026-02-04 18:57:55.961,-4088.328,59.99351119995117,0
2026-02-04 18:57:50.000,2026-02-04 18:58:00.000,477,2026-02-04 18:58:00.066,2026-02-04 18:57:55.971,-4095.481,59.99372100830078,0
2026-02-04 18:57:50.000,2026-02-04 18:58:00.000,2423,2026-02-04 18:57:59.980,2026-02-04 18:57:55.978,-4001.389,50.022491455078125,0
2026-02-04 18:57:50.000,2026-02-04 18:58:00.000,2108,2026-02-04 18:58:00.066,2026-02-04 18:57:55.978,-4088.045,59.99061584472656,0
2026-02-04 18:57:50.000,2026-02-04 18:58:00.000,477,2026-02-04 18:58:00.083,2026-02-04 18:57:55.988,-4095.204,59.99320983886719,0
2026-02-04 18:57:50.000,2026-02-04 18:58:00.000,2108,2026-02-04 18:58:00.083,2026-02-04 18:57:55.996,-4087.186,59.99309539794922,0
2026-02-04 18:57:50.000,2026-02-04 18:58:00.000,2423,2026-02-04 18:58:00.000,2026-02-04 18:57:55.998,-4001.858,50.02543640136719,0
2026-02-04 18:57:50.000,2026-02-04 18:58:00.000,477,2026-02-04 18:58:00.099,2026-02-04 18:57:56.004,-4095.371,59.9943962097168,0
2026-02-04 18:57:50.000,2026-02-04 18:58:00.000,2108,2026-02-04 18:58:00.099,2026-02-04 18:57:56.011,-4088.373,59.99779510498047,0
2026-02-04 18:57:50.000,2026-02-04 18:58:00.000,2423,2026-02-04 18:58:00.019,2026-02-04 18:57:56.018,-4001.860,50.02427673339844,0
2026-02-04 18:57:50.000,2026-02-04 18:58:00.000,477,2026-02-04 18:58:00.116,2026-02-04 18:57:56.021,-4095.540,59.99537658691406,0
2026-02-04 18:57:50.000,2026-02-04 18:58:00.000,2108,2026-02-04 18:58:00.116,2026-02-04 18:57:56.029,-4087.422,59.99565887451172,0
2026-02-04 18:57:50.000,2026-02-04 18:58:00.000,2423,2026-02-04 18:58:00.040,2026-02-04 18:57:56.038,-4001.614,50.02399826049805,0
2026-02-04 18:57:50.000,2026-02-04 18:58:00.000,477,2026-02-04 18:58:00.133,2026-02-04 18:57:56.038,-4094.950,59.99481201171875,0
2026-02-04 18:57:50.000,2026-02-04 18:58:00.000,2108,2026-02-04 18:58:00.133,2026-02-04 18:57:56.045,-4087.435,59.990806579589844,0
2026-02-04 18:57:50.000,2026-02-04 18:58:00.000,477,2026-02-04 18:58:00.150,2026-02-04 18:57:56.054,-4095.588,59.99427032470703,0
2026-02-04 18:57:50.000,2026-02-04 18:58:00.000,2423,2026-02-04 18:58:00.060,2026-02-04 18:57:56.058,-4001.589,50.025997161865234,0
2026-02-04 18:57:50.000,2026-02-04 18:58:00.000,2108,2026-02-04 18:58:00.150,2026-02-04 18:57:56.062,-4087.583,59.99200439453125,0
2026-02-04 18:57:50.000,2026-02-04 18:58:00.000,477,2026-02-04 18:58:00.166,2026-02-04 18:57:56.071,-4094.745,59.99437713623047,0
2026-02-04 18:57:50.000,2026-02-04 18:58:00.000,2423,2026-02-04 18:58:00.080,2026-02-04 18:57:56.077,-4002.058,50.02547073364258,0
2026-02-04 18:57:50.000,2026-02-04 18:58:00.000,2108,2026-02-04 18:58:00.166,2026-02-04 18:57:56.078,-4087.721,59.998077392578125,0
2026-02-04 18:57:50.000,2026-02-04 18:58:00.000,477,2026-02-04 18:58:00.183,2026-02-04 18:57:56.088,-4094.366,59.994747161865234,0
2026-02-04 18:57:50.000,2026-02-04 18:58:00.000,2108,2026-02-04 18:58:00.183,2026-02-04 18:57:56.096,-4087.308,60.00183868408203,0
2026-02-04 18:57:50.000,2026-02-04 18:58:00.000,2423,2026-02-04 18:58:00.099,2026-02-04 18:57:56.098,-4001.964,50.02359390258789,0
2026-02-04 18:57:50.000,2026-02-04 18:58:00.000,477,2026-02-04 18:58:00.200,2026-02-04 18:57:56.105,-4094.459,59.994869232177734,0
2026-02-04 18:57:50.000,2026-02-04 18:58:00.000,2108,2026-02-04 18:58:00.200,2026-02-04 18:57:56.112,-4087.459,59.99525833129883,0
2026-02-04 18:57:50.000,2026-02-04 18:58:00.000,2423,2026-02-04 18:58:00.120,2026-02-04 18:57:56.118,-4001.333,50.023292541503906,0
2026-02-04 18:57:50.000,2026-02-04 18:58:00.000,2108,2026-02-04 18:58:00.216,2026-02-04 18:57:56.130,-4086.483,59.9868049621582,0
2026-02-04 18:57:50.000,2026-02-04 18:58:00.000,2423,2026-02-04 18:58:00.140,2026-02-04 18:57:56.137,-4002.022,50.024574279785156,0
2026-02-04 18:57:50.000,2026-02-04 18:58:00.000,477,2026-02-04 18:58:00.216,2026-02-04 18:57:56.140,-4075.678,59.99439239501953,0
2026-02-04 18:57:50.000,2026-02-04 18:58:00.000,477,2026-02-04 18:58:00.233,2026-02-04 18:57:56.140,-4092.342,59.993934631347656,0
2026-02-04 18:57:50.000,2026-02-04 18:58:00.000,2108,2026-02-04 18:58:00.233,2026-02-04 18:57:56.145,-4087.829,59.990699768066406,0
2026-02-04 18:57:50.000,2026-02-04 18:58:00.000,477,2026-02-04 18:58:00.250,2026-02-04 18:57:56.155,-4094.989,59.99345779418945,0
2026-02-04 18:57:50.000,2026-02-04 18:58:00.000,2423,2026-02-04 18:58:00.160,2026-02-04 18:57:56.158,-4001.992,50.02568435668945,0
2026-02-04 18:57:50.000,2026-02-04 18:58:00.000,2108,2026-02-04 18:58:00.250,2026-02-04 18:57:56.162,-4087.991,59.99420928955078,0
2026-02-04 18:57:50.000,2026-02-04 18:58:00.000,477,2026-02-04 18:58:00.266,2026-02-04 18:57:56.171,-4095.143,59.9932861328125,0
2026-02-04 18:57:50.000,2026-02-04 18:58:00.000,2423,2026-02-04 18:58:00.179,2026-02-04 18:57:56.178,-4001.746,50.02454376220703,0
2026-02-04 18:57:50.000,2026-02-04 18:58:00.000,2108,2026-02-04 18:58:00.266,2026-02-04 18:57:56.179,-4087.417,59.99294662475586,0
2026-02-04 18:57:50.000,2026-02-04 18:58:00.000,477,2026-02-04 18:58:00.283,2026-02-04 18:57:56.188,-4094.966,59.99419403076172,0
2026-02-04 18:57:50.000,2026-02-04 18:58:00.000,2108,2026-02-04 18:58:00.283,2026-02-04 18:57:56.195,-4087.940,59.99525833129883,0
2026-02-04 18:57:50.000,2026-02-04 18:58:00.000,2423,2026-02-04 18:58:00.200,2026-02-04 18:57:56.198,-4001.607,50.02434158325195,0
2026-02-04 18:57:50.000,2026-02-04 18:58:00.000,477,2026-02-04 18:58:00.300,2026-02-04 18:57:56.204,-4095.163,59.99482345581055,0
2026-02-04 18:57:50.000,2026-02-04 18:58:00.000,2108,2026-02-04 18:58:00.300,2026-02-04 18:57:56.211,-4088.164,59.993106842041016,0
2026-02-04 18:57:50.000,2026-02-04 18:58:00.000,2423,2026-02-04 18:58:00.220,2026-02-04 18:57:56.218,-4001.653,50.02640914916992,0
2026-02-04 18:57:50.000,2026-02-04 18:58:00.000,477,2026-02-04 18:58:00.316,2026-02-04 18:57:56.221,-4095.317,59.994415283203125,0
2026-02-04 18:57:50.000,2026-02-04 18:58:00.000,2108,2026-02-04 18:58:00.316,2026-02-04 18:57:56.229,-4087.671,59.99016189575195,0
2026-02-04 18:57:50.000,2026-02-04 18:58:00.000,2423,2026-02-04 18:58:00.240,2026-02-04 18:57:56.237,-4002.486,50.02590560913086,0
2026-02-04 18:57:50.000,2026-02-04 18:58:00.000,477,2026-02-04 18:58:00.333,2026-02-04 18:57:56.238,-4094.821,59.994384765625,0
2026-02-04 18:57:50.000,2026-02-04 18:58:00.000,2108,2026-02-04 18:58:00.333,2026-02-04 18:57:56.245,-4087.395,59.994354248046875,0
2026-02-04 18:57:50.000,2026-02-04 18:58:00.000,477,2026-02-04 18:58:00.350,2026-02-04 18:57:56.254,-4095.513,59.994747161865234,0
2026-02-04 18:57:50.000,2026-02-04 18:58:00.000,2423,2026-02-04 18:58:00.259,2026-02-04 18:57:56.257,-4002.500,50.02410888671875,0
2026-02-04 18:57:50.000,2026-02-04 18:58:00.000,2108,2026-02-04 18:58:00.350,2026-02-04 18:57:56.262,-4087.507,59.9971809387207,0
2026-02-04 18:57:50.000,2026-02-04 18:58:00.000,477,2026-02-04 18:58:00.366,2026-02-04 18:57:56.271,-4095.046,59.9949836730957,0
2026-02-04 18:57:50.000,2026-02-04 18:58:00.000,2423,2026-02-04 18:58:00.280,2026-02-04 18:57:56.278,-4001.857,50.02385330200195,0
2026-02-04 18:57:50.000,2026-02-04 18:58:00.000,2108,2026-02-04 18:58:00.366,2026-02-04 18:57:56.280,-4086.529,59.9946403503418,0
2026-02-04 18:57:50.000,2026-02-04 18:58:00.000,477,2026-02-04 18:58:00.383,2026-02-04 18:57:56.288,-4095.133,59.995208740234375,0
2026-02-04 18:57:50.000,2026-02-04 18:58:00.000,2108,2026-02-04 18:58:00.383,2026-02-04 18:57:56.296,-4087.102,59.994789123535156,0
2026-02-04 18:57:50.000,2026-02-04 18:58:00.000,2423,2026-02-04 18:58:00.300,2026-02-04 18:57:56.298,-4001.775,50.0243034362793,0
2026-02-04 18:57:50.000,2026-02-04 18:58:00.000,477,2026-02-04 18:58:00.400,2026-02-04 18:57:56.305,-4094.666,59.99459457397461,0
2026-02-04 18:57:50.000,2026-02-04 18:58:00.000,2108,2026-02-04 18:58:00.400,2026-02-04 18:57:56.314,-4085.155,59.99673080444336,0
2026-02-04 18:57:50.000,2026-02-04 18:58:00.000,2423,2026-02-04 18:58:00.320,2026-02-04 18:57:56.318,-4001.156,50.02547073364258,0
2026-02-04 18:57:50.000,2026-02-04 18:58:00.000,477,2026-02-04 18:58:00.416,2026-02-04 18:57:56.321,-4094.817,59.99333572387695,0
2026-02-04 18:57:50.000,2026-02-04 18:58:00.000,2108,2026-02-04 18:58:00.416,2026-02-04 18:57:56.329,-4087.302,59.994972229003906,0
2026-02-04 18:57:50.000,2026-02-04 18:58:00.000,2423,2026-02-04 18:58:00.339,2026-02-04 18:57:56.337,-4002.433,50.025978088378906,0
2026-02-04 18:57:50.000,2026-02-04 18:58:00.000,477,2026-02-04 18:58:00.433,2026-02-04 18:57:56.338,-4094.767,59.99356460571289,0
2026-02-04 18:57:50.000,2026-02-04 18:58:00.000,2108,2026-02-04 18:58:00.433,2026-02-04 18:57:56.345,-4087.677,59.99248123168945,0
2026-02-04 18:57:50.000,2026-02-04 18:58:00.000,2423,2026-02-04 18:58:00.360,2026-02-04 18:57:56.358,-4001.808,50.024436950683594,0
2026-02-04 18:57:50.000,2026-02-04 18:58:00.000,2108,2026-02-04 18:58:00.450,2026-02-04 18:57:56.362,-4087.808,59.99220657348633,0
2026-02-04 18:57:50.000,2026-02-04 18:58:00.000,477,2026-02-04 18:58:00.450,2026-02-04 18:57:56.372,-4077.774,59.99458694458008,0
2026-02-04 18:57:50.000,2026-02-04 18:58:00.000,477,2026-02-04 18:58:00.466,2026-02-04 18:57:56.373,-4093.438,59.994991302490234,0
2026-02-04 18:57:50.000,2026-02-04 18:58:00.000,2423,2026-02-04 18:58:00.380,2026-02-04 18:57:56.378,-4001.697,50.02322006225586,0
2026-02-04 18:57:50.000,2026-02-04 18:58:00.000,2108,2026-02-04 18:58:00.466,2026-02-04 18:57:56.379,-4087.352,59.99482345581055,0
2026-02-04 18:57:50.000,2026-02-04 18:58:00.000,477,2026-02-04 18:58:00.483,2026-02-04 18:57:56.387,-4095.509,59.995113372802734,0
2026-02-04 18:57:50.000,2026-02-04 18:58:00.000,2108,2026-02-04 18:58:00.483,2026-02-04 18:57:56.395,-4087.818,59.99868392944336,0
2026-02-04 18:57:50.000,2026-02-04 18:58:00.000,2423,2026-02-04 18:58:00.400,2026-02-04 18:57:56.398,-4001.488,50.024085998535156,0
2026-02-04 18:57:50.000,2026-02-04 18:58:00.000,477,2026-02-04 18:58:00.499,2026-02-04 18:57:56.404,-4095.233,59.994998931884766,0
2026-02-04 18:57:50.000,2026-02-04 18:58:00.000,2108,2026-02-04 18:58:00.499,2026-02-04 18:57:56.411,-4088.235,59.99693298339844,0
2026-02-04 18:57:50.000,2026-02-04 18:58:00.000,2423,2026-02-04 18:58:00.419,2026-02-04 18:57:56.418,-4001.725,50.02480697631836,0
2026-02-04 18:57:50.000,2026-02-04 18:58:00.000,477,2026-02-04 18:58:00.516,2026-02-04 18:57:56.421,-4095.405,59.994415283203125,0
2026-02-04 18:57:50.000,2026-02-04 18:58:00.000,2108,2026-02-04 18:58:00.516,2026-02-04 18:57:56.429,-4087.357,59.9888916015625,0
2026-02-04 18:57:50.000,2026-02-04 18:58:00.000,2423,2026-02-04 18:58:00.440,2026-02-04 18:57:56.438,-4001.593,50.024070739746094,0
2026-02-04 18:57:50.000,2026-02-04 18:58:00.000,477,2026-02-04 18:58:00.533,2026-02-04 18:57:56.438,-4094.929,59.994140625,0
2026-02-04 18:57:50.000,2026-02-04 18:58:00.000,2108,2026-02-04 18:58:00.533,2026-02-04 18:57:56.445,-4087.602,59.9894905090332,0
2026-02-04 18:57:50.000,2026-02-04 18:58:00.000,477,2026-02-04 18:58:00.550,2026-02-04 18:57:56.455,-4094.755,59.99509811401367,0
2026-02-04 18:57:50.000,2026-02-04 18:58:00.000,2423,2026-02-04 18:58:00.460,2026-02-04 18:57:56.458,-4001.253,50.0235595703125,0
2026-02-04 18:57:50.000,2026-02-04 18:58:00.000,2108,2026-02-04 18:58:00.550,2026-02-04 18:57:56.461,-4088.171,59.997901916503906,0
2026-02-04 18:57:50.000,2026-02-04 18:58:00.000,477,2026-02-04 18:58:00.566,2026-02-04 18:57:56.471,-4095.328,59.99500274658203,0
2026-02-04 18:57:50.000,2026-02-04 18:58:00.000,2423,2026-02-04 18:58:00.480,2026-02-04 18:57:56.477,-4002.283,50.024837493896484,0
2026-02-04 18:57:50.000,2026-02-04 18:58:00.000,2108,2026-02-04 18:58:00.566,2026-02-04 18:57:56.479,-4087.449,59.99729537963867,0
2026-02-04 18:57:50.000,2026-02-04 18:58:00.000,477,2026-02-04 18:58:00.583,2026-02-04 18:57:56.488,-4094.946,59.993919372558594,0
2026-02-04 18:57:50.000,2026-02-04 18:58:00.000,2108,2026-02-04 18:58:00.583,2026-02-04 18:57:56.495,-4087.450,59.99221420288086,0
2026-02-04 18:57:50.000,2026-02-04 18:58:00.000,2423,2026-02-04 18:58:00.499,2026-02-04 18:57:56.497,-4002.104,50.02593994140625,0
2026-02-04 18:57:50.000,2026-02-04 18:58:00.000,477,2026-02-04 18:58:00.600,2026-02-04 18:57:56.504,-4095.599,59.9942512512207,0
2026-02-04 18:57:50.000,2026-02-04 18:58:00.000,2108,2026-02-04 18:58:00.600,2026-02-04 18:57:56.511,-4088.089,59.992366790771484,0
2026-02-04 18:57:50.000,2026-02-04 18:58:00.000,2423,2026-02-04 18:58:00.520,2026-02-04 18:57:56.520,-3999.576,50.02466583251953,0
2026-02-04 18:57:50.000,2026-02-04 18:58:00.000,477,2026-02-04 18:58:00.616,2026-02-04 18:57:56.521,-4095.240,59.995033264160156,0
2026-02-04 18:57:50.000,2026-02-04 18:58:00.000,2108,2026-02-04 18:58:00.616,2026-02-04 18:57:56.528,-4088.172,59.996707916259766,0
2026-02-04 18:57:50.000,2026-02-04 18:58:00.000,2423,2026-02-04 18:58:00.540,2026-02-04 18:57:56.538,-4001.390,50.02318572998047,0
2026-02-04 18:57:50.000,2026-02-04 18:58:00.000,477,2026-02-04 18:58:00.633,2026-02-04 18:57:56.538,-4094.710,59.99542236328125,0
2026-02-04 18:57:50.000,2026-02-04 18:58:00.000,2108,2026-02-04 18:58:00.633,2026-02-04 18:57:56.634,-3998.866,59.999755859375,0
2026-02-04 18:57:50.000,2026-02-04 18:58:00.000,2108,2026-02-04 18:58:00.650,2026-02-04 18:57:56.636,-4013.539,59.99665069580078,0
2026-02-04 18:57:50.000,2026-02-04 18:58:00.000,2423,2026-02-04 18:58:00.560,2026-02-04 18:57:56.636,-3923.538,50.02341079711914,0
2026-02-04 18:57:50.000,2026-02-04 18:58:00.000,477,2026-02-04 18:58:00.650,2026-02-04 18:57:56.636,-4013.539,59.99564743041992,0
2026-02-04 18:57:50.000,2026-02-04 18:58:00.000,2108,2026-02-04 18:58:00.666,2026-02-04 18:57:56.640,-4026.201,59.992740631103516,0
2026-02-04 18:57:50.000,2026-02-04 18:58:00.000,2423,2026-02-04 18:58:00.579,2026-02-04 18:57:56.640,-3939.529,50.02399826049805,0
2026-02-04 18:57:50.000,2026-02-04 18:58:00.000,477,2026-02-04 18:58:00.666,2026-02-04 18:57:56.640,-4026.201,59.99491500854492,0
2026-02-04 18:57:50.000,2026-02-04 18:58:00.000,2108,2026-02-04 18:58:00.683,2026-02-04 18:57:56.644,-4038.822,59.99363708496094,0
2026-02-04 18:57:50.000,2026-02-04 18:58:00.000,2423,2026-02-04 18:58:00.600,2026-02-04 18:57:56.644,-3955.494,50.024208068847656,0
2026-02-04 18:57:50.000,2026-02-04 18:58:00.000,477,2026-02-04 18:58:00.683,2026-02-04 18:57:56.644,-4038.822,59.994598388671875,0
2026-02-04 18:57:50.000,2026-02-04 18:58:00.000,2108,2026-02-04 18:58:00.700,2026-02-04 18:57:56.644,-4055.502,59.99695587158203,0
2026-02-04 18:57:50.000,2026-02-04 18:58:00.000,2423,2026-02-04 18:58:00.620,2026-02-04 18:57:56.644,-3975.502,50.0239372253418,0
2026-02-04 18:57:50.000,2026-02-04 18:58:00.000,477,2026-02-04 18:58:00.700,2026-02-04 18:57:56.644,-4055.502,59.995567321777344,0
2026-02-04 18:57:50.000,2026-02-04 18:58:00.000,2108,2026-02-04 18:58:00.716,2026-02-04 18:57:56.645,-4071.167,59.99626922607422,0
2026-02-04 18:57:50.000,2026-02-04 18:58:00.000,477,2026-02-04 18:58:00.716,2026-02-04 18:57:56.645,-4071.167,59.995399475097656,0
2026-02-04 18:57:50.000,2026-02-04 18:58:00.000,477,2026-02-04 18:58:00.733,2026-02-04 18:57:56.646,-4086.832,59.994178771972656,0
2026-02-04 18:57:50.000,2026-02-04 18:58:00.000,2423,2026-02-04 18:58:00.640,2026-02-04 18:57:56.647,-3992.992,50.024574279785156,0
2026-02-04 18:57:50.000,2026-02-04 18:58:00.000,2108,2026-02-04 18:58:00.733,2026-02-04 18:57:56.648,-4085.321,59.992549896240234,0
2026-02-04 18:57:50.000,2026-02-04 18:58:00.000,477,2026-02-04 18:58:00.750,2026-02-04 18:57:56.654,-4095.473,59.993865966796875,0
2026-02-04 18:57:50.000,2026-02-04 18:58:00.000,2423,2026-02-04 18:58:00.659,2026-02-04 18:57:56.658,-4001.464,50.025962829589844,0
2026-02-04 18:57:50.000,2026-02-04 18:58:00.000,2108,2026-02-04 18:58:00.750,2026-02-04 18:57:56.662,-4087.474,59.99098205566406,0
2026-02-04 18:57:50.000,2026-02-04 18:58:00.000,477,2026-02-04 18:58:00.766,2026-02-04 18:57:56.671,-4095.117,59.99486541748047,0
2026-02-04 18:57:50.000,2026-02-04 18:58:00.000,2423,2026-02-04 18:58:00.680,2026-02-04 18:57:56.677,-4002.005,50.02432632446289,0
2026-02-04 18:57:50.000,2026-02-04 18:58:00.000,2108,2026-02-04 18:58:00.766,2026-02-04 18:57:56.678,-4087.678,59.99296951293945,0
2026-02-04 18:57:50.000,2026-02-04 18:58:00.000,477,2026-02-04 18:58:00.783,2026-02-04 18:57:56.688,-4094.832,59.99623107910156,0
2026-02-04 18:57:50.000,2026-02-04 18:58:00.000,2108,2026-02-04 18:58:00.783,2026-02-04 18:57:56.695,-4087.802,59.99752426147461,0
2026-02-04 18:57:50.000,2026-02-04 18:58:00.000,2423,2026-02-04 18:58:00.700,2026-02-04 18:57:56.697,-4002.478,50.02271270751953,0
2026-02-04 18:57:50.000,2026-02-04 18:58:00.000,477,2026-02-04 18:58:00.800,2026-02-04 18:57:56.709,-4090.951,59.99658966064453,0
2026-02-04 18:57:50.000,2026-02-04 18:58:00.000,2108,2026-02-04 18:58:00.800,2026-02-04 18:57:56.712,-4087.951,59.99789047241211,0
2026-02-04 18:57:50.000,2026-02-04 18:58:00.000,2423,2026-02-04 18:58:00.720,2026-02-04 18:57:56.718,-4001.441,50.025447845458984,0
2026-02-04 18:57:50.000,2026-02-04 18:58:00.000,477,2026-02-04 18:58:00.816,2026-02-04 18:57:56.721,-4095.105,59.99547576904297,0
2026-02-04 18:57:50.000,2026-02-04 18:58:00.000,2108,2026-02-04 18:58:00.816,2026-02-04 18:57:56.728,-4087.852,59.994720458984375,0
2026-02-04 18:57:50.000,2026-02-04 18:58:00.000,2423,2026-02-04 18:58:00.739,2026-02-04 18:57:56.738,-4001.665,50.02694320678711,0
2026-02-04 18:57:50.000,2026-02-04 18:58:00.000,477,2026-02-04 18:58:00.833,2026-02-04 18:57:56.738,-4095.001,59.9951286315918,0
2026-02-04 18:57:50.000,2026-02-04 18:58:00.000,2108,2026-02-04 18:58:00.833,2026-02-04 18:57:56.745,-4087.963,59.99644470214844,0
2026-02-04 18:57:50.000,2026-02-04 18:58:00.000,477,2026-02-04 18:58:00.850,2026-02-04 18:57:56.754,-4095.303,59.99603271484375,0
2026-02-04 18:57:50.000,2026-02-04 18:58:00.000,2423,2026-02-04 18:58:00.760,2026-02-04 18:57:56.757,-4002.304,50.023067474365234,0
2026-02-04 18:57:50.000,2026-02-04 18:58:00.000,2108,2026-02-04 18:58:00.850,2026-02-04 18:57:56.761,-4088.303,60.0009651184082,0
2026-02-04 18:57:50.000,2026-02-04 18:58:00.000,477,2026-02-04 18:58:00.866,2026-02-04 18:57:56.771,-4095.455,59.996253967285156,0
2026-02-04 18:57:50.000,2026-02-04 18:58:00.000,2423,2026-02-04 18:58:00.780,2026-02-04 18:57:56.778,-4001.696,50.02177047729492,0
2026-02-04 18:57:50.000,2026-02-04 18:58:00.000,2108,2026-02-04 18:58:00.866,2026-02-04 18:57:56.779,-4087.350,59.99849319458008,0
2026-02-04 18:57:50.000,2026-02-04 18:58:00.000,477,2026-02-04 18:58:00.883,2026-02-04 18:57:56.788,-4094.954,59.995670318603516,0
2026-02-04 18:57:50.000,2026-02-04 18:58:00.000,2108,2026-02-04 18:58:00.883,2026-02-04 18:57:56.795,-4087.927,59.99330520629883,0
2026-02-04 18:57:50.000,2026-02-04 18:58:00.000,2423,2026-02-04 18:58:00.800,2026-02-04 18:57:56.798,-4001.599,50.02524185180664,0
2026-02-04 18:57:50.000,2026-02-04 18:58:00.000,477,2026-02-04 18:58:00.899,2026-02-04 18:57:56.804,-4095.083,59.9951057434082,0
2026-02-04 18:57:50.000,2026-02-04 18:58:00.000,2108,2026-02-04 18:58:00.899,2026-02-04 18:57:56.811,-4088.083,59.99355697631836,0
2026-02-04 18:57:50.000,2026-02-04 18:58:00.000,2423,2026-02-04 18:58:00.819,2026-02-04 18:57:56.818,-4001.573,50.0254020690918,0
2026-02-04 18:57:50.000,2026-02-04 18:58:00.000,477,2026-02-04 18:58:00.916,2026-02-04 18:57:56.821,-4095.253,59.995513916015625,0
2026-02-04 18:57:50.000,2026-02-04 18:58:00.000,2108,2026-02-04 18:58:00.916,2026-02-04 18:57:56.829,-4087.217,59.99336242675781,0
2026-02-04 18:57:50.000,2026-02-04 18:58:00.000,477,2026-02-04 18:58:00.933,2026-02-04 18:57:56.838,-4094.858,59.996612548828125,0
2026-02-04 18:57:50.000,2026-02-04 18:58:00.000,2423,2026-02-04 18:58:00.840,2026-02-04 18:57:56.838,-4001.522,50.023616790771484,0
2026-02-04 18:57:50.000,2026-02-04 18:58:00.000,2108,2026-02-04 18:58:00.933,2026-02-04 18:57:56.845,-4087.806,59.9937858581543,0
2026-02-04 18:57:50.000,2026-02-04 18:58:00.000,477,2026-02-04 18:58:00.950,2026-02-04 18:57:56.854,-4095.343,59.99626159667969,0
2026-02-04 18:57:50.000,2026-02-04 18:58:00.000,2423,2026-02-04 18:58:00.860,2026-02-04 18:57:56.857,-4002.352,50.02396774291992,0
2026-02-04 18:57:50.000,2026-02-04 18:58:00.000,2108,2026-02-04 18:58:00.950,2026-02-04 18:57:56.861,-4088.345,59.999298095703125,0
2026-02-04 18:57:50.000,2026-02-04 18:58:00.000,477,2026-02-04 18:58:00.966,2026-02-04 18:57:56.871,-4095.507,59.99522018432617,0
2026-02-04 18:57:50.000,2026-02-04 18:58:00.000,2423,2026-02-04 18:58:00.880,2026-02-04 18:57:56.878,-4001.803,50.02399826049805,0
2026-02-04 18:57:50.000,2026-02-04 18:58:00.000,2108,2026-02-04 18:58:00.966,2026-02-04 18:57:56.879,-4087.473,60.00077819824219,0
2026-02-04 18:57:50.000,2026-02-04 18:58:00.000,477,2026-02-04 18:58:00.983,2026-02-04 18:57:56.888,-4095.021,59.99604034423828,0
2026-02-04 18:57:50.000,2026-02-04 18:58:00.000,2108,2026-02-04 18:58:00.983,2026-02-04 18:57:56.895,-4087.996,59.99810028076172,0
2026-02-04 18:57:50.000,2026-02-04 18:58:00.000,2423,2026-02-04 18:58:00.899,2026-02-04 18:57:56.898,-4001.652,50.02324676513672,0
2026-02-04 18:57:50.000,2026-02-04 18:58:00.000,477,2026-02-04 18:58:01.000,2026-02-04 18:57:56.905,-4094.424,59.996944427490234,0
2026-02-04 18:57:50.000,2026-02-04 18:58:00.000,2108,2026-02-04 18:58:01.000,2026-02-04 18:57:56.913,-4086.919,59.99729537963867,0
2026-02-04 18:57:50.000,2026-02-04 18:58:00.000,2423,2026-02-04 18:58:00.920,2026-02-04 18:57:56.918,-4001.912,50.02334976196289,0
2026-02-04 18:57:50.000,2026-02-04 18:58:00.000,477,2026-02-04 18:58:01.016,2026-02-04 18:57:56.922,-4094.570,59.996238708496094,0
2026-02-04 18:57:50.000,2026-02-04 18:58:00.000,2108,2026-02-04 18:58:01.016,2026-02-04 18:57:56.929,-4087.207,59.99734878540039,0
2026-02-04 18:57:50.000,2026-02-04 18:58:00.000,2423,2026-02-04 18:58:00.940,2026-02-04 18:57:56.937,-4002.447,50.024147033691406,0
2026-02-04 18:57:50.000,2026-02-04 18:58:00.000,477,2026-02-04 18:58:01.033,2026-02-04 18:57:56.938,-4094.764,59.99597930908203,0
2026-02-04 18:57:50.000,2026-02-04 18:58:00.000,2108,2026-02-04 18:58:01.033,2026-02-04 18:57:56.945,-4087.616,60.0002326965332,0
2026-02-04 18:57:50.000,2026-02-04 18:58:00.000,477,2026-02-04 18:58:01.050,2026-02-04 18:57:56.955,-4094.777,59.99608612060547,0
2026-02-04 18:57:50.000,2026-02-04 18:58:00.000,2423,2026-02-04 18:58:00.960,2026-02-04 18:57:56.958,-4001.778,50.02415466308594,0
2026-02-04 18:57:50.000,2026-02-04 18:58:00.000,2108,2026-02-04 18:58:01.050,2026-02-04 18:57:56.962,-4087.764,59.999481201171875,0
2026-02-04 18:57:50.000,2026-02-04 18:58:00.000,477,2026-02-04 18:58:01.066,2026-02-04 18:57:56.971,-4095.163,59.99541091918945,0
2026-02-04 18:57:50.000,2026-02-04 18:58:00.000,2423,2026-02-04 18:58:00.979,2026-02-04 18:57:56.978,-4001.350,50.023075103759766,0
2026-02-04 18:57:50.000,2026-02-04 18:58:00.000,2108,2026-02-04 18:58:01.066,2026-02-04 18:57:56.978,-4088.022,59.990989685058594,0
2026-02-04 18:57:50.000,2026-02-04 18:58:00.000,477,2026-02-04 18:58:01.083,2026-02-04 18:57:56.988,-4095.171,59.995445251464844,0
2026-02-04 18:57:50.000,2026-02-04 18:58:00.000,2108,2026-02-04 18:58:01.083,2026-02-04 18:57:56.996,-4087.146,59.99203872680664,0
2026-02-04 18:57:50.000,2026-02-04 18:58:00.000,2423,2026-02-04 18:58:01.000,2026-02-04 18:57:56.999,-4000.818,50.02276611328125,0
2026-02-04 18:57:50.000,2026-02-04 18:58:00.000,477,2026-02-04 18:58:01.100,2026-02-04 18:57:57.004,-4095.391,59.99638748168945,0
2026-02-04 18:57:50.000,2026-02-04 18:58:00.000,2108,2026-02-04 18:58:01.100,2026-02-04 18:57:57.011,-4088.389,60.001136779785156,0
2026-02-04 18:57:50.000,2026-02-04 18:58:00.000,2423,2026-02-04 18:58:01.020,2026-02-04 18:57:57.018,-4001.849,50.02381896972656,0
2026-02-04 18:57:50.000,2026-02-04 18:58:00.000,477,2026-02-04 18:58:01.116,2026-02-04 18:57:57.022,-4094.512,59.996742248535156,0
2026-02-04 18:57:50.000,2026-02-04 18:58:00.000,2108,2026-02-04 18:58:01.116,2026-02-04 18:57:57.029,-4087.368,60.000125885009766,0
2026-02-04 18:57:50.000,2026-02-04 18:58:00.000,2423,2026-02-04 18:58:01.040,2026-02-04 18:57:57.038,-4001.654,50.024559020996094,0
2026-02-04 18:57:50.000,2026-02-04 18:58:00.000,477,2026-02-04 18:58:01.133,2026-02-04 18:57:57.038,-4094.990,59.9969367980957,0
2026-02-04 18:57:50.000,2026-02-04 18:58:00.000,2108,2026-02-04 18:58:01.133,2026-02-04 18:57:57.045,-4087.934,59.99529266357422,0
2026-02-04 18:57:50.000,2026-02-04 18:58:00.000,477,2026-02-04 18:58:01.150,2026-02-04 18:57:57.054,-4095.532,59.9974365234375,0
2026-02-04 18:57:50.000,2026-02-04 18:58:00.000,2423,2026-02-04 18:58:01.059,2026-02-04 18:57:57.058,-4001.525,50.022830963134766,0
2026-02-04 18:57:50.000,2026-02-04 18:58:00.000,2108,2026-02-04 18:58:01.150,2026-02-04 18:57:57.062,-4087.533,59.994850158691406,0
2026-02-04 18:57:50.000,2026-02-04 18:58:00.000,477,2026-02-04 18:58:01.166,2026-02-04 18:57:57.071,-4095.047,59.99738311767578,0
2026-02-04 18:57:50.000,2026-02-04 18:58:00.000,2423,2026-02-04 18:58:01.080,2026-02-04 18:57:57.078,-4001.865,50.020545959472656,0
2026-02-04 18:57:50.000,2026-02-04 18:58:00.000,2108,2026-02-04 18:58:01.166,2026-02-04 18:57:57.079,-4087.538,59.99639129638672,0
2026-02-04 18:57:50.000,2026-02-04 18:58:00.000,477,2026-02-04 18:58:01.183,2026-02-04 18:57:57.087,-4095.682,59.99697494506836,0
2026-02-04 18:57:50.000,2026-02-04 18:58:00.000,2108,2026-02-04 18:58:01.183,2026-02-04 18:57:57.095,-4088.030,59.998207092285156,0
2026-02-04 18:57:50.000,2026-02-04 18:58:00.000,2423,2026-02-04 18:58:01.100,2026-02-04 18:57:57.098,-4001.701,50.021602630615234,0
2026-02-04 18:57:50.000,2026-02-04 18:58:00.000,477,2026-02-04 18:58:01.200,2026-02-04 18:57:57.104,-4095.613,59.99607849121094,0
2026-02-04 18:57:50.000,2026-02-04 18:58:00.000,2108,2026-02-04 18:58:01.200,2026-02-04 18:57:57.111,-4088.256,59.99687194824219,0
2026-02-04 18:57:50.000,2026-02-04 18:58:00.000,2423,2026-02-04 18:58:01.120,2026-02-04 18:57:57.118,-4001.744,50.02465057373047,0
2026-02-04 18:57:50.000,2026-02-04 18:58:00.000,477,2026-02-04 18:58:01.216,2026-02-04 18:57:57.121,-4095.409,59.99538040161133,0
2026-02-04 18:57:50.000,2026-02-04 18:58:00.000,2108,2026-02-04 18:58:01.216,2026-02-04 18:57:57.129,-4087.348,59.99274444580078,0
2026-02-04 18:57:50.000,2026-02-04 18:58:00.000,2423,2026-02-04 18:58:01.139,2026-02-04 18:57:57.138,-4001.627,50.0247802734375,0
2026-02-04 18:57:50.000,2026-02-04 18:58:00.000,477,2026-02-04 18:58:01.233,2026-02-04 18:57:57.139,-4093.961,59.995704650878906,0
2026-02-04 18:57:50.000,2026-02-04 18:58:00.000,2108,2026-02-04 18:58:01.233,2026-02-04 18:57:57.145,-4087.929,59.99290084838867,0
2026-02-04 18:57:50.000,2026-02-04 18:58:00.000,477,2026-02-04 18:58:01.250,2026-02-04 18:57:57.155,-4094.320,59.99600601196289,0
2026-02-04 18:57:50.000,2026-02-04 18:58:00.000,2423,2026-02-04 18:58:01.160,2026-02-04 18:57:57.157,-4002.323,50.02322769165039,0
2026-02-04 18:57:50.000,2026-02-04 18:58:00.000,2108,2026-02-04 18:58:01.250,2026-02-04 18:57:57.161,-4088.321,59.99629592895508,0
2026-02-04 18:57:50.000,2026-02-04 18:58:00.000,2423,2026-02-04 18:58:01.180,2026-02-04 18:57:57.178,-4001.793,50.0235481262207,0
2026-02-04 18:57:50.000,2026-02-04 18:58:00.000,2108,2026-02-04 18:58:01.266,2026-02-04 18:57:57.179,-4087.448,59.99950408935547,0
2026-02-04 18:57:50.000,2026-02-04 18:58:00.000,477,2026-02-04 18:58:01.266,2026-02-04 18:57:57.192,-4074.516,59.9965934753418,0
2026-02-04 18:57:50.000,2026-02-04 18:58:00.000,477,2026-02-04 18:58:01.283,2026-02-04 18:57:57.193,-4090.172,59.99725341796875,0
2026-02-04 18:57:50.000,2026-02-04 18:58:00.000,2108,2026-02-04 18:58:01.283,2026-02-04 18:57:57.195,-4087.867,60.00046157836914,0
2026-02-04 18:57:50.000,2026-02-04 18:58:00.000,2423,2026-02-04 18:58:01.200,2026-02-04 18:57:57.197,-4002.033,50.02440643310547,0
2026-02-04 18:57:50.000,2026-02-04 18:58:00.000,477,2026-02-04 18:58:01.299,2026-02-04 18:57:57.204,-4095.510,59.99693298339844,0
2026-02-04 18:57:50.000,2026-02-04 18:58:00.000,2108,2026-02-04 18:58:01.299,2026-02-04 18:57:57.212,-4087.507,59.99435806274414,0
2026-02-04 18:57:50.000,2026-02-04 18:58:00.000,2423,2026-02-04 18:58:01.219,2026-02-04 18:57:57.218,-4001.207,50.02482604980469,0
2026-02-04 18:57:50.000,2026-02-04 18:58:00.000,477,2026-02-04 18:58:01.316,2026-02-04 18:57:57.221,-4094.887,59.99652862548828,0
2026-02-04 18:57:50.000,2026-02-04 18:58:00.000,2108,2026-02-04 18:58:01.316,2026-02-04 18:57:57.228,-4087.860,59.99132537841797,0
2026-02-04 18:57:50.000,2026-02-04 18:58:00.000,2423,2026-02-04 18:58:01.240,2026-02-04 18:57:57.238,-4001.679,50.024513244628906,0
2026-02-04 18:57:50.000,2026-02-04 18:58:00.000,477,2026-02-04 18:58:01.333,2026-02-04 18:57:57.238,-4095.015,59.996856689453125,0
2026-02-04 18:57:50.000,2026-02-04 18:58:00.000,2108,2026-02-04 18:58:01.333,2026-02-04 18:57:57.245,-4087.711,59.99800491333008,0
2026-02-04 18:57:50.000,2026-02-04 18:58:00.000,477,2026-02-04 18:58:01.350,2026-02-04 18:57:57.255,-4094.837,59.9966926574707,0
2026-02-04 18:57:50.000,2026-02-04 18:58:00.000,2423,2026-02-04 18:58:01.260,2026-02-04 18:57:57.258,-4001.844,50.02403259277344,0
2026-02-04 18:57:50.000,2026-02-04 18:58:00.000,2108,2026-02-04 18:58:01.350,2026-02-04 18:57:57.262,-4087.833,60.00138854980469,0
2026-02-04 18:57:50.000,2026-02-04 18:58:00.000,477,2026-02-04 18:58:01.366,2026-02-04 18:57:57.271,-4095.425,59.9963493347168,0
2026-02-04 18:57:50.000,2026-02-04 18:58:00.000,2423,2026-02-04 18:58:01.280,2026-02-04 18:57:57.278,-4001.734,50.023406982421875,0
2026-02-04 18:57:50.000,2026-02-04 18:58:00.000,2108,2026-02-04 18:58:01.366,2026-02-04 18:57:57.279,-4087.404,59.99672317504883,0
2026-02-04 18:57:50.000,2026-02-04 18:58:00.000,477,2026-02-04 18:58:01.383,2026-02-04 18:57:57.288,-4094.987,59.99703598022461,0
2026-02-04 18:57:50.000,2026-02-04 18:58:00.000,2108,2026-02-04 18:58:01.383,2026-02-04 18:57:57.295,-4087.462,59.99455642700195,0
2026-02-04 18:57:50.000,2026-02-04 18:58:00.000,2423,2026-02-04 18:58:01.299,2026-02-04 18:57:57.297,-4002.110,50.02273941040039,0
2026-02-04 18:57:50.000,2026-02-04 18:58:00.000,477,2026-02-04 18:58:01.400,2026-02-04 18:57:57.304,-4095.605,59.99767303466797,0
2026-02-04 18:57:50.000,2026-02-04 18:58:00.000,2108,2026-02-04 18:58:01.400,2026-02-04 18:57:57.312,-4087.606,59.9962272644043,0
2026-02-04 18:57:50.000,2026-02-04 18:58:00.000,2423,2026-02-04 18:58:01.320,2026-02-04 18:57:57.317,-4002.473,50.02296829223633,0
2026-02-04 18:57:50.000,2026-02-04 18:58:00.000,477,2026-02-04 18:58:01.416,2026-02-04 18:57:57.321,-4095.144,59.9979248046875,0
2026-02-04 18:57:50.000,2026-02-04 18:58:00.000,2108,2026-02-04 18:58:01.416,2026-02-04 18:57:57.329,-4087.610,59.996337890625,0
2026-02-04 18:57:50.000,2026-02-04 18:58:00.000,477,2026-02-04 18:58:01.433,2026-02-04 18:57:57.337,-4095.759,59.99751281738281,0
2026-02-04 18:57:50.000,2026-02-04 18:58:00.000,2423,2026-02-04 18:58:01.340,2026-02-04 18:57:57.338,-4001.438,50.02307891845703,0
2026-02-04 18:57:50.000,2026-02-04 18:58:00.000,2108,2026-02-04 18:58:01.433,2026-02-04 18:57:57.346,-4087.250,59.997032165527344,0
2026-02-04 18:57:50.000,2026-02-04 18:58:00.000,477,2026-02-04 18:58:01.450,2026-02-04 18:57:57.355,-4094.896,59.996185302734375,0
2026-02-04 18:57:50.000,2026-02-04 18:58:00.000,2423,2026-02-04 18:58:01.360,2026-02-04 18:57:57.358,-4001.894,50.02239990234375,0
2026-02-04 18:57:50.000,2026-02-04 18:58:00.000,2108,2026-02-04 18:58:01.450,2026-02-04 18:57:57.363,-4086.893,59.9976692199707,0
2026-02-04 18:57:50.000,2026-02-04 18:58:00.000,477,2026-02-04 18:58:01.466,2026-02-04 18:57:57.371,-4095.452,59.99630355834961,0
2026-02-04 18:57:50.000,2026-02-04 18:58:00.000,2423,2026-02-04 18:58:01.379,2026-02-04 18:57:57.378,-4001.765,50.02119827270508,0
2026-02-04 18:57:50.000,2026-02-04 18:58:00.000,2108,2026-02-04 18:58:01.466,2026-02-04 18:57:57.380,-4086.439,59.99736022949219,0
2026-02-04 18:57:50.000,2026-02-04 18:58:00.000,477,2026-02-04 18:58:01.483,2026-02-04 18:57:57.388,-4095.029,59.997703552246094,0
2026-02-04 18:57:50.000,2026-02-04 18:58:00.000,2108,2026-02-04 18:58:01.483,2026-02-04 18:57:57.395,-4088.005,59.99829864501953,0
2026-02-04 18:57:50.000,2026-02-04 18:58:00.000,2423,2026-02-04 18:58:01.400,2026-02-04 18:57:57.398,-4001.678,50.02048110961914,0
2026-02-04 18:57:50.000,2026-02-04 18:58:00.000,477,2026-02-04 18:58:01.500,2026-02-04 18:57:57.404,-4095.426,59.99730682373047,0
2026-02-04 18:57:50.000,2026-02-04 18:58:00.000,2108,2026-02-04 18:58:01.500,2026-02-04 18:57:57.411,-4088.423,59.99754333496094,0
2026-02-04 18:57:50.000,2026-02-04 18:58:00.000,2423,2026-02-04 18:58:01.420,2026-02-04 18:57:57.418,-4001.914,50.02047348022461,0
2026-02-04 18:57:50.000,2026-02-04 18:58:00.000,477,2026-02-04 18:58:01.516,2026-02-04 18:57:57.422,-4094.576,59.996334075927734,0
2026-02-04 18:57:50.000,2026-02-04 18:58:00.000,2108,2026-02-04 18:58:01.516,2026-02-04 18:57:57.429,-4087.363,59.993873596191406,0
2026-02-04 18:57:50.000,2026-02-04 18:58:00.000,2423,2026-02-04 18:58:01.440,2026-02-04 18:57:57.438,-4001.492,50.02138900756836,0
2026-02-04 18:57:50.000,2026-02-04 18:58:00.000,477,2026-02-04 18:58:01.533,2026-02-04 18:57:57.438,-4094.827,59.996517181396484,0
2026-02-04 18:57:50.000,2026-02-04 18:58:00.000,2108,2026-02-04 18:58:01.533,2026-02-04 18:57:57.445,-4087.353,59.9940299987793,0
2026-02-04 18:57:50.000,2026-02-04 18:58:00.000,477,2026-02-04 18:58:01.550,2026-02-04 18:57:57.454,-4095.502,59.99726104736328,0
2026-02-04 18:57:50.000,2026-02-04 18:58:00.000,2423,2026-02-04 18:58:01.459,2026-02-04 18:57:57.458,-4001.498,50.02271270751953,0
2026-02-04 18:57:50.000,2026-02-04 18:58:00.000,2108,2026-02-04 18:58:01.550,2026-02-04 18:57:57.462,-4087.506,59.9990119934082,0
2026-02-04 18:57:50.000,2026-02-04 18:58:00.000,477,2026-02-04 18:58:01.566,2026-02-04 18:57:57.471,-4095.115,59.997379302978516,0
2026-02-04 18:57:50.000,2026-02-04 18:58:00.000,2423,2026-02-04 18:58:01.480,2026-02-04 18:57:57.477,-4002.418,50.02362060546875,0
2026-02-04 18:57:50.000,2026-02-04 18:58:00.000,2108,2026-02-04 18:58:01.566,2026-02-04 18:57:57.478,-4088.092,59.998619079589844,0
2026-02-04 18:57:50.000,2026-02-04 18:58:00.000,477,2026-02-04 18:58:01.583,2026-02-04 18:57:57.488,-4095.244,59.99664306640625,0
2026-02-04 18:57:50.000,2026-02-04 18:58:00.000,2108,2026-02-04 18:58:01.583,2026-02-04 18:57:57.495,-4088.023,59.99616622924805,0
2026-02-04 18:57:50.000,2026-02-04 18:58:00.000,2423,2026-02-04 18:58:01.500,2026-02-04 18:57:57.498,-4001.695,50.02418899536133,0
2026-02-04 18:57:50.000,2026-02-04 18:58:00.000,477,2026-02-04 18:58:01.600,2026-02-04 18:57:57.504,-4095.273,59.996337890625,0
2026-02-04 18:57:50.000,2026-02-04 18:58:00.000,2108,2026-02-04 18:58:01.600,2026-02-04 18:57:57.512,-4087.272,59.996910095214844,0
2026-02-04 18:57:50.000,2026-02-04 18:58:00.000,2423,2026-02-04 18:58:01.520,2026-02-04 18:57:57.518,-4001.763,50.023681640625,0
2026-02-04 18:57:50.000,2026-02-04 18:58:00.000,477,2026-02-04 18:58:01.616,2026-02-04 18:57:57.521,-4095.426,59.99656677246094,0
2026-02-04 18:57:50.000,2026-02-04 18:58:00.000,2108,2026-02-04 18:58:01.616,2026-02-04 18:57:57.529,-4087.538,59.995269775390625,0
2026-02-04 18:57:50.000,2026-02-04 18:58:00.000,2423,2026-02-04 18:58:01.539,2026-02-04 18:57:57.538,-4001.554,50.022335052490234,0
2026-02-04 18:57:50.000,2026-02-04 18:58:00.000,477,2026-02-04 18:58:01.633,2026-02-04 18:57:57.538,-4094.890,59.996788024902344,0
2026-02-04 18:57:50.000,2026-02-04 18:58:00.000,2108,2026-02-04 18:58:01.633,2026-02-04 18:57:57.545,-4087.350,59.99711608886719,0
2026-02-04 18:57:50.000,2026-02-04 18:58:00.000,477,2026-02-04 18:58:01.650,2026-02-04 18:57:57.554,-4095.002,59.99688720703125,0
2026-02-04 18:57:50.000,2026-02-04 18:58:00.000,2423,2026-02-04 18:58:01.560,2026-02-04 18:57:57.557,-4002.003,50.0214729309082,0
2026-02-04 18:57:50.000,2026-02-04 18:58:00.000,2108,2026-02-04 18:58:01.650,2026-02-04 18:57:57.562,-4087.960,60.000831604003906,0
2026-02-04 18:57:50.000,2026-02-04 18:58:00.000,477,2026-02-04 18:58:01.666,2026-02-04 18:57:57.571,-4095.113,59.997039794921875,0
2026-02-04 18:57:50.000,2026-02-04 18:58:00.000,2423,2026-02-04 18:58:01.580,2026-02-04 18:57:57.578,-4001.944,50.02265167236328,0
2026-02-04 18:57:50.000,2026-02-04 18:58:00.000,2108,2026-02-04 18:58:01.666,2026-02-04 18:57:57.579,-4087.600,59.9963264465332,0
2026-02-04 18:57:50.000,2026-02-04 18:58:00.000,477,2026-02-04 18:58:01.683,2026-02-04 18:57:57.588,-4095.026,59.99691390991211,0
2026-02-04 18:57:50.000,2026-02-04 18:58:00.000,2108,2026-02-04 18:58:01.683,2026-02-04 18:57:57.595,-4087.975,59.99099349975586,0
2026-02-04 18:57:50.000,2026-02-04 18:58:00.000,2423,2026-02-04 18:58:01.600,2026-02-04 18:57:57.598,-4001.647,50.024112701416016,0
2026-02-04 18:57:50.000,2026-02-04 18:58:00.000,477,2026-02-04 18:58:01.699,2026-02-04 18:57:57.604,-4095.134,59.99645233154297,0
2026-02-04 18:57:50.000,2026-02-04 18:58:00.000,2108,2026-02-04 18:58:01.699,2026-02-04 18:57:57.611,-4088.134,59.99358367919922,0
2026-02-04 18:57:50.000,2026-02-04 18:58:00.000,2423,2026-02-04 18:58:01.619,2026-02-04 18:57:57.618,-4001.624,50.0230598449707,0
2026-02-04 18:57:50.000,2026-02-04 18:58:00.000,477,2026-02-04 18:58:01.716,2026-02-04 18:57:57.621,-4095.305,59.99639892578125,0
2026-02-04 18:57:50.000,2026-02-04 18:58:00.000,2108,2026-02-04 18:58:01.716,2026-02-04 18:57:57.628,-4088.081,59.998451232910156,0
2026-02-04 18:57:50.000,2026-02-04 18:58:00.000,2423,2026-02-04 18:58:01.640,2026-02-04 18:57:57.642,-3997.885,50.02260971069336,0
2026-02-04 18:57:50.000,2026-02-04 18:58:00.000,477,2026-02-04 18:58:01.733,2026-02-04 18:57:57.642,-4091.220,59.99705505371094,0
2026-02-04 18:57:50.000,2026-02-04 18:58:00.000,2108,2026-02-04 18:58:01.733,2026-02-04 18:57:57.648,-4084.707,60.00127410888672,0
2026-02-04 18:57:50.000,2026-02-04 18:58:00.000,477,2026-02-04 18:58:01.750,2026-02-04 18:57:57.654,-4095.856,59.99773025512695,0
2026-02-04 18:57:50.000,2026-02-04 18:58:00.000,2423,2026-02-04 18:58:01.660,2026-02-04 18:57:57.658,-4001.864,50.02338409423828,0
2026-02-04 18:57:50.000,2026-02-04 18:58:00.000,2108,2026-02-04 18:58:01.750,2026-02-04 18:57:57.662,-4087.855,59.99909210205078,0
2026-02-04 18:57:50.000,2026-02-04 18:58:00.000,477,2026-02-04 18:58:01.766,2026-02-04 18:57:57.673,-4092.834,59.99786376953125,0
2026-02-04 18:57:50.000,2026-02-04 18:58:00.000,2423,2026-02-04 18:58:01.680,2026-02-04 18:57:57.677,-4002.105,50.02252960205078,0
2026-02-04 18:57:50.000,2026-02-04 18:58:00.000,2108,2026-02-04 18:58:01.766,2026-02-04 18:57:57.678,-4087.776,59.9953498840332,0
2026-02-04 18:57:50.000,2026-02-04 18:58:00.000,477,2026-02-04 18:58:01.783,2026-02-04 18:57:57.688,-4094.931,59.997623443603516,0
2026-02-04 18:57:50.000,2026-02-04 18:58:00.000,2108,2026-02-04 18:58:01.783,2026-02-04 18:57:57.695,-4087.534,59.99826431274414,0
2026-02-04 18:57:50.000,2026-02-04 18:58:00.000,2423,2026-02-04 18:58:01.699,2026-02-04 18:57:57.697,-4002.190,50.01996994018555,0
2026-02-04 18:57:50.000,2026-02-04 18:58:00.000,477,2026-02-04 18:58:01.800,2026-02-04 18:57:57.704,-4095.687,59.99681091308594,0
2026-02-04 18:57:50.000,2026-02-04 18:58:00.000,2108,2026-02-04 18:58:01.800,2026-02-04 18:57:57.712,-4087.679,59.99973678588867,0
2026-02-04 18:57:50.000,2026-02-04 18:58:00.000,2423,2026-02-04 18:58:01.720,2026-02-04 18:57:57.717,-4002.420,50.019901275634766,0
2026-02-04 18:57:50.000,2026-02-04 18:58:00.000,2108,2026-02-04 18:58:01.816,2026-02-04 18:57:57.729,-4087.576,59.9963493347168,0
2026-02-04 18:57:50.000,2026-02-04 18:58:00.000,2423,2026-02-04 18:58:01.740,2026-02-04 18:57:57.738,-4001.815,50.02275085449219,0
2026-02-04 18:57:50.000,2026-02-04 18:58:00.000,2108,2026-02-04 18:58:01.833,2026-02-04 18:57:57.745,-4087.622,59.99459457397461,0
2026-02-04 18:57:50.000,2026-02-04 18:58:00.000,477,2026-02-04 18:58:01.816,2026-02-04 18:57:57.751,-4064.962,59.99650955200195,0
2026-02-04 18:57:50.000,2026-02-04 18:58:00.000,477,2026-02-04 18:58:01.833,2026-02-04 18:57:57.753,-4080.120,59.99751663208008,0
2026-02-04 18:57:50.000,2026-02-04 18:58:00.000,477,2026-02-04 18:58:01.850,2026-02-04 18:57:57.755,-4094.785,59.99771499633789,0
2026-02-04 18:57:50.000,2026-02-04 18:58:00.000,2423,2026-02-04 18:58:01.760,2026-02-04 18:57:57.758,-4001.785,50.022369384765625,0
2026-02-04 18:57:50.000,2026-02-04 18:58:00.000,2108,2026-02-04 18:58:01.850,2026-02-04 18:57:57.762,-4087.785,59.99488830566406,0
2026-02-04 18:57:50.000,2026-02-04 18:58:00.000,477,2026-02-04 18:58:01.866,2026-02-04 18:57:57.771,-4095.313,59.99687576293945,0
2026-02-04 18:57:50.000,2026-02-04 18:58:00.000,2423,2026-02-04 18:58:01.779,2026-02-04 18:57:57.778,-4001.416,50.02133560180664,0
2026-02-04 18:57:50.000,2026-02-04 18:58:00.000,2108,2026-02-04 18:58:01.866,2026-02-04 18:57:57.778,-4088.088,59.99616241455078,0
2026-02-04 18:57:50.000,2026-02-04 18:58:00.000,477,2026-02-04 18:58:01.883,2026-02-04 18:57:57.788,-4095.239,59.996761322021484,0
2026-02-04 18:57:50.000,2026-02-04 18:58:00.000,2108,2026-02-04 18:58:01.883,2026-02-04 18:57:57.796,-4087.193,59.999427795410156,0
2026-02-04 18:57:50.000,2026-02-04 18:58:00.000,2423,2026-02-04 18:58:01.800,2026-02-04 18:57:57.798,-4001.865,50.02248001098633,0
2026-02-04 18:57:50.000,2026-02-04 18:58:00.000,477,2026-02-04 18:58:01.900,2026-02-04 18:57:57.805,-4094.819,59.99752426147461,0
2026-02-04 18:57:50.000,2026-02-04 18:58:00.000,2108,2026-02-04 18:58:01.900,2026-02-04 18:57:57.813,-4086.820,60.00244140625,0
2026-02-04 18:57:50.000,2026-02-04 18:58:00.000,2423,2026-02-04 18:58:01.820,2026-02-04 18:57:57.818,-4001.058,50.023014068603516,0
2026-02-04 18:57:50.000,2026-02-04 18:58:00.000,477,2026-02-04 18:58:01.916,2026-02-04 18:57:57.826,-4090.263,59.99781799316406,0
2026-02-04 18:57:50.000,2026-02-04 18:58:00.000,2108,2026-02-04 18:58:01.916,2026-02-04 18:57:57.829,-4087.023,59.99867630004883,0
2026-02-04 18:57:50.000,2026-02-04 18:58:00.000,477,2026-02-04 18:58:01.933,2026-02-04 18:57:57.838,-4095.218,59.997432708740234,0
2026-02-04 18:57:50.000,2026-02-04 18:58:00.000,2423,2026-02-04 18:58:01.840,2026-02-04 18:57:57.838,-4001.360,50.0239372253418,0
2026-02-04 18:57:50.000,2026-02-04 18:58:00.000,2108,2026-02-04 18:58:01.933,2026-02-04 18:57:57.846,-4086.746,59.99344253540039,0
2026-02-04 18:57:50.000,2026-02-04 18:58:00.000,477,2026-02-04 18:58:01.950,2026-02-04 18:57:57.855,-4094.773,59.996795654296875,0
2026-02-04 18:57:50.000,2026-02-04 18:58:00.000,2423,2026-02-04 18:58:01.859,2026-02-04 18:57:57.857,-4002.260,50.02446746826172,0
2026-02-04 18:57:50.000,2026-02-04 18:58:00.000,2108,2026-02-04 18:58:01.950,2026-02-04 18:57:57.861,-4088.262,59.9956169128418,0
2026-02-04 18:57:50.000,2026-02-04 18:58:00.000,477,2026-02-04 18:58:01.966,2026-02-04 18:57:57.871,-4095.419,59.99699020385742,0
2026-02-04 18:57:50.000,2026-02-04 18:58:00.000,2423,2026-02-04 18:58:01.880,2026-02-04 18:57:57.878,-4001.702,50.02252960205078,0
2026-02-04 18:57:50.000,2026-02-04 18:58:00.000,2108,2026-02-04 18:58:01.966,2026-02-04 18:57:57.879,-4087.373,59.999874114990234,0
2026-02-04 18:57:50.000,2026-02-04 18:58:00.000,477,2026-02-04 18:58:01.983,2026-02-04 18:57:57.887,-4095.657,59.997806549072266,0
2026-02-04 18:57:50.000,2026-02-04 18:58:00.000,2108,2026-02-04 18:58:01.983,2026-02-04 18:57:57.896,-4087.080,59.99909591674805,0
2026-02-04 18:57:50.000,2026-02-04 18:58:00.000,2423,2026-02-04 18:58:01.900,2026-02-04 18:57:57.898,-4001.737,50.02182388305664,0
2026-02-04 18:57:50.000,2026-02-04 18:58:00.000,477,2026-02-04 18:58:02.000,2026-02-04 18:57:57.904,-4095.381,59.99763107299805,0
2026-02-04 18:57:50.000,2026-02-04 18:58:00.000,2108,2026-02-04 18:58:02.000,2026-02-04 18:57:57.911,-4088.382,59.99454879760742,0
2026-02-04 18:57:50.000,2026-02-04 18:58:00.000,2423,2026-02-04 18:58:01.920,2026-02-04 18:57:57.918,-4001.825,50.0250244140625,0
2026-02-04 18:57:50.000,2026-02-04 18:58:00.000,2108,2026-02-04 18:58:02.016,2026-02-04 18:57:57.928,-4087.974,59.99464416503906,0
2026-02-04 18:57:50.000,2026-02-04 18:58:00.000,2423,2026-02-04 18:58:01.939,2026-02-04 18:57:57.938,-4001.790,50.026363372802734,0
2026-02-04 18:57:50.000,2026-02-04 18:58:00.000,2108,2026-02-04 18:58:02.033,2026-02-04 18:57:57.945,-4088.019,59.99964904785156,0
2026-02-04 18:57:50.000,2026-02-04 18:58:00.000,477,2026-02-04 18:58:02.016,2026-02-04 18:57:57.951,-4065.355,59.99748611450195,0
2026-02-04 18:57:50.000,2026-02-04 18:58:00.000,477,2026-02-04 18:58:02.033,2026-02-04 18:57:57.952,-4080.514,59.9982795715332,0
2026-02-04 18:57:50.000,2026-02-04 18:58:00.000,477,2026-02-04 18:58:02.050,2026-02-04 18:57:57.957,-4092.653,59.99815368652344,0
2026-02-04 18:57:50.000,2026-02-04 18:58:00.000,2423,2026-02-04 18:58:01.960,2026-02-04 18:57:57.958,-4001.655,50.02271270751953,0
2026-02-04 18:57:50.000,2026-02-04 18:58:00.000,2108,2026-02-04 18:58:02.050,2026-02-04 18:57:57.962,-4087.654,60.001426696777344,0
2026-02-04 18:57:50.000,2026-02-04 18:58:00.000,477,2026-02-04 18:58:02.066,2026-02-04 18:57:57.971,-4095.250,59.99728775024414,0
2026-02-04 18:57:50.000,2026-02-04 18:58:00.000,2423,2026-02-04 18:58:01.980,2026-02-04 18:57:57.977,-4002.503,50.02046203613281,0
2026-02-04 18:57:50.000,2026-02-04 18:58:00.000,2108,2026-02-04 18:58:02.066,2026-02-04 18:57:57.979,-4087.162,60.000545501708984,0
2026-02-04 18:57:50.000,2026-02-04 18:58:00.000,477,2026-02-04 18:58:02.083,2026-02-04 18:57:57.988,-4094.779,59.99740219116211,0
2026-02-04 18:57:50.000,2026-02-04 18:58:00.000,2108,2026-02-04 18:58:02.083,2026-02-04 18:57:57.995,-4087.757,59.99931716918945,0
2026-02-04 18:57:50.000,2026-02-04 18:58:00.000,2423,2026-02-04 18:58:02.000,2026-02-04 18:57:57.997,-4002.430,50.02197265625,0
2026-02-04 18:57:50.000,2026-02-04 18:58:00.000,477,2026-02-04 18:58:02.099,2026-02-04 18:57:58.005,-4094.913,59.997066497802734,0
2026-02-04 18:57:50.000,2026-02-04 18:58:00.000,2108,2026-02-04 18:58:02.099,2026-02-04 18:57:58.012,-4087.912,59.9955940246582,0
2026-02-04 18:57:50.000,2026-02-04 18:58:00.000,2423,2026-02-04 18:58:02.019,2026-02-04 18:57:58.018,-4001.806,50.02149200439453,0
2026-02-04 18:57:50.000,2026-02-04 18:58:00.000,477,2026-02-04 18:58:02.116,2026-02-04 18:57:58.021,-4095.487,59.996212005615234,0
2026-02-04 18:57:50.000,2026-02-04 18:58:00.000,2108,2026-02-04 18:58:02.116,2026-02-04 18:57:58.029,-4087.375,59.99312210083008,0
2026-02-04 18:57:50.000,2026-02-04 18:58:00.000,2423,2026-02-04 18:58:02.040,2026-02-04 18:57:58.037,-4002.524,50.02058029174805,0
2026-02-04 18:57:50.000,2026-02-04 18:58:00.000,477,2026-02-04 18:58:02.133,2026-02-04 18:57:58.038,-4094.861,59.99618911743164,0
2026-02-04 18:57:50.000,2026-02-04 18:58:00.000,2108,2026-02-04 18:58:02.133,2026-02-04 18:57:58.045,-4087.574,59.99605941772461,0
2026-02-04 18:57:50.000,2026-02-04 18:58:00.000,477,2026-02-04 18:58:02.150,2026-02-04 18:57:58.054,-4095.723,59.9970817565918,0
2026-02-04 18:57:50.000,2026-02-04 18:58:00.000,2423,2026-02-04 18:58:02.060,2026-02-04 18:57:58.058,-4001.732,50.02277755737305,0
2026-02-04 18:57:50.000,2026-02-04 18:58:00.000,2108,2026-02-04 18:58:02.150,2026-02-04 18:57:58.062,-4087.726,59.99728775024414,0
2026-02-04 18:57:50.000,2026-02-04 18:58:00.000,477,2026-02-04 18:58:02.166,2026-02-04 18:57:58.071,-4095.329,59.997554779052734,0
2026-02-04 18:57:50.000,2026-02-04 18:58:00.000,2423,2026-02-04 18:58:02.080,2026-02-04 18:57:58.078,-4001.522,50.024208068847656,0
2026-02-04 18:57:50.000,2026-02-04 18:58:00.000,2108,2026-02-04 18:58:02.166,2026-02-04 18:57:58.079,-4087.193,59.995880126953125,0
2026-02-04 18:57:50.000,2026-02-04 18:58:00.000,477,2026-02-04 18:58:02.183,2026-02-04 18:57:58.088,-4094.769,59.997108459472656,0
2026-02-04 18:57:50.000,2026-02-04 18:58:00.000,2108,2026-02-04 18:58:02.183,2026-02-04 18:57:58.096,-4087.140,59.99953842163086,0
2026-02-04 18:57:50.000,2026-02-04 18:58:00.000,2423,2026-02-04 18:58:02.099,2026-02-04 18:57:58.097,-4002.796,50.02344512939453,0
2026-02-04 18:57:50.000,2026-02-04 18:58:00.000,477,2026-02-04 18:58:02.200,2026-02-04 18:57:58.105,-4094.784,59.99713134765625,0
2026-02-04 18:57:50.000,2026-02-04 18:58:00.000,2108,2026-02-04 18:58:02.200,2026-02-04 18:57:58.112,-4087.782,60.003170013427734,0
2026-02-04 18:57:50.000,2026-02-04 18:58:00.000,2423,2026-02-04 18:58:02.120,2026-02-04 18:57:58.118,-4001.616,50.02297592163086,0
2026-02-04 18:57:50.000,2026-02-04 18:58:00.000,477,2026-02-04 18:58:02.216,2026-02-04 18:57:58.121,-4095.280,59.99720001220703,0
2026-02-04 18:57:50.000,2026-02-04 18:58:00.000,2108,2026-02-04 18:58:02.216,2026-02-04 18:57:58.129,-4087.222,59.9975471496582,0
2026-02-04 18:57:50.000,2026-02-04 18:58:00.000,2423,2026-02-04 18:58:02.140,2026-02-04 18:57:58.138,-4001.528,50.024227142333984,0
2026-02-04 18:57:50.000,2026-02-04 18:58:00.000,2108,2026-02-04 18:58:02.233,2026-02-04 18:57:58.145,-4087.815,59.99319839477539,0
2026-02-04 18:57:50.000,2026-02-04 18:58:00.000,2423,2026-02-04 18:58:02.160,2026-02-04 18:57:58.158,-4001.378,50.02574157714844,0
2026-02-04 18:57:50.000,2026-02-04 18:58:00.000,477,2026-02-04 18:58:02.233,2026-02-04 18:57:58.160,-4072.661,59.99675750732422,0
2026-02-04 18:57:50.000,2026-02-04 18:58:00.000,477,2026-02-04 18:58:02.250,2026-02-04 18:57:58.161,-4088.330,59.996639251708984,0
2026-02-04 18:57:50.000,2026-02-04 18:58:00.000,2108,2026-02-04 18:58:02.250,2026-02-04 18:57:58.161,-4088.330,59.99709701538086,0
2026-02-04 18:57:50.000,2026-02-04 18:58:00.000,477,2026-02-04 18:58:02.266,2026-02-04 18:57:58.177,-4089.377,59.99723815917969,0
2026-02-04 18:57:50.000,2026-02-04 18:58:00.000,2423,2026-02-04 18:58:02.179,2026-02-04 18:57:58.178,-4001.704,50.02496337890625,0
2026-02-04 18:57:50.000,2026-02-04 18:58:00.000,2108,2026-02-04 18:58:02.266,2026-02-04 18:57:58.179,-4087.376,60.00054931640625,0
2026-02-04 18:57:50.000,2026-02-04 18:58:00.000,477,2026-02-04 18:58:02.283,2026-02-04 18:57:58.188,-4094.738,59.997920989990234,0
2026-02-04 18:57:50.000,2026-02-04 18:58:00.000,2108,2026-02-04 18:58:02.283,2026-02-04 18:57:58.195,-4087.790,60.0001106262207,0
2026-02-04 18:57:50.000,2026-02-04 18:58:00.000,2423,2026-02-04 18:58:02.200,2026-02-04 18:57:58.198,-4001.462,50.022193908691406,0
2026-02-04 18:57:50.000,2026-02-04 18:58:00.000,2108,2026-02-04 18:58:02.300,2026-02-04 18:57:58.220,-4079.898,59.99631881713867,0
2026-02-04 18:57:50.000,2026-02-04 18:58:00.000,477,2026-02-04 18:58:02.300,2026-02-04 18:57:58.220,-4079.898,59.997928619384766,0
2026-02-04 18:57:50.000,2026-02-04 18:58:00.000,2423,2026-02-04 18:58:02.220,2026-02-04 18:57:58.220,-3999.897,50.02165222167969,0
2026-02-04 18:57:50.000,2026-02-04 18:58:00.000,477,2026-02-04 18:58:02.316,2026-02-04 18:57:58.228,-4088.444,59.997440338134766,0
2026-02-04 18:57:50.000,2026-02-04 18:58:00.000,2108,2026-02-04 18:58:02.316,2026-02-04 18:57:58.229,-4087.444,59.99559020996094,0
2026-02-04 18:57:50.000,2026-02-04 18:58:00.000,2423,2026-02-04 18:58:02.240,2026-02-04 18:57:58.238,-4001.726,50.023441314697266,0
2026-02-04 18:57:50.000,2026-02-04 18:58:00.000,477,2026-02-04 18:58:02.333,2026-02-04 18:57:58.238,-4095.062,59.99723815917969,0
2026-02-04 18:57:50.000,2026-02-04 18:58:00.000,2108,2026-02-04 18:58:02.333,2026-02-04 18:57:58.245,-4087.616,59.998538970947266,0
2026-02-04 18:57:50.000,2026-02-04 18:58:00.000,477,2026-02-04 18:58:02.350,2026-02-04 18:57:58.255,-4094.766,59.997459411621094,0
2026-02-04 18:57:50.000,2026-02-04 18:58:00.000,2423,2026-02-04 18:58:02.259,2026-02-04 18:57:58.258,-4001.759,50.0238151550293,0
2026-02-04 18:57:50.000,2026-02-04 18:58:00.000,2108,2026-02-04 18:58:02.350,2026-02-04 18:57:58.262,-4087.762,59.99794387817383,0
2026-02-04 18:57:50.000,2026-02-04 18:58:00.000,477,2026-02-04 18:58:02.366,2026-02-04 18:57:58.271,-4094.925,59.997867584228516,0
2026-02-04 18:57:50.000,2026-02-04 18:58:00.000,2423,2026-02-04 18:58:02.280,2026-02-04 18:57:58.278,-4001.741,50.02403259277344,0
2026-02-04 18:57:50.000,2026-02-04 18:58:00.000,2108,2026-02-04 18:58:02.366,2026-02-04 18:57:58.279,-4087.413,59.99346923828125,0
2026-02-04 18:57:50.000,2026-02-04 18:58:00.000,477,2026-02-04 18:58:02.383,2026-02-04 18:57:58.288,-4094.971,59.9979133605957,0
2026-02-04 18:57:50.000,2026-02-04 18:58:00.000,2108,2026-02-04 18:58:02.383,2026-02-04 18:57:58.296,-4086.915,59.9948616027832,0
2026-02-04 18:57:50.000,2026-02-04 18:58:00.000,2423,2026-02-04 18:58:02.300,2026-02-04 18:57:58.298,-4001.586,50.02470016479492,0
2026-02-04 18:57:50.000,2026-02-04 18:58:00.000,477,2026-02-04 18:58:02.400,2026-02-04 18:57:58.304,-4095.412,59.99821090698242,0
2026-02-04 18:57:50.000,2026-02-04 18:58:00.000,2108,2026-02-04 18:58:02.400,2026-02-04 18:57:58.315,-4084.891,60.0020751953125,0
2026-02-04 18:57:50.000,2026-02-04 18:58:00.000,2423,2026-02-04 18:58:02.320,2026-02-04 18:57:58.318,-4001.896,50.02361297607422,0
2026-02-04 18:57:50.000,2026-02-04 18:58:00.000,477,2026-02-04 18:58:02.416,2026-02-04 18:57:58.323,-4093.559,59.999176025390625,0
2026-02-04 18:57:50.000,2026-02-04 18:58:00.000,2108,2026-02-04 18:58:02.416,2026-02-04 18:57:58.331,-4085.519,60.0011100769043,0
2026-02-04 18:57:50.000,2026-02-04 18:58:00.000,2423,2026-02-04 18:58:02.339,2026-02-04 18:57:58.338,-4001.337,50.02295684814453,0
2026-02-04 18:57:50.000,2026-02-04 18:58:00.000,477,2026-02-04 18:58:02.433,2026-02-04 18:57:58.338,-4094.673,59.99871063232422,0
2026-02-04 18:57:50.000,2026-02-04 18:58:00.000,2108,2026-02-04 18:58:02.433,2026-02-04 18:57:58.348,-4085.149,59.99836730957031,0
2026-02-04 18:57:50.000,2026-02-04 18:58:00.000,477,2026-02-04 18:58:02.450,2026-02-04 18:57:58.355,-4094.766,59.99794387817383,0
2026-02-04 18:57:50.000,2026-02-04 18:58:00.000,2423,2026-02-04 18:58:02.360,2026-02-04 18:57:58.358,-4001.766,50.02350997924805,0
2026-02-04 18:57:50.000,2026-02-04 18:58:00.000,2108,2026-02-04 18:58:02.450,2026-02-04 18:57:58.362,-4087.766,59.99825668334961,0
2026-02-04 18:57:50.000,2026-02-04 18:58:00.000,2423,2026-02-04 18:58:02.380,2026-02-04 18:57:58.378,-4001.468,50.02412796020508,0
2026-02-04 18:57:50.000,2026-02-04 18:58:00.000,2108,2026-02-04 18:58:02.466,2026-02-04 18:57:58.380,-4086.126,59.99455642700195,0
2026-02-04 18:57:50.000,2026-02-04 18:58:00.000,477,2026-02-04 18:58:02.466,2026-02-04 18:57:58.398,-4067.940,59.99836730957031,0
2026-02-04 18:57:50.000,2026-02-04 18:58:00.000,477,2026-02-04 18:58:02.483,2026-02-04 18:57:58.398,-4084.604,59.99848556518555,0
2026-02-04 18:57:50.000,2026-02-04 18:58:00.000,2108,2026-02-04 18:58:02.483,2026-02-04 18:57:58.399,-4083.607,59.99489212036133,0
2026-02-04 18:57:50.000,2026-02-04 18:58:00.000,2423,2026-02-04 18:58:02.400,2026-02-04 18:57:58.399,-4000.279,50.02421951293945,0
2026-02-04 18:57:50.000,2026-02-04 18:58:00.000,477,2026-02-04 18:58:02.499,2026-02-04 18:57:58.405,-4094.759,59.998111724853516,0
2026-02-04 18:57:50.000,2026-02-04 18:58:00.000,2108,2026-02-04 18:58:02.499,2026-02-04 18:57:58.413,-4086.758,59.99811935424805,0
2026-02-04 18:57:50.000,2026-02-04 18:58:00.000,2423,2026-02-04 18:58:02.419,2026-02-04 18:57:58.418,-4001.237,50.02191162109375,0
2026-02-04 18:57:50.000,2026-02-04 18:58:00.000,477,2026-02-04 18:58:02.516,2026-02-04 18:57:58.423,-4093.407,59.998165130615234,0
2026-02-04 18:57:50.000,2026-02-04 18:58:00.000,2108,2026-02-04 18:58:02.516,2026-02-04 18:57:58.435,-4080.851,59.99707794189453,0
2026-02-04 18:57:50.000,2026-02-04 18:58:00.000,2423,2026-02-04 18:58:02.440,2026-02-04 18:57:58.437,-4002.179,50.020904541015625,0
2026-02-04 18:57:50.000,2026-02-04 18:58:00.000,477,2026-02-04 18:58:02.533,2026-02-04 18:57:58.438,-4094.515,59.99817657470703,0
2026-02-04 18:57:50.000,2026-02-04 18:58:00.000,2108,2026-02-04 18:58:02.533,2026-02-04 18:57:58.445,-4087.491,59.99578857421875,0
2026-02-04 18:57:50.000,2026-02-04 18:58:00.000,477,2026-02-04 18:58:02.550,2026-02-04 18:57:58.455,-4094.638,59.99824523925781,0
2026-02-04 18:57:50.000,2026-02-04 18:58:00.000,2423,2026-02-04 18:58:02.460,2026-02-04 18:57:58.458,-4001.645,50.02349090576172,0
2026-02-04 18:57:50.000,2026-02-04 18:58:00.000,2108,2026-02-04 18:58:02.550,2026-02-04 18:57:58.462,-4087.639,59.99834060668945,0
2026-02-04 18:57:50.000,2026-02-04 18:58:00.000,477,2026-02-04 18:58:02.566,2026-02-04 18:57:58.471,-4095.256,59.99882888793945,0
2026-02-04 18:57:50.000,2026-02-04 18:58:00.000,2423,2026-02-04 18:58:02.480,2026-02-04 18:57:58.477,-4002.074,50.025089263916016,0
2026-02-04 18:57:50.000,2026-02-04 18:58:00.000,2108,2026-02-04 18:58:02.566,2026-02-04 18:57:58.478,-4087.747,60.000022888183594,0
2026-02-04 18:57:50.000,2026-02-04 18:58:00.000,477,2026-02-04 18:58:02.583,2026-02-04 18:57:58.489,-4093.892,59.9985237121582,0
2026-02-04 18:57:50.000,2026-02-04 18:58:00.000,2108,2026-02-04 18:58:02.583,2026-02-04 18:57:58.495,-4087.339,59.99943161010742,0
2026-02-04 18:57:50.000,2026-02-04 18:58:00.000,2423,2026-02-04 18:58:02.499,2026-02-04 18:57:58.497,-4001.994,50.02389907836914,0
2026-02-04 18:57:50.000,2026-02-04 18:58:00.000,477,2026-02-04 18:58:02.600,2026-02-04 18:57:58.504,-4095.491,59.997894287109375,0
2026-02-04 18:57:50.000,2026-02-04 18:58:00.000,2108,2026-02-04 18:58:02.600,2026-02-04 18:57:58.512,-4087.979,59.99844741821289,0
2026-02-04 18:57:50.000,2026-02-04 18:58:00.000,2423,2026-02-04 18:58:02.520,2026-02-04 18:57:58.518,-4001.463,50.02362060546875,0
2026-02-04 18:57:50.000,2026-02-04 18:58:00.000,477,2026-02-04 18:58:02.616,2026-02-04 18:57:58.521,-4095.133,59.99838638305664,0
2026-02-04 18:57:50.000,2026-02-04 18:58:00.000,2108,2026-02-04 18:58:02.616,2026-02-04 18:57:58.528,-4087.999,59.99628448486328,0
2026-02-04 18:57:50.000,2026-02-04 18:58:00.000,2423,2026-02-04 18:58:02.540,2026-02-04 18:57:58.538,-4001.830,50.02409744262695,0
2026-02-04 18:57:50.000,2026-02-04 18:58:00.000,477,2026-02-04 18:58:02.633,2026-02-04 18:57:58.538,-4095.150,59.99850845336914,0
2026-02-04 18:57:50.000,2026-02-04 18:58:00.000,2108,2026-02-04 18:58:02.633,2026-02-04 18:57:58.545,-4087.726,59.99734878540039,0
2026-02-04 18:57:50.000,2026-02-04 18:58:00.000,477,2026-02-04 18:58:02.650,2026-02-04 18:57:58.554,-4095.708,59.99785614013672,0
2026-02-04 18:57:50.000,2026-02-04 18:58:00.000,2423,2026-02-04 18:58:02.560,2026-02-04 18:57:58.557,-4002.196,50.02286148071289,0
2026-02-04 18:57:50.000,2026-02-04 18:58:00.000,2108,2026-02-04 18:58:02.650,2026-02-04 18:57:58.561,-4088.195,59.99764633178711,0
2026-02-04 18:57:50.000,2026-02-04 18:58:00.000,2423,2026-02-04 18:58:02.579,2026-02-04 18:57:58.578,-4001.637,50.02241134643555,0
2026-02-04 18:57:50.000,2026-02-04 18:58:00.000,2108,2026-02-04 18:58:02.666,2026-02-04 18:57:58.579,-4087.308,59.99544143676758,0
2026-02-04 18:57:50.000,2026-02-04 18:58:00.000,2108,2026-02-04 18:58:02.683,2026-02-04 18:57:58.595,-4087.729,59.998443603515625,0
2026-02-04 18:57:50.000,2026-02-04 18:58:00.000,2423,2026-02-04 18:58:02.600,2026-02-04 18:57:58.597,-4002.400,50.02339553833008,0
2026-02-04 18:57:50.000,2026-02-04 18:58:00.000,477,2026-02-04 18:58:02.666,2026-02-04 18:57:58.602,-4064.555,59.99799346923828,0
2026-02-04 18:57:50.000,2026-02-04 18:58:00.000,477,2026-02-04 18:58:02.683,2026-02-04 18:57:58.603,-4079.711,59.99893569946289,0
2026-02-04 18:57:50.000,2026-02-04 18:58:00.000,477,2026-02-04 18:58:02.700,2026-02-04 18:57:58.604,-4095.384,59.999263763427734,0
2026-02-04 18:57:50.000,2026-02-04 18:58:00.000,2108,2026-02-04 18:58:02.700,2026-02-04 18:57:58.613,-4086.866,60.002777099609375,0
2026-02-04 18:57:50.000,2026-02-04 18:58:00.000,2423,2026-02-04 18:58:02.620,2026-02-04 18:57:58.618,-4001.860,50.0242805480957,0
2026-02-04 18:57:50.000,2026-02-04 18:58:00.000,477,2026-02-04 18:58:02.716,2026-02-04 18:57:58.621,-4095.523,59.998958587646484,0
2026-02-04 18:57:50.000,2026-02-04 18:58:00.000,2108,2026-02-04 18:58:02.716,2026-02-04 18:57:58.629,-4087.446,60.00188446044922,0
2026-02-04 18:57:50.000,2026-02-04 18:58:00.000,2423,2026-02-04 18:58:02.640,2026-02-04 18:57:58.637,-4002.260,50.02326583862305,0
2026-02-04 18:57:50.000,2026-02-04 18:58:00.000,477,2026-02-04 18:58:02.733,2026-02-04 18:57:58.638,-4094.596,59.99797058105469,0
2026-02-04 18:57:50.000,2026-02-04 18:58:00.000,2108,2026-02-04 18:58:02.733,2026-02-04 18:57:58.645,-4088.020,59.99833297729492,0
2026-02-04 18:57:50.000,2026-02-04 18:58:00.000,477,2026-02-04 18:58:02.750,2026-02-04 18:57:58.654,-4095.595,59.99708557128906,0
2026-02-04 18:57:50.000,2026-02-04 18:58:00.000,2423,2026-02-04 18:58:02.659,2026-02-04 18:57:58.658,-4001.590,50.022003173828125,0
2026-02-04 18:57:50.000,2026-02-04 18:58:00.000,2108,2026-02-04 18:58:02.750,2026-02-04 18:57:58.662,-4087.598,59.994659423828125,0
2026-02-04 18:57:50.000,2026-02-04 18:58:00.000,477,2026-02-04 18:58:02.766,2026-02-04 18:57:58.671,-4095.207,59.9978141784668,0
2026-02-04 18:57:50.000,2026-02-04 18:58:00.000,2423,2026-02-04 18:58:02.680,2026-02-04 18:57:58.677,-4002.027,50.023677825927734,0
2026-02-04 18:57:50.000,2026-02-04 18:58:00.000,2108,2026-02-04 18:58:02.766,2026-02-04 18:57:58.678,-4087.698,59.993629455566406,0
2026-02-04 18:57:50.000,2026-02-04 18:58:00.000,477,2026-02-04 18:58:02.783,2026-02-04 18:57:58.688,-4094.840,59.99860763549805,0
2026-02-04 18:57:50.000,2026-02-04 18:58:00.000,2108,2026-02-04 18:58:02.783,2026-02-04 18:57:58.695,-4087.811,59.99797821044922,0
2026-02-04 18:57:50.000,2026-02-04 18:58:00.000,2423,2026-02-04 18:58:02.700,2026-02-04 18:57:58.698,-4001.483,50.02487564086914,0
2026-02-04 18:57:50.000,2026-02-04 18:58:00.000,477,2026-02-04 18:58:02.800,2026-02-04 18:57:58.704,-4095.447,59.99840545654297,0
2026-02-04 18:57:50.000,2026-02-04 18:58:00.000,2108,2026-02-04 18:58:02.800,2026-02-04 18:57:58.711,-4088.447,60.0008430480957,0
2026-02-04 18:57:50.000,2026-02-04 18:58:00.000,2423,2026-02-04 18:58:02.720,2026-02-04 18:57:58.718,-4001.934,50.022613525390625,0
2026-02-04 18:57:50.000,2026-02-04 18:58:00.000,477,2026-02-04 18:58:02.816,2026-02-04 18:57:58.722,-4094.598,59.99824905395508,0
2026-02-04 18:57:50.000,2026-02-04 18:58:00.000,2108,2026-02-04 18:58:02.816,2026-02-04 18:57:58.728,-4088.505,59.999385833740234,0
2026-02-04 18:57:50.000,2026-02-04 18:58:00.000,2423,2026-02-04 18:58:02.739,2026-02-04 18:57:58.738,-4001.814,50.021080017089844,0
2026-02-04 18:57:50.000,2026-02-04 18:58:00.000,477,2026-02-04 18:58:02.833,2026-02-04 18:57:58.738,-4095.150,59.998435974121094,0
2026-02-04 18:57:50.000,2026-02-04 18:58:00.000,2108,2026-02-04 18:58:02.833,2026-02-04 18:57:58.745,-4088.107,59.997779846191406,0
2026-02-04 18:57:50.000,2026-02-04 18:58:00.000,477,2026-02-04 18:58:02.850,2026-02-04 18:57:58.754,-4095.272,59.99888610839844,0
2026-02-04 18:57:50.000,2026-02-04 18:58:00.000,2423,2026-02-04 18:58:02.760,2026-02-04 18:57:58.757,-4002.272,50.02372741699219,0
2026-02-04 18:57:50.000,2026-02-04 18:58:00.000,2108,2026-02-04 18:58:02.850,2026-02-04 18:57:58.761,-4088.272,59.996456146240234,0
2026-02-04 18:57:50.000,2026-02-04 18:58:00.000,477,2026-02-04 18:58:02.866,2026-02-04 18:57:58.771,-4095.422,59.99943542480469,0
2026-02-04 18:57:50.000,2026-02-04 18:58:00.000,2423,2026-02-04 18:58:02.780,2026-02-04 18:57:58.778,-4001.718,50.02458953857422,0
2026-02-04 18:57:50.000,2026-02-04 18:58:00.000,2108,2026-02-04 18:58:02.866,2026-02-04 18:57:58.780,-4086.372,59.9975700378418,0
2026-02-04 18:57:50.000,2026-02-04 18:58:00.000,477,2026-02-04 18:58:02.883,2026-02-04 18:57:58.787,-4095.407,59.999149322509766,0
2026-02-04 18:57:50.000,2026-02-04 18:58:00.000,2108,2026-02-04 18:58:02.883,2026-02-04 18:57:58.795,-4087.537,60.00082778930664,0
2026-02-04 18:57:50.000,2026-02-04 18:58:00.000,2423,2026-02-04 18:58:02.800,2026-02-04 18:57:58.798,-4001.204,50.02219772338867,0
2026-02-04 18:57:50.000,2026-02-04 18:58:00.000,477,2026-02-04 18:58:02.899,2026-02-04 18:57:58.805,-4094.131,59.99870681762695,0
2026-02-04 18:57:50.000,2026-02-04 18:58:00.000,2108,2026-02-04 18:58:02.899,2026-02-04 18:57:58.813,-4086.628,60.00016784667969,0
2026-02-04 18:57:50.000,2026-02-04 18:58:00.000,2423,2026-02-04 18:58:02.819,2026-02-04 18:57:58.818,-4001.621,50.02101516723633,0
2026-02-04 18:57:50.000,2026-02-04 18:58:00.000,477,2026-02-04 18:58:02.916,2026-02-04 18:57:58.821,-4095.302,59.99837112426758,0
2026-02-04 18:57:50.000,2026-02-04 18:58:00.000,2108,2026-02-04 18:58:02.916,2026-02-04 18:57:58.828,-4087.792,59.99723815917969,0
2026-02-04 18:57:50.000,2026-02-04 18:58:00.000,477,2026-02-04 18:58:02.933,2026-02-04 18:57:58.838,-4094.945,59.99794006347656,0
2026-02-04 18:57:50.000,2026-02-04 18:58:00.000,2423,2026-02-04 18:58:02.840,2026-02-04 18:57:58.838,-4001.609,50.02082443237305,0
2026-02-04 18:57:50.000,2026-02-04 18:58:00.000,2108,2026-02-04 18:58:02.933,2026-02-04 18:57:58.847,-4085.889,59.998985290527344,0
2026-02-04 18:57:50.000,2026-02-04 18:58:00.000,477,2026-02-04 18:58:02.950,2026-02-04 18:57:58.854,-4095.459,59.997989654541016,0
2026-02-04 18:57:50.000,2026-02-04 18:58:00.000,2423,2026-02-04 18:58:02.860,2026-02-04 18:57:58.858,-4001.470,50.022178649902344,0
2026-02-04 18:57:50.000,2026-02-04 18:58:00.000,2108,2026-02-04 18:58:02.950,2026-02-04 18:57:58.862,-4087.461,60.00165939331055,0
2026-02-04 18:57:50.000,2026-02-04 18:58:00.000,477,2026-02-04 18:58:02.966,2026-02-04 18:57:58.871,-4095.104,59.998172760009766,0
2026-02-04 18:57:50.000,2026-02-04 18:58:00.000,2423,2026-02-04 18:58:02.880,2026-02-04 18:57:58.878,-4001.920,50.024356842041016,0
2026-02-04 18:57:50.000,2026-02-04 18:58:00.000,2108,2026-02-04 18:58:02.966,2026-02-04 18:57:58.879,-4087.589,60.00106430053711,0
2026-02-04 18:57:50.000,2026-02-04 18:58:00.000,477,2026-02-04 18:58:02.983,2026-02-04 18:57:58.888,-4095.222,59.99822998046875,0
2026-02-04 18:57:50.000,2026-02-04 18:58:00.000,2108,2026-02-04 18:58:02.983,2026-02-04 18:57:58.896,-4087.177,59.999759674072266,0
2026-02-04 18:57:50.000,2026-02-04 18:58:00.000,2423,2026-02-04 18:58:02.899,2026-02-04 18:57:58.898,-4001.833,50.02423095703125,0
2026-02-04 18:57:50.000,2026-02-04 18:58:00.000,477,2026-02-04 18:58:03.000,2026-02-04 18:57:58.905,-4094.798,59.99930191040039,0
2026-02-04 18:57:50.000,2026-02-04 18:58:00.000,2108,2026-02-04 18:58:03.000,2026-02-04 18:57:58.912,-4087.800,59.99686813354492,0
2026-02-04 18:57:50.000,2026-02-04 18:58:00.000,2423,2026-02-04 18:58:02.920,2026-02-04 18:57:58.918,-4001.698,50.022430419921875,0
2026-02-04 18:57:50.000,2026-02-04 18:58:00.000,477,2026-02-04 18:58:03.016,2026-02-04 18:57:58.921,-4095.363,60.000370025634766,0
2026-02-04 18:57:50.000,2026-02-04 18:58:00.000,2108,2026-02-04 18:58:03.016,2026-02-04 18:57:58.929,-4087.284,59.996578216552734,0
2026-02-04 18:57:50.000,2026-02-04 18:58:00.000,2423,2026-02-04 18:58:02.940,2026-02-04 18:57:58.937,-4002.525,50.0218391418457,0
2026-02-04 18:57:50.000,2026-02-04 18:58:00.000,477,2026-02-04 18:58:03.033,2026-02-04 18:57:58.938,-4094.842,59.999481201171875,0
2026-02-04 18:57:50.000,2026-02-04 18:58:00.000,2108,2026-02-04 18:58:03.033,2026-02-04 18:57:58.945,-4087.579,60.00038146972656,0
2026-02-04 18:57:50.000,2026-02-04 18:58:00.000,477,2026-02-04 18:58:03.050,2026-02-04 18:57:58.955,-4094.741,59.99855422973633,0
2026-02-04 18:57:50.000,2026-02-04 18:58:00.000,2423,2026-02-04 18:58:02.960,2026-02-04 18:57:58.958,-4001.732,50.0228385925293,0
2026-02-04 18:57:50.000,2026-02-04 18:58:00.000,2108,2026-02-04 18:58:03.050,2026-02-04 18:57:58.962,-4087.736,59.99956512451172,0
2026-02-04 18:57:50.000,2026-02-04 18:58:00.000,477,2026-02-04 18:58:03.066,2026-02-04 18:57:58.972,-4094.295,59.99861526489258,0
2026-02-04 18:57:50.000,2026-02-04 18:58:00.000,2423,2026-02-04 18:58:02.979,2026-02-04 18:57:58.978,-4001.532,50.023040771484375,0
2026-02-04 18:57:50.000,2026-02-04 18:58:00.000,2108,2026-02-04 18:58:03.066,2026-02-04 18:57:58.979,-4087.202,59.99650192260742,0
2026-02-04 18:57:50.000,2026-02-04 18:58:00.000,477,2026-02-04 18:58:03.083,2026-02-04 18:57:58.988,-4094.839,59.99962615966797,0
2026-02-04 18:57:50.000,2026-02-04 18:58:00.000,2108,2026-02-04 18:58:03.083,2026-02-04 18:57:58.995,-4087.791,59.99928283691406,0
2026-02-04 18:57:50.000,2026-02-04 18:58:00.000,2423,2026-02-04 18:58:03.000,2026-02-04 18:57:58.999,-4000.463,50.02265167236328,0
2026-02-04 18:57:50.000,2026-02-04 18:58:00.000,477,2026-02-04 18:58:03.100,2026-02-04 18:57:59.009,-4090.956,60.000431060791016,0
2026-02-04 18:57:50.000,2026-02-04 18:58:00.000,2108,2026-02-04 18:58:03.100,2026-02-04 18:57:59.012,-4087.957,60.00224304199219,0
2026-02-04 18:57:50.000,2026-02-04 18:58:00.000,2423,2026-02-04 18:58:03.020,2026-02-04 18:57:59.018,-4001.904,50.02234649658203,0
2026-02-04 18:57:50.000,2026-02-04 18:58:00.000,477,2026-02-04 18:58:03.116,2026-02-04 18:57:59.022,-4094.562,59.999755859375,0
2026-02-04 18:57:50.000,2026-02-04 18:58:00.000,2108,2026-02-04 18:58:03.116,2026-02-04 18:57:59.029,-4087.520,60.00153732299805,0
2026-02-04 18:57:50.000,2026-02-04 18:58:00.000,477,2026-02-04 18:58:03.133,2026-02-04 18:57:59.037,-4095.670,59.99879455566406,0
2026-02-04 18:57:50.000,2026-02-04 18:58:00.000,2423,2026-02-04 18:58:03.040,2026-02-04 18:57:59.039,-4000.330,50.02190017700195,0
2026-02-04 18:57:50.000,2026-02-04 18:58:00.000,2108,2026-02-04 18:58:03.133,2026-02-04 18:57:59.056,-4077.133,60.001407623291016,0
2026-02-04 18:57:50.000,2026-02-04 18:58:00.000,477,2026-02-04 18:58:03.150,2026-02-04 18:57:59.057,-4092.797,59.998958587646484,0
2026-02-04 18:57:50.000,2026-02-04 18:58:00.000,2423,2026-02-04 18:58:03.059,2026-02-04 18:57:59.058,-4001.790,50.021583557128906,0
2026-02-04 18:57:50.000,2026-02-04 18:58:00.000,2108,2026-02-04 18:58:03.150,2026-02-04 18:57:59.064,-4085.287,59.998043060302734,0
2026-02-04 18:57:50.000,2026-02-04 18:58:00.000,477,2026-02-04 18:58:03.166,2026-02-04 18:57:59.071,-4094.749,59.99964141845703,0
2026-02-04 18:57:50.000,2026-02-04 18:58:00.000,2423,2026-02-04 18:58:03.080,2026-02-04 18:57:59.080,-3999.560,50.02108383178711,0
2026-02-04 18:57:50.000,2026-02-04 18:58:00.000,2108,2026-02-04 18:58:03.166,2026-02-04 18:57:59.081,-4085.232,59.99612045288086,0
2026-02-04 18:57:50.000,2026-02-04 18:58:00.000,477,2026-02-04 18:58:03.183,2026-02-04 18:57:59.088,-4094.845,59.99934387207031,0
2026-02-04 18:57:50.000,2026-02-04 18:58:00.000,2108,2026-02-04 18:58:03.183,2026-02-04 18:57:59.096,-4087.307,59.999515533447266,0
2026-02-04 18:57:50.000,2026-02-04 18:58:00.000,2423,2026-02-04 18:58:03.100,2026-02-04 18:57:59.098,-4001.974,50.0211067199707,0
2026-02-04 18:57:50.000,2026-02-04 18:58:00.000,477,2026-02-04 18:58:03.200,2026-02-04 18:57:59.104,-4095.455,59.998497009277344,0
2026-02-04 18:57:50.000,2026-02-04 18:58:00.000,2108,2026-02-04 18:58:03.200,2026-02-04 18:57:59.111,-4088.455,60.000057220458984,0
2026-02-04 18:57:50.000,2026-02-04 18:58:00.000,2423,2026-02-04 18:58:03.120,2026-02-04 18:57:59.119,-4000.942,50.02228546142578,0
2026-02-04 18:57:50.000,2026-02-04 18:58:00.000,477,2026-02-04 18:58:03.216,2026-02-04 18:57:59.121,-4095.608,59.99884796142578,0
2026-02-04 18:57:50.000,2026-02-04 18:58:00.000,2108,2026-02-04 18:58:03.216,2026-02-04 18:57:59.129,-4087.385,59.997745513916016,0
2026-02-04 18:57:50.000,2026-02-04 18:58:00.000,2423,2026-02-04 18:58:03.139,2026-02-04 18:57:59.138,-4001.622,50.02252197265625,0
2026-02-04 18:57:50.000,2026-02-04 18:58:00.000,477,2026-02-04 18:58:03.233,2026-02-04 18:57:59.138,-4094.958,59.99950408935547,0
2026-02-04 18:57:50.000,2026-02-04 18:58:00.000,2108,2026-02-04 18:58:03.233,2026-02-04 18:57:59.145,-4087.886,59.99736404418945,0
2026-02-04 18:57:50.000,2026-02-04 18:58:00.000,477,2026-02-04 18:58:03.250,2026-02-04 18:57:59.155,-4094.844,59.99978256225586,0
2026-02-04 18:57:50.000,2026-02-04 18:58:00.000,2423,2026-02-04 18:58:03.160,2026-02-04 18:57:59.157,-4002.339,50.02137756347656,0
2026-02-04 18:57:50.000,2026-02-04 18:58:00.000,2108,2026-02-04 18:58:03.250,2026-02-04 18:57:59.161,-4088.333,59.999427795410156,0
2026-02-04 18:57:50.000,2026-02-04 18:58:00.000,477,2026-02-04 18:58:03.266,2026-02-04 18:57:59.171,-4095.473,60.00017547607422,0
2026-02-04 18:57:50.000,2026-02-04 18:58:00.000,2423,2026-02-04 18:58:03.180,2026-02-04 18:57:59.178,-4001.766,50.02224349975586,0
2026-02-04 18:57:50.000,2026-02-04 18:58:00.000,2108,2026-02-04 18:58:03.266,2026-02-04 18:57:59.179,-4087.416,60.00133514404297,0
2026-02-04 18:57:50.000,2026-02-04 18:58:00.000,477,2026-02-04 18:58:03.283,2026-02-04 18:57:59.190,-4093.020,59.999427795410156,0
2026-02-04 18:57:50.000,2026-02-04 18:58:00.000,2108,2026-02-04 18:58:03.283,2026-02-04 18:57:59.201,-4081.458,59.99972915649414,0
2026-02-04 18:57:50.000,2026-02-04 18:58:00.000,2423,2026-02-04 18:58:03.200,2026-02-04 18:57:59.203,-3996.624,50.023895263671875,0
2026-02-04 18:57:50.000,2026-02-04 18:58:00.000,477,2026-02-04 18:58:03.299,2026-02-04 18:57:59.208,-4091.600,59.99822998046875,0
2026-02-04 18:57:50.000,2026-02-04 18:58:00.000,2108,2026-02-04 18:58:03.299,2026-02-04 18:57:59.211,-4088.086,59.99555969238281,0
2026-02-04 18:57:50.000,2026-02-04 18:58:00.000,2423,2026-02-04 18:58:03.219,2026-02-04 18:57:59.217,-4002.569,50.023258209228516,0
2026-02-04 18:57:50.000,2026-02-04 18:58:00.000,477,2026-02-04 18:58:03.316,2026-02-04 18:57:59.221,-4095.220,59.998294830322266,0
2026-02-04 18:57:50.000,2026-02-04 18:58:00.000,2108,2026-02-04 18:58:03.316,2026-02-04 18:57:59.235,-4081.668,59.996280670166016,0
2026-02-04 18:57:50.000,2026-02-04 18:58:00.000,2423,2026-02-04 18:58:03.240,2026-02-04 18:57:59.239,-4000.990,50.02222442626953,0
2026-02-04 18:57:50.000,2026-02-04 18:58:00.000,477,2026-02-04 18:58:03.333,2026-02-04 18:57:59.239,-4094.326,59.998722076416016,0
2026-02-04 18:57:50.000,2026-02-04 18:58:00.000,2108,2026-02-04 18:58:03.333,2026-02-04 18:57:59.247,-4086.305,59.99995422363281,0
2026-02-04 18:57:50.000,2026-02-04 18:58:00.000,477,2026-02-04 18:58:03.350,2026-02-04 18:57:59.254,-4095.446,59.99895477294922,0
2026-02-04 18:57:50.000,2026-02-04 18:58:00.000,2423,2026-02-04 18:58:03.260,2026-02-04 18:57:59.269,-3990.424,50.02312088012695,0
2026-02-04 18:57:50.000,2026-02-04 18:58:00.000,2108,2026-02-04 18:58:03.350,2026-02-04 18:57:59.269,-4080.416,60.000736236572266,0
2026-02-04 18:57:50.000,2026-02-04 18:58:00.000,477,2026-02-04 18:58:03.366,2026-02-04 18:57:59.275,-4091.571,59.99908447265625,0
2026-02-04 18:57:50.000,2026-02-04 18:58:00.000,2423,2026-02-04 18:58:03.280,2026-02-04 18:57:59.284,-3995.393,50.0235481262207,0
2026-02-04 18:57:50.000,2026-02-04 18:58:00.000,2108,2026-02-04 18:58:03.366,2026-02-04 18:57:59.285,-4081.059,59.9991569519043,0
2026-02-04 18:57:50.000,2026-02-04 18:58:00.000,477,2026-02-04 18:58:03.383,2026-02-04 18:57:59.288,-4095.217,59.99872970581055,0
2026-02-04 18:57:50.000,2026-02-04 18:58:00.000,2108,2026-02-04 18:58:03.383,2026-02-04 18:57:59.302,-4081.156,59.99755096435547,0
2026-02-04 18:57:50.000,2026-02-04 18:58:00.000,2423,2026-02-04 18:58:03.299,2026-02-04 18:57:59.303,-3996.812,50.0205192565918,0
2026-02-04 18:57:50.000,2026-02-04 18:58:00.000,477,2026-02-04 18:58:03.400,2026-02-04 18:57:59.304,-4095.301,59.998512268066406,0
2026-02-04 18:57:50.000,2026-02-04 18:58:00.000,2108,2026-02-04 18:58:03.400,2026-02-04 18:57:59.316,-4083.538,59.999046325683594,0
2026-02-04 18:57:50.000,2026-02-04 18:58:00.000,2423,2026-02-04 18:58:03.320,2026-02-04 18:57:59.318,-4001.538,50.01903533935547,0
2026-02-04 18:57:50.000,2026-02-04 18:58:00.000,477,2026-02-04 18:58:03.416,2026-02-04 18:57:59.328,-4088.062,59.998592376708984,0
2026-02-04 18:57:50.000,2026-02-04 18:58:00.000,2108,2026-02-04 18:58:03.416,2026-02-04 18:57:59.329,-4087.062,60.00065612792969,0
2026-02-04 18:57:50.000,2026-02-04 18:58:00.000,2423,2026-02-04 18:58:03.340,2026-02-04 18:57:59.341,-3998.379,50.02098083496094,0
2026-02-04 18:57:50.000,2026-02-04 18:58:00.000,477,2026-02-04 18:58:03.433,2026-02-04 18:57:59.341,-4091.699,59.9986457824707,0
2026-02-04 18:57:50.000,2026-02-04 18:58:00.000,2108,2026-02-04 18:58:03.433,2026-02-04 18:57:59.346,-4087.185,60.000099182128906,0
2026-02-04 18:57:50.000,2026-02-04 18:58:00.000,477,2026-02-04 18:58:03.450,2026-02-04 18:57:59.354,-4095.520,59.99843978881836,0
2026-02-04 18:57:50.000,2026-02-04 18:58:00.000,2423,2026-02-04 18:58:03.360,2026-02-04 18:57:59.358,-4001.244,50.02128219604492,0
2026-02-04 18:57:50.000,2026-02-04 18:58:00.000,2108,2026-02-04 18:58:03.450,2026-02-04 18:57:59.361,-4088.246,59.99708938598633,0
2026-02-04 18:57:50.000,2026-02-04 18:58:00.000,477,2026-02-04 18:58:03.466,2026-02-04 18:57:59.371,-4095.397,59.998741149902344,0
2026-02-04 18:57:50.000,2026-02-04 18:58:00.000,2423,2026-02-04 18:58:03.379,2026-02-04 18:57:59.378,-4001.213,50.02080535888672,0
2026-02-04 18:57:50.000,2026-02-04 18:58:00.000,2108,2026-02-04 18:58:03.466,2026-02-04 18:57:59.378,-4087.885,59.99490737915039,0
2026-02-04 18:57:50.000,2026-02-04 18:58:00.000,477,2026-02-04 18:58:03.483,2026-02-04 18:57:59.400,-4082.914,59.99934768676758,0
2026-02-04 18:57:50.000,2026-02-04 18:58:00.000,2423,2026-02-04 18:58:03.400,2026-02-04 18:57:59.401,-3998.586,50.02126693725586,0
2026-02-04 18:57:50.000,2026-02-04 18:58:00.000,2108,2026-02-04 18:58:03.483,2026-02-04 18:57:59.401,-4081.914,59.99831008911133,0
2026-02-04 18:57:50.000,2026-02-04 18:58:00.000,477,2026-02-04 18:58:03.500,2026-02-04 18:57:59.407,-4092.278,59.999725341796875,0
2026-02-04 18:57:50.000,2026-02-04 18:58:00.000,2108,2026-02-04 18:58:03.500,2026-02-04 18:57:59.417,-4082.756,60.00066375732422,0
2026-02-04 18:57:50.000,2026-02-04 18:58:00.000,2423,2026-02-04 18:58:03.420,2026-02-04 18:57:59.423,-3996.251,50.02204895019531,0
2026-02-04 18:57:50.000,2026-02-04 18:58:00.000,477,2026-02-04 18:58:03.516,2026-02-04 18:57:59.423,-4092.915,59.99970245361328,0
2026-02-04 18:57:50.000,2026-02-04 18:58:00.000,2108,2026-02-04 18:58:03.516,2026-02-04 18:57:59.445,-4070.861,59.9992790222168,0
2026-02-04 18:57:50.000,2026-02-04 18:58:00.000,2423,2026-02-04 18:58:03.440,2026-02-04 18:57:59.446,-3993.188,50.02361297607422,0
2026-02-04 18:57:50.000,2026-02-04 18:58:00.000,477,2026-02-04 18:58:03.533,2026-02-04 18:57:59.446,-4086.524,59.99917221069336,0
2026-02-04 18:57:50.000,2026-02-04 18:58:00.000,2108,2026-02-04 18:58:03.533,2026-02-04 18:57:59.447,-4085.524,59.99882507324219,0
2026-02-04 18:57:50.000,2026-02-04 18:58:00.000,477,2026-02-04 18:58:03.550,2026-02-04 18:57:59.469,-4080.642,59.99906539916992,0
2026-02-04 18:57:50.000,2026-02-04 18:58:00.000,2423,2026-02-04 18:58:03.459,2026-02-04 18:57:59.470,-3989.638,50.02273941040039,0
2026-02-04 18:57:50.000,2026-02-04 18:58:00.000,2108,2026-02-04 18:58:03.550,2026-02-04 18:57:59.480,-4069.617,59.99843215942383,0
2026-02-04 18:57:50.000,2026-02-04 18:58:00.000,477,2026-02-04 18:58:03.566,2026-02-04 18:57:59.480,-4086.289,59.99935531616211,0
2026-02-04 18:57:50.000,2026-02-04 18:58:00.000,2423,2026-02-04 18:58:03.480,2026-02-04 18:57:59.481,-3998.609,50.019432067871094,0
2026-02-04 18:57:50.000,2026-02-04 18:58:00.000,2108,2026-02-04 18:58:03.566,2026-02-04 18:57:59.482,-4084.280,59.99938201904297,0
2026-02-04 18:57:50.000,2026-02-04 18:58:00.000,477,2026-02-04 18:58:03.583,2026-02-04 18:57:59.501,-4081.612,59.99955749511719,0
2026-02-04 18:57:50.000,2026-02-04 18:58:00.000,2108,2026-02-04 18:58:03.583,2026-02-04 18:57:59.501,-4081.612,60.00263977050781,0
2026-02-04 18:57:50.000,2026-02-04 18:58:00.000,2423,2026-02-04 18:58:03.500,2026-02-04 18:57:59.501,-3998.284,50.02045822143555,0
2026-02-04 18:57:50.000,2026-02-04 18:58:00.000,477,2026-02-04 18:58:03.600,2026-02-04 18:57:59.505,-4094.762,59.999786376953125,0
2026-02-04 18:57:50.000,2026-02-04 18:58:00.000,2108,2026-02-04 18:58:03.600,2026-02-04 18:57:59.512,-4087.762,60.0006103515625,0
2026-02-04 18:57:50.000,2026-02-04 18:58:00.000,2423,2026-02-04 18:58:03.520,2026-02-04 18:57:59.518,-4001.667,50.023311614990234,0
2026-02-04 18:57:50.000,2026-02-04 18:58:00.000,477,2026-02-04 18:58:03.616,2026-02-04 18:57:59.521,-4095.330,59.99980545043945,0
2026-02-04 18:57:50.000,2026-02-04 18:58:00.000,2108,2026-02-04 18:58:03.616,2026-02-04 18:57:59.529,-4087.611,59.99528121948242,0
2026-02-04 18:57:50.000,2026-02-04 18:58:00.000,477,2026-02-04 18:58:03.633,2026-02-04 18:57:59.538,-4095.146,59.99961471557617,0
2026-02-04 18:57:50.000,2026-02-04 18:58:00.000,2423,2026-02-04 18:58:03.539,2026-02-04 18:57:59.538,-4001.811,50.022071838378906,0
2026-02-04 18:57:50.000,2026-02-04 18:58:00.000,2108,2026-02-04 18:58:03.633,2026-02-04 18:57:59.545,-4088.106,59.998172760009766,0
2026-02-04 18:57:50.000,2026-02-04 18:58:00.000,477,2026-02-04 18:58:03.650,2026-02-04 18:57:59.554,-4095.311,60.00001525878906,0
2026-02-04 18:57:50.000,2026-02-04 18:58:00.000,2423,2026-02-04 18:58:03.560,2026-02-04 18:57:59.560,-3999.254,50.02180099487305,0
2026-02-04 18:57:50.000,2026-02-04 18:58:00.000,2108,2026-02-04 18:58:03.650,2026-02-04 18:57:59.563,-4086.749,60.002708435058594,0
2026-02-04 18:57:50.000,2026-02-04 18:58:00.000,477,2026-02-04 18:58:03.666,2026-02-04 18:57:59.571,-4095.404,60.00048828125,0
2026-02-04 18:57:50.000,2026-02-04 18:58:00.000,2423,2026-02-04 18:58:03.580,2026-02-04 18:57:59.578,-4001.704,50.023193359375,0
2026-02-04 18:57:50.000,2026-02-04 18:58:00.000,2108,2026-02-04 18:58:03.666,2026-02-04 18:57:59.579,-4087.362,60.00068283081055,0
2026-02-04 18:57:50.000,2026-02-04 18:58:00.000,477,2026-02-04 18:58:03.683,2026-02-04 18:57:59.589,-4093.949,60.00017547607422,0
2026-02-04 18:57:50.000,2026-02-04 18:58:00.000,2108,2026-02-04 18:58:03.683,2026-02-04 18:57:59.595,-4087.853,59.99716567993164,0
2026-02-04 18:57:50.000,2026-02-04 18:58:00.000,2423,2026-02-04 18:58:03.600,2026-02-04 18:57:59.598,-4001.528,50.02278518676758,0
2026-02-04 18:57:50.000,2026-02-04 18:58:00.000,477,2026-02-04 18:58:03.699,2026-02-04 18:57:59.604,-4095.448,59.99958801269531,0
2026-02-04 18:57:50.000,2026-02-04 18:58:00.000,2108,2026-02-04 18:58:03.699,2026-02-04 18:57:59.613,-4086.945,59.99495315551758,0
2026-02-04 18:57:50.000,2026-02-04 18:58:00.000,2423,2026-02-04 18:58:03.619,2026-02-04 18:57:59.618,-4001.935,50.02196502685547,0
2026-02-04 18:57:50.000,2026-02-04 18:58:00.000,477,2026-02-04 18:58:03.716,2026-02-04 18:57:59.625,-4091.456,59.999298095703125,0
2026-02-04 18:57:50.000,2026-02-04 18:58:00.000,2108,2026-02-04 18:58:03.716,2026-02-04 18:57:59.629,-4087.454,59.997047424316406,0
2026-02-04 18:57:50.000,2026-02-04 18:58:00.000,2423,2026-02-04 18:58:03.640,2026-02-04 18:57:59.638,-4001.580,50.02043533325195,0
2026-02-04 18:57:50.000,2026-02-04 18:58:00.000,477,2026-02-04 18:58:03.733,2026-02-04 18:57:59.638,-4094.915,59.99882507324219,0
2026-02-04 18:57:50.000,2026-02-04 18:58:00.000,2108,2026-02-04 18:58:03.733,2026-02-04 18:57:59.645,-4087.705,60.00285339355469,0
2026-02-04 18:57:50.000,2026-02-04 18:58:00.000,477,2026-02-04 18:58:03.750,2026-02-04 18:57:59.655,-4094.855,59.99861526489258,0
2026-02-04 18:57:50.000,2026-02-04 18:58:00.000,2423,2026-02-04 18:58:03.660,2026-02-04 18:57:59.658,-4001.863,50.019588470458984,0
2026-02-04 18:57:50.000,2026-02-04 18:58:00.000,2108,2026-02-04 18:58:03.750,2026-02-04 18:57:59.662,-4087.856,60.00190734863281,0
2026-02-04 18:57:50.000,2026-02-04 18:58:00.000,477,2026-02-04 18:58:03.766,2026-02-04 18:57:59.671,-4095.361,59.99907302856445,0
2026-02-04 18:57:50.000,2026-02-04 18:58:00.000,2423,2026-02-04 18:58:03.680,2026-02-04 18:57:59.678,-4001.475,50.02095031738281,0
2026-02-04 18:57:50.000,2026-02-04 18:58:00.000,2108,2026-02-04 18:58:03.766,2026-02-04 18:57:59.679,-4087.145,59.99586486816406,0
2026-02-04 18:57:50.000,2026-02-04 18:58:00.000,477,2026-02-04 18:58:03.783,2026-02-04 18:57:59.688,-4094.779,59.99861526489258,0
2026-02-04 18:57:50.000,2026-02-04 18:58:00.000,2108,2026-02-04 18:58:03.783,2026-02-04 18:57:59.695,-4088.184,59.996524810791016,0
2026-02-04 18:57:50.000,2026-02-04 18:58:00.000,2423,2026-02-04 18:58:03.699,2026-02-04 18:57:59.698,-4001.840,50.021949768066406,0
2026-02-04 18:57:50.000,2026-02-04 18:58:00.000,477,2026-02-04 18:58:03.800,2026-02-04 18:57:59.705,-4094.820,59.998348236083984,0
2026-02-04 18:57:50.000,2026-02-04 18:58:00.000,2108,2026-02-04 18:58:03.800,2026-02-04 18:57:59.711,-4088.308,59.99998092651367,0
2026-02-04 18:57:50.000,2026-02-04 18:58:00.000,2423,2026-02-04 18:58:03.720,2026-02-04 18:57:59.720,-3999.797,50.022037506103516,0
2026-02-04 18:57:50.000,2026-02-04 18:58:00.000,477,2026-02-04 18:58:03.816,2026-02-04 18:57:59.721,-4095.461,59.99924087524414,0
2026-02-04 18:57:50.000,2026-02-04 18:58:00.000,2108,2026-02-04 18:58:03.816,2026-02-04 18:57:59.729,-4087.155,60.00129699707031,0
2026-02-04 18:57:50.000,2026-02-04 18:58:00.000,477,2026-02-04 18:58:03.833,2026-02-04 18:57:59.741,-4092.284,59.99943161010742,0
2026-02-04 18:57:50.000,2026-02-04 18:58:00.000,2423,2026-02-04 18:58:03.740,2026-02-04 18:57:59.742,-3997.964,50.02465057373047,0
2026-02-04 18:57:50.000,2026-02-04 18:58:00.000,2108,2026-02-04 18:58:03.833,2026-02-04 18:57:59.746,-4087.179,60.00077819824219,0
2026-02-04 18:57:50.000,2026-02-04 18:58:00.000,477,2026-02-04 18:58:03.850,2026-02-04 18:57:59.755,-4094.812,59.99851989746094,0
2026-02-04 18:57:50.000,2026-02-04 18:58:00.000,2423,2026-02-04 18:58:03.760,2026-02-04 18:57:59.757,-4002.298,50.024688720703125,0
2026-02-04 18:57:50.000,2026-02-04 18:58:00.000,2108,2026-02-04 18:58:03.850,2026-02-04 18:57:59.763,-4086.796,59.99775314331055,0
2026-02-04 18:57:50.000,2026-02-04 18:58:00.000,477,2026-02-04 18:58:03.866,2026-02-04 18:57:59.771,-4095.454,59.998294830322266,0
2026-02-04 18:57:50.000,2026-02-04 18:58:00.000,2423,2026-02-04 18:58:03.779,2026-02-04 18:57:59.777,-4002.392,50.01932144165039,0
2026-02-04 18:57:50.000,2026-02-04 18:58:00.000,2108,2026-02-04 18:58:03.866,2026-02-04 18:57:59.778,-4088.061,59.99778747558594,0
2026-02-04 18:57:50.000,2026-02-04 18:58:00.000,477,2026-02-04 18:58:03.883,2026-02-04 18:57:59.788,-4095.217,59.998477935791016,0
2026-02-04 18:57:50.000,2026-02-04 18:58:00.000,2108,2026-02-04 18:58:03.883,2026-02-04 18:57:59.795,-4087.484,59.998779296875,0
2026-02-04 18:57:50.000,2026-02-04 18:58:00.000,2423,2026-02-04 18:58:03.800,2026-02-04 18:57:59.797,-4002.152,50.01859664916992,0
2026-02-04 18:57:50.000,2026-02-04 18:58:00.000,477,2026-02-04 18:58:03.900,2026-02-04 18:57:59.804,-4095.650,59.998207092285156,0
2026-02-04 18:57:50.000,2026-02-04 18:58:00.000,2108,2026-02-04 18:58:03.900,2026-02-04 18:57:59.812,-4087.650,59.99720764160156,0
2026-02-04 18:57:50.000,2026-02-04 18:58:00.000,2423,2026-02-04 18:58:03.820,2026-02-04 18:57:59.818,-4001.501,50.022891998291016,0
2026-02-04 18:57:50.000,2026-02-04 18:58:00.000,477,2026-02-04 18:58:03.916,2026-02-04 18:57:59.821,-4095.165,59.99870300292969,0
2026-02-04 18:57:50.000,2026-02-04 18:58:00.000,2108,2026-02-04 18:58:03.916,2026-02-04 18:57:59.829,-4087.132,59.998470306396484,0
2026-02-04 18:57:50.000,2026-02-04 18:58:00.000,2423,2026-02-04 18:58:03.840,2026-02-04 18:57:59.838,-4001.947,50.02357482910156,0
2026-02-04 18:57:50.000,2026-02-04 18:58:00.000,477,2026-02-04 18:58:03.933,2026-02-04 18:57:59.838,-4095.283,59.99932098388672,0
2026-02-04 18:57:50.000,2026-02-04 18:58:00.000,2108,2026-02-04 18:58:03.933,2026-02-04 18:57:59.846,-4087.234,60.00056838989258,0
2026-02-04 18:57:50.000,2026-02-04 18:58:00.000,477,2026-02-04 18:58:03.950,2026-02-04 18:57:59.854,-4095.397,59.99924087524414,0
2026-02-04 18:57:50.000,2026-02-04 18:58:00.000,2423,2026-02-04 18:58:03.859,2026-02-04 18:57:59.858,-4001.389,50.021549224853516,0
2026-02-04 18:57:50.000,2026-02-04 18:58:00.000,2108,2026-02-04 18:58:03.950,2026-02-04 18:57:59.861,-4088.396,60.0001220703125,0
2026-02-04 18:57:50.000,2026-02-04 18:58:00.000,477,2026-02-04 18:58:03.966,2026-02-04 18:57:59.871,-4095.044,59.999080657958984,0
2026-02-04 18:57:50.000,2026-02-04 18:58:00.000,2423,2026-02-04 18:58:03.880,2026-02-04 18:57:59.878,-4001.859,50.02175521850586,0
2026-02-04 18:57:50.000,2026-02-04 18:58:00.000,2108,2026-02-04 18:58:03.966,2026-02-04 18:57:59.879,-4087.533,60.00115966796875,0
2026-02-04 18:57:50.000,2026-02-04 18:58:00.000,477,2026-02-04 18:58:03.983,2026-02-04 18:57:59.888,-4095.138,59.99876403808594,0
2026-02-04 18:57:50.000,2026-02-04 18:58:00.000,2108,2026-02-04 18:58:03.983,2026-02-04 18:57:59.895,-4087.915,60.00129699707031,0
2026-02-04 18:57:50.000,2026-02-04 18:58:00.000,2423,2026-02-04 18:58:03.900,2026-02-04 18:57:59.898,-4001.582,50.02293014526367,0
2026-02-04 18:57:50.000,2026-02-04 18:58:00.000,477,2026-02-04 18:58:04.000,2026-02-04 18:57:59.904,-4095.264,59.99842834472656,0
2026-02-04 18:57:50.000,2026-02-04 18:58:00.000,2108,2026-02-04 18:58:04.000,2026-02-04 18:57:59.911,-4088.264,59.995811462402344,0
2026-02-04 18:57:50.000,2026-02-04 18:58:00.000,2423,2026-02-04 18:58:03.920,2026-02-04 18:57:59.918,-4001.751,50.022705078125,0
2026-02-04 18:57:50.000,2026-02-04 18:58:00.000,477,2026-02-04 18:58:04.016,2026-02-04 18:57:59.921,-4095.417,59.99800109863281,0
2026-02-04 18:57:50.000,2026-02-04 18:58:00.000,2108,2026-02-04 18:58:04.016,2026-02-04 18:57:59.929,-4087.384,59.994720458984375,0
2026-02-04 18:57:50.000,2026-02-04 18:58:00.000,2423,2026-02-04 18:58:03.939,2026-02-04 18:57:59.937,-4002.202,50.0219612121582,0
2026-02-04 18:57:50.000,2026-02-04 18:58:00.000,477,2026-02-04 18:58:04.033,2026-02-04 18:57:59.937,-4095.538,59.99766159057617,0
2026-02-04 18:57:50.000,2026-02-04 18:58:00.000,2108,2026-02-04 18:58:04.033,2026-02-04 18:57:59.945,-4088.024,60.001380920410156,0
2026-02-04 18:57:50.000,2026-02-04 18:58:00.000,477,2026-02-04 18:58:04.050,2026-02-04 18:57:59.954,-4095.071,59.99875259399414,0
2026-02-04 18:57:50.000,2026-02-04 18:58:00.000,2423,2026-02-04 18:58:03.960,2026-02-04 18:57:59.957,-4002.065,50.02189254760742,0
2026-02-04 18:57:50.000,2026-02-04 18:58:00.000,2108,2026-02-04 18:58:04.050,2026-02-04 18:57:59.961,-4088.063,60.004364013671875,0
2026-02-04 18:57:50.000,2026-02-04 18:58:00.000,477,2026-02-04 18:58:04.066,2026-02-04 18:57:59.972,-4094.214,59.9998779296875,0
2026-02-04 18:57:50.000,2026-02-04 18:58:00.000,2423,2026-02-04 18:58:03.980,2026-02-04 18:57:59.978,-4001.524,50.021453857421875,0
2026-02-04 18:57:50.000,2026-02-04 18:58:00.000,2108,2026-02-04 18:58:04.066,2026-02-04 18:57:59.979,-4087.180,60.00025177001953,0
2026-02-04 18:57:50.000,2026-02-04 18:58:00.000,477,2026-02-04 18:58:04.083,2026-02-04 18:57:59.988,-4094.820,59.99949264526367,0
2026-02-04 18:57:50.000,2026-02-04 18:58:00.000,2108,2026-02-04 18:58:04.083,2026-02-04 18:57:59.995,-4087.776,59.99698257446289,0
2026-02-04 18:57:50.000,2026-02-04 18:58:00.000,2423,2026-02-04 18:58:04.000,2026-02-04 18:57:59.997,-4002.450,50.021095275878906,0
