window_start_utc,window_end_utc,ppa,utc_measurement,utc_arrival,delta_ms,value,flags
2026-02-04 18:58:40.000,2026-02-04 18:58:50.000,477,2026-02-04 18:58:44.099,2026-02-04 18:58:40.004,-4095.368,60.00654602050781,0
2026-02-04 18:58:40.000,2026-02-04 18:58:50.000,2108,2026-02-04 18:58:44.099,2026-02-04 18:58:40.028,-4071.019,60.00176239013672,0
2026-02-04 18:58:40.000,2026-02-04 18:58:50.000,2423,2026-02-04 18:58:44.019,2026-02-04 18:58:40.029,-3990.018,50.02833557128906,0
2026-02-04 18:58:40.000,2026-02-04 18:58:50.000,477,2026-02-04 18:58:44.116,2026-02-04 18:58:40.029,-4086.698,60.00639343261719,0
2026-02-04 18:58:40.000,2026-02-04 18:58:50.000,2108,2026-02-04 18:58:44.116,2026-02-04 18:58:40.030,-4085.699,60.00778579711914,0
2026-02-04 18:58:40.000,2026-02-04 18:58:50.000,2423,2026-02-04 18:58:44.040,2026-02-04 18:58:40.038,-4001.981,50.02899169921875,0
2026-02-04 18:58:40.000,2026-02-04 18:58:50.000,477,2026-02-04 18:58:44.133,2026-02-04 18:58:40.038,-4095.317,60.006195068359375,0
2026-02-04 18:58:40.000,2026-02-04 18:58:50.000,2108,2026-02-04 18:58:44.133,2026-02-04 18:58:40.046,-4086.808,60.00929260253906,0
2026-02-04 18:58:40.000,2026-02-04 18:58:50.000,477,2026-02-04 18:58:44.150,2026-02-04 18:58:40.054,-4095.447,60.00568389892578,0
2026-02-04 18:58:40.000,2026-02-04 18:58:50.000,2423,2026-02-04 18:58:44.060,2026-02-04 18:58:40.058,-4001.454,50.03130340576172,0
2026-02-04 18:58:40.000,2026-02-04 18:58:50.000,2108,2026-02-04 18:58:44.150,2026-02-04 18:58:40.062,-4087.446,60.0068473815918,0
2026-02-04 18:58:40.000,2026-02-04 18:58:50.000,477,2026-02-04 18:58:44.166,2026-02-04 18:58:40.071,-4095.011,60.00629806518555,0
2026-02-04 18:58:40.000,2026-02-04 18:58:50.000,2423,2026-02-04 18:58:44.080,2026-02-04 18:58:40.077,-4002.237,50.03042984008789,0
2026-02-04 18:58:40.000,2026-02-04 18:58:50.000,2108,2026-02-04 18:58:44.166,2026-02-04 18:58:40.078,-4087.912,60.006900787353516,0
2026-02-04 18:58:40.000,2026-02-04 18:58:50.000,477,2026-02-04 18:58:44.183,2026-02-04 18:58:40.088,-4095.156,60.007362365722656,0
2026-02-04 18:58:40.000,2026-02-04 18:58:50.000,2108,2026-02-04 18:58:44.183,2026-02-04 18:58:40.095,-4087.419,60.009124755859375,0
2026-02-04 18:58:40.000,2026-02-04 18:58:50.000,2423,2026-02-04 18:58:44.099,2026-02-04 18:58:40.097,-4002.073,50.02805709838867,0
2026-02-04 18:58:40.000,2026-02-04 18:58:50.000,477,2026-02-04 18:58:44.200,2026-02-04 18:58:40.104,-4095.956,60.007667541503906,0
2026-02-04 18:58:40.000,2026-02-04 18:58:50.000,2108,2026-02-04 18:58:44.200,2026-02-04 18:58:40.115,-4084.388,60.00947570800781,0
2026-02-04 18:58:40.000,2026-02-04 18:58:50.000,2423,2026-02-04 18:58:44.120,2026-02-04 18:58:40.117,-4002.385,50.02812194824219,0
2026-02-04 18:58:40.000,2026-02-04 18:58:50.000,477,2026-02-04 18:58:44.216,2026-02-04 18:58:40.121,-4095.052,60.007354736328125,0
2026-02-04 18:58:40.000,2026-02-04 18:58:50.000,2108,2026-02-04 18:58:44.216,2026-02-04 18:58:40.128,-4087.887,60.006988525390625,0
2026-02-04 18:58:40.000,2026-02-04 18:58:50.000,2423,2026-02-04 18:58:44.140,2026-02-04 18:58:40.137,-4002.175,50.030540466308594,0
2026-02-04 18:58:40.000,2026-02-04 18:58:50.000,477,2026-02-04 18:58:44.233,2026-02-04 18:58:40.137,-4095.495,60.00715255737305,0
2026-02-04 18:58:40.000,2026-02-04 18:58:50.000,2108,2026-02-04 18:58:44.233,2026-02-04 18:58:40.145,-4087.368,60.00337600708008,0
2026-02-04 18:58:40.000,2026-02-04 18:58:50.000,2423,2026-02-04 18:58:44.160,2026-02-04 18:58:40.165,-3994.945,50.031673431396484,0
2026-02-04 18:58:40.000,2026-02-04 18:58:50.000,2108,2026-02-04 18:58:44.250,2026-02-04 18:58:40.165,-4084.388,60.0020637512207,0
2026-02-04 18:58:40.000,2026-02-04 18:58:50.000,2423,2026-02-04 18:58:44.179,2026-02-04 18:58:40.178,-4001.575,50.029335021972656,0
2026-02-04 18:58:40.000,2026-02-04 18:58:50.000,2108,2026-02-04 18:58:44.266,2026-02-04 18:58:40.179,-4087.240,60.00708770751953,0
2026-02-04 18:58:40.000,2026-02-04 18:58:50.000,477,2026-02-04 18:58:44.250,2026-02-04 18:58:40.183,-4066.066,60.0069694519043,0
2026-02-04 18:58:40.000,2026-02-04 18:58:50.000,477,2026-02-04 18:58:44.266,2026-02-04 18:58:40.185,-4080.724,60.00721740722656,0
2026-02-04 18:58:40.000,2026-02-04 18:58:50.000,477,2026-02-04 18:58:44.283,2026-02-04 18:58:40.191,-4091.390,60.00802993774414,0
2026-02-04 18:58:40.000,2026-02-04 18:58:50.000,2108,2026-02-04 18:58:44.283,2026-02-04 18:58:40.196,-4087.224,60.01173782348633,0
2026-02-04 18:58:40.000,2026-02-04 18:58:50.000,2423,2026-02-04 18:58:44.200,2026-02-04 18:58:40.204,-3995.374,50.02840805053711,0
2026-02-04 18:58:40.000,2026-02-04 18:58:50.000,477,2026-02-04 18:58:44.300,2026-02-04 18:58:40.205,-4094.386,60.00798034667969,0
2026-02-04 18:58:40.000,2026-02-04 18:58:50.000,2423,2026-02-04 18:58:44.220,2026-02-04 18:58:40.218,-4001.150,50.03094482421875,0
2026-02-04 18:58:40.000,2026-02-04 18:58:50.000,477,2026-02-04 18:58:44.316,2026-02-04 18:58:40.221,-4094.817,60.00775146484375,0
2026-02-04 18:58:40.000,2026-02-04 18:58:50.000,2108,2026-02-04 18:58:44.300,2026-02-04 18:58:40.232,-4067.091,60.01146697998047,0
2026-02-04 18:58:40.000,2026-02-04 18:58:50.000,2108,2026-02-04 18:58:44.316,2026-02-04 18:58:40.232,-4083.755,60.00680160522461,0
2026-02-04 18:58:40.000,2026-02-04 18:58:50.000,2423,2026-02-04 18:58:44.240,2026-02-04 18:58:40.237,-4002.078,50.03072738647461,0
2026-02-04 18:58:40.000,2026-02-04 18:58:50.000,477,2026-02-04 18:58:44.333,2026-02-04 18:58:40.238,-4094.411,60.00741195678711,0
2026-02-04 18:58:40.000,2026-02-04 18:58:50.000,2423,2026-02-04 18:58:44.259,2026-02-04 18:58:40.365,-3894.827,50.028419494628906,0
2026-02-04 18:58:40.000,2026-02-04 18:58:50.000,2108,2026-02-04 18:58:44.333,2026-02-04 18:58:40.365,-3968.172,60.001068115234375,0
2026-02-04 18:58:40.000,2026-02-04 18:58:50.000,2108,2026-02-04 18:58:44.350,2026-02-04 18:58:40.367,-3982.836,60.00472640991211,0
2026-02-04 18:58:40.000,2026-02-04 18:58:50.000,2423,2026-02-04 18:58:44.280,2026-02-04 18:58:40.367,-3912.836,50.030155181884766,0
2026-02-04 18:58:40.000,2026-02-04 18:58:50.000,477,2026-02-04 18:58:44.350,2026-02-04 18:58:40.367,-3982.836,60.00687026977539,0
2026-02-04 18:58:40.000,2026-02-04 18:58:50.000,2108,2026-02-04 18:58:44.366,2026-02-04 18:58:40.411,-3955.292,60.010955810546875,0
2026-02-04 18:58:40.000,2026-02-04 18:58:50.000,2108,2026-02-04 18:58:44.383,2026-02-04 18:58:40.411,-3971.956,60.00745391845703,0
2026-02-04 18:58:40.000,2026-02-04 18:58:50.000,2423,2026-02-04 18:58:44.300,2026-02-04 18:58:40.411,-3888.628,50.03193664550781,0
2026-02-04 18:58:40.000,2026-02-04 18:58:50.000,2423,2026-02-04 18:58:44.320,2026-02-04 18:58:40.411,-3908.619,50.02922821044922,0
2026-02-04 18:58:40.000,2026-02-04 18:58:50.000,2423,2026-02-04 18:58:44.339,2026-02-04 18:58:40.411,-3928.612,50.02822494506836,0
2026-02-04 18:58:40.000,2026-02-04 18:58:50.000,477,2026-02-04 18:58:44.366,2026-02-04 18:58:40.411,-3955.292,60.006900787353516,0
2026-02-04 18:58:40.000,2026-02-04 18:58:50.000,477,2026-02-04 18:58:44.383,2026-02-04 18:58:40.411,-3971.956,60.006591796875,0
2026-02-04 18:58:40.000,2026-02-04 18:58:50.000,477,2026-02-04 18:58:44.400,2026-02-04 18:58:40.411,-3988.620,60.00596237182617,0
2026-02-04 18:58:40.000,2026-02-04 18:58:50.000,2108,2026-02-04 18:58:44.400,2026-02-04 18:58:40.413,-3986.106,60.003326416015625,0
2026-02-04 18:58:40.000,2026-02-04 18:58:50.000,2108,2026-02-04 18:58:44.416,2026-02-04 18:58:40.413,-4002.770,60.006717681884766,0
2026-02-04 18:58:40.000,2026-02-04 18:58:50.000,2423,2026-02-04 18:58:44.360,2026-02-04 18:58:40.413,-3946.106,50.03145980834961,0
2026-02-04 18:58:40.000,2026-02-04 18:58:50.000,477,2026-02-04 18:58:44.416,2026-02-04 18:58:40.413,-4002.770,60.00674057006836,0
2026-02-04 18:58:40.000,2026-02-04 18:58:50.000,477,2026-02-04 18:58:44.433,2026-02-04 18:58:40.413,-4019.434,60.00768280029297,0
2026-02-04 18:58:40.000,2026-02-04 18:58:50.000,2108,2026-02-04 18:58:44.433,2026-02-04 18:58:40.414,-4018.428,60.010189056396484,0
2026-02-04 18:58:40.000,2026-02-04 18:58:50.000,477,2026-02-04 18:58:44.450,2026-02-04 18:58:40.414,-4035.100,60.007442474365234,0
2026-02-04 18:58:40.000,2026-02-04 18:58:50.000,2108,2026-02-04 18:58:44.450,2026-02-04 18:58:40.415,-4034.100,60.007930755615234,0
2026-02-04 18:58:40.000,2026-02-04 18:58:50.000,477,2026-02-04 18:58:44.466,2026-02-04 18:58:40.416,-4049.763,60.007877349853516,0
2026-02-04 18:58:40.000,2026-02-04 18:58:50.000,2423,2026-02-04 18:58:44.380,2026-02-04 18:58:40.417,-3962.108,50.032100677490234,0
2026-02-04 18:58:40.000,2026-02-04 18:58:50.000,2108,2026-02-04 18:58:44.466,2026-02-04 18:58:40.417,-4048.764,60.00522994995117,0
2026-02-04 18:58:40.000,2026-02-04 18:58:50.000,477,2026-02-04 18:58:44.483,2026-02-04 18:58:40.419,-4063.428,60.00849151611328,0
2026-02-04 18:58:40.000,2026-02-04 18:58:50.000,2108,2026-02-04 18:58:44.483,2026-02-04 18:58:40.420,-4062.428,60.00467300415039,0
2026-02-04 18:58:40.000,2026-02-04 18:58:50.000,2423,2026-02-04 18:58:44.400,2026-02-04 18:58:40.421,-3978.099,50.02801513671875,0
2026-02-04 18:58:40.000,2026-02-04 18:58:50.000,2108,2026-02-04 18:58:44.499,2026-02-04 18:58:40.423,-4076.585,60.0059700012207,0
2026-02-04 18:58:40.000,2026-02-04 18:58:50.000,2423,2026-02-04 18:58:44.419,2026-02-04 18:58:40.423,-3996.585,50.0272102355957,0
2026-02-04 18:58:40.000,2026-02-04 18:58:50.000,2108,2026-02-04 18:58:44.516,2026-02-04 18:58:40.440,-4075.735,60.00963592529297,0
2026-02-04 18:58:40.000,2026-02-04 18:58:50.000,477,2026-02-04 18:58:44.499,2026-02-04 18:58:40.441,-4058.055,60.007694244384766,0
2026-02-04 18:58:40.000,2026-02-04 18:58:50.000,477,2026-02-04 18:58:44.516,2026-02-04 18:58:40.441,-4074.735,60.007198333740234,0
2026-02-04 18:58:40.000,2026-02-04 18:58:50.000,2423,2026-02-04 18:58:44.440,2026-02-04 18:58:40.456,-3983.276,50.029911041259766,0
2026-02-04 18:58:40.000,2026-02-04 18:58:50.000,477,2026-02-04 18:58:44.533,2026-02-04 18:58:40.457,-4075.612,60.0074348449707,0
2026-02-04 18:58:40.000,2026-02-04 18:58:50.000,2108,2026-02-04 18:58:44.533,2026-02-04 18:58:40.457,-4075.612,60.0115966796875,0
2026-02-04 18:58:40.000,2026-02-04 18:58:50.000,2423,2026-02-04 18:58:44.460,2026-02-04 18:58:40.473,-3986.522,50.029991149902344,0
2026-02-04 18:58:40.000,2026-02-04 18:58:50.000,477,2026-02-04 18:58:44.550,2026-02-04 18:58:40.474,-4075.513,60.00654220581055,0
2026-02-04 18:58:40.000,2026-02-04 18:58:50.000,477,2026-02-04 18:58:44.566,2026-02-04 18:58:40.475,-4091.187,60.006202697753906,0
2026-02-04 18:58:40.000,2026-02-04 18:58:50.000,2423,2026-02-04 18:58:44.480,2026-02-04 18:58:40.484,-3995.370,50.02952194213867,0
2026-02-04 18:58:40.000,2026-02-04 18:58:50.000,477,2026-02-04 18:58:44.583,2026-02-04 18:58:40.496,-4087.180,60.00715637207031,0
2026-02-04 18:58:40.000,2026-02-04 18:58:50.000,2108,2026-02-04 18:58:44.550,2026-02-04 18:58:40.497,-4052.843,60.00568771362305,0
2026-02-04 18:58:40.000,2026-02-04 18:58:50.000,2108,2026-02-04 18:58:44.566,2026-02-04 18:58:40.497,-4069.515,60.0001220703125,0
2026-02-04 18:58:40.000,2026-02-04 18:58:50.000,2108,2026-02-04 18:58:44.583,2026-02-04 18:58:40.498,-4085.179,60.002506256103516,0
2026-02-04 18:58:40.000,2026-02-04 18:58:50.000,2423,2026-02-04 18:58:44.499,2026-02-04 18:58:40.503,-3996.320,50.03030776977539,0
2026-02-04 18:58:40.000,2026-02-04 18:58:50.000,2108,2026-02-04 18:58:44.600,2026-02-04 18:58:40.512,-4087.301,60.005916595458984,0
2026-02-04 18:58:40.000,2026-02-04 18:58:50.000,2423,2026-02-04 18:58:44.520,2026-02-04 18:58:40.518,-4001.286,50.03145980834961,0
2026-02-04 18:58:40.000,2026-02-04 18:58:50.000,2108,2026-02-04 18:58:44.616,2026-02-04 18:58:40.533,-4082.927,60.00843811035156,0
2026-02-04 18:58:40.000,2026-02-04 18:58:50.000,477,2026-02-04 18:58:44.600,2026-02-04 18:58:40.534,-4065.263,60.00727462768555,0
2026-02-04 18:58:40.000,2026-02-04 18:58:50.000,477,2026-02-04 18:58:44.616,2026-02-04 18:58:40.535,-4080.922,60.007118225097656,0
2026-02-04 18:58:40.000,2026-02-04 18:58:50.000,477,2026-02-04 18:58:44.633,2026-02-04 18:58:40.539,-4093.588,60.00714874267578,0
2026-02-04 18:58:40.000,2026-02-04 18:58:50.000,2423,2026-02-04 18:58:44.540,2026-02-04 18:58:40.540,-3999.265,50.03101348876953,0
2026-02-04 18:58:40.000,2026-02-04 18:58:50.000,2108,2026-02-04 18:58:44.633,2026-02-04 18:58:40.548,-4085.067,60.00661087036133,0
2026-02-04 18:58:40.000,2026-02-04 18:58:50.000,477,2026-02-04 18:58:44.650,2026-02-04 18:58:40.555,-4094.224,60.00687789916992,0
2026-02-04 18:58:40.000,2026-02-04 18:58:50.000,2423,2026-02-04 18:58:44.560,2026-02-04 18:58:40.558,-4001.714,50.02955627441406,0
2026-02-04 18:58:40.000,2026-02-04 18:58:50.000,477,2026-02-04 18:58:44.666,2026-02-04 18:58:40.570,-4095.770,60.00729751586914,0
2026-02-04 18:58:40.000,2026-02-04 18:58:50.000,2423,2026-02-04 18:58:44.579,2026-02-04 18:58:40.580,-3999.586,50.029388427734375,0
2026-02-04 18:58:40.000,2026-02-04 18:58:50.000,2108,2026-02-04 18:58:44.650,2026-02-04 18:58:40.582,-4067.089,60.0039176940918,0
2026-02-04 18:58:40.000,2026-02-04 18:58:50.000,2108,2026-02-04 18:58:44.666,2026-02-04 18:58:40.583,-4082.746,60.0078239440918,0
2026-02-04 18:58:40.000,2026-02-04 18:58:50.000,477,2026-02-04 18:58:44.683,2026-02-04 18:58:40.587,-4095.366,60.007713317871094,0
2026-02-04 18:58:40.000,2026-02-04 18:58:50.000,2108,2026-02-04 18:58:44.683,2026-02-04 18:58:40.595,-4087.382,60.00978088378906,0
2026-02-04 18:58:40.000,2026-02-04 18:58:50.000,2423,2026-02-04 18:58:44.600,2026-02-04 18:58:40.602,-3997.056,50.02875518798828,0
2026-02-04 18:58:40.000,2026-02-04 18:58:50.000,477,2026-02-04 18:58:44.700,2026-02-04 18:58:40.604,-4095.784,60.0074348449707,0
2026-02-04 18:58:40.000,2026-02-04 18:58:50.000,2108,2026-02-04 18:58:44.700,2026-02-04 18:58:40.613,-4086.095,60.00714111328125,0
2026-02-04 18:58:40.000,2026-02-04 18:58:50.000,2423,2026-02-04 18:58:44.620,2026-02-04 18:58:40.624,-3995.577,50.02804183959961,0
2026-02-04 18:58:40.000,2026-02-04 18:58:50.000,477,2026-02-04 18:58:44.716,2026-02-04 18:58:40.625,-4091.239,60.007568359375,0
2026-02-04 18:58:40.000,2026-02-04 18:58:50.000,2108,2026-02-04 18:58:44.716,2026-02-04 18:58:40.629,-4087.243,60.00813674926758,0
2026-02-04 18:58:40.000,2026-02-04 18:58:50.000,2423,2026-02-04 18:58:44.640,2026-02-04 18:58:40.637,-4002.056,50.029197692871094,0
2026-02-04 18:58:40.000,2026-02-04 18:58:50.000,477,2026-02-04 18:58:44.733,2026-02-04 18:58:40.638,-4094.389,60.00734329223633,0
2026-02-04 18:58:40.000,2026-02-04 18:58:50.000,2108,2026-02-04 18:58:44.733,2026-02-04 18:58:40.645,-4088.193,60.00960922241211,0
2026-02-04 18:58:40.000,2026-02-04 18:58:50.000,477,2026-02-04 18:58:44.750,2026-02-04 18:58:40.654,-4095.342,60.006858825683594,0
2026-02-04 18:58:40.000,2026-02-04 18:58:50.000,2423,2026-02-04 18:58:44.659,2026-02-04 18:58:40.659,-4000.337,50.03139877319336,0
2026-02-04 18:58:40.000,2026-02-04 18:58:50.000,2108,2026-02-04 18:58:44.750,2026-02-04 18:58:40.662,-4087.345,60.00912094116211,0
2026-02-04 18:58:40.000,2026-02-04 18:58:50.000,477,2026-02-04 18:58:44.766,2026-02-04 18:58:40.670,-4095.744,60.00738525390625,0
2026-02-04 18:58:40.000,2026-02-04 18:58:50.000,2423,2026-02-04 18:58:44.680,2026-02-04 18:58:40.677,-4002.012,50.03249740600586,0
2026-02-04 18:58:40.000,2026-02-04 18:58:50.000,2108,2026-02-04 18:58:44.766,2026-02-04 18:58:40.678,-4087.684,60.007606506347656,0
2026-02-04 18:58:40.000,2026-02-04 18:58:50.000,477,2026-02-04 18:58:44.783,2026-02-04 18:58:40.687,-4095.827,60.007476806640625,0
2026-02-04 18:58:40.000,2026-02-04 18:58:50.000,2108,2026-02-04 18:58:44.783,2026-02-04 18:58:40.695,-4088.322,60.00481033325195,0
2026-02-04 18:58:40.000,2026-02-04 18:58:50.000,2423,2026-02-04 18:58:44.699,2026-02-04 18:58:40.698,-4000.995,50.03104019165039,0
2026-02-04 18:58:40.000,2026-02-04 18:58:50.000,477,2026-02-04 18:58:44.799,2026-02-04 18:58:40.704,-4094.491,60.00745391845703,0
2026-02-04 18:58:40.000,2026-02-04 18:58:50.000,2108,2026-02-04 18:58:44.799,2026-02-04 18:58:40.714,-4084.472,60.006500244140625,0
2026-02-04 18:58:40.000,2026-02-04 18:58:50.000,2423,2026-02-04 18:58:44.719,2026-02-04 18:58:40.718,-4000.471,50.02845764160156,0
2026-02-04 18:58:40.000,2026-02-04 18:58:50.000,477,2026-02-04 18:58:44.816,2026-02-04 18:58:40.721,-4094.472,60.00801086425781,0
2026-02-04 18:58:40.000,2026-02-04 18:58:50.000,2108,2026-02-04 18:58:44.816,2026-02-04 18:58:40.729,-4086.960,60.00906753540039,0
2026-02-04 18:58:40.000,2026-02-04 18:58:50.000,477,2026-02-04 18:58:44.833,2026-02-04 18:58:40.738,-4094.835,60.00807189941406,0
2026-02-04 18:58:40.000,2026-02-04 18:58:50.000,2423,2026-02-04 18:58:44.739,2026-02-04 18:58:40.738,-4000.835,50.029178619384766,0
2026-02-04 18:58:40.000,2026-02-04 18:58:50.000,2108,2026-02-04 18:58:44.833,2026-02-04 18:58:40.745,-4087.321,60.007713317871094,0
2026-02-04 18:58:40.000,2026-02-04 18:58:50.000,477,2026-02-04 18:58:44.849,2026-02-04 18:58:40.758,-4090.812,60.00796890258789,0
2026-02-04 18:58:40.000,2026-02-04 18:58:50.000,2423,2026-02-04 18:58:44.759,2026-02-04 18:58:40.758,-4000.820,50.0328369140625,0
2026-02-04 18:58:40.000,2026-02-04 18:58:50.000,2108,2026-02-04 18:58:44.849,2026-02-04 18:58:40.761,-4087.812,60.00746154785156,0
2026-02-04 18:58:40.000,2026-02-04 18:58:50.000,477,2026-02-04 18:58:44.866,2026-02-04 18:58:40.771,-4094.300,60.00807571411133,0
2026-02-04 18:58:40.000,2026-02-04 18:58:50.000,2423,2026-02-04 18:58:44.779,2026-02-04 18:58:40.778,-4000.790,50.033042907714844,0
2026-02-04 18:58:40.000,2026-02-04 18:58:50.000,2108,2026-02-04 18:58:44.866,2026-02-04 18:58:40.779,-4086.789,60.00808334350586,0
2026-02-04 18:58:40.000,2026-02-04 18:58:50.000,477,2026-02-04 18:58:44.883,2026-02-04 18:58:40.787,-4095.278,60.00762176513672,0
2026-02-04 18:58:40.000,2026-02-04 18:58:50.000,2108,2026-02-04 18:58:44.883,2026-02-04 18:58:40.794,-4088.009,60.00819396972656,0
2026-02-04 18:58:40.000,2026-02-04 18:58:50.000,2423,2026-02-04 18:58:44.799,2026-02-04 18:58:40.798,-4001.015,50.03041076660156,0
2026-02-04 18:58:40.000,2026-02-04 18:58:50.000,477,2026-02-04 18:58:44.899,2026-02-04 18:58:40.804,-4094.497,60.007652282714844,0
2026-02-04 18:58:40.000,2026-02-04 18:58:50.000,2108,2026-02-04 18:58:44.899,2026-02-04 18:58:40.816,-4082.473,60.00869369506836,0
2026-02-04 18:58:40.000,2026-02-04 18:58:50.000,477,2026-02-04 18:58:44.916,2026-02-04 18:58:40.823,-4092.391,60.008365631103516,0
2026-02-04 18:58:40.000,2026-02-04 18:58:50.000,2423,2026-02-04 18:58:44.819,2026-02-04 18:58:40.824,-3994.384,50.03104782104492,0
2026-02-04 18:58:40.000,2026-02-04 18:58:50.000,2108,2026-02-04 18:58:44.916,2026-02-04 18:58:40.828,-4087.392,60.008941650390625,0
2026-02-04 18:58:40.000,2026-02-04 18:58:50.000,2423,2026-02-04 18:58:44.839,2026-02-04 18:58:40.837,-4001.327,50.033042907714844,0
2026-02-04 18:58:40.000,2026-02-04 18:58:50.000,477,2026-02-04 18:58:44.933,2026-02-04 18:58:40.838,-4094.327,60.007389068603516,0
2026-02-04 18:58:40.000,2026-02-04 18:58:50.000,2108,2026-02-04 18:58:44.933,2026-02-04 18:58:40.845,-4087.177,60.0064811706543,0
2026-02-04 18:58:40.000,2026-02-04 18:58:50.000,477,2026-02-04 18:58:44.949,2026-02-04 18:58:40.855,-4093.828,60.006797790527344,0
2026-02-04 18:58:40.000,2026-02-04 18:58:50.000,2423,2026-02-04 18:58:44.859,2026-02-04 18:58:40.858,-4000.821,50.0316276550293,0
2026-02-04 18:58:40.000,2026-02-04 18:58:50.000,2108,2026-02-04 18:58:44.949,2026-02-04 18:58:40.862,-4086.323,60.00514602661133,0
2026-02-04 18:58:40.000,2026-02-04 18:58:50.000,477,2026-02-04 18:58:44.966,2026-02-04 18:58:40.871,-4094.315,60.008087158203125,0
2026-02-04 18:58:40.000,2026-02-04 18:58:50.000,2423,2026-02-04 18:58:44.879,2026-02-04 18:58:40.877,-4001.090,50.02927017211914,0
2026-02-04 18:58:40.000,2026-02-04 18:58:50.000,2108,2026-02-04 18:58:44.966,2026-02-04 18:58:40.878,-4087.090,60.00820541381836,0
2026-02-04 18:58:40.000,2026-02-04 18:58:50.000,477,2026-02-04 18:58:44.983,2026-02-04 18:58:40.888,-4094.963,60.00876998901367,0
2026-02-04 18:58:40.000,2026-02-04 18:58:50.000,2108,2026-02-04 18:58:44.983,2026-02-04 18:58:40.896,-4086.946,60.0098876953125,0
2026-02-04 18:58:40.000,2026-02-04 18:58:50.000,2423,2026-02-04 18:58:44.899,2026-02-04 18:58:40.898,-4000.932,50.03014373779297,0
2026-02-04 18:58:40.000,2026-02-04 18:58:50.000,477,2026-02-04 18:58:44.999,2026-02-04 18:58:40.904,-4094.829,60.00871276855469,0
2026-02-04 18:58:40.000,2026-02-04 18:58:50.000,2108,2026-02-04 18:58:44.999,2026-02-04 18:58:40.911,-4087.318,60.00862121582031,0
2026-02-04 18:58:40.000,2026-02-04 18:58:50.000,2423,2026-02-04 18:58:44.919,2026-02-04 18:58:40.918,-4000.805,50.03158950805664,0
2026-02-04 18:58:40.000,2026-02-04 18:58:50.000,477,2026-02-04 18:58:45.016,2026-02-04 18:58:40.921,-4094.806,60.008766174316406,0
2026-02-04 18:58:40.000,2026-02-04 18:58:50.000,2108,2026-02-04 18:58:45.016,2026-02-04 18:58:40.928,-4087.295,60.006675720214844,0
2026-02-04 18:58:40.000,2026-02-04 18:58:50.000,477,2026-02-04 18:58:45.033,2026-02-04 18:58:40.937,-4095.188,60.00825881958008,0
2026-02-04 18:58:40.000,2026-02-04 18:58:50.000,2423,2026-02-04 18:58:44.939,2026-02-04 18:58:40.937,-4001.188,50.030113220214844,0
2026-02-04 18:58:40.000,2026-02-04 18:58:50.000,2108,2026-02-04 18:58:45.033,2026-02-04 18:58:40.946,-4086.998,60.00629806518555,0
2026-02-04 18:58:40.000,2026-02-04 18:58:50.000,477,2026-02-04 18:58:45.049,2026-02-04 18:58:40.954,-4094.486,60.007442474365234,0
2026-02-04 18:58:40.000,2026-02-04 18:58:50.000,2423,2026-02-04 18:58:44.959,2026-02-04 18:58:40.957,-4001.493,50.02936935424805,0
2026-02-04 18:58:40.000,2026-02-04 18:58:50.000,2108,2026-02-04 18:58:45.049,2026-02-04 18:58:40.962,-4086.485,60.008052825927734,0
2026-02-04 18:58:40.000,2026-02-04 18:58:50.000,477,2026-02-04 18:58:45.066,2026-02-04 18:58:40.971,-4094.148,60.007720947265625,0
2026-02-04 18:58:40.000,2026-02-04 18:58:50.000,2423,2026-02-04 18:58:44.979,2026-02-04 18:58:40.979,-3999.105,50.03182601928711,0
2026-02-04 18:58:40.000,2026-02-04 18:58:50.000,2108,2026-02-04 18:58:45.066,2026-02-04 18:58:40.979,-4086.105,60.010276794433594,0
2026-02-04 18:58:40.000,2026-02-04 18:58:50.000,477,2026-02-04 18:58:45.083,2026-02-04 18:58:40.988,-4094.838,60.008583068847656,0
2026-02-04 18:58:40.000,2026-02-04 18:58:50.000,2108,2026-02-04 18:58:45.083,2026-02-04 18:58:40.995,-4087.323,60.008365631103516,0
2026-02-04 18:58:40.000,2026-02-04 18:58:50.000,2423,2026-02-04 18:58:44.999,2026-02-04 18:58:40.997,-4001.328,50.032859802246094,0
2026-02-04 18:58:40.000,2026-02-04 18:58:50.000,477,2026-02-04 18:58:45.099,2026-02-04 18:58:41.004,-4094.141,60.0090217590332,0
2026-02-04 18:58:40.000,2026-02-04 18:58:50.000,2108,2026-02-04 18:58:45.099,2026-02-04 18:58:41.012,-4086.349,60.00541305541992,0
2026-02-04 18:58:40.000,2026-02-04 18:58:50.000,2423,2026-02-04 18:58:45.019,2026-02-04 18:58:41.017,-4001.019,50.03107833862305,0
2026-02-04 18:58:40.000,2026-02-04 18:58:50.000,477,2026-02-04 18:58:45.116,2026-02-04 18:58:41.020,-4095.022,60.00837326049805,0
2026-02-04 18:58:40.000,2026-02-04 18:58:50.000,2108,2026-02-04 18:58:45.116,2026-02-04 18:58:41.029,-4086.962,60.0084228515625,0
2026-02-04 18:58:40.000,2026-02-04 18:58:50.000,2423,2026-02-04 18:58:45.039,2026-02-04 18:58:41.037,-4001.450,50.02927780151367,0
2026-02-04 18:58:40.000,2026-02-04 18:58:50.000,477,2026-02-04 18:58:45.133,2026-02-04 18:58:41.038,-4094.450,60.007484436035156,0
2026-02-04 18:58:40.000,2026-02-04 18:58:50.000,2108,2026-02-04 18:58:45.133,2026-02-04 18:58:41.046,-4086.366,60.012020111083984,0
2026-02-04 18:58:40.000,2026-02-04 18:58:50.000,477,2026-02-04 18:58:45.149,2026-02-04 18:58:41.054,-4094.858,60.00786209106445,0
2026-02-04 18:58:40.000,2026-02-04 18:58:50.000,2423,2026-02-04 18:58:45.059,2026-02-04 18:58:41.058,-4000.853,50.02918243408203,0
2026-02-04 18:58:40.000,2026-02-04 18:58:50.000,2108,2026-02-04 18:58:45.149,2026-02-04 18:58:41.061,-4087.861,60.01347732543945,0
2026-02-04 18:58:40.000,2026-02-04 18:58:50.000,477,2026-02-04 18:58:45.166,2026-02-04 18:58:41.071,-4094.342,60.00909423828125,0
2026-02-04 18:58:40.000,2026-02-04 18:58:50.000,2423,2026-02-04 18:58:45.079,2026-02-04 18:58:41.077,-4001.292,50.03144073486328,0
2026-02-04 18:58:40.000,2026-02-04 18:58:50.000,2108,2026-02-04 18:58:45.166,2026-02-04 18:58:41.078,-4087.291,60.009456634521484,0
2026-02-04 18:58:40.000,2026-02-04 18:58:50.000,2108,2026-02-04 18:58:45.183,2026-02-04 18:58:41.096,-4086.976,60.00311279296875,0
2026-02-04 18:58:40.000,2026-02-04 18:58:50.000,2423,2026-02-04 18:58:45.099,2026-02-04 18:58:41.098,-4000.968,50.03339385986328,0
2026-02-04 18:58:40.000,2026-02-04 18:58:50.000,2108,2026-02-04 18:58:45.199,2026-02-04 18:58:41.112,-4086.451,60.0056037902832,0
2026-02-04 18:58:40.000,2026-02-04 18:58:50.000,477,2026-02-04 18:58:45.183,2026-02-04 18:58:41.113,-4069.444,60.00932693481445,0
2026-02-04 18:58:40.000,2026-02-04 18:58:50.000,477,2026-02-04 18:58:45.199,2026-02-04 18:58:41.114,-4084.443,60.008609771728516,0
2026-02-04 18:58:40.000,2026-02-04 18:58:50.000,2423,2026-02-04 18:58:45.119,2026-02-04 18:58:41.118,-4000.444,50.03092956542969,0
2026-02-04 18:58:40.000,2026-02-04 18:58:50.000,477,2026-02-04 18:58:45.216,2026-02-04 18:58:41.121,-4094.443,60.00811767578125,0
2026-02-04 18:58:40.000,2026-02-04 18:58:50.000,2108,2026-02-04 18:58:45.216,2026-02-04 18:58:41.131,-4084.328,60.009220123291016,0
2026-02-04 18:58:40.000,2026-02-04 18:58:50.000,477,2026-02-04 18:58:45.233,2026-02-04 18:58:41.145,-4087.281,60.00801086425781,0
2026-02-04 18:58:40.000,2026-02-04 18:58:50.000,2423,2026-02-04 18:58:45.139,2026-02-04 18:58:41.146,-3992.281,50.028141021728516,0
2026-02-04 18:58:40.000,2026-02-04 18:58:50.000,477,2026-02-04 18:58:45.249,2026-02-04 18:58:41.155,-4093.775,60.008426666259766,0
2026-02-04 18:58:40.000,2026-02-04 18:58:50.000,2423,2026-02-04 18:58:45.159,2026-02-04 18:58:41.158,-4000.786,50.03158187866211,0
2026-02-04 18:58:40.000,2026-02-04 18:58:50.000,477,2026-02-04 18:58:45.266,2026-02-04 18:58:41.171,-4094.753,60.00872039794922,0
2026-02-04 18:58:40.000,2026-02-04 18:58:50.000,2108,2026-02-04 18:58:45.233,2026-02-04 18:58:41.172,-4060.246,60.00654602050781,0
2026-02-04 18:58:40.000,2026-02-04 18:58:50.000,2108,2026-02-04 18:58:45.249,2026-02-04 18:58:41.173,-4075.238,60.004486083984375,0
2026-02-04 18:58:40.000,2026-02-04 18:58:50.000,2423,2026-02-04 18:58:45.179,2026-02-04 18:58:41.178,-4000.233,50.034183502197266,0
2026-02-04 18:58:40.000,2026-02-04 18:58:50.000,2108,2026-02-04 18:58:45.266,2026-02-04 18:58:41.179,-4086.232,60.007781982421875,0
2026-02-04 18:58:40.000,2026-02-04 18:58:50.000,2108,2026-02-04 18:58:45.283,2026-02-04 18:58:41.195,-4087.037,60.01260757446289,0
2026-02-04 18:58:40.000,2026-02-04 18:58:50.000,2423,2026-02-04 18:58:45.199,2026-02-04 18:58:41.197,-4001.046,50.031776428222656,0
2026-02-04 18:58:40.000,2026-02-04 18:58:50.000,2108,2026-02-04 18:58:45.299,2026-02-04 18:58:41.213,-4085.948,60.01279830932617,0
2026-02-04 18:58:40.000,2026-02-04 18:58:50.000,477,2026-02-04 18:58:45.283,2026-02-04 18:58:41.214,-4068.947,60.00857925415039,0
2026-02-04 18:58:40.000,2026-02-04 18:58:50.000,477,2026-02-04 18:58:45.299,2026-02-04 18:58:41.214,-4084.947,60.00844955444336,0
2026-02-04 18:58:40.000,2026-02-04 18:58:50.000,2423,2026-02-04 18:58:45.219,2026-02-04 18:58:41.218,-4000.947,50.03028869628906,0
2026-02-04 18:58:40.000,2026-02-04 18:58:50.000,477,2026-02-04 18:58:45.316,2026-02-04 18:58:41.223,-4092.441,60.0087776184082,0
2026-02-04 18:58:40.000,2026-02-04 18:58:50.000,2108,2026-02-04 18:58:45.316,2026-02-04 18:58:41.228,-4087.440,60.007408142089844,0
2026-02-04 18:58:40.000,2026-02-04 18:58:50.000,477,2026-02-04 18:58:45.333,2026-02-04 18:58:41.237,-4095.097,60.00870132446289,0
2026-02-04 18:58:40.000,2026-02-04 18:58:50.000,2423,2026-02-04 18:58:45.239,2026-02-04 18:58:41.238,-4000.098,50.03086471557617,0
2026-02-04 18:58:40.000,2026-02-04 18:58:50.000,477,2026-02-04 18:58:45.349,2026-02-04 18:58:41.253,-4095.068,60.00876235961914,0
2026-02-04 18:58:40.000,2026-02-04 18:58:50.000,2423,2026-02-04 18:58:45.259,2026-02-04 18:58:41.257,-4001.061,50.03214645385742,0
2026-02-04 18:58:40.000,2026-02-04 18:58:50.000,2108,2026-02-04 18:58:45.333,2026-02-04 18:58:41.262,-4070.069,60.003326416015625,0
2026-02-04 18:58:40.000,2026-02-04 18:58:50.000,2108,2026-02-04 18:58:45.349,2026-02-04 18:58:41.262,-4086.069,60.00720977783203,0
2026-02-04 18:58:40.000,2026-02-04 18:58:50.000,477,2026-02-04 18:58:45.366,2026-02-04 18:58:41.271,-4094.683,60.00939178466797,0
2026-02-04 18:58:40.000,2026-02-04 18:58:50.000,2423,2026-02-04 18:58:45.279,2026-02-04 18:58:41.277,-4001.172,50.03125762939453,0
2026-02-04 18:58:40.000,2026-02-04 18:58:50.000,2108,2026-02-04 18:58:45.366,2026-02-04 18:58:41.278,-4087.171,60.01314163208008,0
2026-02-04 18:58:40.000,2026-02-04 18:58:50.000,477,2026-02-04 18:58:45.383,2026-02-04 18:58:41.288,-4094.679,60.0091667175293,0
2026-02-04 18:58:40.000,2026-02-04 18:58:50.000,2108,2026-02-04 18:58:45.383,2026-02-04 18:58:41.295,-4087.167,60.0132942199707,0
2026-02-04 18:58:40.000,2026-02-04 18:58:50.000,2423,2026-02-04 18:58:45.299,2026-02-04 18:58:41.297,-4001.158,50.02919006347656,0
2026-02-04 18:58:40.000,2026-02-04 18:58:50.000,477,2026-02-04 18:58:45.399,2026-02-04 18:58:41.304,-4094.655,60.00861358642578,0
2026-02-04 18:58:40.000,2026-02-04 18:58:50.000,2108,2026-02-04 18:58:45.399,2026-02-04 18:58:41.311,-4087.616,60.00757598876953,0
2026-02-04 18:58:40.000,2026-02-04 18:58:50.000,2423,2026-02-04 18:58:45.319,2026-02-04 18:58:41.317,-4001.102,50.03114700317383,0
2026-02-04 18:58:40.000,2026-02-04 18:58:50.000,477,2026-02-04 18:58:45.416,2026-02-04 18:58:41.322,-4093.105,60.008766174316406,0
2026-02-04 18:58:40.000,2026-02-04 18:58:50.000,2108,2026-02-04 18:58:45.416,2026-02-04 18:58:41.329,-4086.591,60.00444030761719,0
2026-02-04 18:58:40.000,2026-02-04 18:58:50.000,2423,2026-02-04 18:58:45.339,2026-02-04 18:58:41.337,-4001.070,50.033512115478516,0
2026-02-04 18:58:40.000,2026-02-04 18:58:50.000,477,2026-02-04 18:58:45.433,2026-02-04 18:58:41.337,-4095.070,60.00938034057617,0
2026-02-04 18:58:40.000,2026-02-04 18:58:50.000,2108,2026-02-04 18:58:45.433,2026-02-04 18:58:41.345,-4087.039,60.00929260253906,0
2026-02-04 18:58:40.000,2026-02-04 18:58:50.000,477,2026-02-04 18:58:45.449,2026-02-04 18:58:41.354,-4094.450,60.009498596191406,0
2026-02-04 18:58:40.000,2026-02-04 18:58:50.000,2423,2026-02-04 18:58:45.359,2026-02-04 18:58:41.357,-4001.458,50.03092575073242,0
2026-02-04 18:58:40.000,2026-02-04 18:58:50.000,2108,2026-02-04 18:58:45.449,2026-02-04 18:58:41.362,-4086.449,60.01333999633789,0
2026-02-04 18:58:40.000,2026-02-04 18:58:50.000,477,2026-02-04 18:58:45.466,2026-02-04 18:58:41.371,-4094.381,60.00887680053711,0
2026-02-04 18:58:40.000,2026-02-04 18:58:50.000,2423,2026-02-04 18:58:45.379,2026-02-04 18:58:41.378,-4000.133,50.0286750793457,0
2026-02-04 18:58:40.000,2026-02-04 18:58:50.000,2108,2026-02-04 18:58:45.466,2026-02-04 18:58:41.379,-4086.484,60.009910583496094,0
2026-02-04 18:58:40.000,2026-02-04 18:58:50.000,477,2026-02-04 18:58:45.483,2026-02-04 18:58:41.388,-4094.381,60.00856018066406,0
2026-02-04 18:58:40.000,2026-02-04 18:58:50.000,2108,2026-02-04 18:58:45.483,2026-02-04 18:58:41.395,-4087.935,60.00405502319336,0
2026-02-04 18:58:40.000,2026-02-04 18:58:50.000,2423,2026-02-04 18:58:45.399,2026-02-04 18:58:41.398,-4000.943,50.03112030029297,0
2026-02-04 18:58:40.000,2026-02-04 18:58:50.000,477,2026-02-04 18:58:45.499,2026-02-04 18:58:41.405,-4093.426,60.00938415527344,0
2026-02-04 18:58:40.000,2026-02-04 18:58:50.000,2108,2026-02-04 18:58:45.499,2026-02-04 18:58:41.414,-4084.404,60.00771713256836,0
2026-02-04 18:58:40.000,2026-02-04 18:58:50.000,2423,2026-02-04 18:58:45.419,2026-02-04 18:58:41.418,-4000.405,50.032806396484375,0
2026-02-04 18:58:40.000,2026-02-04 18:58:50.000,477,2026-02-04 18:58:45.516,2026-02-04 18:58:41.421,-4094.902,60.010005950927734,0
2026-02-04 18:58:40.000,2026-02-04 18:58:50.000,2108,2026-02-04 18:58:45.516,2026-02-04 18:58:41.429,-4086.836,60.01480484008789,0
2026-02-04 18:58:40.000,2026-02-04 18:58:50.000,2423,2026-02-04 18:58:45.439,2026-02-04 18:58:41.438,-4000.318,50.03089904785156,0
2026-02-04 18:58:40.000,2026-02-04 18:58:50.000,477,2026-02-04 18:58:45.533,2026-02-04 18:58:41.438,-4094.317,60.009429931640625,0
2026-02-04 18:58:40.000,2026-02-04 18:58:50.000,2108,2026-02-04 18:58:45.533,2026-02-04 18:58:41.444,-4088.192,60.011932373046875,0
2026-02-04 18:58:40.000,2026-02-04 18:58:50.000,477,2026-02-04 18:58:45.549,2026-02-04 18:58:41.454,-4094.162,60.00924301147461,0
2026-02-04 18:58:40.000,2026-02-04 18:58:50.000,2423,2026-02-04 18:58:45.459,2026-02-04 18:58:41.459,-3999.599,50.03020477294922,0
2026-02-04 18:58:40.000,2026-02-04 18:58:50.000,2108,2026-02-04 18:58:45.549,2026-02-04 18:58:41.461,-4087.609,60.005775451660156,0
2026-02-04 18:58:40.000,2026-02-04 18:58:50.000,477,2026-02-04 18:58:45.566,2026-02-04 18:58:41.472,-4093.095,60.00960922241211,0
2026-02-04 18:58:40.000,2026-02-04 18:58:50.000,2423,2026-02-04 18:58:45.479,2026-02-04 18:58:41.487,-3991.071,50.03145217895508,0
2026-02-04 18:58:40.000,2026-02-04 18:58:50.000,2108,2026-02-04 18:58:45.566,2026-02-04 18:58:41.487,-4078.071,60.005924224853516,0
2026-02-04 18:58:40.000,2026-02-04 18:58:50.000,477,2026-02-04 18:58:45.583,2026-02-04 18:58:41.488,-4094.071,60.00954055786133,0
2026-02-04 18:58:40.000,2026-02-04 18:58:50.000,2108,2026-02-04 18:58:45.583,2026-02-04 18:58:41.503,-4079.959,60.0105094909668,0
2026-02-04 18:58:40.000,2026-02-04 18:58:50.000,2423,2026-02-04 18:58:45.499,2026-02-04 18:58:41.504,-3994.945,50.03097152709961,0
2026-02-04 18:58:40.000,2026-02-04 18:58:50.000,477,2026-02-04 18:58:45.599,2026-02-04 18:58:41.505,-4093.946,60.00923538208008,0
2026-02-04 18:58:40.000,2026-02-04 18:58:50.000,2108,2026-02-04 18:58:45.599,2026-02-04 18:58:41.519,-4079.928,60.01228332519531,0
2026-02-04 18:58:40.000,2026-02-04 18:58:50.000,2423,2026-02-04 18:58:45.519,2026-02-04 18:58:41.519,-3999.928,50.0302848815918,0
2026-02-04 18:58:40.000,2026-02-04 18:58:50.000,477,2026-02-04 18:58:45.616,2026-02-04 18:58:41.530,-4085.412,60.00956344604492,0
2026-02-04 18:58:40.000,2026-02-04 18:58:50.000,2108,2026-02-04 18:58:45.616,2026-02-04 18:58:41.531,-4084.414,60.01124572753906,0
2026-02-04 18:58:40.000,2026-02-04 18:58:50.000,2423,2026-02-04 18:58:45.539,2026-02-04 18:58:41.548,-3990.382,50.03114318847656,0
2026-02-04 18:58:40.000,2026-02-04 18:58:50.000,477,2026-02-04 18:58:45.633,2026-02-04 18:58:41.549,-4083.382,60.010009765625,0
2026-02-04 18:58:40.000,2026-02-04 18:58:50.000,2108,2026-02-04 18:58:45.633,2026-02-04 18:58:41.549,-4083.382,60.00988006591797,0
2026-02-04 18:58:40.000,2026-02-04 18:58:50.000,477,2026-02-04 18:58:45.649,2026-02-04 18:58:41.564,-4084.750,60.009666442871094,0
2026-02-04 18:58:40.000,2026-02-04 18:58:50.000,2423,2026-02-04 18:58:45.559,2026-02-04 18:58:41.564,-3994.758,50.03164291381836,0
2026-02-04 18:58:40.000,2026-02-04 18:58:50.000,2108,2026-02-04 18:58:45.649,2026-02-04 18:58:41.565,-4083.742,60.008384704589844,0
2026-02-04 18:58:40.000,2026-02-04 18:58:50.000,477,2026-02-04 18:58:45.666,2026-02-04 18:58:41.571,-4094.743,60.00937271118164,0
2026-02-04 18:58:40.000,2026-02-04 18:58:50.000,2423,2026-02-04 18:58:45.579,2026-02-04 18:58:41.578,-4000.229,50.03175354003906,0
2026-02-04 18:58:40.000,2026-02-04 18:58:50.000,2108,2026-02-04 18:58:45.666,2026-02-04 18:58:41.579,-4086.227,60.00727462768555,0
2026-02-04 18:58:40.000,2026-02-04 18:58:50.000,477,2026-02-04 18:58:45.683,2026-02-04 18:58:41.594,-4088.157,60.009376525878906,0
2026-02-04 18:58:40.000,2026-02-04 18:58:50.000,2108,2026-02-04 18:58:45.683,2026-02-04 18:58:41.595,-4087.149,60.00834274291992,0
2026-02-04 18:58:40.000,2026-02-04 18:58:50.000,2423,2026-02-04 18:58:45.599,2026-02-04 18:58:41.609,-3989.647,50.03211212158203,0
2026-02-04 18:58:40.000,2026-02-04 18:58:50.000,477,2026-02-04 18:58:45.699,2026-02-04 18:58:41.609,-4089.639,60.009315490722656,0
2026-02-04 18:58:40.000,2026-02-04 18:58:50.000,2108,2026-02-04 18:58:45.699,2026-02-04 18:58:41.624,-4074.594,60.00932312011719,0
2026-02-04 18:58:40.000,2026-02-04 18:58:50.000,2423,2026-02-04 18:58:45.619,2026-02-04 18:58:41.624,-3994.017,50.031951904296875,0
2026-02-04 18:58:40.000,2026-02-04 18:58:50.000,477,2026-02-04 18:58:45.716,2026-02-04 18:58:41.624,-4091.025,60.00886154174805,0
2026-02-04 18:58:40.000,2026-02-04 18:58:50.000,2108,2026-02-04 18:58:45.716,2026-02-04 18:58:41.628,-4087.019,60.008888244628906,0
2026-02-04 18:58:40.000,2026-02-04 18:58:50.000,2423,2026-02-04 18:58:45.639,2026-02-04 18:58:41.637,-4001.501,50.03215789794922,0
2026-02-04 18:58:40.000,2026-02-04 18:58:50.000,477,2026-02-04 18:58:45.733,2026-02-04 18:58:41.637,-4095.501,60.00907897949219,0
2026-02-04 18:58:40.000,2026-02-04 18:58:50.000,2108,2026-02-04 18:58:45.733,2026-02-04 18:58:41.645,-4087.301,60.01167297363281,0
2026-02-04 18:58:40.000,2026-02-04 18:58:50.000,477,2026-02-04 18:58:45.749,2026-02-04 18:58:41.654,-4094.262,60.009849548339844,0
2026-02-04 18:58:40.000,2026-02-04 18:58:50.000,2423,2026-02-04 18:58:45.659,2026-02-04 18:58:41.659,-3999.256,50.03179168701172,0
2026-02-04 18:58:40.000,2026-02-04 18:58:50.000,2108,2026-02-04 18:58:45.749,2026-02-04 18:58:41.661,-4087.264,60.01327896118164,0
2026-02-04 18:58:40.000,2026-02-04 18:58:50.000,477,2026-02-04 18:58:45.766,2026-02-04 18:58:41.671,-4094.929,60.009925842285156,0
2026-02-04 18:58:40.000,2026-02-04 18:58:50.000,2423,2026-02-04 18:58:45.679,2026-02-04 18:58:41.687,-3991.380,50.02971649169922,0
2026-02-04 18:58:40.000,2026-02-04 18:58:50.000,2108,2026-02-04 18:58:45.766,2026-02-04 18:58:41.687,-4078.380,60.010963439941406,0
2026-02-04 18:58:40.000,2026-02-04 18:58:50.000,477,2026-02-04 18:58:45.783,2026-02-04 18:58:41.702,-4080.274,60.0098991394043,0
2026-02-04 18:58:40.000,2026-02-04 18:58:50.000,2108,2026-02-04 18:58:45.783,2026-02-04 18:58:41.703,-4079.267,60.009315490722656,0
2026-02-04 18:58:40.000,2026-02-04 18:58:50.000,2423,2026-02-04 18:58:45.699,2026-02-04 18:58:41.703,-3995.259,50.02777099609375,0
2026-02-04 18:58:40.000,2026-02-04 18:58:50.000,477,2026-02-04 18:58:45.799,2026-02-04 18:58:41.705,-4093.760,60.01061248779297,0
2026-02-04 18:58:40.000,2026-02-04 18:58:50.000,2108,2026-02-04 18:58:45.799,2026-02-04 18:58:41.715,-4083.721,60.00809860229492,0
2026-02-04 18:58:40.000,2026-02-04 18:58:50.000,2423,2026-02-04 18:58:45.719,2026-02-04 18:58:41.718,-4000.721,50.02940368652344,0
2026-02-04 18:58:40.000,2026-02-04 18:58:50.000,477,2026-02-04 18:58:45.816,2026-02-04 18:58:41.721,-4094.721,60.01103973388672,0
2026-02-04 18:58:40.000,2026-02-04 18:58:50.000,2108,2026-02-04 18:58:45.816,2026-02-04 18:58:41.733,-4082.694,60.00786209106445,0
2026-02-04 18:58:40.000,2026-02-04 18:58:50.000,2423,2026-02-04 18:58:45.739,2026-02-04 18:58:41.742,-3996.169,50.03266906738281,0
2026-02-04 18:58:40.000,2026-02-04 18:58:50.000,477,2026-02-04 18:58:45.833,2026-02-04 18:58:41.742,-4090.169,60.01024627685547,0
2026-02-04 18:58:40.000,2026-02-04 18:58:50.000,2108,2026-02-04 18:58:45.833,2026-02-04 18:58:41.745,-4087.157,60.0093879699707,0
2026-02-04 18:58:40.000,2026-02-04 18:58:50.000,477,2026-02-04 18:58:45.849,2026-02-04 18:58:41.754,-4094.643,60.0101203918457,0
2026-02-04 18:58:40.000,2026-02-04 18:58:50.000,2423,2026-02-04 18:58:45.759,2026-02-04 18:58:41.758,-4000.644,50.031070709228516,0
2026-02-04 18:58:40.000,2026-02-04 18:58:50.000,2108,2026-02-04 18:58:45.849,2026-02-04 18:58:41.761,-4087.637,60.01009750366211,0
2026-02-04 18:58:40.000,2026-02-04 18:58:50.000,477,2026-02-04 18:58:45.866,2026-02-04 18:58:41.771,-4094.121,60.01077651977539,0
2026-02-04 18:58:40.000,2026-02-04 18:58:50.000,2423,2026-02-04 18:58:45.779,2026-02-04 18:58:41.778,-4000.662,50.02906036376953,0
2026-02-04 18:58:40.000,2026-02-04 18:58:50.000,2108,2026-02-04 18:58:45.866,2026-02-04 18:58:41.779,-4086.666,60.00879669189453,0
2026-02-04 18:58:40.000,2026-02-04 18:58:50.000,477,2026-02-04 18:58:45.883,2026-02-04 18:58:41.792,-4090.149,60.01008987426758,0
2026-02-04 18:58:40.000,2026-02-04 18:58:50.000,2108,2026-02-04 18:58:45.883,2026-02-04 18:58:41.795,-4087.048,60.00913619995117,0
2026-02-04 18:58:40.000,2026-02-04 18:58:50.000,2423,2026-02-04 18:58:45.799,2026-02-04 18:58:41.797,-4001.057,50.03099060058594,0
2026-02-04 18:58:40.000,2026-02-04 18:58:50.000,477,2026-02-04 18:58:45.899,2026-02-04 18:58:41.809,-4089.536,60.00910186767578,0
2026-02-04 18:58:40.000,2026-02-04 18:58:50.000,2108,2026-02-04 18:58:45.899,2026-02-04 18:58:41.813,-4085.492,60.01113510131836,0
2026-02-04 18:58:40.000,2026-02-04 18:58:50.000,2423,2026-02-04 18:58:45.819,2026-02-04 18:58:41.818,-4000.494,50.03230285644531,0
2026-02-04 18:58:40.000,2026-02-04 18:58:50.000,477,2026-02-04 18:58:45.916,2026-02-04 18:58:41.821,-4094.498,60.01004409790039,0
2026-02-04 18:58:40.000,2026-02-04 18:58:50.000,2108,2026-02-04 18:58:45.916,2026-02-04 18:58:41.831,-4084.445,60.01255798339844,0
2026-02-04 18:58:40.000,2026-02-04 18:58:50.000,477,2026-02-04 18:58:45.933,2026-02-04 18:58:41.839,-4093.201,60.011146545410156,0
2026-02-04 18:58:40.000,2026-02-04 18:58:50.000,2423,2026-02-04 18:58:45.839,2026-02-04 18:58:41.839,-3999.201,50.0302619934082,0
2026-02-04 18:58:40.000,2026-02-04 18:58:50.000,2108,2026-02-04 18:58:45.933,2026-02-04 18:58:41.855,-4077.145,60.01243209838867,0
2026-02-04 18:58:40.000,2026-02-04 18:58:50.000,477,2026-02-04 18:58:45.949,2026-02-04 18:58:41.855,-4093.145,60.01057815551758,0
2026-02-04 18:58:40.000,2026-02-04 18:58:50.000,2423,2026-02-04 18:58:45.859,2026-02-04 18:58:41.857,-4001.137,50.02764892578125,0
2026-02-04 18:58:40.000,2026-02-04 18:58:50.000,2108,2026-02-04 18:58:45.949,2026-02-04 18:58:41.861,-4087.144,60.009071350097656,0
2026-02-04 18:58:40.000,2026-02-04 18:58:50.000,477,2026-02-04 18:58:45.966,2026-02-04 18:58:41.871,-4094.634,60.00974655151367,0
2026-02-04 18:58:40.000,2026-02-04 18:58:50.000,2423,2026-02-04 18:58:45.879,2026-02-04 18:58:41.877,-4001.122,50.029212951660156,0
2026-02-04 18:58:40.000,2026-02-04 18:58:50.000,2108,2026-02-04 18:58:45.966,2026-02-04 18:58:41.878,-4087.123,60.00845718383789,0
2026-02-04 18:58:40.000,2026-02-04 18:58:50.000,477,2026-02-04 18:58:45.983,2026-02-04 18:58:41.888,-4094.834,60.00994110107422,0
2026-02-04 18:58:40.000,2026-02-04 18:58:50.000,2108,2026-02-04 18:58:45.983,2026-02-04 18:58:41.896,-4086.316,60.011714935302734,0
2026-02-04 18:58:40.000,2026-02-04 18:58:50.000,2423,2026-02-04 18:58:45.899,2026-02-04 18:58:41.897,-4001.313,50.03232192993164,0
2026-02-04 18:58:40.000,2026-02-04 18:58:50.000,477,2026-02-04 18:58:45.999,2026-02-04 18:58:41.904,-4094.083,60.010536193847656,0
2026-02-04 18:58:40.000,2026-02-04 18:58:50.000,2108,2026-02-04 18:58:45.999,2026-02-04 18:58:41.916,-4082.099,60.01138687133789,0
2026-02-04 18:58:40.000,2026-02-04 18:58:50.000,2423,2026-02-04 18:58:45.919,2026-02-04 18:58:41.917,-4001.098,50.03164291381836,0
2026-02-04 18:58:40.000,2026-02-04 18:58:50.000,477,2026-02-04 18:58:46.016,2026-02-04 18:58:41.920,-4095.100,60.01011276245117,0
2026-02-04 18:58:40.000,2026-02-04 18:58:50.000,2108,2026-02-04 18:58:46.016,2026-02-04 18:58:41.929,-4086.619,60.00837326049805,0
2026-02-04 18:58:40.000,2026-02-04 18:58:50.000,477,2026-02-04 18:58:46.033,2026-02-04 18:58:41.940,-4092.097,60.0095100402832,0
2026-02-04 18:58:40.000,2026-02-04 18:58:50.000,2423,2026-02-04 18:58:45.939,2026-02-04 18:58:41.941,-3997.096,50.02952575683594,0
2026-02-04 18:58:40.000,2026-02-04 18:58:50.000,2108,2026-02-04 18:58:46.033,2026-02-04 18:58:41.946,-4086.876,60.009307861328125,0
2026-02-04 18:58:40.000,2026-02-04 18:58:50.000,477,2026-02-04 18:58:46.049,2026-02-04 18:58:41.955,-4093.359,60.00959014892578,0
2026-02-04 18:58:40.000,2026-02-04 18:58:50.000,2423,2026-02-04 18:58:45.959,2026-02-04 18:58:41.961,-3997.366,50.030242919921875,0
2026-02-04 18:58:40.000,2026-02-04 18:58:50.000,2108,2026-02-04 18:58:46.049,2026-02-04 18:58:41.962,-4086.361,60.01118469238281,0
2026-02-04 18:58:40.000,2026-02-04 18:58:50.000,477,2026-02-04 18:58:46.066,2026-02-04 18:58:41.971,-4094.846,60.00961685180664,0
2026-02-04 18:58:40.000,2026-02-04 18:58:50.000,2423,2026-02-04 18:58:45.979,2026-02-04 18:58:41.979,-3999.334,50.03148651123047,0
2026-02-04 18:58:40.000,2026-02-04 18:58:50.000,2108,2026-02-04 18:58:46.066,2026-02-04 18:58:41.979,-4086.334,60.01042556762695,0
2026-02-04 18:58:40.000,2026-02-04 18:58:50.000,477,2026-02-04 18:58:46.083,2026-02-04 18:58:41.989,-4093.199,60.009830474853516,0
2026-02-04 18:58:40.000,2026-02-04 18:58:50.000,2108,2026-02-04 18:58:46.083,2026-02-04 18:58:41.997,-4085.684,60.00951385498047,0
2026-02-04 18:58:40.000,2026-02-04 18:58:50.000,2423,2026-02-04 18:58:45.999,2026-02-04 18:58:41.998,-4000.692,50.03043746948242,0
2026-02-04 18:58:40.000,2026-02-04 18:58:50.000,477,2026-02-04 18:58:46.099,2026-02-04 18:58:42.004,-4094.164,60.01063919067383,0
2026-02-04 18:58:40.000,2026-02-04 18:58:50.000,2108,2026-02-04 18:58:46.099,2026-02-04 18:58:42.012,-4086.153,60.00807571411133,0
2026-02-04 18:58:40.000,2026-02-04 18:58:50.000,2423,2026-02-04 18:58:46.019,2026-02-04 18:58:42.017,-4001.141,50.02952575683594,0
2026-02-04 18:58:40.000,2026-02-04 18:58:50.000,477,2026-02-04 18:58:46.116,2026-02-04 18:58:42.022,-4093.150,60.01042175292969,0
2026-02-04 18:58:40.000,2026-02-04 18:58:50.000,2108,2026-02-04 18:58:46.116,2026-02-04 18:58:42.029,-4086.800,60.009830474853516,0
2026-02-04 18:58:40.000,2026-02-04 18:58:50.000,477,2026-02-04 18:58:46.133,2026-02-04 18:58:42.039,-4093.275,60.00891876220703,0
2026-02-04 18:58:40.000,2026-02-04 18:58:50.000,2423,2026-02-04 18:58:46.039,2026-02-04 18:58:42.039,-3999.275,50.03057861328125,0
2026-02-04 18:58:40.000,2026-02-04 18:58:50.000,2108,2026-02-04 18:58:46.133,2026-02-04 18:58:42.045,-4087.843,60.012516021728516,0
2026-02-04 18:58:40.000,2026-02-04 18:58:50.000,477,2026-02-04 18:58:46.149,2026-02-04 18:58:42.060,-4088.326,60.00863265991211,0
2026-02-04 18:58:40.000,2026-02-04 18:58:50.000,2423,2026-02-04 18:58:46.059,2026-02-04 18:58:42.060,-3998.318,50.0302734375,0
2026-02-04 18:58:40.000,2026-02-04 18:58:50.000,2108,2026-02-04 18:58:46.149,2026-02-04 18:58:42.063,-4085.823,60.010406494140625,0
2026-02-04 18:58:40.000,2026-02-04 18:58:50.000,477,2026-02-04 18:58:46.166,2026-02-04 18:58:42.071,-4094.810,60.00950622558594,0
2026-02-04 18:58:40.000,2026-02-04 18:58:50.000,2423,2026-02-04 18:58:46.079,2026-02-04 18:58:42.078,-4000.295,50.02667999267578,0
2026-02-04 18:58:40.000,2026-02-04 18:58:50.000,2108,2026-02-04 18:58:46.166,2026-02-04 18:58:42.079,-4086.297,60.006744384765625,0
2026-02-04 18:58:40.000,2026-02-04 18:58:50.000,477,2026-02-04 18:58:46.183,2026-02-04 18:58:42.088,-4094.683,60.010074615478516,0
2026-02-04 18:58:40.000,2026-02-04 18:58:50.000,2108,2026-02-04 18:58:46.183,2026-02-04 18:58:42.096,-4086.171,60.00735855102539,0
2026-02-04 18:58:40.000,2026-02-04 18:58:50.000,2423,2026-02-04 18:58:46.099,2026-02-04 18:58:42.097,-4001.159,50.026588439941406,0
2026-02-04 18:58:40.000,2026-02-04 18:58:50.000,477,2026-02-04 18:58:46.199,2026-02-04 18:58:42.105,-4093.084,60.010555267333984,0
2026-02-04 18:58:40.000,2026-02-04 18:58:50.000,2108,2026-02-04 18:58:46.199,2026-02-04 18:58:42.112,-4086.074,60.011837005615234,0
2026-02-04 18:58:40.000,2026-02-04 18:58:50.000,2423,2026-02-04 18:58:46.119,2026-02-04 18:58:42.117,-4001.067,50.03070831298828,0
2026-02-04 18:58:40.000,2026-02-04 18:58:50.000,477,2026-02-04 18:58:46.216,2026-02-04 18:58:42.121,-4094.555,60.010353088378906,0
2026-02-04 18:58:40.000,2026-02-04 18:58:50.000,2108,2026-02-04 18:58:46.216,2026-02-04 18:58:42.129,-4086.046,60.01374435424805,0
2026-02-04 18:58:40.000,2026-02-04 18:58:50.000,2423,2026-02-04 18:58:46.139,2026-02-04 18:58:42.137,-4001.165,50.03140640258789,0
2026-02-04 18:58:40.000,2026-02-04 18:58:50.000,477,2026-02-04 18:58:46.233,2026-02-04 18:58:42.137,-4095.165,60.00979995727539,0
2026-02-04 18:58:40.000,2026-02-04 18:58:50.000,2108,2026-02-04 18:58:46.233,2026-02-04 18:58:42.145,-4087.715,60.0111083984375,0
2026-02-04 18:58:40.000,2026-02-04 18:58:50.000,477,2026-02-04 18:58:46.249,2026-02-04 18:58:42.154,-4094.196,60.010032653808594,0
2026-02-04 18:58:40.000,2026-02-04 18:58:50.000,2423,2026-02-04 18:58:46.159,2026-02-04 18:58:42.157,-4001.211,50.028953552246094,0
2026-02-04 18:58:40.000,2026-02-04 18:58:50.000,2108,2026-02-04 18:58:46.249,2026-02-04 18:58:42.165,-4083.690,60.00633239746094,0
2026-02-04 18:58:40.000,2026-02-04 18:58:50.000,477,2026-02-04 18:58:46.266,2026-02-04 18:58:42.177,-4088.171,60.01025390625,0
2026-02-04 18:58:40.000,2026-02-04 18:58:50.000,2423,2026-02-04 18:58:46.179,2026-02-04 18:58:42.178,-4000.171,50.02774429321289,0
2026-02-04 18:58:40.000,2026-02-04 18:58:50.000,2108,2026-02-04 18:58:46.266,2026-02-04 18:58:42.186,-4079.133,60.006221771240234,0
2026-02-04 18:58:40.000,2026-02-04 18:58:50.000,477,2026-02-04 18:58:46.283,2026-02-04 18:58:42.187,-4095.133,60.00979995727539,0
2026-02-04 18:58:40.000,2026-02-04 18:58:50.000,2108,2026-02-04 18:58:46.283,2026-02-04 18:58:42.195,-4087.620,60.012176513671875,0
2026-02-04 18:58:40.000,2026-02-04 18:58:50.000,2423,2026-02-04 18:58:46.199,2026-02-04 18:58:42.198,-4000.629,50.029197692871094,0
2026-02-04 18:58:40.000,2026-02-04 18:58:50.000,477,2026-02-04 18:58:46.299,2026-02-04 18:58:42.206,-4092.103,60.00956344604492,0
2026-02-04 18:58:40.000,2026-02-04 18:58:50.000,2108,2026-02-04 18:58:46.299,2026-02-04 18:58:42.211,-4087.600,60.015647888183594,0
2026-02-04 18:58:40.000,2026-02-04 18:58:50.000,2423,2026-02-04 18:58:46.219,2026-02-04 18:58:42.220,-3998.089,50.03096389770508,0
2026-02-04 18:58:40.000,2026-02-04 18:58:50.000,477,2026-02-04 18:58:46.316,2026-02-04 18:58:42.224,-4091.979,60.009437561035156,0
2026-02-04 18:58:40.000,2026-02-04 18:58:50.000,2108,2026-02-04 18:58:46.316,2026-02-04 18:58:42.230,-4085.979,60.01404571533203,0
2026-02-04 18:58:40.000,2026-02-04 18:58:50.000,2423,2026-02-04 18:58:46.239,2026-02-04 18:58:42.238,-4000.463,50.02946853637695,0
2026-02-04 18:58:40.000,2026-02-04 18:58:50.000,477,2026-02-04 18:58:46.333,2026-02-04 18:58:42.238,-4094.463,60.0096321105957,0
2026-02-04 18:58:40.000,2026-02-04 18:58:50.000,2108,2026-02-04 18:58:46.333,2026-02-04 18:58:42.246,-4086.939,60.0086555480957,0
2026-02-04 18:58:40.000,2026-02-04 18:58:50.000,477,2026-02-04 18:58:46.349,2026-02-04 18:58:42.254,-4094.427,60.010128021240234,0
2026-02-04 18:58:40.000,2026-02-04 18:58:50.000,2423,2026-02-04 18:58:46.259,2026-02-04 18:58:42.257,-4001.416,50.02824783325195,0
2026-02-04 18:58:40.000,2026-02-04 18:58:50.000,2108,2026-02-04 18:58:46.349,2026-02-04 18:58:42.263,-4085.873,60.0065803527832,0
2026-02-04 18:58:40.000,2026-02-04 18:58:50.000,477,2026-02-04 18:58:46.366,2026-02-04 18:58:42.277,-4088.250,60.01008605957031,0
2026-02-04 18:58:40.000,2026-02-04 18:58:50.000,2423,2026-02-04 18:58:46.279,2026-02-04 18:58:42.278,-4000.250,50.02959442138672,0
2026-02-04 18:58:40.000,2026-02-04 18:58:50.000,2108,2026-02-04 18:58:46.366,2026-02-04 18:58:42.278,-4087.250,60.01252365112305,0
2026-02-04 18:58:40.000,2026-02-04 18:58:50.000,477,2026-02-04 18:58:46.383,2026-02-04 18:58:42.287,-4095.191,60.00988006591797,0
2026-02-04 18:58:40.000,2026-02-04 18:58:50.000,2108,2026-02-04 18:58:46.383,2026-02-04 18:58:42.295,-4087.060,60.01650619506836,0
2026-02-04 18:58:40.000,2026-02-04 18:58:50.000,2423,2026-02-04 18:58:46.299,2026-02-04 18:58:42.297,-4001.052,50.03041458129883,0
2026-02-04 18:58:40.000,2026-02-04 18:58:50.000,477,2026-02-04 18:58:46.399,2026-02-04 18:58:42.304,-4094.545,60.01025390625,0
2026-02-04 18:58:40.000,2026-02-04 18:58:50.000,2108,2026-02-04 18:58:46.399,2026-02-04 18:58:42.312,-4086.517,60.0128173828125,0
2026-02-04 18:58:40.000,2026-02-04 18:58:50.000,2423,2026-02-04 18:58:46.319,2026-02-04 18:58:42.318,-4000.510,50.03010559082031,0
2026-02-04 18:58:40.000,2026-02-04 18:58:50.000,477,2026-02-04 18:58:46.416,2026-02-04 18:58:42.321,-4094.510,60.010841369628906,0
2026-02-04 18:58:40.000,2026-02-04 18:58:50.000,2108,2026-02-04 18:58:46.416,2026-02-04 18:58:42.328,-4087.445,60.008705139160156,0
2026-02-04 18:58:40.000,2026-02-04 18:58:50.000,2423,2026-02-04 18:58:46.339,2026-02-04 18:58:42.338,-4000.405,50.02864074707031,0
2026-02-04 18:58:40.000,2026-02-04 18:58:50.000,477,2026-02-04 18:58:46.433,2026-02-04 18:58:42.339,-4093.405,60.01072311401367,0
2026-02-04 18:58:40.000,2026-02-04 18:58:50.000,2108,2026-02-04 18:58:46.433,2026-02-04 18:58:42.345,-4087.283,60.008174896240234,0
2026-02-04 18:58:40.000,2026-02-04 18:58:50.000,477,2026-02-04 18:58:46.449,2026-02-04 18:58:42.354,-4094.236,60.010597229003906,0
2026-02-04 18:58:40.000,2026-02-04 18:58:50.000,2423,2026-02-04 18:58:46.359,2026-02-04 18:58:42.357,-4001.243,50.0286750793457,0
2026-02-04 18:58:40.000,2026-02-04 18:58:50.000,2108,2026-02-04 18:58:46.449,2026-02-04 18:58:42.376,-4072.370,60.009117126464844,0
2026-02-04 18:58:40.000,2026-02-04 18:58:50.000,477,2026-02-04 18:58:46.466,2026-02-04 18:58:42.377,-4088.802,60.01097106933594,0
2026-02-04 18:58:40.000,2026-02-04 18:58:50.000,2423,2026-02-04 18:58:46.379,2026-02-04 18:58:42.378,-4000.718,50.031089782714844,0
2026-02-04 18:58:40.000,2026-02-04 18:58:50.000,2108,2026-02-04 18:58:46.466,2026-02-04 18:58:42.386,-4079.718,60.010475158691406,0
2026-02-04 18:58:40.000,2026-02-04 18:58:50.000,477,2026-02-04 18:58:46.483,2026-02-04 18:58:42.388,-4094.055,60.0107421875,0
2026-02-04 18:58:40.000,2026-02-04 18:58:50.000,2108,2026-02-04 18:58:46.483,2026-02-04 18:58:42.395,-4087.259,60.00886535644531,0
2026-02-04 18:58:40.000,2026-02-04 18:58:50.000,2423,2026-02-04 18:58:46.399,2026-02-04 18:58:42.397,-4001.266,50.03104782104492,0
2026-02-04 18:58:40.000,2026-02-04 18:58:50.000,477,2026-02-04 18:58:46.499,2026-02-04 18:58:42.419,-4079.188,60.01029968261719,0
2026-02-04 18:58:40.000,2026-02-04 18:58:50.000,2108,2026-02-04 18:58:46.499,2026-02-04 18:58:42.420,-4078.180,60.00910949707031,0
2026-02-04 18:58:40.000,2026-02-04 18:58:50.000,2423,2026-02-04 18:58:46.419,2026-02-04 18:58:42.421,-3997.181,50.02888488769531,0
2026-02-04 18:58:40.000,2026-02-04 18:58:50.000,477,2026-02-04 18:58:46.516,2026-02-04 18:58:42.421,-4094.189,60.01035690307617,0
2026-02-04 18:58:40.000,2026-02-04 18:58:50.000,2108,2026-02-04 18:58:46.516,2026-02-04 18:58:42.429,-4086.673,60.01313781738281,0
2026-02-04 18:58:40.000,2026-02-04 18:58:50.000,2423,2026-02-04 18:58:46.439,2026-02-04 18:58:42.437,-4001.050,50.02946472167969,0
2026-02-04 18:58:40.000,2026-02-04 18:58:50.000,477,2026-02-04 18:58:46.533,2026-02-04 18:58:42.438,-4094.050,60.01044464111328,0
2026-02-04 18:58:40.000,2026-02-04 18:58:50.000,2108,2026-02-04 18:58:46.533,2026-02-04 18:58:42.451,-4081.537,60.013641357421875,0
2026-02-04 18:58:40.000,2026-02-04 18:58:50.000,477,2026-02-04 18:58:46.549,2026-02-04 18:58:42.454,-4094.640,60.01057052612305,0
2026-02-04 18:58:40.000,2026-02-04 18:58:50.000,2423,2026-02-04 18:58:46.459,2026-02-04 18:58:42.458,-4000.626,50.031707763671875,0
2026-02-04 18:58:40.000,2026-02-04 18:58:50.000,2108,2026-02-04 18:58:46.549,2026-02-04 18:58:42.466,-4082.109,60.010215759277344,0
2026-02-04 18:58:40.000,2026-02-04 18:58:50.000,477,2026-02-04 18:58:46.566,2026-02-04 18:58:42.478,-4087.192,60.0109977722168,0
2026-02-04 18:58:40.000,2026-02-04 18:58:50.000,2423,2026-02-04 18:58:46.479,2026-02-04 18:58:42.480,-3998.191,50.03034591674805,0
2026-02-04 18:58:40.000,2026-02-04 18:58:50.000,2108,2026-02-04 18:58:46.566,2026-02-04 18:58:42.481,-4084.192,60.008121490478516,0
2026-02-04 18:58:40.000,2026-02-04 18:58:50.000,477,2026-02-04 18:58:46.583,2026-02-04 18:58:42.488,-4094.673,60.011959075927734,0
2026-02-04 18:58:40.000,2026-02-04 18:58:50.000,2108,2026-02-04 18:58:46.583,2026-02-04 18:58:42.497,-4085.154,60.01070022583008,0
2026-02-04 18:58:40.000,2026-02-04 18:58:50.000,2423,2026-02-04 18:58:46.499,2026-02-04 18:58:42.498,-4000.146,50.02707290649414,0
2026-02-04 18:58:40.000,2026-02-04 18:58:50.000,477,2026-02-04 18:58:46.599,2026-02-04 18:58:42.504,-4094.143,60.01237487792969,0
2026-02-04 18:58:40.000,2026-02-04 18:58:50.000,2108,2026-02-04 18:58:46.599,2026-02-04 18:58:42.512,-4086.057,60.014984130859375,0
2026-02-04 18:58:40.000,2026-02-04 18:58:50.000,2423,2026-02-04 18:58:46.519,2026-02-04 18:58:42.520,-3998.045,50.02739334106445,0
2026-02-04 18:58:40.000,2026-02-04 18:58:50.000,477,2026-02-04 18:58:46.616,2026-02-04 18:58:42.522,-4093.538,60.01152038574219,0
2026-02-04 18:58:40.000,2026-02-04 18:58:50.000,2108,2026-02-04 18:58:46.616,2026-02-04 18:58:42.529,-4086.531,60.0161018371582,0
2026-02-04 18:58:40.000,2026-02-04 18:58:50.000,2423,2026-02-04 18:58:46.539,2026-02-04 18:58:42.538,-4001.000,50.02999496459961,0
2026-02-04 18:58:40.000,2026-02-04 18:58:50.000,477,2026-02-04 18:58:46.633,2026-02-04 18:58:42.539,-4094.004,60.010986328125,0
2026-02-04 18:58:40.000,2026-02-04 18:58:50.000,2108,2026-02-04 18:58:46.633,2026-02-04 18:58:42.545,-4087.489,60.01044845581055,0
2026-02-04 18:58:40.000,2026-02-04 18:58:50.000,477,2026-02-04 18:58:46.649,2026-02-04 18:58:42.554,-4094.459,60.01087951660156,0
2026-02-04 18:58:40.000,2026-02-04 18:58:50.000,2423,2026-02-04 18:58:46.559,2026-02-04 18:58:42.557,-4001.426,50.03084945678711,0
2026-02-04 18:58:40.000,2026-02-04 18:58:50.000,2108,2026-02-04 18:58:46.649,2026-02-04 18:58:42.562,-4086.303,60.005889892578125,0
2026-02-04 18:58:40.000,2026-02-04 18:58:50.000,477,2026-02-04 18:58:46.666,2026-02-04 18:58:42.571,-4094.289,60.01064682006836,0
2026-02-04 18:58:40.000,2026-02-04 18:58:50.000,2423,2026-02-04 18:58:46.579,2026-02-04 18:58:42.577,-4001.181,50.02976608276367,0
2026-02-04 18:58:40.000,2026-02-04 18:58:50.000,2108,2026-02-04 18:58:46.666,2026-02-04 18:58:42.579,-4086.180,60.01027297973633,0
2026-02-04 18:58:40.000,2026-02-04 18:58:50.000,477,2026-02-04 18:58:46.683,2026-02-04 18:58:42.587,-4095.494,60.01081085205078,0
2026-02-04 18:58:40.000,2026-02-04 18:58:50.000,2108,2026-02-04 18:58:46.683,2026-02-04 18:58:42.596,-4086.400,60.01575469970703,0
2026-02-04 18:58:40.000,2026-02-04 18:58:50.000,2423,2026-02-04 18:58:46.599,2026-02-04 18:58:42.597,-4001.405,50.02965545654297,0
2026-02-04 18:58:40.000,2026-02-04 18:58:50.000,477,2026-02-04 18:58:46.699,2026-02-04 18:58:42.605,-4093.302,60.01194763183594,0
2026-02-04 18:58:40.000,2026-02-04 18:58:50.000,2108,2026-02-04 18:58:46.699,2026-02-04 18:58:42.612,-4086.268,60.01519775390625,0
2026-02-04 18:58:40.000,2026-02-04 18:58:50.000,2423,2026-02-04 18:58:46.619,2026-02-04 18:58:42.617,-4001.260,50.03020095825195,0
2026-02-04 18:58:40.000,2026-02-04 18:58:50.000,477,2026-02-04 18:58:46.716,2026-02-04 18:58:42.621,-4094.269,60.012168884277344,0
2026-02-04 18:58:40.000,2026-02-04 18:58:50.000,2108,2026-02-04 18:58:46.716,2026-02-04 18:58:42.628,-4087.192,60.00968551635742,0
2026-02-04 18:58:40.000,2026-02-04 18:58:50.000,477,2026-02-04 18:58:46.733,2026-02-04 18:58:42.637,-4095.136,60.011558532714844,0
2026-02-04 18:58:40.000,2026-02-04 18:58:50.000,2423,2026-02-04 18:58:46.639,2026-02-04 18:58:42.637,-4001.136,50.0290641784668,0
2026-02-04 18:58:40.000,2026-02-04 18:58:50.000,2108,2026-02-04 18:58:46.733,2026-02-04 18:58:42.645,-4087.635,60.00752258300781,0
2026-02-04 18:58:40.000,2026-02-04 18:58:50.000,477,2026-02-04 18:58:46.749,2026-02-04 18:58:42.654,-4094.089,60.01197052001953,0
2026-02-04 18:58:40.000,2026-02-04 18:58:50.000,2423,2026-02-04 18:58:46.659,2026-02-04 18:58:42.657,-4001.081,50.02817916870117,0
2026-02-04 18:58:40.000,2026-02-04 18:58:50.000,2108,2026-02-04 18:58:46.749,2026-02-04 18:58:42.661,-4087.089,60.012325286865234,0
2026-02-04 18:58:40.000,2026-02-04 18:58:50.000,477,2026-02-04 18:58:46.766,2026-02-04 18:58:42.671,-4094.752,60.01233673095703,0
2026-02-04 18:58:40.000,2026-02-04 18:58:50.000,2423,2026-02-04 18:58:46.679,2026-02-04 18:58:42.677,-4001.726,50.028839111328125,0
2026-02-04 18:58:40.000,2026-02-04 18:58:50.000,2108,2026-02-04 18:58:46.766,2026-02-04 18:58:42.678,-4087.222,60.01438522338867,0
2026-02-04 18:58:40.000,2026-02-04 18:58:50.000,477,2026-02-04 18:58:46.783,2026-02-04 18:58:42.687,-4095.146,60.01201629638672,0
2026-02-04 18:58:40.000,2026-02-04 18:58:50.000,2108,2026-02-04 18:58:46.783,2026-02-04 18:58:42.695,-4087.043,60.0095100402832,0
2026-02-04 18:58:40.000,2026-02-04 18:58:50.000,2423,2026-02-04 18:58:46.699,2026-02-04 18:58:42.697,-4001.027,50.02946853637695,0
2026-02-04 18:58:40.000,2026-02-04 18:58:50.000,477,2026-02-04 18:58:46.799,2026-02-04 18:58:42.704,-4094.535,60.01129913330078,0
2026-02-04 18:58:40.000,2026-02-04 18:58:50.000,2108,2026-02-04 18:58:46.799,2026-02-04 18:58:42.711,-4087.534,60.007205963134766,0
2026-02-04 18:58:40.000,2026-02-04 18:58:50.000,2423,2026-02-04 18:58:46.719,2026-02-04 18:58:42.717,-4001.108,50.030128479003906,0
2026-02-04 18:58:40.000,2026-02-04 18:58:50.000,477,2026-02-04 18:58:46.816,2026-02-04 18:58:42.721,-4094.109,60.01054382324219,0
2026-02-04 18:58:40.000,2026-02-04 18:58:50.000,2108,2026-02-04 18:58:46.816,2026-02-04 18:58:42.729,-4086.596,60.01228332519531,0
2026-02-04 18:58:40.000,2026-02-04 18:58:50.000,2423,2026-02-04 18:58:46.739,2026-02-04 18:58:42.738,-4000.984,50.030540466308594,0
2026-02-04 18:58:40.000,2026-02-04 18:58:50.000,477,2026-02-04 18:58:46.833,2026-02-04 18:58:42.738,-4094.984,60.01072692871094,0
2026-02-04 18:58:40.000,2026-02-04 18:58:50.000,2108,2026-02-04 18:58:46.833,2026-02-04 18:58:42.747,-4085.769,60.01637268066406,0
2026-02-04 18:58:40.000,2026-02-04 18:58:50.000,477,2026-02-04 18:58:46.849,2026-02-04 18:58:42.757,-4091.996,60.01146697998047,0
2026-02-04 18:58:40.000,2026-02-04 18:58:50.000,2423,2026-02-04 18:58:46.759,2026-02-04 18:58:42.758,-4001.011,50.03000259399414,0
2026-02-04 18:58:40.000,2026-02-04 18:58:50.000,2108,2026-02-04 18:58:46.849,2026-02-04 18:58:42.762,-4086.497,60.01355743408203,0
2026-02-04 18:58:40.000,2026-02-04 18:58:50.000,477,2026-02-04 18:58:46.866,2026-02-04 18:58:42.771,-4094.491,60.011314392089844,0
2026-02-04 18:58:40.000,2026-02-04 18:58:50.000,2423,2026-02-04 18:58:46.779,2026-02-04 18:58:42.778,-4000.407,50.02981185913086,0
2026-02-04 18:58:40.000,2026-02-04 18:58:50.000,2108,2026-02-04 18:58:46.866,2026-02-04 18:58:42.778,-4087.407,60.00822448730469,0
2026-02-04 18:58:40.000,2026-02-04 18:58:50.000,477,2026-02-04 18:58:46.883,2026-02-04 18:58:42.788,-4094.897,60.011207580566406,0
2026-02-04 18:58:40.000,2026-02-04 18:58:50.000,2108,2026-02-04 18:58:46.883,2026-02-04 18:58:42.795,-4087.388,60.009674072265625,0
2026-02-04 18:58:40.000,2026-02-04 18:58:50.000,2423,2026-02-04 18:58:46.799,2026-02-04 18:58:42.797,-4001.395,50.03120040893555,0
2026-02-04 18:58:40.000,2026-02-04 18:58:50.000,477,2026-02-04 18:58:46.899,2026-02-04 18:58:42.804,-4094.726,60.01162338256836,0
2026-02-04 18:58:40.000,2026-02-04 18:58:50.000,2108,2026-02-04 18:58:46.899,2026-02-04 18:58:42.811,-4087.212,60.01546096801758,0
2026-02-04 18:58:40.000,2026-02-04 18:58:50.000,2423,2026-02-04 18:58:46.819,2026-02-04 18:58:42.818,-4000.689,50.030826568603516,0
2026-02-04 18:58:40.000,2026-02-04 18:58:50.000,477,2026-02-04 18:58:46.916,2026-02-04 18:58:42.821,-4094.692,60.01167678833008,0
2026-02-04 18:58:40.000,2026-02-04 18:58:50.000,2108,2026-02-04 18:58:46.916,2026-02-04 18:58:42.829,-4086.180,60.01400375366211,0
2026-02-04 18:58:40.000,2026-02-04 18:58:50.000,2423,2026-02-04 18:58:46.839,2026-02-04 18:58:42.842,-3996.461,50.02741622924805,0
2026-02-04 18:58:40.000,2026-02-04 18:58:50.000,477,2026-02-04 18:58:46.933,2026-02-04 18:58:42.843,-4089.411,60.011573791503906,0
2026-02-04 18:58:40.000,2026-02-04 18:58:50.000,2108,2026-02-04 18:58:46.933,2026-02-04 18:58:42.847,-4085.400,60.00822448730469,0
2026-02-04 18:58:40.000,2026-02-04 18:58:50.000,477,2026-02-04 18:58:46.949,2026-02-04 18:58:42.854,-4094.310,60.0116081237793,0
2026-02-04 18:58:40.000,2026-02-04 18:58:50.000,2423,2026-02-04 18:58:46.859,2026-02-04 18:58:42.858,-4000.788,50.02772903442383,0
2026-02-04 18:58:40.000,2026-02-04 18:58:50.000,2108,2026-02-04 18:58:46.949,2026-02-04 18:58:42.862,-4086.289,60.0080451965332,0
2026-02-04 18:58:40.000,2026-02-04 18:58:50.000,477,2026-02-04 18:58:46.966,2026-02-04 18:58:42.871,-4094.647,60.01146697998047,0
2026-02-04 18:58:40.000,2026-02-04 18:58:50.000,2423,2026-02-04 18:58:46.879,2026-02-04 18:58:42.877,-4001.132,50.03096389770508,0
2026-02-04 18:58:40.000,2026-02-04 18:58:50.000,2108,2026-02-04 18:58:46.966,2026-02-04 18:58:42.878,-4087.133,60.01337432861328,0
2026-02-04 18:58:40.000,2026-02-04 18:58:50.000,477,2026-02-04 18:58:46.983,2026-02-04 18:58:42.888,-4094.621,60.01156997680664,0
2026-02-04 18:58:40.000,2026-02-04 18:58:50.000,2108,2026-02-04 18:58:46.983,2026-02-04 18:58:42.895,-4087.106,60.01639938354492,0
2026-02-04 18:58:40.000,2026-02-04 18:58:50.000,2423,2026-02-04 18:58:46.899,2026-02-04 18:58:42.897,-4001.098,50.030426025390625,0
2026-02-04 18:58:40.000,2026-02-04 18:58:50.000,477,2026-02-04 18:58:46.999,2026-02-04 18:58:42.904,-4094.604,60.01251220703125,0
2026-02-04 18:58:40.000,2026-02-04 18:58:50.000,2108,2026-02-04 18:58:46.999,2026-02-04 18:58:42.911,-4087.604,60.015316009521484,0
2026-02-04 18:58:40.000,2026-02-04 18:58:50.000,2423,2026-02-04 18:58:46.919,2026-02-04 18:58:42.917,-4001.042,50.02909469604492,0
2026-02-04 18:58:40.000,2026-02-04 18:58:50.000,477,2026-02-04 18:58:47.016,2026-02-04 18:58:42.920,-4095.040,60.01295852661133,0
2026-02-04 18:58:40.000,2026-02-04 18:58:50.000,2108,2026-02-04 18:58:47.016,2026-02-04 18:58:42.928,-4087.528,60.010684967041016,0
2026-02-04 18:58:40.000,2026-02-04 18:58:50.000,477,2026-02-04 18:58:47.033,2026-02-04 18:58:42.937,-4095.390,60.01244354248047,0
2026-02-04 18:58:40.000,2026-02-04 18:58:50.000,2423,2026-02-04 18:58:46.939,2026-02-04 18:58:42.938,-4000.349,50.03107833862305,0
2026-02-04 18:58:40.000,2026-02-04 18:58:50.000,2108,2026-02-04 18:58:47.033,2026-02-04 18:58:42.945,-4087.316,60.00639343261719,0
2026-02-04 18:58:40.000,2026-02-04 18:58:50.000,477,2026-02-04 18:58:47.049,2026-02-04 18:58:42.954,-4094.805,60.01236343383789,0
2026-02-04 18:58:40.000,2026-02-04 18:58:50.000,2423,2026-02-04 18:58:46.959,2026-02-04 18:58:42.958,-4000.815,50.032493591308594,0
2026-02-04 18:58:40.000,2026-02-04 18:58:50.000,2108,2026-02-04 18:58:47.049,2026-02-04 18:58:42.961,-4087.808,60.00925064086914,0
2026-02-04 18:58:40.000,2026-02-04 18:58:50.000,477,2026-02-04 18:58:47.066,2026-02-04 18:58:42.971,-4094.789,60.01240158081055,0
2026-02-04 18:58:40.000,2026-02-04 18:58:50.000,2423,2026-02-04 18:58:46.979,2026-02-04 18:58:42.977,-4001.272,50.030216217041016,0
2026-02-04 18:58:40.000,2026-02-04 18:58:50.000,2108,2026-02-04 18:58:47.066,2026-02-04 18:58:42.978,-4087.271,60.01344680786133,0
2026-02-04 18:58:40.000,2026-02-04 18:58:50.000,477,2026-02-04 18:58:47.083,2026-02-04 18:58:42.987,-4095.201,60.012535095214844,0
2026-02-04 18:58:40.000,2026-02-04 18:58:50.000,2108,2026-02-04 18:58:47.083,2026-02-04 18:58:42.995,-4087.154,60.01417541503906,0
2026-02-04 18:58:40.000,2026-02-04 18:58:50.000,2423,2026-02-04 18:58:46.999,2026-02-04 18:58:42.997,-4001.162,50.02812576293945,0
2026-02-04 18:58:40.000,2026-02-04 18:58:50.000,477,2026-02-04 18:58:47.099,2026-02-04 18:58:43.005,-4093.873,60.01275634765625,0
2026-02-04 18:58:40.000,2026-02-04 18:58:50.000,2108,2026-02-04 18:58:47.099,2026-02-04 18:58:43.012,-4086.358,60.01083755493164,0
2026-02-04 18:58:40.000,2026-02-04 18:58:50.000,2423,2026-02-04 18:58:47.019,2026-02-04 18:58:43.019,-3999.199,50.02933883666992,0
2026-02-04 18:58:40.000,2026-02-04 18:58:50.000,477,2026-02-04 18:58:47.116,2026-02-04 18:58:43.021,-4094.208,60.012142181396484,0
2026-02-04 18:58:40.000,2026-02-04 18:58:50.000,2108,2026-02-04 18:58:47.116,2026-02-04 18:58:43.029,-4086.696,60.007083892822266,0
2026-02-04 18:58:40.000,2026-02-04 18:58:50.000,477,2026-02-04 18:58:47.133,2026-02-04 18:58:43.037,-4095.186,60.01126480102539,0
2026-02-04 18:58:40.000,2026-02-04 18:58:50.000,2423,2026-02-04 18:58:47.039,2026-02-04 18:58:43.037,-4001.185,50.032386779785156,0
2026-02-04 18:58:40.000,2026-02-04 18:58:50.000,2108,2026-02-04 18:58:47.133,2026-02-04 18:58:43.046,-4086.670,60.01027297973633,0
2026-02-04 18:58:40.000,2026-02-04 18:58:50.000,477,2026-02-04 18:58:47.149,2026-02-04 18:58:43.054,-4094.156,60.01145935058594,0
2026-02-04 18:58:40.000,2026-02-04 18:58:50.000,2423,2026-02-04 18:58:47.059,2026-02-04 18:58:43.057,-4001.147,50.032615661621094,0
2026-02-04 18:58:40.000,2026-02-04 18:58:50.000,2108,2026-02-04 18:58:47.149,2026-02-04 18:58:43.062,-4086.154,60.014862060546875,0
2026-02-04 18:58:40.000,2026-02-04 18:58:50.000,477,2026-02-04 18:58:47.166,2026-02-04 18:58:43.071,-4094.086,60.012184143066406,0
2026-02-04 18:58:40.000,2026-02-04 18:58:50.000,2423,2026-02-04 18:58:47.079,2026-02-04 18:58:43.078,-4000.577,50.02975845336914,0
2026-02-04 18:58:40.000,2026-02-04 18:58:50.000,2108,2026-02-04 18:58:47.166,2026-02-04 18:58:43.079,-4086.576,60.013458251953125,0
2026-02-04 18:58:40.000,2026-02-04 18:58:50.000,477,2026-02-04 18:58:47.183,2026-02-04 18:58:43.087,-4095.028,60.01253128051758,0
2026-02-04 18:58:40.000,2026-02-04 18:58:50.000,2108,2026-02-04 18:58:47.183,2026-02-04 18:58:43.096,-4086.931,60.01152420043945,0
2026-02-04 18:58:40.000,2026-02-04 18:58:50.000,2423,2026-02-04 18:58:47.099,2026-02-04 18:58:43.100,-3998.414,50.02952194213867,0
2026-02-04 18:58:40.000,2026-02-04 18:58:50.000,477,2026-02-04 18:58:47.199,2026-02-04 18:58:43.104,-4094.323,60.01280975341797,0
2026-02-04 18:58:40.000,2026-02-04 18:58:50.000,2108,2026-02-04 18:58:47.199,2026-02-04 18:58:43.112,-4086.103,60.013309478759766,0
2026-02-04 18:58:40.000,2026-02-04 18:58:50.000,2423,2026-02-04 18:58:47.119,2026-02-04 18:58:43.117,-4001.097,50.03120040893555,0
2026-02-04 18:58:40.000,2026-02-04 18:58:50.000,477,2026-02-04 18:58:47.216,2026-02-04 18:58:43.120,-4095.097,60.01323699951172,0
2026-02-04 18:58:40.000,2026-02-04 18:58:50.000,2108,2026-02-04 18:58:47.216,2026-02-04 18:58:43.129,-4086.980,60.014793395996094,0
2026-02-04 18:58:40.000,2026-02-04 18:58:50.000,2423,2026-02-04 18:58:47.139,2026-02-04 18:58:43.138,-4000.458,50.02997589111328,0
2026-02-04 18:58:40.000,2026-02-04 18:58:50.000,477,2026-02-04 18:58:47.233,2026-02-04 18:58:43.138,-4094.458,60.01361083984375,0
2026-02-04 18:58:40.000,2026-02-04 18:58:50.000,2108,2026-02-04 18:58:47.233,2026-02-04 18:58:43.145,-4087.432,60.01480484008789,0
2026-02-04 18:58:40.000,2026-02-04 18:58:50.000,477,2026-02-04 18:58:47.249,2026-02-04 18:58:43.154,-4094.334,60.01337814331055,0
2026-02-04 18:58:40.000,2026-02-04 18:58:50.000,2423,2026-02-04 18:58:47.159,2026-02-04 18:58:43.157,-4001.340,50.02961730957031,0
2026-02-04 18:58:40.000,2026-02-04 18:58:50.000,2108,2026-02-04 18:58:47.249,2026-02-04 18:58:43.162,-4086.336,60.01259231567383,0
2026-02-04 18:58:40.000,2026-02-04 18:58:50.000,477,2026-02-04 18:58:47.266,2026-02-04 18:58:43.171,-4094.164,60.012847900390625,0
2026-02-04 18:58:40.000,2026-02-04 18:58:50.000,2423,2026-02-04 18:58:47.179,2026-02-04 18:58:43.178,-4000.997,50.03263854980469,0
2026-02-04 18:58:40.000,2026-02-04 18:58:50.000,2108,2026-02-04 18:58:47.266,2026-02-04 18:58:43.179,-4086.996,60.0080451965332,0
2026-02-04 18:58:40.000,2026-02-04 18:58:50.000,477,2026-02-04 18:58:47.283,2026-02-04 18:58:43.188,-4094.479,60.01256561279297,0
2026-02-04 18:58:40.000,2026-02-04 18:58:50.000,2108,2026-02-04 18:58:47.283,2026-02-04 18:58:43.195,-4087.334,60.00782012939453,0
2026-02-04 18:58:40.000,2026-02-04 18:58:50.000,2423,2026-02-04 18:58:47.199,2026-02-04 18:58:43.197,-4001.342,50.033260345458984,0
2026-02-04 18:58:40.000,2026-02-04 18:58:50.000,477,2026-02-04 18:58:47.299,2026-02-04 18:58:43.203,-4095.227,60.01218795776367,0
2026-02-04 18:58:40.000,2026-02-04 18:58:50.000,2108,2026-02-04 18:58:47.299,2026-02-04 18:58:43.217,-4081.541,60.0119514465332,0
2026-02-04 18:58:40.000,2026-02-04 18:58:50.000,2423,2026-02-04 18:58:47.219,2026-02-04 18:58:43.218,-4000.542,50.03131103515625,0
2026-02-04 18:58:40.000,2026-02-04 18:58:50.000,2108,2026-02-04 18:58:47.316,2026-02-04 18:58:43.229,-4086.284,60.013099670410156,0
2026-02-04 18:58:40.000,2026-02-04 18:58:50.000,2423,2026-02-04 18:58:47.239,2026-02-04 18:58:43.237,-4001.192,50.0310173034668,0
2026-02-04 18:58:40.000,2026-02-04 18:58:50.000,2108,2026-02-04 18:58:47.333,2026-02-04 18:58:43.246,-4086.998,60.010292053222656,0
2026-02-04 18:58:40.000,2026-02-04 18:58:50.000,477,2026-02-04 18:58:47.316,2026-02-04 18:58:43.254,-4061.480,60.01129150390625,0
2026-02-04 18:58:40.000,2026-02-04 18:58:50.000,477,2026-02-04 18:58:47.333,2026-02-04 18:58:43.255,-4077.475,60.01115036010742,0
2026-02-04 18:58:40.000,2026-02-04 18:58:50.000,477,2026-02-04 18:58:47.349,2026-02-04 18:58:43.257,-4091.474,60.01218795776367,0
2026-02-04 18:58:40.000,2026-02-04 18:58:50.000,2423,2026-02-04 18:58:47.259,2026-02-04 18:58:43.263,-3995.238,50.03144454956055,0
2026-02-04 18:58:40.000,2026-02-04 18:58:50.000,2108,2026-02-04 18:58:47.349,2026-02-04 18:58:43.263,-4085.246,60.009521484375,0
2026-02-04 18:58:40.000,2026-02-04 18:58:50.000,477,2026-02-04 18:58:47.366,2026-02-04 18:58:43.270,-4095.239,60.012386322021484,0
2026-02-04 18:58:40.000,2026-02-04 18:58:50.000,2423,2026-02-04 18:58:47.279,2026-02-04 18:58:43.278,-4000.157,50.02928924560547,0
2026-02-04 18:58:40.000,2026-02-04 18:58:50.000,2108,2026-02-04 18:58:47.366,2026-02-04 18:58:43.279,-4086.156,60.0135612487793,0
2026-02-04 18:58:40.000,2026-02-04 18:58:50.000,477,2026-02-04 18:58:47.383,2026-02-04 18:58:43.288,-4094.790,60.0120735168457,0
2026-02-04 18:58:40.000,2026-02-04 18:58:50.000,2108,2026-02-04 18:58:47.383,2026-02-04 18:58:43.297,-4085.276,60.01605987548828,0
2026-02-04 18:58:40.000,2026-02-04 18:58:50.000,2423,2026-02-04 18:58:47.299,2026-02-04 18:58:43.298,-4000.268,50.02724075317383,0
2026-02-04 18:58:40.000,2026-02-04 18:58:50.000,477,2026-02-04 18:58:47.399,2026-02-04 18:58:43.304,-4094.764,60.01227951049805,0
2026-02-04 18:58:40.000,2026-02-04 18:58:50.000,2108,2026-02-04 18:58:47.399,2026-02-04 18:58:43.313,-4085.746,60.014434814453125,0
2026-02-04 18:58:40.000,2026-02-04 18:58:50.000,477,2026-02-04 18:58:47.416,2026-02-04 18:58:43.321,-4094.739,60.01301193237305,0
2026-02-04 18:58:40.000,2026-02-04 18:58:50.000,2423,2026-02-04 18:58:47.319,2026-02-04 18:58:43.322,-3996.233,50.02973937988281,0
2026-02-04 18:58:40.000,2026-02-04 18:58:50.000,477,2026-02-04 18:58:47.433,2026-02-04 18:58:43.339,-4093.710,60.01384735107422,0
2026-02-04 18:58:40.000,2026-02-04 18:58:50.000,2108,2026-02-04 18:58:47.416,2026-02-04 18:58:43.342,-4073.211,60.012107849121094,0
2026-02-04 18:58:40.000,2026-02-04 18:58:50.000,2423,2026-02-04 18:58:47.339,2026-02-04 18:58:43.347,-3991.190,50.03154754638672,0
2026-02-04 18:58:40.000,2026-02-04 18:58:50.000,2108,2026-02-04 18:58:47.433,2026-02-04 18:58:43.348,-4084.189,60.01290512084961,0
2026-02-04 18:58:40.000,2026-02-04 18:58:50.000,477,2026-02-04 18:58:47.449,2026-02-04 18:58:43.355,-4093.980,60.013404846191406,0
2026-02-04 18:58:40.000,2026-02-04 18:58:50.000,2423,2026-02-04 18:58:47.359,2026-02-04 18:58:43.358,-4000.988,50.0299072265625,0
2026-02-04 18:58:40.000,2026-02-04 18:58:50.000,2108,2026-02-04 18:58:47.449,2026-02-04 18:58:43.366,-4082.470,60.01494598388672,0
2026-02-04 18:58:40.000,2026-02-04 18:58:50.000,477,2026-02-04 18:58:47.466,2026-02-04 18:58:43.371,-4094.471,60.01183319091797,0
2026-02-04 18:58:40.000,2026-02-04 18:58:50.000,2423,2026-02-04 18:58:47.379,2026-02-04 18:58:43.378,-4000.151,50.03195571899414,0
2026-02-04 18:58:40.000,2026-02-04 18:58:50.000,2108,2026-02-04 18:58:47.466,2026-02-04 18:58:43.380,-4085.151,60.013099670410156,0
2026-02-04 18:58:40.000,2026-02-04 18:58:50.000,477,2026-02-04 18:58:47.483,2026-02-04 18:58:43.388,-4094.657,60.01136016845703,0
2026-02-04 18:58:40.000,2026-02-04 18:58:50.000,477,2026-02-04 18:58:47.499,2026-02-04 18:58:43.405,-4093.632,60.011695861816406,0
2026-02-04 18:58:40.000,2026-02-04 18:58:50.000,2108,2026-02-04 18:58:47.483,2026-02-04 18:58:43.405,-4077.632,60.00815963745117,0
2026-02-04 18:58:40.000,2026-02-04 18:58:50.000,2423,2026-02-04 18:58:47.399,2026-02-04 18:58:43.409,-3989.638,50.035064697265625,0
2026-02-04 18:58:40.000,2026-02-04 18:58:50.000,477,2026-02-04 18:58:47.516,2026-02-04 18:58:43.421,-4094.613,60.011863708496094,0
2026-02-04 18:58:40.000,2026-02-04 18:58:50.000,2108,2026-02-04 18:58:47.499,2026-02-04 18:58:43.426,-4072.087,60.007179260253906,0
2026-02-04 18:58:40.000,2026-02-04 18:58:50.000,2423,2026-02-04 18:58:47.419,2026-02-04 18:58:43.432,-3986.088,50.033416748046875,0
2026-02-04 18:58:40.000,2026-02-04 18:58:50.000,477,2026-02-04 18:58:47.533,2026-02-04 18:58:43.437,-4095.053,60.0125617980957,0
2026-02-04 18:58:40.000,2026-02-04 18:58:50.000,2108,2026-02-04 18:58:47.516,2026-02-04 18:58:43.442,-4073.546,60.01173782348633,0
2026-02-04 18:58:40.000,2026-02-04 18:58:50.000,2423,2026-02-04 18:58:47.439,2026-02-04 18:58:43.452,-3986.539,50.02995681762695,0
2026-02-04 18:58:40.000,2026-02-04 18:58:50.000,477,2026-02-04 18:58:47.549,2026-02-04 18:58:43.454,-4094.029,60.01276397705078,0
2026-02-04 18:58:40.000,2026-02-04 18:58:50.000,2108,2026-02-04 18:58:47.533,2026-02-04 18:58:43.456,-4076.029,60.016658782958984,0
2026-02-04 18:58:40.000,2026-02-04 18:58:50.000,2423,2026-02-04 18:58:47.459,2026-02-04 18:58:43.466,-3992.504,50.02735137939453,0
2026-02-04 18:58:40.000,2026-02-04 18:58:50.000,2108,2026-02-04 18:58:47.549,2026-02-04 18:58:43.468,-4080.511,60.01679611206055,0
2026-02-04 18:58:40.000,2026-02-04 18:58:50.000,2423,2026-02-04 18:58:47.479,2026-02-04 18:58:43.478,-4001.002,50.02799987792969,0
2026-02-04 18:58:40.000,2026-02-04 18:58:50.000,2108,2026-02-04 18:58:47.566,2026-02-04 18:58:43.479,-4087.002,60.01138687133789,0
2026-02-04 18:58:40.000,2026-02-04 18:58:50.000,477,2026-02-04 18:58:47.566,2026-02-04 18:58:43.495,-4070.898,60.01243209838867,0
2026-02-04 18:58:40.000,2026-02-04 18:58:50.000,477,2026-02-04 18:58:47.583,2026-02-04 18:58:43.496,-4086.899,60.012901306152344,0
2026-02-04 18:58:40.000,2026-02-04 18:58:50.000,2108,2026-02-04 18:58:47.583,2026-02-04 18:58:43.496,-4086.899,60.00886154174805,0
2026-02-04 18:58:40.000,2026-02-04 18:58:50.000,2423,2026-02-04 18:58:47.499,2026-02-04 18:58:43.500,-3998.890,50.03244400024414,0
2026-02-04 18:58:40.000,2026-02-04 18:58:50.000,477,2026-02-04 18:58:47.599,2026-02-04 18:58:43.504,-4094.383,60.0125732421875,0
2026-02-04 18:58:40.000,2026-02-04 18:58:50.000,2108,2026-02-04 18:58:47.599,2026-02-04 18:58:43.513,-4085.336,60.011844635009766,0
2026-02-04 18:58:40.000,2026-02-04 18:58:50.000,2423,2026-02-04 18:58:47.519,2026-02-04 18:58:43.517,-4001.332,50.03512191772461,0
2026-02-04 18:58:40.000,2026-02-04 18:58:50.000,477,2026-02-04 18:58:47.616,2026-02-04 18:58:43.521,-4094.330,60.0116081237793,0
2026-02-04 18:58:40.000,2026-02-04 18:58:50.000,2108,2026-02-04 18:58:47.616,2026-02-04 18:58:43.530,-4085.820,60.01448059082031,0
2026-02-04 18:58:40.000,2026-02-04 18:58:50.000,477,2026-02-04 18:58:47.633,2026-02-04 18:58:43.537,-4095.298,60.01206588745117,0
2026-02-04 18:58:40.000,2026-02-04 18:58:50.000,2423,2026-02-04 18:58:47.539,2026-02-04 18:58:43.540,-3998.298,50.031959533691406,0
2026-02-04 18:58:40.000,2026-02-04 18:58:50.000,2108,2026-02-04 18:58:47.633,2026-02-04 18:58:43.547,-4085.787,60.01300048828125,0
2026-02-04 18:58:40.000,2026-02-04 18:58:50.000,477,2026-02-04 18:58:47.649,2026-02-04 18:58:43.554,-4094.272,60.01297378540039,0
2026-02-04 18:58:40.000,2026-02-04 18:58:50.000,2423,2026-02-04 18:58:47.559,2026-02-04 18:58:43.565,-3993.746,50.02958297729492,0
2026-02-04 18:58:40.000,2026-02-04 18:58:50.000,477,2026-02-04 18:58:47.666,2026-02-04 18:58:43.571,-4094.737,60.01262664794922,0
2026-02-04 18:58:40.000,2026-02-04 18:58:50.000,2108,2026-02-04 18:58:47.649,2026-02-04 18:58:43.571,-4077.737,60.009403228759766,0
2026-02-04 18:58:40.000,2026-02-04 18:58:50.000,477,2026-02-04 18:58:47.683,2026-02-04 18:58:43.587,-4095.632,60.01176834106445,0
2026-02-04 18:58:40.000,2026-02-04 18:58:50.000,2423,2026-02-04 18:58:47.579,2026-02-04 18:58:43.589,-3989.976,50.03089904785156,0
2026-02-04 18:58:40.000,2026-02-04 18:58:50.000,2108,2026-02-04 18:58:47.666,2026-02-04 18:58:43.591,-4074.965,60.008914947509766,0
2026-02-04 18:58:40.000,2026-02-04 18:58:50.000,477,2026-02-04 18:58:47.699,2026-02-04 18:58:43.605,-4093.939,60.011165618896484,0
2026-02-04 18:58:40.000,2026-02-04 18:58:50.000,2108,2026-02-04 18:58:47.683,2026-02-04 18:58:43.607,-4075.941,60.010948181152344,0
2026-02-04 18:58:40.000,2026-02-04 18:58:50.000,2423,2026-02-04 18:58:47.599,2026-02-04 18:58:43.611,-3987.946,50.02893829345703,0
2026-02-04 18:58:40.000,2026-02-04 18:58:50.000,477,2026-02-04 18:58:47.716,2026-02-04 18:58:43.621,-4094.434,60.0115852355957,0
2026-02-04 18:58:40.000,2026-02-04 18:58:50.000,2108,2026-02-04 18:58:47.699,2026-02-04 18:58:43.624,-4074.914,60.0128059387207,0
2026-02-04 18:58:40.000,2026-02-04 18:58:50.000,2423,2026-02-04 18:58:47.619,2026-02-04 18:58:43.628,-3990.916,50.026611328125,0
2026-02-04 18:58:40.000,2026-02-04 18:58:50.000,477,2026-02-04 18:58:47.733,2026-02-04 18:58:43.637,-4095.411,60.01261520385742,0
2026-02-04 18:58:40.000,2026-02-04 18:58:50.000,2108,2026-02-04 18:58:47.716,2026-02-04 18:58:43.639,-4076.411,60.01249313354492,0
2026-02-04 18:58:40.000,2026-02-04 18:58:50.000,2423,2026-02-04 18:58:47.639,2026-02-04 18:58:43.641,-3997.411,50.029296875,0
2026-02-04 18:58:40.000,2026-02-04 18:58:50.000,477,2026-02-04 18:58:47.749,2026-02-04 18:58:43.654,-4094.797,60.01260757446289,0
2026-02-04 18:58:40.000,2026-02-04 18:58:50.000,2108,2026-02-04 18:58:47.733,2026-02-04 18:58:43.655,-4077.798,60.01101303100586,0
2026-02-04 18:58:40.000,2026-02-04 18:58:50.000,2423,2026-02-04 18:58:47.659,2026-02-04 18:58:43.670,-3988.280,50.03158950805664,0
2026-02-04 18:58:40.000,2026-02-04 18:58:50.000,477,2026-02-04 18:58:47.766,2026-02-04 18:58:43.671,-4094.286,60.0122184753418,0
2026-02-04 18:58:40.000,2026-02-04 18:58:50.000,2108,2026-02-04 18:58:47.749,2026-02-04 18:58:43.672,-4076.288,60.013458251953125,0
2026-02-04 18:58:40.000,2026-02-04 18:58:50.000,2423,2026-02-04 18:58:47.679,2026-02-04 18:58:43.685,-3993.435,50.03075408935547,0
2026-02-04 18:58:40.000,2026-02-04 18:58:50.000,2108,2026-02-04 18:58:47.766,2026-02-04 18:58:43.687,-4078.434,60.016841888427734,0
2026-02-04 18:58:40.000,2026-02-04 18:58:50.000,2108,2026-02-04 18:58:47.783,2026-02-04 18:58:43.703,-4079.414,60.01432800292969,0
2026-02-04 18:58:40.000,2026-02-04 18:58:50.000,2423,2026-02-04 18:58:47.699,2026-02-04 18:58:43.705,-3993.405,50.0294075012207,0
2026-02-04 18:58:40.000,2026-02-04 18:58:50.000,2108,2026-02-04 18:58:47.799,2026-02-04 18:58:43.712,-4086.324,60.009090423583984,0
2026-02-04 18:58:40.000,2026-02-04 18:58:50.000,477,2026-02-04 18:58:47.783,2026-02-04 18:58:43.716,-4066.807,60.01213836669922,0
2026-02-04 18:58:40.000,2026-02-04 18:58:50.000,477,2026-02-04 18:58:47.799,2026-02-04 18:58:43.716,-4082.807,60.01198196411133,0
2026-02-04 18:58:40.000,2026-02-04 18:58:50.000,2423,2026-02-04 18:58:47.719,2026-02-04 18:58:43.721,-3997.806,50.02964782714844,0
2026-02-04 18:58:40.000,2026-02-04 18:58:50.000,477,2026-02-04 18:58:47.816,2026-02-04 18:58:43.721,-4094.806,60.011932373046875,0
2026-02-04 18:58:40.000,2026-02-04 18:58:50.000,2108,2026-02-04 18:58:47.816,2026-02-04 18:58:43.734,-4081.220,60.01001739501953,0
2026-02-04 18:58:40.000,2026-02-04 18:58:50.000,477,2026-02-04 18:58:47.833,2026-02-04 18:58:43.737,-4095.214,60.012508392333984,0
2026-02-04 18:58:40.000,2026-02-04 18:58:50.000,2423,2026-02-04 18:58:47.739,2026-02-04 18:58:43.738,-4000.213,50.03147888183594,0
2026-02-04 18:58:40.000,2026-02-04 18:58:50.000,2108,2026-02-04 18:58:47.833,2026-02-04 18:58:43.749,-4083.616,60.01446533203125,0
2026-02-04 18:58:40.000,2026-02-04 18:58:50.000,2423,2026-02-04 18:58:47.759,2026-02-04 18:58:43.764,-3994.020,50.031211853027344,0
2026-02-04 18:58:40.000,2026-02-04 18:58:50.000,477,2026-02-04 18:58:47.849,2026-02-04 18:58:43.767,-4081.014,60.0128059387207,0
2026-02-04 18:58:40.000,2026-02-04 18:58:50.000,2108,2026-02-04 18:58:47.849,2026-02-04 18:58:43.772,-4076.507,60.01430130004883,0
2026-02-04 18:58:40.000,2026-02-04 18:58:50.000,477,2026-02-04 18:58:47.866,2026-02-04 18:58:43.781,-4084.494,60.012664794921875,0
2026-02-04 18:58:40.000,2026-02-04 18:58:50.000,2423,2026-02-04 18:58:47.779,2026-02-04 18:58:43.788,-3990.468,50.02814865112305,0
2026-02-04 18:58:40.000,2026-02-04 18:58:50.000,2108,2026-02-04 18:58:47.866,2026-02-04 18:58:43.788,-4077.468,60.01115036010742,0
2026-02-04 18:58:40.000,2026-02-04 18:58:50.000,477,2026-02-04 18:58:47.883,2026-02-04 18:58:43.794,-4088.974,60.01247787475586,0
2026-02-04 18:58:40.000,2026-02-04 18:58:50.000,2108,2026-02-04 18:58:47.883,2026-02-04 18:58:43.800,-4082.972,60.01085662841797,0
2026-02-04 18:58:40.000,2026-02-04 18:58:50.000,2423,2026-02-04 18:58:47.799,2026-02-04 18:58:43.800,-3998.980,50.028236389160156,0
2026-02-04 18:58:40.000,2026-02-04 18:58:50.000,477,2026-02-04 18:58:47.899,2026-02-04 18:58:43.808,-4090.462,60.01201629638672,0
2026-02-04 18:58:40.000,2026-02-04 18:58:50.000,2108,2026-02-04 18:58:47.899,2026-02-04 18:58:43.812,-4086.433,60.012210845947266,0
2026-02-04 18:58:40.000,2026-02-04 18:58:50.000,477,2026-02-04 18:58:47.916,2026-02-04 18:58:43.821,-4094.921,60.01203155517578,0
2026-02-04 18:58:40.000,2026-02-04 18:58:50.000,2423,2026-02-04 18:58:47.819,2026-02-04 18:58:43.822,-3996.408,50.03071975708008,0
2026-02-04 18:58:40.000,2026-02-04 18:58:50.000,477,2026-02-04 18:58:47.933,2026-02-04 18:58:43.838,-4094.901,60.01242446899414,0
2026-02-04 18:58:40.000,2026-02-04 18:58:50.000,2108,2026-02-04 18:58:47.916,2026-02-04 18:58:43.849,-4066.389,60.01263427734375,0
2026-02-04 18:58:40.000,2026-02-04 18:58:50.000,2423,2026-02-04 18:58:47.839,2026-02-04 18:58:43.852,-3986.390,50.03025436401367,0
2026-02-04 18:58:40.000,2026-02-04 18:58:50.000,2108,2026-02-04 18:58:47.933,2026-02-04 18:58:43.855,-4077.137,60.0128173828125,0
2026-02-04 18:58:40.000,2026-02-04 18:58:50.000,477,2026-02-04 18:58:47.949,2026-02-04 18:58:43.856,-4092.135,60.01262664794922,0
2026-02-04 18:58:40.000,2026-02-04 18:58:50.000,2423,2026-02-04 18:58:47.859,2026-02-04 18:58:43.858,-4000.124,50.02878189086914,0
2026-02-04 18:58:40.000,2026-02-04 18:58:50.000,2108,2026-02-04 18:58:47.949,2026-02-04 18:58:43.861,-4087.135,60.010005950927734,0
2026-02-04 18:58:40.000,2026-02-04 18:58:50.000,477,2026-02-04 18:58:47.966,2026-02-04 18:58:43.874,-4091.672,60.01265335083008,0
2026-02-04 18:58:40.000,2026-02-04 18:58:50.000,2423,2026-02-04 18:58:47.879,2026-02-04 18:58:43.878,-4000.672,50.02986526489258,0
2026-02-04 18:58:40.000,2026-02-04 18:58:50.000,2108,2026-02-04 18:58:47.966,2026-02-04 18:58:43.879,-4086.672,60.01042556762695,0
2026-02-04 18:58:40.000,2026-02-04 18:58:50.000,477,2026-02-04 18:58:47.983,2026-02-04 18:58:43.887,-4095.158,60.01228713989258,0
2026-02-04 18:58:40.000,2026-02-04 18:58:50.000,2108,2026-02-04 18:58:47.983,2026-02-04 18:58:43.897,-4085.588,60.013797760009766,0
2026-02-04 18:58:40.000,2026-02-04 18:58:50.000,477,2026-02-04 18:58:47.999,2026-02-04 18:58:43.904,-4094.069,60.011592864990234,0
2026-02-04 18:58:40.000,2026-02-04 18:58:50.000,2423,2026-02-04 18:58:47.899,2026-02-04 18:58:43.904,-3994.061,50.03156280517578,0
2026-02-04 18:58:40.000,2026-02-04 18:58:50.000,2108,2026-02-04 18:58:47.999,2026-02-04 18:58:43.915,-4083.711,60.013240814208984,0
2026-02-04 18:58:40.000,2026-02-04 18:58:50.000,2423,2026-02-04 18:58:47.919,2026-02-04 18:58:43.918,-4000.710,50.028846740722656,0
2026-02-04 18:58:40.000,2026-02-04 18:58:50.000,477,2026-02-04 18:58:48.016,2026-02-04 18:58:43.921,-4094.712,60.0119743347168,0
2026-02-04 18:58:40.000,2026-02-04 18:58:50.000,2108,2026-02-04 18:58:48.016,2026-02-04 18:58:43.928,-4087.193,60.01361846923828,0
2026-02-04 18:58:40.000,2026-02-04 18:58:50.000,2423,2026-02-04 18:58:47.939,2026-02-04 18:58:43.937,-4001.135,50.02531433105469,0
2026-02-04 18:58:40.000,2026-02-04 18:58:50.000,477,2026-02-04 18:58:48.033,2026-02-04 18:58:43.937,-4095.135,60.01265335083008,0
2026-02-04 18:58:40.000,2026-02-04 18:58:50.000,2108,2026-02-04 18:58:48.033,2026-02-04 18:58:43.946,-4086.782,60.012657165527344,0
2026-02-04 18:58:40.000,2026-02-04 18:58:50.000,477,2026-02-04 18:58:48.049,2026-02-04 18:58:43.954,-4094.273,60.01225662231445,0
2026-02-04 18:58:40.000,2026-02-04 18:58:50.000,2423,2026-02-04 18:58:47.959,2026-02-04 18:58:43.957,-4001.281,50.026676177978516,0
2026-02-04 18:58:40.000,2026-02-04 18:58:50.000,2108,2026-02-04 18:58:48.049,2026-02-04 18:58:43.962,-4086.261,60.01102828979492,0
2026-02-04 18:58:40.000,2026-02-04 18:58:50.000,477,2026-02-04 18:58:48.066,2026-02-04 18:58:43.971,-4094.251,60.0121955871582,0
2026-02-04 18:58:40.000,2026-02-04 18:58:50.000,2423,2026-02-04 18:58:47.979,2026-02-04 18:58:43.977,-4001.738,50.02915573120117,0
2026-02-04 18:58:40.000,2026-02-04 18:58:50.000,2108,2026-02-04 18:58:48.066,2026-02-04 18:58:43.979,-4086.742,60.01430892944336,0
2026-02-04 18:58:40.000,2026-02-04 18:58:50.000,477,2026-02-04 18:58:48.083,2026-02-04 18:58:43.987,-4095.224,60.012813568115234,0
2026-02-04 18:58:40.000,2026-02-04 18:58:50.000,2108,2026-02-04 18:58:48.083,2026-02-04 18:58:43.996,-4086.950,60.01518249511719,0
2026-02-04 18:58:40.000,2026-02-04 18:58:50.000,2423,2026-02-04 18:58:47.999,2026-02-04 18:58:44.000,-3998.959,50.029850006103516,0
2026-02-04 18:58:40.000,2026-02-04 18:58:50.000,477,2026-02-04 18:58:48.099,2026-02-04 18:58:44.004,-4094.440,60.012447357177734,0
2026-02-04 18:58:40.000,2026-02-04 18:58:50.000,2108,2026-02-04 18:58:48.099,2026-02-04 18:58:44.012,-4086.413,60.009952545166016,0
2026-02-04 18:58:40.000,2026-02-04 18:58:50.000,2423,2026-02-04 18:58:48.019,2026-02-04 18:58:44.018,-4000.403,50.03000259399414,0
2026-02-04 18:58:40.000,2026-02-04 18:58:50.000,477,2026-02-04 18:58:48.116,2026-02-04 18:58:44.021,-4094.415,60.01183319091797,0
2026-02-04 18:58:40.000,2026-02-04 18:58:50.000,2108,2026-02-04 18:58:48.116,2026-02-04 18:58:44.028,-4087.165,60.008827209472656,0
2026-02-04 18:58:40.000,2026-02-04 18:58:50.000,477,2026-02-04 18:58:48.133,2026-02-04 18:58:44.038,-4094.968,60.011775970458984,0
2026-02-04 18:58:40.000,2026-02-04 18:58:50.000,2423,2026-02-04 18:58:48.039,2026-02-04 18:58:44.039,-3999.967,50.03099060058594,0
2026-02-04 18:58:40.000,2026-02-04 18:58:50.000,2108,2026-02-04 18:58:48.133,2026-02-04 18:58:44.046,-4086.450,60.01167297363281,0
2026-02-04 18:58:40.000,2026-02-04 18:58:50.000,477,2026-02-04 18:58:48.149,2026-02-04 18:58:44.055,-4093.942,60.011322021484375,0
2026-02-04 18:58:40.000,2026-02-04 18:58:50.000,2423,2026-02-04 18:58:48.059,2026-02-04 18:58:44.058,-4000.935,50.031253814697266,0
2026-02-04 18:58:40.000,2026-02-04 18:58:50.000,2108,2026-02-04 18:58:48.149,2026-02-04 18:58:44.062,-4086.431,60.012882232666016,0
2026-02-04 18:58:40.000,2026-02-04 18:58:50.000,477,2026-02-04 18:58:48.166,2026-02-04 18:58:44.071,-4094.426,60.011417388916016,0
2026-02-04 18:58:40.000,2026-02-04 18:58:50.000,2423,2026-02-04 18:58:48.079,2026-02-04 18:58:44.080,-3998.918,50.02888870239258,0
2026-02-04 18:58:40.000,2026-02-04 18:58:50.000,2108,2026-02-04 18:58:48.166,2026-02-04 18:58:44.081,-4084.918,60.01375961303711,0
2026-02-04 18:58:40.000,2026-02-04 18:58:50.000,477,2026-02-04 18:58:48.183,2026-02-04 18:58:44.087,-4095.128,60.01205062866211,0
2026-02-04 18:58:40.000,2026-02-04 18:58:50.000,2108,2026-02-04 18:58:48.183,2026-02-04 18:58:44.097,-4085.078,60.01177215576172,0
2026-02-04 18:58:40.000,2026-02-04 18:58:50.000,2423,2026-02-04 18:58:48.099,2026-02-04 18:58:44.099,-3999.075,50.026649475097656,0
2026-02-04 18:58:40.000,2026-02-04 18:58:50.000,477,2026-02-04 18:58:48.199,2026-02-04 18:58:44.104,-4094.566,60.01247787475586,0
2026-02-04 18:58:40.000,2026-02-04 18:58:50.000,2108,2026-02-04 18:58:48.199,2026-02-04 18:58:44.112,-4086.055,60.012020111083984,0
2026-02-04 18:58:40.000,2026-02-04 18:58:50.000,2423,2026-02-04 18:58:48.119,2026-02-04 18:58:44.118,-4000.991,50.02769470214844,0
2026-02-04 18:58:40.000,2026-02-04 18:58:50.000,477,2026-02-04 18:58:48.216,2026-02-04 18:58:44.121,-4094.988,60.012657165527344,0
2026-02-04 18:58:40.000,2026-02-04 18:58:50.000,2108,2026-02-04 18:58:48.216,2026-02-04 18:58:44.129,-4086.475,60.01609802246094,0
2026-02-04 18:58:40.000,2026-02-04 18:58:50.000,477,2026-02-04 18:58:48.233,2026-02-04 18:58:44.138,-4094.957,60.012027740478516,0
2026-02-04 18:58:40.000,2026-02-04 18:58:50.000,2423,2026-02-04 18:58:48.139,2026-02-04 18:58:44.139,-3999.957,50.02920150756836,0
2026-02-04 18:58:40.000,2026-02-04 18:58:50.000,2108,2026-02-04 18:58:48.233,2026-02-04 18:58:44.147,-4085.446,60.01557922363281,0
2026-02-04 18:58:40.000,2026-02-04 18:58:50.000,477,2026-02-04 18:58:48.249,2026-02-04 18:58:44.155,-4093.937,60.01155471801758,0
2026-02-04 18:58:40.000,2026-02-04 18:58:50.000,2423,2026-02-04 18:58:48.159,2026-02-04 18:58:44.160,-3998.949,50.029109954833984,0
2026-02-04 18:58:40.000,2026-02-04 18:58:50.000,2108,2026-02-04 18:58:48.249,2026-02-04 18:58:44.161,-4087.941,60.012001037597656,0
2026-02-04 18:58:40.000,2026-02-04 18:58:50.000,477,2026-02-04 18:58:48.266,2026-02-04 18:58:44.171,-4094.427,60.012271881103516,0
2026-02-04 18:58:40.000,2026-02-04 18:58:50.000,2423,2026-02-04 18:58:48.179,2026-02-04 18:58:44.178,-4000.917,50.02936553955078,0
2026-02-04 18:58:40.000,2026-02-04 18:58:50.000,2108,2026-02-04 18:58:48.266,2026-02-04 18:58:44.179,-4086.920,60.00980758666992,0
2026-02-04 18:58:40.000,2026-02-04 18:58:50.000,477,2026-02-04 18:58:48.283,2026-02-04 18:58:44.187,-4095.409,60.01287078857422,0
2026-02-04 18:58:40.000,2026-02-04 18:58:50.000,2108,2026-02-04 18:58:48.283,2026-02-04 18:58:44.196,-4086.254,60.01050567626953,0
2026-02-04 18:58:40.000,2026-02-04 18:58:50.000,2423,2026-02-04 18:58:48.199,2026-02-04 18:58:44.198,-4000.262,50.02984619140625,0
2026-02-04 18:58:40.000,2026-02-04 18:58:50.000,477,2026-02-04 18:58:48.299,2026-02-04 18:58:44.205,-4093.235,60.01301193237305,0
2026-02-04 18:58:40.000,2026-02-04 18:58:50.000,2108,2026-02-04 18:58:48.299,2026-02-04 18:58:44.213,-4085.834,60.01400375366211,0
2026-02-04 18:58:40.000,2026-02-04 18:58:50.000,2423,2026-02-04 18:58:48.219,2026-02-04 18:58:44.219,-3999.829,50.02907943725586,0
2026-02-04 18:58:40.000,2026-02-04 18:58:50.000,2108,2026-02-04 18:58:48.316,2026-02-04 18:58:44.231,-4084.324,60.0147590637207,0
2026-02-04 18:58:40.000,2026-02-04 18:58:50.000,2423,2026-02-04 18:58:48.239,2026-02-04 18:58:44.239,-4000.012,50.027366638183594,0
2026-02-04 18:58:40.000,2026-02-04 18:58:50.000,2108,2026-02-04 18:58:48.333,2026-02-04 18:58:44.245,-4087.503,60.01136779785156,0
2026-02-04 18:58:40.000,2026-02-04 18:58:50.000,477,2026-02-04 18:58:48.316,2026-02-04 18:58:44.253,-4062.457,60.01340103149414,0
2026-02-04 18:58:40.000,2026-02-04 18:58:50.000,477,2026-02-04 18:58:48.333,2026-02-04 18:58:44.253,-4079.457,60.013404846191406,0
2026-02-04 18:58:40.000,2026-02-04 18:58:50.000,477,2026-02-04 18:58:48.349,2026-02-04 18:58:44.256,-4092.456,60.0130729675293,0
2026-02-04 18:58:40.000,2026-02-04 18:58:50.000,2423,2026-02-04 18:58:48.259,2026-02-04 18:58:44.257,-4001.449,50.026885986328125,0
2026-02-04 18:58:40.000,2026-02-04 18:58:50.000,2108,2026-02-04 18:58:48.349,2026-02-04 18:58:44.262,-4086.456,60.010345458984375,0
2026-02-04 18:58:40.000,2026-02-04 18:58:50.000,477,2026-02-04 18:58:48.366,2026-02-04 18:58:44.271,-4094.938,60.01245880126953,0
2026-02-04 18:58:40.000,2026-02-04 18:58:50.000,2423,2026-02-04 18:58:48.279,2026-02-04 18:58:44.277,-4001.423,50.0279426574707,0
2026-02-04 18:58:40.000,2026-02-04 18:58:50.000,2108,2026-02-04 18:58:48.366,2026-02-04 18:58:44.278,-4087.423,60.012481689453125,0
2026-02-04 18:58:40.000,2026-02-04 18:58:50.000,477,2026-02-04 18:58:48.383,2026-02-04 18:58:44.287,-4095.199,60.012168884277344,0
2026-02-04 18:58:40.000,2026-02-04 18:58:50.000,2108,2026-02-04 18:58:48.383,2026-02-04 18:58:44.296,-4086.093,60.0148811340332,0
2026-02-04 18:58:40.000,2026-02-04 18:58:50.000,2423,2026-02-04 18:58:48.299,2026-02-04 18:58:44.298,-4000.084,50.03034591674805,0
2026-02-04 18:58:40.000,2026-02-04 18:58:50.000,477,2026-02-04 18:58:48.399,2026-02-04 18:58:44.308,-4090.580,60.01276779174805,0
2026-02-04 18:58:40.000,2026-02-04 18:58:50.000,2108,2026-02-04 18:58:48.399,2026-02-04 18:58:44.316,-4082.399,60.01544952392578,0
2026-02-04 18:58:40.000,2026-02-04 18:58:50.000,2423,2026-02-04 18:58:48.319,2026-02-04 18:58:44.327,-3991.310,50.030303955078125,0
2026-02-04 18:58:40.000,2026-02-04 18:58:50.000,477,2026-02-04 18:58:48.416,2026-02-04 18:58:44.327,-4088.310,60.013153076171875,0
2026-02-04 18:58:40.000,2026-02-04 18:58:50.000,2108,2026-02-04 18:58:48.416,2026-02-04 18:58:44.343,-4072.765,60.01206970214844,0
2026-02-04 18:58:40.000,2026-02-04 18:58:50.000,2423,2026-02-04 18:58:48.339,2026-02-04 18:58:44.343,-3995.757,50.02726745605469,0
2026-02-04 18:58:40.000,2026-02-04 18:58:50.000,477,2026-02-04 18:58:48.433,2026-02-04 18:58:44.344,-4088.749,60.01323699951172,0
2026-02-04 18:58:40.000,2026-02-04 18:58:50.000,2108,2026-02-04 18:58:48.433,2026-02-04 18:58:44.346,-4086.742,60.01114273071289,0
2026-02-04 18:58:40.000,2026-02-04 18:58:50.000,477,2026-02-04 18:58:48.449,2026-02-04 18:58:44.354,-4094.228,60.0130615234375,0
2026-02-04 18:58:40.000,2026-02-04 18:58:50.000,2423,2026-02-04 18:58:48.359,2026-02-04 18:58:44.359,-3999.233,50.025917053222656,0
2026-02-04 18:58:40.000,2026-02-04 18:58:50.000,2108,2026-02-04 18:58:48.449,2026-02-04 18:58:44.377,-4071.193,60.01386260986328,0
2026-02-04 18:58:40.000,2026-02-04 18:58:50.000,477,2026-02-04 18:58:48.466,2026-02-04 18:58:44.378,-4087.193,60.012245178222656,0
2026-02-04 18:58:40.000,2026-02-04 18:58:50.000,2423,2026-02-04 18:58:48.379,2026-02-04 18:58:44.379,-3999.193,50.02750778198242,0
2026-02-04 18:58:40.000,2026-02-04 18:58:50.000,2108,2026-02-04 18:58:48.466,2026-02-04 18:58:44.380,-4085.194,60.01374816894531,0
2026-02-04 18:58:40.000,2026-02-04 18:58:50.000,477,2026-02-04 18:58:48.483,2026-02-04 18:58:44.388,-4094.683,60.012264251708984,0
2026-02-04 18:58:40.000,2026-02-04 18:58:50.000,2108,2026-02-04 18:58:48.483,2026-02-04 18:58:44.399,-4083.170,60.011104583740234,0
2026-02-04 18:58:40.000,2026-02-04 18:58:50.000,2423,2026-02-04 18:58:48.399,2026-02-04 18:58:44.400,-3998.177,50.029815673828125,0
2026-02-04 18:58:40.000,2026-02-04 18:58:50.000,477,2026-02-04 18:58:48.499,2026-02-04 18:58:44.406,-4092.648,60.01286697387695,0
2026-02-04 18:58:40.000,2026-02-04 18:58:50.000,2108,2026-02-04 18:58:48.499,2026-02-04 18:58:44.437,-4061.585,60.01176071166992,0
2026-02-04 18:58:40.000,2026-02-04 18:58:50.000,477,2026-02-04 18:58:48.516,2026-02-04 18:58:44.437,-4078.593,60.0130615234375,0
2026-02-04 18:58:40.000,2026-02-04 18:58:50.000,2423,2026-02-04 18:58:48.419,2026-02-04 18:58:44.438,-3980.585,50.02815246582031,0
2026-02-04 18:58:40.000,2026-02-04 18:58:50.000,2108,2026-02-04 18:58:48.516,2026-02-04 18:58:44.442,-4073.592,60.01416015625,0
2026-02-04 18:58:40.000,2026-02-04 18:58:50.000,477,2026-02-04 18:58:48.533,2026-02-04 18:58:44.443,-4089.428,60.013694763183594,0
2026-02-04 18:58:40.000,2026-02-04 18:58:50.000,2423,2026-02-04 18:58:48.439,2026-02-04 18:58:44.444,-3994.428,50.0259895324707,0
2026-02-04 18:58:40.000,2026-02-04 18:58:50.000,2108,2026-02-04 18:58:48.533,2026-02-04 18:58:44.449,-4083.422,60.01417541503906,0
2026-02-04 18:58:40.000,2026-02-04 18:58:50.000,2423,2026-02-04 18:58:48.459,2026-02-04 18:58:44.458,-4000.897,50.02912521362305,0
2026-02-04 18:58:40.000,2026-02-04 18:58:50.000,2108,2026-02-04 18:58:48.549,2026-02-04 18:58:44.466,-4082.389,60.014225006103516,0
2026-02-04 18:58:40.000,2026-02-04 18:58:50.000,2423,2026-02-04 18:58:48.479,2026-02-04 18:58:44.481,-3997.871,50.031131744384766,0
2026-02-04 18:58:40.000,2026-02-04 18:58:50.000,2108,2026-02-04 18:58:48.566,2026-02-04 18:58:44.481,-4084.871,60.00975799560547,0
2026-02-04 18:58:40.000,2026-02-04 18:58:50.000,477,2026-02-04 18:58:48.549,2026-02-04 18:58:44.482,-4066.364,60.01416015625,0
2026-02-04 18:58:40.000,2026-02-04 18:58:50.000,477,2026-02-04 18:58:48.566,2026-02-04 18:58:44.483,-4082.357,60.01325607299805,0
2026-02-04 18:58:40.000,2026-02-04 18:58:50.000,477,2026-02-04 18:58:48.583,2026-02-04 18:58:44.487,-4095.356,60.012596130371094,0
2026-02-04 18:58:40.000,2026-02-04 18:58:50.000,2108,2026-02-04 18:58:48.583,2026-02-04 18:58:44.495,-4087.263,60.006752014160156,0
2026-02-04 18:58:40.000,2026-02-04 18:58:50.000,2423,2026-02-04 18:58:48.499,2026-02-04 18:58:44.498,-4000.256,50.02798080444336,0
2026-02-04 18:58:40.000,2026-02-04 18:58:50.000,477,2026-02-04 18:58:48.599,2026-02-04 18:58:44.504,-4094.751,60.01280975341797,0
2026-02-04 18:58:40.000,2026-02-04 18:58:50.000,2108,2026-02-04 18:58:48.599,2026-02-04 18:58:44.512,-4086.211,60.01388168334961,0
2026-02-04 18:58:40.000,2026-02-04 18:58:50.000,2423,2026-02-04 18:58:48.519,2026-02-04 18:58:44.518,-4000.203,50.02737808227539,0
2026-02-04 18:58:40.000,2026-02-04 18:58:50.000,477,2026-02-04 18:58:48.616,2026-02-04 18:58:44.521,-4094.203,60.01277160644531,0
2026-02-04 18:58:40.000,2026-02-04 18:58:50.000,2108,2026-02-04 18:58:48.616,2026-02-04 18:58:44.528,-4087.070,60.0169677734375,0
2026-02-04 18:58:40.000,2026-02-04 18:58:50.000,2423,2026-02-04 18:58:48.539,2026-02-04 18:58:44.537,-4001.294,50.02973556518555,0
2026-02-04 18:58:40.000,2026-02-04 18:58:50.000,477,2026-02-04 18:58:48.633,2026-02-04 18:58:44.538,-4094.287,60.01228332519531,0
2026-02-04 18:58:40.000,2026-02-04 18:58:50.000,2108,2026-02-04 18:58:48.633,2026-02-04 18:58:44.545,-4087.232,60.01251220703125,0
2026-02-04 18:58:40.000,2026-02-04 18:58:50.000,477,2026-02-04 18:58:48.649,2026-02-04 18:58:44.558,-4090.651,60.01220703125,0
2026-02-04 18:58:40.000,2026-02-04 18:58:50.000,2423,2026-02-04 18:58:48.559,2026-02-04 18:58:44.559,-3999.659,50.02754211425781,0
2026-02-04 18:58:40.000,2026-02-04 18:58:50.000,2108,2026-02-04 18:58:48.649,2026-02-04 18:58:44.561,-4087.650,60.01090621948242,0
2026-02-04 18:58:40.000,2026-02-04 18:58:50.000,477,2026-02-04 18:58:48.666,2026-02-04 18:58:44.571,-4094.624,60.01272201538086,0
2026-02-04 18:58:40.000,2026-02-04 18:58:50.000,2423,2026-02-04 18:58:48.579,2026-02-04 18:58:44.578,-4000.533,50.024818420410156,0
2026-02-04 18:58:40.000,2026-02-04 18:58:50.000,2108,2026-02-04 18:58:48.666,2026-02-04 18:58:44.580,-4085.532,60.013031005859375,0
2026-02-04 18:58:40.000,2026-02-04 18:58:50.000,477,2026-02-04 18:58:48.683,2026-02-04 18:58:44.587,-4095.100,60.013362884521484,0
2026-02-04 18:58:40.000,2026-02-04 18:58:50.000,2108,2026-02-04 18:58:48.683,2026-02-04 18:58:44.596,-4086.547,60.01586151123047,0
2026-02-04 18:58:40.000,2026-02-04 18:58:50.000,2423,2026-02-04 18:58:48.599,2026-02-04 18:58:44.598,-4000.964,50.02730941772461,0
2026-02-04 18:58:40.000,2026-02-04 18:58:50.000,477,2026-02-04 18:58:48.699,2026-02-04 18:58:44.604,-4094.502,60.01346206665039,0
2026-02-04 18:58:40.000,2026-02-04 18:58:50.000,2108,2026-02-04 18:58:48.699,2026-02-04 18:58:44.612,-4086.068,60.01688766479492,0
2026-02-04 18:58:40.000,2026-02-04 18:58:50.000,2423,2026-02-04 18:58:48.619,2026-02-04 18:58:44.619,-3999.665,50.02936935424805,0
2026-02-04 18:58:40.000,2026-02-04 18:58:50.000,477,2026-02-04 18:58:48.716,2026-02-04 18:58:44.622,-4093.449,60.012664794921875,0
2026-02-04 18:58:40.000,2026-02-04 18:58:50.000,2108,2026-02-04 18:58:48.716,2026-02-04 18:58:44.628,-4087.380,60.01317596435547,0
2026-02-04 18:58:40.000,2026-02-04 18:58:50.000,2423,2026-02-04 18:58:48.639,2026-02-04 18:58:44.637,-4001.316,50.028045654296875,0
2026-02-04 18:58:40.000,2026-02-04 18:58:50.000,477,2026-02-04 18:58:48.733,2026-02-04 18:58:44.637,-4095.316,60.01255798339844,0
2026-02-04 18:58:40.000,2026-02-04 18:58:50.000,2108,2026-02-04 18:58:48.733,2026-02-04 18:58:44.645,-4087.796,60.009708404541016,0
2026-02-04 18:58:40.000,2026-02-04 18:58:50.000,477,2026-02-04 18:58:48.749,2026-02-04 18:58:44.654,-4094.279,60.013126373291016,0
2026-02-04 18:58:40.000,2026-02-04 18:58:50.000,2423,2026-02-04 18:58:48.659,2026-02-04 18:58:44.657,-4001.271,50.027618408203125,0
2026-02-04 18:58:40.000,2026-02-04 18:58:50.000,2108,2026-02-04 18:58:48.749,2026-02-04 18:58:44.662,-4086.279,60.01243209838867,0
2026-02-04 18:58:40.000,2026-02-04 18:58:50.000,2423,2026-02-04 18:58:48.679,2026-02-04 18:58:44.677,-4001.033,50.028480529785156,0
2026-02-04 18:58:40.000,2026-02-04 18:58:50.000,2108,2026-02-04 18:58:48.766,2026-02-04 18:58:44.678,-4087.031,60.01403045654297,0
2026-02-04 18:58:40.000,2026-02-04 18:58:50.000,477,2026-02-04 18:58:48.766,2026-02-04 18:58:44.694,-4071.204,60.0134391784668,0
2026-02-04 18:58:40.000,2026-02-04 18:58:50.000,477,2026-02-04 18:58:48.783,2026-02-04 18:58:44.695,-4087.206,60.013057708740234,0
2026-02-04 18:58:40.000,2026-02-04 18:58:50.000,2108,2026-02-04 18:58:48.783,2026-02-04 18:58:44.695,-4087.206,60.01264953613281,0
2026-02-04 18:58:40.000,2026-02-04 18:58:50.000,2423,2026-02-04 18:58:48.699,2026-02-04 18:58:44.697,-4001.199,50.027767181396484,0
2026-02-04 18:58:40.000,2026-02-04 18:58:50.000,477,2026-02-04 18:58:48.799,2026-02-04 18:58:44.704,-4094.699,60.01276779174805,0
2026-02-04 18:58:40.000,2026-02-04 18:58:50.000,2108,2026-02-04 18:58:48.799,2026-02-04 18:58:44.711,-4087.192,60.01129913330078,0
2026-02-04 18:58:40.000,2026-02-04 18:58:50.000,2423,2026-02-04 18:58:48.719,2026-02-04 18:58:44.718,-4000.878,50.026817321777344,0
2026-02-04 18:58:40.000,2026-02-04 18:58:50.000,477,2026-02-04 18:58:48.816,2026-02-04 18:58:44.723,-4092.857,60.0125732421875,0
2026-02-04 18:58:40.000,2026-02-04 18:58:50.000,2108,2026-02-04 18:58:48.816,2026-02-04 18:58:44.729,-4086.854,60.011932373046875,0
2026-02-04 18:58:40.000,2026-02-04 18:58:50.000,2423,2026-02-04 18:58:48.739,2026-02-04 18:58:44.737,-4001.338,50.02703857421875,0
2026-02-04 18:58:40.000,2026-02-04 18:58:50.000,477,2026-02-04 18:58:48.833,2026-02-04 18:58:44.737,-4095.339,60.01225662231445,0
2026-02-04 18:58:40.000,2026-02-04 18:58:50.000,2108,2026-02-04 18:58:48.833,2026-02-04 18:58:44.745,-4087.089,60.015419006347656,0
2026-02-04 18:58:40.000,2026-02-04 18:58:50.000,477,2026-02-04 18:58:48.849,2026-02-04 18:58:44.755,-4093.575,60.01263427734375,0
2026-02-04 18:58:40.000,2026-02-04 18:58:50.000,2423,2026-02-04 18:58:48.759,2026-02-04 18:58:44.758,-4000.583,50.02766036987305,0
2026-02-04 18:58:40.000,2026-02-04 18:58:50.000,2108,2026-02-04 18:58:48.849,2026-02-04 18:58:44.762,-4086.576,60.01514434814453,0
2026-02-04 18:58:40.000,2026-02-04 18:58:50.000,477,2026-02-04 18:58:48.866,2026-02-04 18:58:44.771,-4094.369,60.01297378540039,0
2026-02-04 18:58:40.000,2026-02-04 18:58:50.000,2423,2026-02-04 18:58:48.779,2026-02-04 18:58:44.777,-4001.314,50.02849197387695,0
2026-02-04 18:58:40.000,2026-02-04 18:58:50.000,2108,2026-02-04 18:58:48.866,2026-02-04 18:58:44.778,-4087.312,60.011573791503906,0
2026-02-04 18:58:40.000,2026-02-04 18:58:50.000,477,2026-02-04 18:58:48.883,2026-02-04 18:58:44.787,-4095.258,60.012603759765625,0
2026-02-04 18:58:40.000,2026-02-04 18:58:50.000,2108,2026-02-04 18:58:48.883,2026-02-04 18:58:44.795,-4087.164,60.01088333129883,0
2026-02-04 18:58:40.000,2026-02-04 18:58:50.000,2423,2026-02-04 18:58:48.799,2026-02-04 18:58:44.797,-4001.167,50.028045654296875,0
2026-02-04 18:58:40.000,2026-02-04 18:58:50.000,477,2026-02-04 18:58:48.899,2026-02-04 18:58:44.804,-4094.651,60.012725830078125,0
2026-02-04 18:58:40.000,2026-02-04 18:58:50.000,2108,2026-02-04 18:58:48.899,2026-02-04 18:58:44.812,-4086.496,60.01455307006836,0
2026-02-04 18:58:40.000,2026-02-04 18:58:50.000,2423,2026-02-04 18:58:48.819,2026-02-04 18:58:44.819,-3999.925,50.02797317504883,0
2026-02-04 18:58:40.000,2026-02-04 18:58:50.000,477,2026-02-04 18:58:48.916,2026-02-04 18:58:44.821,-4094.930,60.01388931274414,0
2026-02-04 18:58:40.000,2026-02-04 18:58:50.000,2108,2026-02-04 18:58:48.916,2026-02-04 18:58:44.828,-4087.416,60.01782989501953,0
2026-02-04 18:58:40.000,2026-02-04 18:58:50.000,2423,2026-02-04 18:58:48.839,2026-02-04 18:58:44.837,-4001.208,50.0288200378418,0
2026-02-04 18:58:40.000,2026-02-04 18:58:50.000,477,2026-02-04 18:58:48.933,2026-02-04 18:58:44.837,-4095.208,60.01443099975586,0
2026-02-04 18:58:40.000,2026-02-04 18:58:50.000,2108,2026-02-04 18:58:48.933,2026-02-04 18:58:44.851,-4081.544,60.01719284057617,0
2026-02-04 18:58:40.000,2026-02-04 18:58:50.000,477,2026-02-04 18:58:48.949,2026-02-04 18:58:44.855,-4093.187,60.01377487182617,0
2026-02-04 18:58:40.000,2026-02-04 18:58:50.000,2423,2026-02-04 18:58:48.859,2026-02-04 18:58:44.857,-4001.181,50.02842330932617,0
2026-02-04 18:58:40.000,2026-02-04 18:58:50.000,2108,2026-02-04 18:58:48.949,2026-02-04 18:58:44.865,-4083.899,60.01018524169922,0
2026-02-04 18:58:40.000,2026-02-04 18:58:50.000,477,2026-02-04 18:58:48.966,2026-02-04 18:58:44.873,-4092.384,60.012794494628906,0
2026-02-04 18:58:40.000,2026-02-04 18:58:50.000,2423,2026-02-04 18:58:48.879,2026-02-04 18:58:44.878,-4000.386,50.026004791259766,0
2026-02-04 18:58:40.000,2026-02-04 18:58:50.000,2108,2026-02-04 18:58:48.966,2026-02-04 18:58:44.885,-4080.872,60.00486755371094,0
2026-02-04 18:58:40.000,2026-02-04 18:58:50.000,477,2026-02-04 18:58:48.983,2026-02-04 18:58:44.888,-4094.871,60.01256561279297,0
2026-02-04 18:58:40.000,2026-02-04 18:58:50.000,2108,2026-02-04 18:58:48.983,2026-02-04 18:58:44.895,-4087.354,60.011749267578125,0
2026-02-04 18:58:40.000,2026-02-04 18:58:50.000,2423,2026-02-04 18:58:48.899,2026-02-04 18:58:44.897,-4001.349,50.02486801147461,0
2026-02-04 18:58:40.000,2026-02-04 18:58:50.000,477,2026-02-04 18:58:48.999,2026-02-04 18:58:44.904,-4094.846,60.013084411621094,0
2026-02-04 18:58:40.000,2026-02-04 18:58:50.000,2108,2026-02-04 18:58:48.999,2026-02-04 18:58:44.912,-4086.227,60.017356872558594,0
2026-02-04 18:58:40.000,2026-02-04 18:58:50.000,2423,2026-02-04 18:58:48.919,2026-02-04 18:58:44.917,-4001.222,50.02742385864258,0
2026-02-04 18:58:40.000,2026-02-04 18:58:50.000,477,2026-02-04 18:58:49.016,2026-02-04 18:58:44.921,-4094.220,60.013763427734375,0
2026-02-04 18:58:40.000,2026-02-04 18:58:50.000,2108,2026-02-04 18:58:49.016,2026-02-04 18:58:44.929,-4086.711,60.014625549316406,0
2026-02-04 18:58:40.000,2026-02-04 18:58:50.000,2423,2026-02-04 18:58:48.939,2026-02-04 18:58:44.937,-4001.188,50.029502868652344,0
2026-02-04 18:58:40.000,2026-02-04 18:58:50.000,477,2026-02-04 18:58:49.033,2026-02-04 18:58:44.937,-4095.188,60.01388931274414,0
2026-02-04 18:58:40.000,2026-02-04 18:58:50.000,2108,2026-02-04 18:58:49.033,2026-02-04 18:58:44.946,-4086.874,60.01173400878906,0
2026-02-04 18:58:40.000,2026-02-04 18:58:50.000,2423,2026-02-04 18:58:48.959,2026-02-04 18:58:44.957,-4001.358,50.028682708740234,0
2026-02-04 18:58:40.000,2026-02-04 18:58:50.000,2108,2026-02-04 18:58:49.049,2026-02-04 18:58:44.961,-4087.348,60.01072692871094,0
2026-02-04 18:58:40.000,2026-02-04 18:58:50.000,477,2026-02-04 18:58:49.049,2026-02-04 18:58:44.975,-4073.853,60.012752532958984,0
2026-02-04 18:58:40.000,2026-02-04 18:58:50.000,477,2026-02-04 18:58:49.066,2026-02-04 18:58:44.975,-4090.853,60.012596130371094,0
2026-02-04 18:58:40.000,2026-02-04 18:58:50.000,2423,2026-02-04 18:58:48.979,2026-02-04 18:58:44.978,-4000.854,50.026615142822266,0
2026-02-04 18:58:40.000,2026-02-04 18:58:50.000,2108,2026-02-04 18:58:49.066,2026-02-04 18:58:44.979,-4086.853,60.01162338256836,0
2026-02-04 18:58:40.000,2026-02-04 18:58:50.000,477,2026-02-04 18:58:49.083,2026-02-04 18:58:44.988,-4094.779,60.01395034790039,0
2026-02-04 18:58:40.000,2026-02-04 18:58:50.000,2108,2026-02-04 18:58:49.083,2026-02-04 18:58:44.995,-4087.269,60.01469039916992,0
2026-02-04 18:58:40.000,2026-02-04 18:58:50.000,2423,2026-02-04 18:58:48.999,2026-02-04 18:58:44.998,-4000.275,50.027156829833984,0
2026-02-04 18:58:40.000,2026-02-04 18:58:50.000,477,2026-02-04 18:58:49.099,2026-02-04 18:58:45.004,-4094.754,60.01406478881836,0
2026-02-04 18:58:40.000,2026-02-04 18:58:50.000,2423,2026-02-04 18:58:49.019,2026-02-04 18:58:45.017,-4001.238,50.02827072143555,0
2026-02-04 18:58:40.000,2026-02-04 18:58:50.000,477,2026-02-04 18:58:49.116,2026-02-04 18:58:45.021,-4094.245,60.01337814331055,0
2026-02-04 18:58:40.000,2026-02-04 18:58:50.000,2108,2026-02-04 18:58:49.099,2026-02-04 18:58:45.033,-4065.271,60.01569747924805,0
2026-02-04 18:58:40.000,2026-02-04 18:58:50.000,2108,2026-02-04 18:58:49.116,2026-02-04 18:58:45.033,-4082.279,60.01348876953125,0
2026-02-04 18:58:40.000,2026-02-04 18:58:50.000,477,2026-02-04 18:58:49.133,2026-02-04 18:58:45.037,-4095.275,60.01350784301758,0
2026-02-04 18:58:40.000,2026-02-04 18:58:50.000,2423,2026-02-04 18:58:49.039,2026-02-04 18:58:45.037,-4001.275,50.02610778808594,0
2026-02-04 18:58:40.000,2026-02-04 18:58:50.000,2108,2026-02-04 18:58:49.133,2026-02-04 18:58:45.045,-4087.221,60.01416778564453,0
2026-02-04 18:58:40.000,2026-02-04 18:58:50.000,2423,2026-02-04 18:58:49.059,2026-02-04 18:58:45.058,-4000.703,50.024349212646484,0
2026-02-04 18:58:40.000,2026-02-04 18:58:50.000,2108,2026-02-04 18:58:49.149,2026-02-04 18:58:45.061,-4087.713,60.01542282104492,0
2026-02-04 18:58:40.000,2026-02-04 18:58:50.000,477,2026-02-04 18:58:49.149,2026-02-04 18:58:45.074,-4074.831,60.01351547241211,0
2026-02-04 18:58:40.000,2026-02-04 18:58:50.000,477,2026-02-04 18:58:49.166,2026-02-04 18:58:45.074,-4091.832,60.013004302978516,0
2026-02-04 18:58:40.000,2026-02-04 18:58:50.000,2423,2026-02-04 18:58:49.079,2026-02-04 18:58:45.078,-4000.832,50.02568817138672,0
2026-02-04 18:58:40.000,2026-02-04 18:58:50.000,2108,2026-02-04 18:58:49.166,2026-02-04 18:58:45.079,-4086.831,60.01333999633789,0
2026-02-04 18:58:40.000,2026-02-04 18:58:50.000,477,2026-02-04 18:58:49.183,2026-02-04 18:58:45.087,-4095.244,60.013004302978516,0
2026-02-04 18:58:40.000,2026-02-04 18:58:50.000,2423,2026-02-04 18:58:49.099,2026-02-04 18:58:45.097,-4001.606,50.02925109863281,0
2026-02-04 18:58:40.000,2026-02-04 18:58:50.000,477,2026-02-04 18:58:49.199,2026-02-04 18:58:45.104,-4094.096,60.01348114013672,0
2026-02-04 18:58:40.000,2026-02-04 18:58:50.000,2423,2026-02-04 18:58:49.119,2026-02-04 18:58:45.117,-4001.507,50.03162384033203,0
2026-02-04 18:58:40.000,2026-02-04 18:58:50.000,2108,2026-02-04 18:58:49.183,2026-02-04 18:58:45.124,-4058.356,60.01183319091797,0
2026-02-04 18:58:40.000,2026-02-04 18:58:50.000,2108,2026-02-04 18:58:49.199,2026-02-04 18:58:45.124,-4074.356,60.01174545288086,0
2026-02-04 18:58:40.000,2026-02-04 18:58:50.000,2108,2026-02-04 18:58:49.216,2026-02-04 18:58:45.128,-4087.356,60.01277160644531,0
2026-02-04 18:58:40.000,2026-02-04 18:58:50.000,2423,2026-02-04 18:58:49.139,2026-02-04 18:58:45.140,-3998.225,50.0285758972168,0
2026-02-04 18:58:40.000,2026-02-04 18:58:50.000,2108,2026-02-04 18:58:49.233,2026-02-04 18:58:45.145,-4087.910,60.014583587646484,0
2026-02-04 18:58:40.000,2026-02-04 18:58:50.000,477,2026-02-04 18:58:49.216,2026-02-04 18:58:45.152,-4063.416,60.0137825012207,0
2026-02-04 18:58:40.000,2026-02-04 18:58:50.000,477,2026-02-04 18:58:49.233,2026-02-04 18:58:45.154,-4078.401,60.01334762573242,0
2026-02-04 18:58:40.000,2026-02-04 18:58:50.000,477,2026-02-04 18:58:49.249,2026-02-04 18:58:45.154,-4094.401,60.012550354003906,0
2026-02-04 18:58:40.000,2026-02-04 18:58:50.000,2423,2026-02-04 18:58:49.159,2026-02-04 18:58:45.157,-4001.407,50.02583312988281,0
2026-02-04 18:58:40.000,2026-02-04 18:58:50.000,2108,2026-02-04 18:58:49.249,2026-02-04 18:58:45.162,-4086.400,60.01361846923828,0
2026-02-04 18:58:40.000,2026-02-04 18:58:50.000,477,2026-02-04 18:58:49.266,2026-02-04 18:58:45.171,-4094.891,60.01252746582031,0
2026-02-04 18:58:40.000,2026-02-04 18:58:50.000,2423,2026-02-04 18:58:49.179,2026-02-04 18:58:45.177,-4001.381,50.028350830078125,0
2026-02-04 18:58:40.000,2026-02-04 18:58:50.000,2108,2026-02-04 18:58:49.266,2026-02-04 18:58:45.178,-4087.379,60.01017379760742,0
2026-02-04 18:58:40.000,2026-02-04 18:58:50.000,477,2026-02-04 18:58:49.283,2026-02-04 18:58:45.189,-4093.869,60.01253128051758,0
2026-02-04 18:58:40.000,2026-02-04 18:58:50.000,2108,2026-02-04 18:58:49.283,2026-02-04 18:58:45.195,-4087.070,60.01266860961914,0
2026-02-04 18:58:40.000,2026-02-04 18:58:50.000,2423,2026-02-04 18:58:49.199,2026-02-04 18:58:45.197,-4001.078,50.028812408447266,0
2026-02-04 18:58:40.000,2026-02-04 18:58:50.000,477,2026-02-04 18:58:49.299,2026-02-04 18:58:45.205,-4093.986,60.012054443359375,0
2026-02-04 18:58:40.000,2026-02-04 18:58:50.000,2108,2026-02-04 18:58:49.299,2026-02-04 18:58:45.212,-4086.481,60.01798629760742,0
2026-02-04 18:58:40.000,2026-02-04 18:58:50.000,2423,2026-02-04 18:58:49.219,2026-02-04 18:58:45.218,-4000.475,50.027164459228516,0
2026-02-04 18:58:40.000,2026-02-04 18:58:50.000,477,2026-02-04 18:58:49.316,2026-02-04 18:58:45.221,-4094.483,60.0124626159668,0
2026-02-04 18:58:40.000,2026-02-04 18:58:50.000,2108,2026-02-04 18:58:49.316,2026-02-04 18:58:45.228,-4087.376,60.01780700683594,0
2026-02-04 18:58:40.000,2026-02-04 18:58:50.000,477,2026-02-04 18:58:49.333,2026-02-04 18:58:45.238,-4094.868,60.01341247558594,0
2026-02-04 18:58:40.000,2026-02-04 18:58:50.000,2423,2026-02-04 18:58:49.239,2026-02-04 18:58:45.238,-4000.868,50.027469635009766,0
2026-02-04 18:58:40.000,2026-02-04 18:58:50.000,2108,2026-02-04 18:58:49.333,2026-02-04 18:58:45.245,-4087.351,60.012664794921875,0
2026-02-04 18:58:40.000,2026-02-04 18:58:50.000,477,2026-02-04 18:58:49.349,2026-02-04 18:58:45.254,-4094.849,60.01344299316406,0
2026-02-04 18:58:40.000,2026-02-04 18:58:50.000,2423,2026-02-04 18:58:49.259,2026-02-04 18:58:45.258,-4000.840,50.02777099609375,0
2026-02-04 18:58:40.000,2026-02-04 18:58:50.000,2108,2026-02-04 18:58:49.349,2026-02-04 18:58:45.262,-4086.343,60.009395599365234,0
2026-02-04 18:58:40.000,2026-02-04 18:58:50.000,477,2026-02-04 18:58:49.366,2026-02-04 18:58:45.271,-4094.335,60.013519287109375,0
2026-02-04 18:58:40.000,2026-02-04 18:58:50.000,2423,2026-02-04 18:58:49.279,2026-02-04 18:58:45.278,-4000.819,50.0265998840332,0
2026-02-04 18:58:40.000,2026-02-04 18:58:50.000,2108,2026-02-04 18:58:49.366,2026-02-04 18:58:45.279,-4086.817,60.01357650756836,0
2026-02-04 18:58:40.000,2026-02-04 18:58:50.000,477,2026-02-04 18:58:49.383,2026-02-04 18:58:45.287,-4095.302,60.013301849365234,0
2026-02-04 18:58:40.000,2026-02-04 18:58:50.000,2108,2026-02-04 18:58:49.383,2026-02-04 18:58:45.295,-4087.790,60.01594924926758,0
2026-02-04 18:58:40.000,2026-02-04 18:58:50.000,2423,2026-02-04 18:58:49.299,2026-02-04 18:58:45.298,-4000.785,50.02620315551758,0
2026-02-04 18:58:40.000,2026-02-04 18:58:50.000,477,2026-02-04 18:58:49.399,2026-02-04 18:58:45.304,-4094.275,60.012596130371094,0
2026-02-04 18:58:40.000,2026-02-04 18:58:50.000,2108,2026-02-04 18:58:49.399,2026-02-04 18:58:45.311,-4087.276,60.01288986206055,0
2026-02-04 18:58:40.000,2026-02-04 18:58:50.000,2423,2026-02-04 18:58:49.319,2026-02-04 18:58:45.318,-4000.766,50.02754592895508,0
2026-02-04 18:58:40.000,2026-02-04 18:58:50.000,477,2026-02-04 18:58:49.416,2026-02-04 18:58:45.321,-4094.767,60.01295852661133,0
2026-02-04 18:58:40.000,2026-02-04 18:58:50.000,2108,2026-02-04 18:58:49.416,2026-02-04 18:58:45.328,-4087.249,60.012290954589844,0
2026-02-04 18:58:40.000,2026-02-04 18:58:50.000,477,2026-02-04 18:58:49.433,2026-02-04 18:58:45.338,-4094.730,60.0139274597168,0
2026-02-04 18:58:40.000,2026-02-04 18:58:50.000,2423,2026-02-04 18:58:49.339,2026-02-04 18:58:45.338,-4000.730,50.028263092041016,0
2026-02-04 18:58:40.000,2026-02-04 18:58:50.000,2108,2026-02-04 18:58:49.433,2026-02-04 18:58:45.345,-4087.218,60.01396560668945,0
2026-02-04 18:58:40.000,2026-02-04 18:58:50.000,2423,2026-02-04 18:58:49.359,2026-02-04 18:58:45.358,-4000.719,50.02775573730469,0
2026-02-04 18:58:40.000,2026-02-04 18:58:50.000,2108,2026-02-04 18:58:49.449,2026-02-04 18:58:45.361,-4087.713,60.013954162597656,0
2026-02-04 18:58:40.000,2026-02-04 18:58:50.000,2423,2026-02-04 18:58:49.379,2026-02-04 18:58:45.377,-4001.141,50.025848388671875,0
2026-02-04 18:58:40.000,2026-02-04 18:58:50.000,2108,2026-02-04 18:58:49.466,2026-02-04 18:58:45.379,-4086.140,60.01435470581055,0
2026-02-04 18:58:40.000,2026-02-04 18:58:50.000,477,2026-02-04 18:58:49.449,2026-02-04 18:58:45.383,-4065.712,60.014102935791016,0
2026-02-04 18:58:40.000,2026-02-04 18:58:50.000,477,2026-02-04 18:58:49.466,2026-02-04 18:58:45.384,-4081.590,60.01389694213867,0
2026-02-04 18:58:40.000,2026-02-04 18:58:50.000,477,2026-02-04 18:58:49.483,2026-02-04 18:58:45.388,-4094.590,60.013916015625,0
2026-02-04 18:58:40.000,2026-02-04 18:58:50.000,2108,2026-02-04 18:58:49.483,2026-02-04 18:58:45.395,-4087.081,60.01498794555664,0
2026-02-04 18:58:40.000,2026-02-04 18:58:50.000,2423,2026-02-04 18:58:49.399,2026-02-04 18:58:45.397,-4001.088,50.02591323852539,0
2026-02-04 18:58:40.000,2026-02-04 18:58:50.000,477,2026-02-04 18:58:49.499,2026-02-04 18:58:45.404,-4094.567,60.01340103149414,0
2026-02-04 18:58:40.000,2026-02-04 18:58:50.000,2108,2026-02-04 18:58:49.499,2026-02-04 18:58:45.412,-4086.064,60.01325607299805,0
2026-02-04 18:58:40.000,2026-02-04 18:58:50.000,2423,2026-02-04 18:58:49.419,2026-02-04 18:58:45.417,-4001.059,50.028865814208984,0
2026-02-04 18:58:40.000,2026-02-04 18:58:50.000,477,2026-02-04 18:58:49.516,2026-02-04 18:58:45.420,-4095.067,60.012752532958984,0
2026-02-04 18:58:40.000,2026-02-04 18:58:50.000,2108,2026-02-04 18:58:49.516,2026-02-04 18:58:45.428,-4087.555,60.01288986206055,0
2026-02-04 18:58:40.000,2026-02-04 18:58:50.000,2423,2026-02-04 18:58:49.439,2026-02-04 18:58:45.438,-4000.860,50.028167724609375,0
2026-02-04 18:58:40.000,2026-02-04 18:58:50.000,477,2026-02-04 18:58:49.533,2026-02-04 18:58:45.438,-4094.860,60.01264190673828,0
2026-02-04 18:58:40.000,2026-02-04 18:58:50.000,2108,2026-02-04 18:58:49.533,2026-02-04 18:58:45.445,-4087.346,60.01408004760742,0
2026-02-04 18:58:40.000,2026-02-04 18:58:50.000,477,2026-02-04 18:58:49.549,2026-02-04 18:58:45.454,-4094.279,60.0133056640625,0
2026-02-04 18:58:40.000,2026-02-04 18:58:50.000,2423,2026-02-04 18:58:49.459,2026-02-04 18:58:45.457,-4001.273,50.02553176879883,0
2026-02-04 18:58:40.000,2026-02-04 18:58:50.000,2108,2026-02-04 18:58:49.549,2026-02-04 18:58:45.462,-4086.281,60.014347076416016,0
2026-02-04 18:58:40.000,2026-02-04 18:58:50.000,477,2026-02-04 18:58:49.566,2026-02-04 18:58:45.471,-4094.771,60.01385498046875,0
2026-02-04 18:58:40.000,2026-02-04 18:58:50.000,2423,2026-02-04 18:58:49.479,2026-02-04 18:58:45.477,-4001.258,50.02743911743164,0
2026-02-04 18:58:40.000,2026-02-04 18:58:50.000,2108,2026-02-04 18:58:49.566,2026-02-04 18:58:45.478,-4087.258,60.01171875,0
2026-02-04 18:58:40.000,2026-02-04 18:58:50.000,477,2026-02-04 18:58:49.583,2026-02-04 18:58:45.488,-4094.748,60.013736724853516,0
2026-02-04 18:58:40.000,2026-02-04 18:58:50.000,2108,2026-02-04 18:58:49.583,2026-02-04 18:58:45.495,-4087.237,60.008975982666016,0
2026-02-04 18:58:40.000,2026-02-04 18:58:50.000,2423,2026-02-04 18:58:49.499,2026-02-04 18:58:45.497,-4001.230,50.029380798339844,0
2026-02-04 18:58:40.000,2026-02-04 18:58:50.000,477,2026-02-04 18:58:49.599,2026-02-04 18:58:45.505,-4093.729,60.013309478759766,0
2026-02-04 18:58:40.000,2026-02-04 18:58:50.000,2108,2026-02-04 18:58:49.599,2026-02-04 18:58:45.511,-4087.730,60.011329650878906,0
2026-02-04 18:58:40.000,2026-02-04 18:58:50.000,2423,2026-02-04 18:58:49.519,2026-02-04 18:58:45.517,-4001.220,50.02606201171875,0
2026-02-04 18:58:40.000,2026-02-04 18:58:50.000,477,2026-02-04 18:58:49.616,2026-02-04 18:58:45.521,-4094.218,60.013099670410156,0
2026-02-04 18:58:40.000,2026-02-04 18:58:50.000,2108,2026-02-04 18:58:49.616,2026-02-04 18:58:45.529,-4086.107,60.01518630981445,0
2026-02-04 18:58:40.000,2026-02-04 18:58:50.000,477,2026-02-04 18:58:49.633,2026-02-04 18:58:45.537,-4095.591,60.01353073120117,0
2026-02-04 18:58:40.000,2026-02-04 18:58:50.000,2423,2026-02-04 18:58:49.539,2026-02-04 18:58:45.538,-4000.590,50.02427673339844,0
2026-02-04 18:58:40.000,2026-02-04 18:58:50.000,2108,2026-02-04 18:58:49.633,2026-02-04 18:58:45.544,-4088.081,60.015235900878906,0
2026-02-04 18:58:40.000,2026-02-04 18:58:50.000,477,2026-02-04 18:58:49.649,2026-02-04 18:58:45.554,-4094.567,60.013877868652344,0
2026-02-04 18:58:40.000,2026-02-04 18:58:50.000,2423,2026-02-04 18:58:49.559,2026-02-04 18:58:45.557,-4001.062,50.02790069580078,0
2026-02-04 18:58:40.000,2026-02-04 18:58:50.000,2108,2026-02-04 18:58:49.649,2026-02-04 18:58:45.562,-4086.550,60.012046813964844,0
2026-02-04 18:58:40.000,2026-02-04 18:58:50.000,2423,2026-02-04 18:58:49.579,2026-02-04 18:58:45.577,-4001.144,50.03089141845703,0
2026-02-04 18:58:40.000,2026-02-04 18:58:50.000,2108,2026-02-04 18:58:49.666,2026-02-04 18:58:45.578,-4087.148,60.01171112060547,0
2026-02-04 18:58:40.000,2026-02-04 18:58:50.000,477,2026-02-04 18:58:49.666,2026-02-04 18:58:45.595,-4070.917,60.01321029663086,0
2026-02-04 18:58:40.000,2026-02-04 18:58:50.000,2108,2026-02-04 18:58:49.683,2026-02-04 18:58:45.596,-4086.916,60.01347351074219,0
2026-02-04 18:58:40.000,2026-02-04 18:58:50.000,477,2026-02-04 18:58:49.683,2026-02-04 18:58:45.596,-4086.916,60.011985778808594,0
2026-02-04 18:58:40.000,2026-02-04 18:58:50.000,2423,2026-02-04 18:58:49.599,2026-02-04 18:58:45.598,-4000.922,50.02865219116211,0
2026-02-04 18:58:40.000,2026-02-04 18:58:50.000,477,2026-02-04 18:58:49.699,2026-02-04 18:58:45.604,-4094.839,60.012359619140625,0
2026-02-04 18:58:40.000,2026-02-04 18:58:50.000,2108,2026-02-04 18:58:49.699,2026-02-04 18:58:45.611,-4087.839,60.01445007324219,0
2026-02-04 18:58:40.000,2026-02-04 18:58:50.000,2423,2026-02-04 18:58:49.619,2026-02-04 18:58:45.617,-4001.328,50.025962829589844,0
2026-02-04 18:58:40.000,2026-02-04 18:58:50.000,477,2026-02-04 18:58:49.716,2026-02-04 18:58:45.621,-4094.330,60.01394271850586,0
2026-02-04 18:58:40.000,2026-02-04 18:58:50.000,2108,2026-02-04 18:58:49.716,2026-02-04 18:58:45.628,-4087.028,60.014163970947266,0
2026-02-04 18:58:40.000,2026-02-04 18:58:50.000,2423,2026-02-04 18:58:49.639,2026-02-04 18:58:45.638,-4001.009,50.0265007019043,0
2026-02-04 18:58:40.000,2026-02-04 18:58:50.000,477,2026-02-04 18:58:49.733,2026-02-04 18:58:45.638,-4095.010,60.01410675048828,0
2026-02-04 18:58:40.000,2026-02-04 18:58:50.000,2108,2026-02-04 18:58:49.733,2026-02-04 18:58:45.645,-4087.494,60.01179122924805,0
2026-02-04 18:58:40.000,2026-02-04 18:58:50.000,477,2026-02-04 18:58:49.749,2026-02-04 18:58:45.654,-4094.420,60.013099670410156,0
2026-02-04 18:58:40.000,2026-02-04 18:58:50.000,2423,2026-02-04 18:58:49.659,2026-02-04 18:58:45.657,-4001.415,50.0269889831543,0
2026-02-04 18:58:40.000,2026-02-04 18:58:50.000,2108,2026-02-04 18:58:49.749,2026-02-04 18:58:45.661,-4087.424,60.01271057128906,0
2026-02-04 18:58:40.000,2026-02-04 18:58:50.000,477,2026-02-04 18:58:49.766,2026-02-04 18:58:45.671,-4094.274,60.01295852661133,0
2026-02-04 18:58:40.000,2026-02-04 18:58:50.000,2423,2026-02-04 18:58:49.679,2026-02-04 18:58:45.678,-4000.882,50.02671432495117,0
2026-02-04 18:58:40.000,2026-02-04 18:58:50.000,2108,2026-02-04 18:58:49.766,2026-02-04 18:58:45.679,-4086.884,60.01647186279297,0
2026-02-04 18:58:40.000,2026-02-04 18:58:50.000,477,2026-02-04 18:58:49.783,2026-02-04 18:58:45.687,-4095.364,60.013729095458984,0
2026-02-04 18:58:40.000,2026-02-04 18:58:50.000,2108,2026-02-04 18:58:49.783,2026-02-04 18:58:45.695,-4087.857,60.017818450927734,0
2026-02-04 18:58:40.000,2026-02-04 18:58:50.000,2423,2026-02-04 18:58:49.699,2026-02-04 18:58:45.698,-4000.849,50.025726318359375,0
2026-02-04 18:58:40.000,2026-02-04 18:58:50.000,477,2026-02-04 18:58:49.799,2026-02-04 18:58:45.704,-4094.344,60.01423263549805,0
2026-02-04 18:58:40.000,2026-02-04 18:58:50.000,2108,2026-02-04 18:58:49.799,2026-02-04 18:58:45.712,-4086.261,60.014427185058594,0
2026-02-04 18:58:40.000,2026-02-04 18:58:50.000,2423,2026-02-04 18:58:49.719,2026-02-04 18:58:45.718,-4000.748,50.02634811401367,0
2026-02-04 18:58:40.000,2026-02-04 18:58:50.000,477,2026-02-04 18:58:49.816,2026-02-04 18:58:45.721,-4094.749,60.01374053955078,0
2026-02-04 18:58:40.000,2026-02-04 18:58:50.000,2108,2026-02-04 18:58:49.816,2026-02-04 18:58:45.728,-4087.234,60.01033401489258,0
2026-02-04 18:58:40.000,2026-02-04 18:58:50.000,2423,2026-02-04 18:58:49.739,2026-02-04 18:58:45.738,-4000.948,50.02827453613281,0
2026-02-04 18:58:40.000,2026-02-04 18:58:50.000,477,2026-02-04 18:58:49.833,2026-02-04 18:58:45.738,-4094.948,60.01291275024414,0
2026-02-04 18:58:40.000,2026-02-04 18:58:50.000,2108,2026-02-04 18:58:49.833,2026-02-04 18:58:45.745,-4087.431,60.01177215576172,0
2026-02-04 18:58:40.000,2026-02-04 18:58:50.000,477,2026-02-04 18:58:49.849,2026-02-04 18:58:45.754,-4094.923,60.01225662231445,0
2026-02-04 18:58:40.000,2026-02-04 18:58:50.000,2423,2026-02-04 18:58:49.759,2026-02-04 18:58:45.758,-4000.932,50.02710723876953,0
2026-02-04 18:58:40.000,2026-02-04 18:58:50.000,2108,2026-02-04 18:58:49.849,2026-02-04 18:58:45.762,-4086.418,60.01300811767578,0
2026-02-04 18:58:40.000,2026-02-04 18:58:50.000,477,2026-02-04 18:58:49.866,2026-02-04 18:58:45.771,-4094.411,60.0123291015625,0
2026-02-04 18:58:40.000,2026-02-04 18:58:50.000,2423,2026-02-04 18:58:49.779,2026-02-04 18:58:45.777,-4001.183,50.02513122558594,0
2026-02-04 18:58:40.000,2026-02-04 18:58:50.000,2108,2026-02-04 18:58:49.866,2026-02-04 18:58:45.778,-4087.183,60.011695861816406,0
2026-02-04 18:58:40.000,2026-02-04 18:58:50.000,477,2026-02-04 18:58:49.883,2026-02-04 18:58:45.788,-4094.673,60.01347732543945,0
2026-02-04 18:58:40.000,2026-02-04 18:58:50.000,2108,2026-02-04 18:58:49.883,2026-02-04 18:58:45.795,-4087.161,60.01201248168945,0
2026-02-04 18:58:40.000,2026-02-04 18:58:50.000,2423,2026-02-04 18:58:49.799,2026-02-04 18:58:45.797,-4001.165,50.026878356933594,0
2026-02-04 18:58:40.000,2026-02-04 18:58:50.000,477,2026-02-04 18:58:49.899,2026-02-04 18:58:45.803,-4095.059,60.01445770263672,0
2026-02-04 18:58:40.000,2026-02-04 18:58:50.000,2108,2026-02-04 18:58:49.899,2026-02-04 18:58:45.812,-4086.553,60.01566696166992,0
2026-02-04 18:58:40.000,2026-02-04 18:58:50.000,2423,2026-02-04 18:58:49.819,2026-02-04 18:58:45.817,-4001.016,50.02912139892578,0
2026-02-04 18:58:40.000,2026-02-04 18:58:50.000,477,2026-02-04 18:58:49.916,2026-02-04 18:58:45.820,-4095.025,60.01416778564453,0
2026-02-04 18:58:40.000,2026-02-04 18:58:50.000,2108,2026-02-04 18:58:49.916,2026-02-04 18:58:45.828,-4087.513,60.01706314086914,0
2026-02-04 18:58:40.000,2026-02-04 18:58:50.000,2423,2026-02-04 18:58:49.839,2026-02-04 18:58:45.837,-4001.115,50.02705764770508,0
2026-02-04 18:58:40.000,2026-02-04 18:58:50.000,477,2026-02-04 18:58:49.933,2026-02-04 18:58:45.837,-4095.115,60.01329040527344,0
2026-02-04 18:58:40.000,2026-02-04 18:58:50.000,2108,2026-02-04 18:58:49.933,2026-02-04 18:58:45.846,-4086.607,60.01360321044922,0
2026-02-04 18:58:40.000,2026-02-04 18:58:50.000,477,2026-02-04 18:58:49.949,2026-02-04 18:58:45.854,-4094.295,60.013118743896484,0
2026-02-04 18:58:40.000,2026-02-04 18:58:50.000,2423,2026-02-04 18:58:49.859,2026-02-04 18:58:45.857,-4001.288,50.0251579284668,0
2026-02-04 18:58:40.000,2026-02-04 18:58:50.000,2108,2026-02-04 18:58:49.949,2026-02-04 18:58:45.862,-4086.296,60.01115036010742,0
2026-02-04 18:58:40.000,2026-02-04 18:58:50.000,477,2026-02-04 18:58:49.966,2026-02-04 18:58:45.870,-4095.064,60.01341247558594,0
2026-02-04 18:58:40.000,2026-02-04 18:58:50.000,2423,2026-02-04 18:58:49.879,2026-02-04 18:58:45.877,-4001.552,50.027584075927734,0
2026-02-04 18:58:40.000,2026-02-04 18:58:50.000,2108,2026-02-04 18:58:49.966,2026-02-04 18:58:45.879,-4086.553,60.00933074951172,0
2026-02-04 18:58:40.000,2026-02-04 18:58:50.000,477,2026-02-04 18:58:49.983,2026-02-04 18:58:45.887,-4095.527,60.01360321044922,0
2026-02-04 18:58:40.000,2026-02-04 18:58:50.000,2108,2026-02-04 18:58:49.983,2026-02-04 18:58:45.894,-4088.026,60.0107536315918,0
2026-02-04 18:58:40.000,2026-02-04 18:58:50.000,2423,2026-02-04 18:58:49.899,2026-02-04 18:58:45.897,-4001.016,50.029354095458984,0
2026-02-04 18:58:40.000,2026-02-04 18:58:50.000,477,2026-02-04 18:58:49.999,2026-02-04 18:58:45.905,-4093.996,60.013671875,0
2026-02-04 18:58:40.000,2026-02-04 18:58:50.000,2108,2026-02-04 18:58:49.999,2026-02-04 18:58:45.912,-4086.402,60.01615524291992,0
2026-02-04 18:58:40.000,2026-02-04 18:58:50.000,2423,2026-02-04 18:58:49.919,2026-02-04 18:58:45.918,-4000.890,50.0263557434082,0
2026-02-04 18:58:40.000,2026-02-04 18:58:50.000,477,2026-02-04 18:58:50.016,2026-02-04 18:58:45.921,-4094.890,60.01369094848633,0
2026-02-04 18:58:40.000,2026-02-04 18:58:50.000,2108,2026-02-04 18:58:50.016,2026-02-04 18:58:45.928,-4087.380,60.01739501953125,0
2026-02-04 18:58:40.000,2026-02-04 18:58:50.000,2423,2026-02-04 18:58:49.939,2026-02-04 18:58:45.937,-4001.046,50.02429962158203,0
2026-02-04 18:58:40.000,2026-02-04 18:58:50.000,477,2026-02-04 18:58:50.033,2026-02-04 18:58:45.937,-4095.046,60.01397705078125,0
2026-02-04 18:58:40.000,2026-02-04 18:58:50.000,2108,2026-02-04 18:58:50.033,2026-02-04 18:58:45.945,-4087.536,60.01211929321289,0
2026-02-04 18:58:40.000,2026-02-04 18:58:50.000,477,2026-02-04 18:58:50.049,2026-02-04 18:58:45.954,-4094.025,60.01411437988281,0
2026-02-04 18:58:40.000,2026-02-04 18:58:50.000,2423,2026-02-04 18:58:49.959,2026-02-04 18:58:45.957,-4001.034,50.02743148803711,0
2026-02-04 18:58:40.000,2026-02-04 18:58:50.000,2108,2026-02-04 18:58:50.049,2026-02-04 18:58:45.962,-4086.523,60.0103645324707,0
2026-02-04 18:58:40.000,2026-02-04 18:58:50.000,477,2026-02-04 18:58:50.066,2026-02-04 18:58:45.971,-4094.516,60.01347732543945,0
2026-02-04 18:58:40.000,2026-02-04 18:58:50.000,2423,2026-02-04 18:58:49.979,2026-02-04 18:58:45.978,-4000.999,50.03016662597656,0
2026-02-04 18:58:40.000,2026-02-04 18:58:50.000,2108,2026-02-04 18:58:50.066,2026-02-04 18:58:45.979,-4087.002,60.014739990234375,0
2026-02-04 18:58:40.000,2026-02-04 18:58:50.000,477,2026-02-04 18:58:50.083,2026-02-04 18:58:45.988,-4094.487,60.013118743896484,0
2026-02-04 18:58:40.000,2026-02-04 18:58:50.000,2108,2026-02-04 18:58:50.083,2026-02-04 18:58:45.994,-4088.116,60.0157585144043,0
2026-02-04 18:58:40.000,2026-02-04 18:58:50.000,2423,2026-02-04 18:58:49.999,2026-02-04 18:58:45.997,-4001.123,50.02754592895508,0
2026-02-04 18:58:40.000,2026-02-04 18:58:50.000,477,2026-02-04 18:58:50.099,2026-02-04 18:58:46.004,-4094.599,60.013282775878906,0
2026-02-04 18:58:40.000,2026-02-04 18:58:50.000,2108,2026-02-04 18:58:50.099,2026-02-04 18:58:46.012,-4086.602,60.013084411621094,0
2026-02-04 18:58:40.000,2026-02-04 18:58:50.000,2423,2026-02-04 18:58:50.019,2026-02-04 18:58:46.018,-4000.609,50.02484893798828,0
2026-02-04 18:58:40.000,2026-02-04 18:58:50.000,477,2026-02-04 18:58:50.116,2026-02-04 18:58:46.021,-4094.619,60.013153076171875,0
2026-02-04 18:58:40.000,2026-02-04 18:58:50.000,2108,2026-02-04 18:58:50.116,2026-02-04 18:58:46.028,-4087.109,60.00912094116211,0
2026-02-04 18:58:40.000,2026-02-04 18:58:50.000,2423,2026-02-04 18:58:50.039,2026-02-04 18:58:46.037,-4001.594,50.02684020996094,0
2026-02-04 18:58:40.000,2026-02-04 18:58:50.000,477,2026-02-04 18:58:50.133,2026-02-04 18:58:46.037,-4095.594,60.01298522949219,0
2026-02-04 18:58:40.000,2026-02-04 18:58:50.000,2108,2026-02-04 18:58:50.133,2026-02-04 18:58:46.045,-4087.479,60.008052825927734,0
2026-02-04 18:58:40.000,2026-02-04 18:58:50.000,477,2026-02-04 18:58:50.149,2026-02-04 18:58:46.055,-4093.972,60.013511657714844,0
2026-02-04 18:58:40.000,2026-02-04 18:58:50.000,2423,2026-02-04 18:58:50.059,2026-02-04 18:58:46.058,-4000.963,50.028133392333984,0
2026-02-04 18:58:40.000,2026-02-04 18:58:50.000,2108,2026-02-04 18:58:50.149,2026-02-04 18:58:46.062,-4086.373,60.012996673583984,0
2026-02-04 18:58:40.000,2026-02-04 18:58:50.000,477,2026-02-04 18:58:50.166,2026-02-04 18:58:46.071,-4094.665,60.01361083984375,0
2026-02-04 18:58:40.000,2026-02-04 18:58:50.000,2423,2026-02-04 18:58:50.079,2026-02-04 18:58:46.077,-4001.580,50.02659225463867,0
2026-02-04 18:58:40.000,2026-02-04 18:58:50.000,2108,2026-02-04 18:58:50.166,2026-02-04 18:58:46.078,-4087.579,60.01661682128906,0
2026-02-04 18:58:40.000,2026-02-04 18:58:50.000,477,2026-02-04 18:58:50.183,2026-02-04 18:58:46.087,-4095.204,60.01314926147461,0
2026-02-04 18:58:40.000,2026-02-04 18:58:50.000,2108,2026-02-04 18:58:50.183,2026-02-04 18:58:46.095,-4087.137,60.014705657958984,0
2026-02-04 18:58:40.000,2026-02-04 18:58:50.000,2423,2026-02-04 18:58:50.099,2026-02-04 18:58:46.097,-4001.131,50.0268440246582,0
2026-02-04 18:58:40.000,2026-02-04 18:58:50.000,477,2026-02-04 18:58:50.199,2026-02-04 18:58:46.104,-4094.626,60.01344680786133,0
2026-02-04 18:58:40.000,2026-02-04 18:58:50.000,2108,2026-02-04 18:58:50.199,2026-02-04 18:58:46.112,-4086.550,60.01030349731445,0
2026-02-04 18:58:40.000,2026-02-04 18:58:50.000,2423,2026-02-04 18:58:50.119,2026-02-04 18:58:46.117,-4001.017,50.028141021728516,0
2026-02-04 18:58:40.000,2026-02-04 18:58:50.000,477,2026-02-04 18:58:50.216,2026-02-04 18:58:46.123,-4092.507,60.013763427734375,0
2026-02-04 18:58:40.000,2026-02-04 18:58:50.000,2108,2026-02-04 18:58:50.216,2026-02-04 18:58:46.128,-4087.508,60.00921630859375,0
2026-02-04 18:58:40.000,2026-02-04 18:58:50.000,2423,2026-02-04 18:58:50.139,2026-02-04 18:58:46.137,-4001.101,50.027984619140625,0
2026-02-04 18:58:40.000,2026-02-04 18:58:50.000,477,2026-02-04 18:58:50.233,2026-02-04 18:58:46.137,-4095.101,60.013465881347656,0
2026-02-04 18:58:40.000,2026-02-04 18:58:50.000,2108,2026-02-04 18:58:50.233,2026-02-04 18:58:46.145,-4087.591,60.01253890991211,0
2026-02-04 18:58:40.000,2026-02-04 18:58:50.000,477,2026-02-04 18:58:50.249,2026-02-04 18:58:46.154,-4094.081,60.012996673583984,0
2026-02-04 18:58:40.000,2026-02-04 18:58:50.000,2423,2026-02-04 18:58:50.159,2026-02-04 18:58:46.157,-4001.087,50.02675247192383,0
2026-02-04 18:58:40.000,2026-02-04 18:58:50.000,2108,2026-02-04 18:58:50.249,2026-02-04 18:58:46.162,-4086.577,60.015140533447266,0
2026-02-04 18:58:40.000,2026-02-04 18:58:50.000,477,2026-02-04 18:58:50.266,2026-02-04 18:58:46.173,-4092.054,60.01348876953125,0
2026-02-04 18:58:40.000,2026-02-04 18:58:50.000,2423,2026-02-04 18:58:50.179,2026-02-04 18:58:46.177,-4001.060,50.02571487426758,0
2026-02-04 18:58:40.000,2026-02-04 18:58:50.000,2108,2026-02-04 18:58:50.266,2026-02-04 18:58:46.178,-4087.059,60.013282775878906,0
2026-02-04 18:58:40.000,2026-02-04 18:58:50.000,477,2026-02-04 18:58:50.283,2026-02-04 18:58:46.187,-4095.551,60.01427459716797,0
2026-02-04 18:58:40.000,2026-02-04 18:58:50.000,2108,2026-02-04 18:58:50.283,2026-02-04 18:58:46.195,-4087.510,60.01315689086914,0
2026-02-04 18:58:40.000,2026-02-04 18:58:50.000,2423,2026-02-04 18:58:50.199,2026-02-04 18:58:46.197,-4001.522,50.02603530883789,0
2026-02-04 18:58:40.000,2026-02-04 18:58:50.000,477,2026-02-04 18:58:50.299,2026-02-04 18:58:46.204,-4094.335,60.01420211791992,0
2026-02-04 18:58:40.000,2026-02-04 18:58:50.000,2108,2026-02-04 18:58:50.299,2026-02-04 18:58:46.212,-4086.312,60.01530456542969,0
2026-02-04 18:58:40.000,2026-02-04 18:58:50.000,2423,2026-02-04 18:58:50.219,2026-02-04 18:58:46.217,-4001.211,50.02649688720703,0
2026-02-04 18:58:40.000,2026-02-04 18:58:50.000,477,2026-02-04 18:58:50.316,2026-02-04 18:58:46.221,-4094.219,60.01354217529297,0
2026-02-04 18:58:40.000,2026-02-04 18:58:50.000,2108,2026-02-04 18:58:50.316,2026-02-04 18:58:46.228,-4087.176,60.011619567871094,0
2026-02-04 18:58:40.000,2026-02-04 18:58:50.000,2423,2026-02-04 18:58:50.239,2026-02-04 18:58:46.237,-4001.095,50.02568054199219,0
2026-02-04 18:58:40.000,2026-02-04 18:58:50.000,2108,2026-02-04 18:58:50.333,2026-02-04 18:58:46.245,-4087.585,60.00815200805664,0
2026-02-04 18:58:40.000,2026-02-04 18:58:50.000,2423,2026-02-04 18:58:50.259,2026-02-04 18:58:46.258,-4000.926,50.026397705078125,0
2026-02-04 18:58:40.000,2026-02-04 18:58:50.000,477,2026-02-04 18:58:50.333,2026-02-04 18:58:46.261,-4071.373,60.01280212402344,0
2026-02-04 18:58:40.000,2026-02-04 18:58:50.000,477,2026-02-04 18:58:50.349,2026-02-04 18:58:46.262,-4086.375,60.012760162353516,0
2026-02-04 18:58:40.000,2026-02-04 18:58:50.000,2108,2026-02-04 18:58:50.349,2026-02-04 18:58:46.262,-4086.375,60.01115036010742,0
2026-02-04 18:58:40.000,2026-02-04 18:58:50.000,477,2026-02-04 18:58:50.366,2026-02-04 18:58:46.271,-4094.458,60.01359939575195,0
2026-02-04 18:58:40.000,2026-02-04 18:58:50.000,2423,2026-02-04 18:58:50.279,2026-02-04 18:58:46.280,-3998.432,50.02901840209961,0
2026-02-04 18:58:40.000,2026-02-04 18:58:50.000,2108,2026-02-04 18:58:50.366,2026-02-04 18:58:46.280,-4085.432,60.01654815673828,0
2026-02-04 18:58:40.000,2026-02-04 18:58:50.000,477,2026-02-04 18:58:50.383,2026-02-04 18:58:46.288,-4094.922,60.01353073120117,0
2026-02-04 18:58:40.000,2026-02-04 18:58:50.000,2108,2026-02-04 18:58:50.383,2026-02-04 18:58:46.301,-4081.898,60.01811218261719,0
2026-02-04 18:58:40.000,2026-02-04 18:58:50.000,2423,2026-02-04 18:58:50.299,2026-02-04 18:58:46.301,-3997.890,50.02842330932617,0
2026-02-04 18:58:40.000,2026-02-04 18:58:50.000,477,2026-02-04 18:58:50.399,2026-02-04 18:58:46.304,-4094.370,60.012516021728516,0
2026-02-04 18:58:40.000,2026-02-04 18:58:50.000,2108,2026-02-04 18:58:50.399,2026-02-04 18:58:46.334,-4064.702,60.015445709228516,0
2026-02-04 18:58:40.000,2026-02-04 18:58:50.000,2423,2026-02-04 18:58:50.319,2026-02-04 18:58:46.336,-3982.697,50.025028228759766,0
2026-02-04 18:58:40.000,2026-02-04 18:58:50.000,477,2026-02-04 18:58:50.416,2026-02-04 18:58:46.336,-4079.697,60.01287078857422,0
2026-02-04 18:58:40.000,2026-02-04 18:58:50.000,2108,2026-02-04 18:58:50.416,2026-02-04 18:58:46.338,-4077.697,60.01021957397461,0
2026-02-04 18:58:40.000,2026-02-04 18:58:50.000,2423,2026-02-04 18:58:50.339,2026-02-04 18:58:46.338,-4000.689,50.02323532104492,0
2026-02-04 18:58:40.000,2026-02-04 18:58:50.000,477,2026-02-04 18:58:50.433,2026-02-04 18:58:46.339,-4093.682,60.013248443603516,0
2026-02-04 18:58:40.000,2026-02-04 18:58:50.000,2108,2026-02-04 18:58:50.433,2026-02-04 18:58:46.367,-4065.619,60.00641632080078,0
2026-02-04 18:58:40.000,2026-02-04 18:58:50.000,477,2026-02-04 18:58:50.449,2026-02-04 18:58:46.368,-4080.622,60.01226043701172,0
2026-02-04 18:58:40.000,2026-02-04 18:58:50.000,2423,2026-02-04 18:58:50.359,2026-02-04 18:58:46.368,-3990.630,50.026397705078125,0
2026-02-04 18:58:40.000,2026-02-04 18:58:50.000,2108,2026-02-04 18:58:50.449,2026-02-04 18:58:46.369,-4079.621,60.010318756103516,0
2026-02-04 18:58:40.000,2026-02-04 18:58:50.000,477,2026-02-04 18:58:50.466,2026-02-04 18:58:46.371,-4094.622,60.011566162109375,0
2026-02-04 18:58:40.000,2026-02-04 18:58:50.000,2423,2026-02-04 18:58:50.379,2026-02-04 18:58:46.377,-4001.556,50.02948760986328,0
2026-02-04 18:58:40.000,2026-02-04 18:58:50.000,2108,2026-02-04 18:58:50.466,2026-02-04 18:58:46.383,-4082.431,60.01475143432617,0
2026-02-04 18:58:40.000,2026-02-04 18:58:50.000,477,2026-02-04 18:58:50.483,2026-02-04 18:58:46.387,-4095.434,60.0119514465332,0
2026-02-04 18:58:40.000,2026-02-04 18:58:50.000,2108,2026-02-04 18:58:50.483,2026-02-04 18:58:46.397,-4085.915,60.01336669921875,0
2026-02-04 18:58:40.000,2026-02-04 18:58:50.000,2423,2026-02-04 18:58:50.399,2026-02-04 18:58:46.414,-3984.895,50.026859283447266,0
2026-02-04 18:58:40.000,2026-02-04 18:58:50.000,477,2026-02-04 18:58:50.499,2026-02-04 18:58:46.427,-4071.360,60.012550354003906,0
2026-02-04 18:58:40.000,2026-02-04 18:58:50.000,2108,2026-02-04 18:58:50.499,2026-02-04 18:58:46.429,-4069.360,60.01089096069336,0
2026-02-04 18:58:40.000,2026-02-04 18:58:50.000,2423,2026-02-04 18:58:50.419,2026-02-04 18:58:46.430,-3988.359,50.02556610107422,0
2026-02-04 18:58:40.000,2026-02-04 18:58:50.000,477,2026-02-04 18:58:50.516,2026-02-04 18:58:46.430,-4085.367,60.01280212402344,0
2026-02-04 18:58:40.000,2026-02-04 18:58:50.000,2108,2026-02-04 18:58:50.516,2026-02-04 18:58:46.432,-4083.368,60.01198959350586,0
2026-02-04 18:58:40.000,2026-02-04 18:58:50.000,2423,2026-02-04 18:58:50.439,2026-02-04 18:58:46.441,-3997.846,50.02845764160156,0
2026-02-04 18:58:40.000,2026-02-04 18:58:50.000,477,2026-02-04 18:58:50.533,2026-02-04 18:58:46.442,-4090.339,60.01286697387695,0
2026-02-04 18:58:40.000,2026-02-04 18:58:50.000,2108,2026-02-04 18:58:50.533,2026-02-04 18:58:46.445,-4087.333,60.01503372192383,0
2026-02-04 18:58:40.000,2026-02-04 18:58:50.000,2423,2026-02-04 18:58:50.459,2026-02-04 18:58:46.559,-3899.845,50.029476165771484,0
2026-02-04 18:58:40.000,2026-02-04 18:58:50.000,477,2026-02-04 18:58:50.549,2026-02-04 18:58:46.559,-3989.853,60.013214111328125,0
2026-02-04 18:58:40.000,2026-02-04 18:58:50.000,2423,2026-02-04 18:58:50.479,2026-02-04 18:58:46.560,-3918.853,50.02592849731445,0
2026-02-04 18:58:40.000,2026-02-04 18:58:50.000,477,2026-02-04 18:58:50.566,2026-02-04 18:58:46.560,-4005.853,60.01295852661133,0
2026-02-04 18:58:40.000,2026-02-04 18:58:50.000,2423,2026-02-04 18:58:50.499,2026-02-04 18:58:46.568,-3930.820,50.024166107177734,0
2026-02-04 18:58:40.000,2026-02-04 18:58:50.000,477,2026-02-04 18:58:50.583,2026-02-04 18:58:46.568,-4014.828,60.01183319091797,0
2026-02-04 18:58:40.000,2026-02-04 18:58:50.000,2423,2026-02-04 18:58:50.519,2026-02-04 18:58:46.568,-3950.828,50.0267333984375,0
2026-02-04 18:58:40.000,2026-02-04 18:58:50.000,2423,2026-02-04 18:58:50.539,2026-02-04 18:58:46.568,-3970.820,50.027366638183594,0
2026-02-04 18:58:40.000,2026-02-04 18:58:50.000,477,2026-02-04 18:58:50.599,2026-02-04 18:58:46.568,-4030.828,60.01203918457031,0
2026-02-04 18:58:40.000,2026-02-04 18:58:50.000,477,2026-02-04 18:58:50.616,2026-02-04 18:58:46.568,-4047.828,60.01270294189453,0
2026-02-04 18:58:40.000,2026-02-04 18:58:50.000,2423,2026-02-04 18:58:50.559,2026-02-04 18:58:46.569,-3989.828,50.026123046875,0
2026-02-04 18:58:40.000,2026-02-04 18:58:50.000,477,2026-02-04 18:58:50.633,2026-02-04 18:58:46.569,-4063.820,60.01164627075195,0
2026-02-04 18:58:40.000,2026-02-04 18:58:50.000,477,2026-02-04 18:58:50.649,2026-02-04 18:58:46.570,-4078.257,60.01082229614258,0
2026-02-04 18:58:40.000,2026-02-04 18:58:50.000,2108,2026-02-04 18:58:50.549,2026-02-04 18:58:46.571,-3977.264,60.0139045715332,0
2026-02-04 18:58:40.000,2026-02-04 18:58:50.000,2108,2026-02-04 18:58:50.566,2026-02-04 18:58:46.571,-3994.264,60.00864791870117,0
2026-02-04 18:58:40.000,2026-02-04 18:58:50.000,2108,2026-02-04 18:58:50.583,2026-02-04 18:58:46.571,-4011.264,60.006282806396484,0
2026-02-04 18:58:40.000,2026-02-04 18:58:50.000,2108,2026-02-04 18:58:50.599,2026-02-04 18:58:46.572,-4026.264,60.009727478027344,0
2026-02-04 18:58:40.000,2026-02-04 18:58:50.000,2108,2026-02-04 18:58:50.616,2026-02-04 18:58:46.572,-4043.264,60.014068603515625,0
2026-02-04 18:58:40.000,2026-02-04 18:58:50.000,2108,2026-02-04 18:58:50.633,2026-02-04 18:58:46.572,-4060.256,60.0145378112793,0
2026-02-04 18:58:40.000,2026-02-04 18:58:50.000,2108,2026-02-04 18:58:50.649,2026-02-04 18:58:46.572,-4076.257,60.010318756103516,0
2026-02-04 18:58:40.000,2026-02-04 18:58:50.000,477,2026-02-04 18:58:50.666,2026-02-04 18:58:46.572,-4093.256,60.01176452636719,0
2026-02-04 18:58:40.000,2026-02-04 18:58:50.000,2423,2026-02-04 18:58:50.579,2026-02-04 18:58:46.578,-4000.769,50.02562713623047,0
2026-02-04 18:58:40.000,2026-02-04 18:58:50.000,2108,2026-02-04 18:58:50.666,2026-02-04 18:58:46.579,-4086.772,60.00977325439453,0
2026-02-04 18:58:40.000,2026-02-04 18:58:50.000,477,2026-02-04 18:58:50.683,2026-02-04 18:58:46.587,-4095.208,60.0131721496582,0
2026-02-04 18:58:40.000,2026-02-04 18:58:50.000,2108,2026-02-04 18:58:50.683,2026-02-04 18:58:46.595,-4087.584,60.01683044433594,0
2026-02-04 18:58:40.000,2026-02-04 18:58:50.000,2423,2026-02-04 18:58:50.599,2026-02-04 18:58:46.597,-4001.583,50.0256462097168,0
2026-02-04 18:58:40.000,2026-02-04 18:58:50.000,477,2026-02-04 18:58:50.699,2026-02-04 18:58:46.604,-4094.483,60.0139274597168,0
2026-02-04 18:58:40.000,2026-02-04 18:58:50.000,2108,2026-02-04 18:58:50.699,2026-02-04 18:58:46.612,-4086.484,60.01873016357422,0
2026-02-04 18:58:40.000,2026-02-04 18:58:50.000,2423,2026-02-04 18:58:50.619,2026-02-04 18:58:46.618,-4000.852,50.02582931518555,0
2026-02-04 18:58:40.000,2026-02-04 18:58:50.000,477,2026-02-04 18:58:50.716,2026-02-04 18:58:46.621,-4094.862,60.01334762573242,0
2026-02-04 18:58:40.000,2026-02-04 18:58:50.000,2108,2026-02-04 18:58:50.716,2026-02-04 18:58:46.629,-4086.348,60.013671875,0
2026-02-04 18:58:40.000,2026-02-04 18:58:50.000,2423,2026-02-04 18:58:50.639,2026-02-04 18:58:46.638,-4000.843,50.02619934082031,0
2026-02-04 18:58:40.000,2026-02-04 18:58:50.000,477,2026-02-04 18:58:50.733,2026-02-04 18:58:46.638,-4094.843,60.01220703125,0
2026-02-04 18:58:40.000,2026-02-04 18:58:50.000,2108,2026-02-04 18:58:50.733,2026-02-04 18:58:46.645,-4087.329,60.01047897338867,0
2026-02-04 18:58:40.000,2026-02-04 18:58:50.000,477,2026-02-04 18:58:50.749,2026-02-04 18:58:46.654,-4094.139,60.011756896972656,0
2026-02-04 18:58:40.000,2026-02-04 18:58:50.000,2423,2026-02-04 18:58:50.659,2026-02-04 18:58:46.657,-4001.131,50.02625274658203,0
2026-02-04 18:58:40.000,2026-02-04 18:58:50.000,2108,2026-02-04 18:58:50.749,2026-02-04 18:58:46.661,-4087.140,60.01199722290039,0
2026-02-04 18:58:40.000,2026-02-04 18:58:50.000,2423,2026-02-04 18:58:50.679,2026-02-04 18:58:46.677,-4001.304,50.02699661254883,0
2026-02-04 18:58:40.000,2026-02-04 18:58:50.000,2108,2026-02-04 18:58:50.766,2026-02-04 18:58:46.678,-4087.302,60.016353607177734,0
2026-02-04 18:58:40.000,2026-02-04 18:58:50.000,2108,2026-02-04 18:58:50.783,2026-02-04 18:58:46.695,-4087.398,60.01933288574219,0
2026-02-04 18:58:40.000,2026-02-04 18:58:50.000,2423,2026-02-04 18:58:50.699,2026-02-04 18:58:46.697,-4001.387,50.027793884277344,0
2026-02-04 18:58:40.000,2026-02-04 18:58:50.000,477,2026-02-04 18:58:50.766,2026-02-04 18:58:46.703,-4062.149,60.01192855834961,0
2026-02-04 18:58:40.000,2026-02-04 18:58:50.000,477,2026-02-04 18:58:50.783,2026-02-04 18:58:46.703,-4079.149,60.012351989746094,0
2026-02-04 18:58:40.000,2026-02-04 18:58:50.000,477,2026-02-04 18:58:50.799,2026-02-04 18:58:46.704,-4094.150,60.01227951049805,0
2026-02-04 18:58:40.000,2026-02-04 18:58:50.000,2108,2026-02-04 18:58:50.799,2026-02-04 18:58:46.711,-4087.147,60.0152587890625,0
2026-02-04 18:58:40.000,2026-02-04 18:58:50.000,2423,2026-02-04 18:58:50.719,2026-02-04 18:58:46.717,-4001.303,50.02556228637695,0
2026-02-04 18:58:40.000,2026-02-04 18:58:50.000,477,2026-02-04 18:58:50.816,2026-02-04 18:58:46.721,-4094.302,60.011619567871094,0
2026-02-04 18:58:40.000,2026-02-04 18:58:50.000,2108,2026-02-04 18:58:50.816,2026-02-04 18:58:46.728,-4087.212,60.009857177734375,0
2026-02-04 18:58:40.000,2026-02-04 18:58:50.000,2423,2026-02-04 18:58:50.739,2026-02-04 18:58:46.737,-4001.112,50.0247802734375,0
2026-02-04 18:58:40.000,2026-02-04 18:58:50.000,477,2026-02-04 18:58:50.833,2026-02-04 18:58:46.737,-4095.112,60.011966705322266,0
2026-02-04 18:58:40.000,2026-02-04 18:58:50.000,2108,2026-02-04 18:58:50.833,2026-02-04 18:58:46.745,-4087.600,60.013710021972656,0
2026-02-04 18:58:40.000,2026-02-04 18:58:50.000,477,2026-02-04 18:58:50.849,2026-02-04 18:58:46.754,-4094.089,60.01271057128906,0
2026-02-04 18:58:40.000,2026-02-04 18:58:50.000,2423,2026-02-04 18:58:50.759,2026-02-04 18:58:46.757,-4001.094,50.02837371826172,0
2026-02-04 18:58:40.000,2026-02-04 18:58:50.000,2108,2026-02-04 18:58:50.849,2026-02-04 18:58:46.762,-4086.586,60.01643753051758,0
2026-02-04 18:58:40.000,2026-02-04 18:58:50.000,477,2026-02-04 18:58:50.866,2026-02-04 18:58:46.771,-4094.579,60.012638092041016,0
2026-02-04 18:58:40.000,2026-02-04 18:58:50.000,2423,2026-02-04 18:58:50.779,2026-02-04 18:58:46.777,-4001.061,50.02930450439453,0
2026-02-04 18:58:40.000,2026-02-04 18:58:50.000,2108,2026-02-04 18:58:50.866,2026-02-04 18:58:46.778,-4087.063,60.012516021728516,0
2026-02-04 18:58:40.000,2026-02-04 18:58:50.000,477,2026-02-04 18:58:50.883,2026-02-04 18:58:46.788,-4094.548,60.01205062866211,0
2026-02-04 18:58:40.000,2026-02-04 18:58:50.000,2108,2026-02-04 18:58:50.883,2026-02-04 18:58:46.795,-4087.308,60.00947570800781,0
2026-02-04 18:58:40.000,2026-02-04 18:58:50.000,2423,2026-02-04 18:58:50.799,2026-02-04 18:58:46.797,-4001.315,50.0245361328125,0
2026-02-04 18:58:40.000,2026-02-04 18:58:50.000,477,2026-02-04 18:58:50.899,2026-02-04 18:58:46.804,-4094.796,60.01216125488281,0
2026-02-04 18:58:40.000,2026-02-04 18:58:50.000,2108,2026-02-04 18:58:50.899,2026-02-04 18:58:46.813,-4085.580,60.01123809814453,0
2026-02-04 18:58:40.000,2026-02-04 18:58:50.000,2423,2026-02-04 18:58:50.819,2026-02-04 18:58:46.818,-4000.627,50.021671295166016,0
2026-02-04 18:58:40.000,2026-02-04 18:58:50.000,477,2026-02-04 18:58:50.916,2026-02-04 18:58:46.821,-4094.484,60.01244354248047,0
2026-02-04 18:58:40.000,2026-02-04 18:58:50.000,2108,2026-02-04 18:58:50.916,2026-02-04 18:58:46.828,-4087.140,60.016563415527344,0
2026-02-04 18:58:40.000,2026-02-04 18:58:50.000,2423,2026-02-04 18:58:50.839,2026-02-04 18:58:46.839,-3999.603,50.024559020996094,0
2026-02-04 18:58:40.000,2026-02-04 18:58:50.000,477,2026-02-04 18:58:50.933,2026-02-04 18:58:46.840,-4092.597,60.01186752319336,0
2026-02-04 18:58:40.000,2026-02-04 18:58:50.000,2108,2026-02-04 18:58:50.933,2026-02-04 18:58:46.845,-4087.389,60.01692581176758,0
2026-02-04 18:58:40.000,2026-02-04 18:58:50.000,477,2026-02-04 18:58:50.949,2026-02-04 18:58:46.855,-4093.310,60.011417388916016,0
2026-02-04 18:58:40.000,2026-02-04 18:58:50.000,2423,2026-02-04 18:58:50.859,2026-02-04 18:58:46.857,-4001.303,50.02728271484375,0
2026-02-04 18:58:40.000,2026-02-04 18:58:50.000,2108,2026-02-04 18:58:50.949,2026-02-04 18:58:46.862,-4086.309,60.011417388916016,0
2026-02-04 18:58:40.000,2026-02-04 18:58:50.000,477,2026-02-04 18:58:50.966,2026-02-04 18:58:46.871,-4094.195,60.01158905029297,0
2026-02-04 18:58:40.000,2026-02-04 18:58:50.000,2423,2026-02-04 18:58:50.879,2026-02-04 18:58:46.878,-4000.844,50.027793884277344,0
2026-02-04 18:58:40.000,2026-02-04 18:58:50.000,2108,2026-02-04 18:58:50.966,2026-02-04 18:58:46.879,-4086.842,60.0087776184082,0
2026-02-04 18:58:40.000,2026-02-04 18:58:50.000,477,2026-02-04 18:58:50.983,2026-02-04 18:58:46.887,-4095.290,60.01158905029297,0
2026-02-04 18:58:40.000,2026-02-04 18:58:50.000,2108,2026-02-04 18:58:50.983,2026-02-04 18:58:46.895,-4087.173,60.01106643676758,0
2026-02-04 18:58:40.000,2026-02-04 18:58:50.000,2423,2026-02-04 18:58:50.899,2026-02-04 18:58:46.897,-4001.164,50.026519775390625,0
2026-02-04 18:58:40.000,2026-02-04 18:58:50.000,477,2026-02-04 18:58:50.999,2026-02-04 18:58:46.904,-4094.681,60.01197814941406,0
2026-02-04 18:58:40.000,2026-02-04 18:58:50.000,2108,2026-02-04 18:58:50.999,2026-02-04 18:58:46.911,-4087.681,60.01493453979492,0
2026-02-04 18:58:40.000,2026-02-04 18:58:50.000,2423,2026-02-04 18:58:50.919,2026-02-04 18:58:46.918,-4000.655,50.02511978149414,0
2026-02-04 18:58:40.000,2026-02-04 18:58:50.000,477,2026-02-04 18:58:51.016,2026-02-04 18:58:46.921,-4094.660,60.013004302978516,0
2026-02-04 18:58:40.000,2026-02-04 18:58:50.000,2108,2026-02-04 18:58:51.016,2026-02-04 18:58:46.928,-4087.149,60.01716232299805,0
2026-02-04 18:58:40.000,2026-02-04 18:58:50.000,2423,2026-02-04 18:58:50.939,2026-02-04 18:58:46.938,-4000.890,50.02573013305664,0
2026-02-04 18:58:40.000,2026-02-04 18:58:50.000,477,2026-02-04 18:58:51.033,2026-02-04 18:58:46.938,-4094.890,60.0133056640625,0
2026-02-04 18:58:40.000,2026-02-04 18:58:50.000,2108,2026-02-04 18:58:51.033,2026-02-04 18:58:46.944,-4088.379,60.01416015625,0
2026-02-04 18:58:40.000,2026-02-04 18:58:50.000,477,2026-02-04 18:58:51.049,2026-02-04 18:58:46.955,-4093.771,60.01285934448242,0
2026-02-04 18:58:40.000,2026-02-04 18:58:50.000,2423,2026-02-04 18:58:50.959,2026-02-04 18:58:46.958,-4000.780,50.02572250366211,0
2026-02-04 18:58:40.000,2026-02-04 18:58:50.000,2108,2026-02-04 18:58:51.049,2026-02-04 18:58:46.961,-4087.773,60.01014709472656,0
2026-02-04 18:58:40.000,2026-02-04 18:58:50.000,477,2026-02-04 18:58:51.066,2026-02-04 18:58:46.970,-4095.260,60.01271438598633,0
2026-02-04 18:58:40.000,2026-02-04 18:58:50.000,2423,2026-02-04 18:58:50.979,2026-02-04 18:58:46.978,-4000.926,50.02493667602539,0
2026-02-04 18:58:40.000,2026-02-04 18:58:50.000,2108,2026-02-04 18:58:51.066,2026-02-04 18:58:46.979,-4086.930,60.012447357177734,0
2026-02-04 18:58:40.000,2026-02-04 18:58:50.000,477,2026-02-04 18:58:51.083,2026-02-04 18:58:46.987,-4095.412,60.01299285888672,0
2026-02-04 18:58:40.000,2026-02-04 18:58:50.000,2108,2026-02-04 18:58:51.083,2026-02-04 18:58:46.995,-4087.355,60.016700744628906,0
2026-02-04 18:58:40.000,2026-02-04 18:58:50.000,2423,2026-02-04 18:58:50.999,2026-02-04 18:58:46.998,-4000.363,50.024356842041016,0
2026-02-04 18:58:40.000,2026-02-04 18:58:50.000,477,2026-02-04 18:58:51.099,2026-02-04 18:58:47.004,-4094.320,60.01294708251953,0
2026-02-04 18:58:40.000,2026-02-04 18:58:50.000,2108,2026-02-04 18:58:51.099,2026-02-04 18:58:47.012,-4086.320,60.013736724853516,0
2026-02-04 18:58:40.000,2026-02-04 18:58:50.000,2423,2026-02-04 18:58:51.019,2026-02-04 18:58:47.018,-4000.699,50.025062561035156,0
2026-02-04 18:58:40.000,2026-02-04 18:58:50.000,477,2026-02-04 18:58:51.116,2026-02-04 18:58:47.021,-4094.708,60.012359619140625,0
2026-02-04 18:58:40.000,2026-02-04 18:58:50.000,2108,2026-02-04 18:58:51.116,2026-02-04 18:58:47.028,-4087.197,60.007179260253906,0
2026-02-04 18:58:40.000,2026-02-04 18:58:50.000,477,2026-02-04 18:58:51.133,2026-02-04 18:58:47.037,-4095.041,60.01226043701172,0
2026-02-04 18:58:40.000,2026-02-04 18:58:50.000,2423,2026-02-04 18:58:51.039,2026-02-04 18:58:47.037,-4001.041,50.02585220336914,0
2026-02-04 18:58:40.000,2026-02-04 18:58:50.000,2108,2026-02-04 18:58:51.133,2026-02-04 18:58:47.045,-4087.527,60.009098052978516,0
2026-02-04 18:58:40.000,2026-02-04 18:58:50.000,477,2026-02-04 18:58:51.149,2026-02-04 18:58:47.054,-4094.017,60.01303482055664,0
2026-02-04 18:58:40.000,2026-02-04 18:58:50.000,2423,2026-02-04 18:58:51.059,2026-02-04 18:58:47.057,-4001.011,50.02507400512695,0
2026-02-04 18:58:40.000,2026-02-04 18:58:50.000,2108,2026-02-04 18:58:51.149,2026-02-04 18:58:47.063,-4085.507,60.01707077026367,0
2026-02-04 18:58:40.000,2026-02-04 18:58:50.000,477,2026-02-04 18:58:51.166,2026-02-04 18:58:47.071,-4094.510,60.013919830322266,0
2026-02-04 18:58:40.000,2026-02-04 18:58:50.000,2423,2026-02-04 18:58:51.079,2026-02-04 18:58:47.077,-4001.212,50.026161193847656,0
2026-02-04 18:58:40.000,2026-02-04 18:58:50.000,2108,2026-02-04 18:58:51.166,2026-02-04 18:58:47.079,-4086.208,60.02021408081055,0
2026-02-04 18:58:40.000,2026-02-04 18:58:50.000,477,2026-02-04 18:58:51.183,2026-02-04 18:58:47.087,-4095.319,60.01438522338867,0
2026-02-04 18:58:40.000,2026-02-04 18:58:50.000,2108,2026-02-04 18:58:51.183,2026-02-04 18:58:47.095,-4087.250,60.01523208618164,0
2026-02-04 18:58:40.000,2026-02-04 18:58:50.000,2423,2026-02-04 18:58:51.099,2026-02-04 18:58:47.097,-4001.244,50.02629089355469,0
2026-02-04 18:58:40.000,2026-02-04 18:58:50.000,477,2026-02-04 18:58:51.199,2026-02-04 18:58:47.104,-4094.742,60.01444625854492,0
2026-02-04 18:58:40.000,2026-02-04 18:58:50.000,2108,2026-02-04 18:58:51.199,2026-02-04 18:58:47.111,-4087.742,60.00714874267578,0
2026-02-04 18:58:40.000,2026-02-04 18:58:50.000,2423,2026-02-04 18:58:51.119,2026-02-04 18:58:47.117,-4001.716,50.02308654785156,0
2026-02-04 18:58:40.000,2026-02-04 18:58:50.000,477,2026-02-04 18:58:51.216,2026-02-04 18:58:47.121,-4094.718,60.013771057128906,0
2026-02-04 18:58:40.000,2026-02-04 18:58:50.000,2108,2026-02-04 18:58:51.216,2026-02-04 18:58:47.128,-4087.209,60.00782012939453,0
2026-02-04 18:58:40.000,2026-02-04 18:58:50.000,2423,2026-02-04 18:58:51.139,2026-02-04 18:58:47.137,-4001.093,50.023521423339844,0
2026-02-04 18:58:40.000,2026-02-04 18:58:50.000,477,2026-02-04 18:58:51.233,2026-02-04 18:58:47.137,-4095.093,60.013057708740234,0
2026-02-04 18:58:40.000,2026-02-04 18:58:50.000,2108,2026-02-04 18:58:51.233,2026-02-04 18:58:47.145,-4087.449,60.014671325683594,0
2026-02-04 18:58:40.000,2026-02-04 18:58:50.000,477,2026-02-04 18:58:51.249,2026-02-04 18:58:47.154,-4094.366,60.01301956176758,0
2026-02-04 18:58:40.000,2026-02-04 18:58:50.000,2423,2026-02-04 18:58:51.159,2026-02-04 18:58:47.157,-4001.376,50.02788162231445,0
2026-02-04 18:58:40.000,2026-02-04 18:58:50.000,2108,2026-02-04 18:58:51.249,2026-02-04 18:58:47.162,-4086.368,60.01547622680664,0
2026-02-04 18:58:40.000,2026-02-04 18:58:50.000,477,2026-02-04 18:58:51.266,2026-02-04 18:58:47.170,-4095.299,60.01298522949219,0
2026-02-04 18:58:40.000,2026-02-04 18:58:50.000,2423,2026-02-04 18:58:51.179,2026-02-04 18:58:47.178,-4000.791,50.02832794189453,0
2026-02-04 18:58:40.000,2026-02-04 18:58:50.000,2108,2026-02-04 18:58:51.266,2026-02-04 18:58:47.179,-4086.791,60.00977325439453,0
2026-02-04 18:58:40.000,2026-02-04 18:58:50.000,477,2026-02-04 18:58:51.283,2026-02-04 18:58:47.187,-4095.280,60.011993408203125,0
2026-02-04 18:58:40.000,2026-02-04 18:58:50.000,2108,2026-02-04 18:58:51.283,2026-02-04 18:58:47.195,-4087.017,60.0051155090332,0
2026-02-04 18:58:40.000,2026-02-04 18:58:50.000,2423,2026-02-04 18:58:51.199,2026-02-04 18:58:47.196,-4002.026,50.02420425415039,0
2026-02-04 18:58:40.000,2026-02-04 18:58:50.000,477,2026-02-04 18:58:51.299,2026-02-04 18:58:47.204,-4094.440,60.01121139526367,0
2026-02-04 18:58:40.000,2026-02-04 18:58:50.000,2108,2026-02-04 18:58:51.299,2026-02-04 18:58:47.212,-4086.441,60.0084228515625,0
2026-02-04 18:58:40.000,2026-02-04 18:58:50.000,2423,2026-02-04 18:58:51.219,2026-02-04 18:58:47.218,-4000.417,50.023590087890625,0
2026-02-04 18:58:40.000,2026-02-04 18:58:50.000,477,2026-02-04 18:58:51.316,2026-02-04 18:58:47.221,-4094.429,60.0121955871582,0
2026-02-04 18:58:40.000,2026-02-04 18:58:50.000,2108,2026-02-04 18:58:51.316,2026-02-04 18:58:47.229,-4086.864,60.01498031616211,0
2026-02-04 18:58:40.000,2026-02-04 18:58:50.000,2423,2026-02-04 18:58:51.239,2026-02-04 18:58:47.237,-4001.351,50.02729034423828,0
2026-02-04 18:58:40.000,2026-02-04 18:58:50.000,477,2026-02-04 18:58:51.333,2026-02-04 18:58:47.237,-4095.351,60.013694763183594,0
2026-02-04 18:58:40.000,2026-02-04 18:58:50.000,2108,2026-02-04 18:58:51.333,2026-02-04 18:58:47.245,-4087.212,60.0164680480957,0
2026-02-04 18:58:40.000,2026-02-04 18:58:50.000,477,2026-02-04 18:58:51.349,2026-02-04 18:58:47.254,-4094.195,60.014625549316406,0
2026-02-04 18:58:40.000,2026-02-04 18:58:50.000,2423,2026-02-04 18:58:51.259,2026-02-04 18:58:47.257,-4001.189,50.02799606323242,0
2026-02-04 18:58:40.000,2026-02-04 18:58:50.000,2108,2026-02-04 18:58:51.349,2026-02-04 18:58:47.262,-4086.639,60.013458251953125,0
2026-02-04 18:58:40.000,2026-02-04 18:58:50.000,477,2026-02-04 18:58:51.366,2026-02-04 18:58:47.271,-4094.509,60.01468276977539,0
2026-02-04 18:58:40.000,2026-02-04 18:58:50.000,2423,2026-02-04 18:58:51.279,2026-02-04 18:58:47.277,-4001.099,50.025230407714844,0
2026-02-04 18:58:40.000,2026-02-04 18:58:50.000,2108,2026-02-04 18:58:51.366,2026-02-04 18:58:47.278,-4087.098,60.011112213134766,0
2026-02-04 18:58:40.000,2026-02-04 18:58:50.000,477,2026-02-04 18:58:51.383,2026-02-04 18:58:47.287,-4095.582,60.01344299316406,0
2026-02-04 18:58:40.000,2026-02-04 18:58:50.000,2108,2026-02-04 18:58:51.383,2026-02-04 18:58:47.295,-4087.553,60.01064682006836,0
2026-02-04 18:58:40.000,2026-02-04 18:58:50.000,2423,2026-02-04 18:58:51.299,2026-02-04 18:58:47.297,-4001.546,50.02336120605469,0
2026-02-04 18:58:40.000,2026-02-04 18:58:50.000,477,2026-02-04 18:58:51.399,2026-02-04 18:58:47.304,-4094.042,60.012603759765625,0
2026-02-04 18:58:40.000,2026-02-04 18:58:50.000,2108,2026-02-04 18:58:51.399,2026-02-04 18:58:47.310,-4088.042,60.01215362548828,0
2026-02-04 18:58:40.000,2026-02-04 18:58:50.000,2423,2026-02-04 18:58:51.319,2026-02-04 18:58:47.317,-4001.566,50.023414611816406,0
2026-02-04 18:58:40.000,2026-02-04 18:58:50.000,477,2026-02-04 18:58:51.416,2026-02-04 18:58:47.321,-4095.016,60.01325225830078,0
2026-02-04 18:58:40.000,2026-02-04 18:58:50.000,2108,2026-02-04 18:58:51.416,2026-02-04 18:58:47.328,-4087.494,60.012325286865234,0
2026-02-04 18:58:40.000,2026-02-04 18:58:50.000,2423,2026-02-04 18:58:51.339,2026-02-04 18:58:47.337,-4001.057,50.024845123291016,0
2026-02-04 18:58:40.000,2026-02-04 18:58:50.000,477,2026-02-04 18:58:51.433,2026-02-04 18:58:47.338,-4094.058,60.01325607299805,0
2026-02-04 18:58:40.000,2026-02-04 18:58:50.000,2108,2026-02-04 18:58:51.433,2026-02-04 18:58:47.345,-4087.260,60.0091667175293,0
2026-02-04 18:58:40.000,2026-02-04 18:58:50.000,477,2026-02-04 18:58:51.449,2026-02-04 18:58:47.355,-4093.934,60.01227951049805,0
2026-02-04 18:58:40.000,2026-02-04 18:58:50.000,2423,2026-02-04 18:58:51.359,2026-02-04 18:58:47.358,-4000.943,50.02617645263672,0
2026-02-04 18:58:40.000,2026-02-04 18:58:50.000,2108,2026-02-04 18:58:51.449,2026-02-04 18:58:47.362,-4086.425,60.00946807861328,0
2026-02-04 18:58:40.000,2026-02-04 18:58:50.000,477,2026-02-04 18:58:51.466,2026-02-04 18:58:47.371,-4094.419,60.01210403442383,0
2026-02-04 18:58:40.000,2026-02-04 18:58:50.000,2423,2026-02-04 18:58:51.379,2026-02-04 18:58:47.378,-4000.908,50.026248931884766,0
2026-02-04 18:58:40.000,2026-02-04 18:58:50.000,2108,2026-02-04 18:58:51.466,2026-02-04 18:58:47.379,-4086.908,60.01218032836914,0
2026-02-04 18:58:40.000,2026-02-04 18:58:50.000,477,2026-02-04 18:58:51.483,2026-02-04 18:58:47.388,-4094.808,60.012550354003906,0
2026-02-04 18:58:40.000,2026-02-04 18:58:50.000,2108,2026-02-04 18:58:51.483,2026-02-04 18:58:47.395,-4087.296,60.012325286865234,0
2026-02-04 18:58:40.000,2026-02-04 18:58:50.000,2423,2026-02-04 18:58:51.399,2026-02-04 18:58:47.397,-4001.303,50.026885986328125,0
2026-02-04 18:58:40.000,2026-02-04 18:58:50.000,477,2026-02-04 18:58:51.499,2026-02-04 18:58:47.404,-4094.180,60.01314163208008,0
2026-02-04 18:58:40.000,2026-02-04 18:58:50.000,2108,2026-02-04 18:58:51.499,2026-02-04 18:58:47.411,-4087.179,60.0125846862793,0
2026-02-04 18:58:40.000,2026-02-04 18:58:50.000,2423,2026-02-04 18:58:51.419,2026-02-04 18:58:47.417,-4001.349,50.02703094482422,0
2026-02-04 18:58:40.000,2026-02-04 18:58:50.000,477,2026-02-04 18:58:51.516,2026-02-04 18:58:47.421,-4094.357,60.01343536376953,0
2026-02-04 18:58:40.000,2026-02-04 18:58:50.000,2108,2026-02-04 18:58:51.516,2026-02-04 18:58:47.429,-4086.725,60.01284408569336,0
2026-02-04 18:58:40.000,2026-02-04 18:58:50.000,477,2026-02-04 18:58:51.533,2026-02-04 18:58:47.437,-4095.210,60.0133056640625,0
2026-02-04 18:58:40.000,2026-02-04 18:58:50.000,2423,2026-02-04 18:58:51.439,2026-02-04 18:58:47.438,-4000.210,50.0235710144043,0
2026-02-04 18:58:40.000,2026-02-04 18:58:50.000,2108,2026-02-04 18:58:51.533,2026-02-04 18:58:47.445,-4087.114,60.0119743347168,0
2026-02-04 18:58:40.000,2026-02-04 18:58:50.000,477,2026-02-04 18:58:51.549,2026-02-04 18:58:47.454,-4094.602,60.01343536376953,0
2026-02-04 18:58:40.000,2026-02-04 18:58:50.000,2423,2026-02-04 18:58:51.459,2026-02-04 18:58:47.457,-4001.592,50.022056579589844,0
2026-02-04 18:58:40.000,2026-02-04 18:58:50.000,2108,2026-02-04 18:58:51.549,2026-02-04 18:58:47.462,-4086.602,60.01241683959961,0
2026-02-04 18:58:40.000,2026-02-04 18:58:50.000,477,2026-02-04 18:58:51.566,2026-02-04 18:58:47.470,-4095.088,60.0133056640625,0
2026-02-04 18:58:40.000,2026-02-04 18:58:50.000,2423,2026-02-04 18:58:51.479,2026-02-04 18:58:47.478,-4000.577,50.02500534057617,0
2026-02-04 18:58:40.000,2026-02-04 18:58:50.000,2108,2026-02-04 18:58:51.566,2026-02-04 18:58:47.478,-4087.577,60.011356353759766,0
2026-02-04 18:58:40.000,2026-02-04 18:58:50.000,477,2026-02-04 18:58:51.583,2026-02-04 18:58:47.487,-4095.385,60.01286697387695,0
2026-02-04 18:58:40.000,2026-02-04 18:58:50.000,2108,2026-02-04 18:58:51.583,2026-02-04 18:58:47.495,-4087.080,60.008384704589844,0
2026-02-04 18:58:40.000,2026-02-04 18:58:50.000,2423,2026-02-04 18:58:51.499,2026-02-04 18:58:47.497,-4001.073,50.02546310424805,0
2026-02-04 18:58:40.000,2026-02-04 18:58:50.000,477,2026-02-04 18:58:51.599,2026-02-04 18:58:47.504,-4094.569,60.0128059387207,0
2026-02-04 18:58:40.000,2026-02-04 18:58:50.000,2108,2026-02-04 18:58:51.599,2026-02-04 18:58:47.512,-4086.568,60.00981903076172,0
2026-02-04 18:58:40.000,2026-02-04 18:58:50.000,2423,2026-02-04 18:58:51.519,2026-02-04 18:58:47.517,-4001.487,50.02440643310547,0
2026-02-04 18:58:40.000,2026-02-04 18:58:50.000,477,2026-02-04 18:58:51.616,2026-02-04 18:58:47.521,-4094.486,60.012752532958984,0
2026-02-04 18:58:40.000,2026-02-04 18:58:50.000,2108,2026-02-04 18:58:51.616,2026-02-04 18:58:47.529,-4086.398,60.01373291015625,0
2026-02-04 18:58:40.000,2026-02-04 18:58:50.000,477,2026-02-04 18:58:51.633,2026-02-04 18:58:47.537,-4095.060,60.01251220703125,0
2026-02-04 18:58:40.000,2026-02-04 18:58:50.000,2423,2026-02-04 18:58:51.539,2026-02-04 18:58:47.537,-4001.060,50.02521514892578,0
2026-02-04 18:58:40.000,2026-02-04 18:58:50.000,2108,2026-02-04 18:58:51.633,2026-02-04 18:58:47.546,-4086.549,60.014801025390625,0
2026-02-04 18:58:40.000,2026-02-04 18:58:50.000,477,2026-02-04 18:58:51.649,2026-02-04 18:58:47.554,-4094.490,60.01276397705078,0
2026-02-04 18:58:40.000,2026-02-04 18:58:50.000,2423,2026-02-04 18:58:51.559,2026-02-04 18:58:47.557,-4001.497,50.02527618408203,0
2026-02-04 18:58:40.000,2026-02-04 18:58:50.000,2108,2026-02-04 18:58:51.649,2026-02-04 18:58:47.561,-4087.439,60.012474060058594,0
2026-02-04 18:58:40.000,2026-02-04 18:58:50.000,477,2026-02-04 18:58:51.666,2026-02-04 18:58:47.571,-4094.765,60.01263427734375,0
2026-02-04 18:58:40.000,2026-02-04 18:58:50.000,2423,2026-02-04 18:58:51.579,2026-02-04 18:58:47.577,-4001.252,50.02460861206055,0
2026-02-04 18:58:40.000,2026-02-04 18:58:50.000,2108,2026-02-04 18:58:51.666,2026-02-04 18:58:47.578,-4087.252,60.00958251953125,0
2026-02-04 18:58:40.000,2026-02-04 18:58:50.000,477,2026-02-04 18:58:51.683,2026-02-04 18:58:47.587,-4095.522,60.01166534423828,0
2026-02-04 18:58:40.000,2026-02-04 18:58:50.000,2108,2026-02-04 18:58:51.683,2026-02-04 18:58:47.595,-4087.666,60.01102066040039,0
2026-02-04 18:58:40.000,2026-02-04 18:58:50.000,2423,2026-02-04 18:58:51.599,2026-02-04 18:58:47.598,-4000.667,50.02426528930664,0
2026-02-04 18:58:40.000,2026-02-04 18:58:50.000,477,2026-02-04 18:58:51.699,2026-02-04 18:58:47.604,-4094.146,60.011356353759766,0
2026-02-04 18:58:40.000,2026-02-04 18:58:50.000,2108,2026-02-04 18:58:51.699,2026-02-04 18:58:47.611,-4087.147,60.0140266418457,0
2026-02-04 18:58:40.000,2026-02-04 18:58:50.000,2423,2026-02-04 18:58:51.619,2026-02-04 18:58:47.618,-4000.612,50.02403259277344,0
2026-02-04 18:58:40.000,2026-02-04 18:58:50.000,477,2026-02-04 18:58:51.716,2026-02-04 18:58:47.621,-4094.619,60.01166915893555,0
2026-02-04 18:58:40.000,2026-02-04 18:58:50.000,2108,2026-02-04 18:58:51.716,2026-02-04 18:58:47.628,-4087.487,60.012935638427734,0
2026-02-04 18:58:40.000,2026-02-04 18:58:50.000,477,2026-02-04 18:58:51.733,2026-02-04 18:58:47.638,-4094.572,60.01189422607422,0
2026-02-04 18:58:40.000,2026-02-04 18:58:50.000,2423,2026-02-04 18:58:51.639,2026-02-04 18:58:47.638,-4000.572,50.024959564208984,0
2026-02-04 18:58:40.000,2026-02-04 18:58:50.000,2108,2026-02-04 18:58:51.733,2026-02-04 18:58:47.645,-4087.487,60.00941848754883,0
2026-02-04 18:58:40.000,2026-02-04 18:58:50.000,477,2026-02-04 18:58:51.749,2026-02-04 18:58:47.654,-4094.232,60.012603759765625,0
2026-02-04 18:58:40.000,2026-02-04 18:58:50.000,2423,2026-02-04 18:58:51.659,2026-02-04 18:58:47.657,-4001.224,50.025753021240234,0
2026-02-04 18:58:40.000,2026-02-04 18:58:50.000,2108,2026-02-04 18:58:51.749,2026-02-04 18:58:47.661,-4087.229,60.01017761230469,0
2026-02-04 18:58:40.000,2026-02-04 18:58:50.000,477,2026-02-04 18:58:51.766,2026-02-04 18:58:47.671,-4094.728,60.01248550415039,0
2026-02-04 18:58:40.000,2026-02-04 18:58:50.000,2423,2026-02-04 18:58:51.679,2026-02-04 18:58:47.677,-4001.215,50.02473449707031,0
2026-02-04 18:58:40.000,2026-02-04 18:58:50.000,2108,2026-02-04 18:58:51.766,2026-02-04 18:58:47.678,-4087.213,60.012996673583984,0
2026-02-04 18:58:40.000,2026-02-04 18:58:50.000,477,2026-02-04 18:58:51.783,2026-02-04 18:58:47.688,-4094.775,60.01144027709961,0
2026-02-04 18:58:40.000,2026-02-04 18:58:50.000,2108,2026-02-04 18:58:51.783,2026-02-04 18:58:47.695,-4087.265,60.013214111328125,0
2026-02-04 18:58:40.000,2026-02-04 18:58:50.000,2423,2026-02-04 18:58:51.699,2026-02-04 18:58:47.697,-4001.253,50.02448272705078,0
2026-02-04 18:58:40.000,2026-02-04 18:58:50.000,477,2026-02-04 18:58:51.799,2026-02-04 18:58:47.704,-4094.757,60.011802673339844,0
2026-02-04 18:58:40.000,2026-02-04 18:58:50.000,2108,2026-02-04 18:58:51.799,2026-02-04 18:58:47.711,-4087.755,60.01133346557617,0
2026-02-04 18:58:40.000,2026-02-04 18:58:50.000,2423,2026-02-04 18:58:51.719,2026-02-04 18:58:47.718,-4000.728,50.02574920654297,0
2026-02-04 18:58:40.000,2026-02-04 18:58:50.000,477,2026-02-04 18:58:51.816,2026-02-04 18:58:47.721,-4094.729,60.011844635009766,0
2026-02-04 18:58:40.000,2026-02-04 18:58:50.000,2108,2026-02-04 18:58:51.816,2026-02-04 18:58:47.728,-4087.212,60.0072021484375,0
2026-02-04 18:58:40.000,2026-02-04 18:58:50.000,2423,2026-02-04 18:58:51.739,2026-02-04 18:58:47.738,-4001.006,50.02705001831055,0
2026-02-04 18:58:40.000,2026-02-04 18:58:50.000,477,2026-02-04 18:58:51.833,2026-02-04 18:58:47.739,-4094.004,60.011051177978516,0
2026-02-04 18:58:40.000,2026-02-04 18:58:50.000,2108,2026-02-04 18:58:51.833,2026-02-04 18:58:47.745,-4087.490,60.00896072387695,0
2026-02-04 18:58:40.000,2026-02-04 18:58:50.000,477,2026-02-04 18:58:51.849,2026-02-04 18:58:47.754,-4094.214,60.01165008544922,0
2026-02-04 18:58:40.000,2026-02-04 18:58:50.000,2423,2026-02-04 18:58:51.759,2026-02-04 18:58:47.757,-4001.224,50.027103424072266,0
2026-02-04 18:58:40.000,2026-02-04 18:58:50.000,2108,2026-02-04 18:58:51.849,2026-02-04 18:58:47.761,-4087.217,60.01423263549805,0
2026-02-04 18:58:40.000,2026-02-04 18:58:50.000,477,2026-02-04 18:58:51.866,2026-02-04 18:58:47.771,-4094.315,60.01238250732422,0
2026-02-04 18:58:40.000,2026-02-04 18:58:50.000,2423,2026-02-04 18:58:51.779,2026-02-04 18:58:47.778,-4000.795,50.02457809448242,0
2026-02-04 18:58:40.000,2026-02-04 18:58:50.000,2108,2026-02-04 18:58:51.866,2026-02-04 18:58:47.779,-4086.801,60.01408767700195,0
2026-02-04 18:58:40.000,2026-02-04 18:58:50.000,477,2026-02-04 18:58:51.883,2026-02-04 18:58:47.787,-4095.291,60.01218032836914,0
2026-02-04 18:58:40.000,2026-02-04 18:58:50.000,2108,2026-02-04 18:58:51.883,2026-02-04 18:58:47.795,-4087.181,60.012699127197266,0
2026-02-04 18:58:40.000,2026-02-04 18:58:50.000,2423,2026-02-04 18:58:51.799,2026-02-04 18:58:47.797,-4001.189,50.023014068603516,0
2026-02-04 18:58:40.000,2026-02-04 18:58:50.000,477,2026-02-04 18:58:51.899,2026-02-04 18:58:47.804,-4094.122,60.01203918457031,0
2026-02-04 18:58:40.000,2026-02-04 18:58:50.000,2108,2026-02-04 18:58:51.899,2026-02-04 18:58:47.812,-4086.527,60.01237869262695,0
2026-02-04 18:58:40.000,2026-02-04 18:58:50.000,2423,2026-02-04 18:58:51.819,2026-02-04 18:58:47.817,-4001.496,50.02463912963867,0
2026-02-04 18:58:40.000,2026-02-04 18:58:50.000,477,2026-02-04 18:58:51.916,2026-02-04 18:58:47.821,-4094.505,60.01200866699219,0
2026-02-04 18:58:40.000,2026-02-04 18:58:50.000,2108,2026-02-04 18:58:51.916,2026-02-04 18:58:47.828,-4087.405,60.01240921020508,0
2026-02-04 18:58:40.000,2026-02-04 18:58:50.000,2423,2026-02-04 18:58:51.839,2026-02-04 18:58:47.838,-4000.897,50.02434158325195,0
2026-02-04 18:58:40.000,2026-02-04 18:58:50.000,477,2026-02-04 18:58:51.933,2026-02-04 18:58:47.838,-4094.898,60.0119743347168,0
2026-02-04 18:58:40.000,2026-02-04 18:58:50.000,2108,2026-02-04 18:58:51.933,2026-02-04 18:58:47.848,-4084.381,60.01433181762695,0
2026-02-04 18:58:40.000,2026-02-04 18:58:50.000,477,2026-02-04 18:58:51.949,2026-02-04 18:58:47.854,-4094.875,60.01211929321289,0
2026-02-04 18:58:40.000,2026-02-04 18:58:50.000,2423,2026-02-04 18:58:51.859,2026-02-04 18:58:47.858,-4000.868,50.02299499511719,0
2026-02-04 18:58:40.000,2026-02-04 18:58:50.000,2108,2026-02-04 18:58:51.949,2026-02-04 18:58:47.862,-4086.370,60.013946533203125,0
2026-02-04 18:58:40.000,2026-02-04 18:58:50.000,477,2026-02-04 18:58:51.966,2026-02-04 18:58:47.871,-4094.362,60.012001037597656,0
2026-02-04 18:58:40.000,2026-02-04 18:58:50.000,2423,2026-02-04 18:58:51.879,2026-02-04 18:58:47.877,-4001.166,50.02530288696289,0
2026-02-04 18:58:40.000,2026-02-04 18:58:50.000,2108,2026-02-04 18:58:51.966,2026-02-04 18:58:47.878,-4087.167,60.00907516479492,0
2026-02-04 18:58:40.000,2026-02-04 18:58:50.000,477,2026-02-04 18:58:51.983,2026-02-04 18:58:47.888,-4094.742,60.011661529541016,0
2026-02-04 18:58:40.000,2026-02-04 18:58:50.000,2108,2026-02-04 18:58:51.983,2026-02-04 18:58:47.895,-4087.225,60.00821304321289,0
2026-02-04 18:58:40.000,2026-02-04 18:58:50.000,2423,2026-02-04 18:58:51.899,2026-02-04 18:58:47.897,-4001.213,50.0258674621582,0
2026-02-04 18:58:40.000,2026-02-04 18:58:50.000,477,2026-02-04 18:58:51.999,2026-02-04 18:58:47.904,-4094.098,60.01121520996094,0
2026-02-04 18:58:40.000,2026-02-04 18:58:50.000,2108,2026-02-04 18:58:51.999,2026-02-04 18:58:47.912,-4086.591,60.01243209838867,0
2026-02-04 18:58:40.000,2026-02-04 18:58:50.000,2423,2026-02-04 18:58:51.919,2026-02-04 18:58:47.917,-4001.077,50.02250671386719,0
2026-02-04 18:58:40.000,2026-02-04 18:58:50.000,477,2026-02-04 18:58:52.016,2026-02-04 18:58:47.920,-4095.075,60.01114273071289,0
2026-02-04 18:58:40.000,2026-02-04 18:58:50.000,2108,2026-02-04 18:58:52.016,2026-02-04 18:58:47.928,-4087.562,60.01481246948242,0
2026-02-04 18:58:40.000,2026-02-04 18:58:50.000,2423,2026-02-04 18:58:51.939,2026-02-04 18:58:47.937,-4001.265,50.0216178894043,0
2026-02-04 18:58:40.000,2026-02-04 18:58:50.000,477,2026-02-04 18:58:52.033,2026-02-04 18:58:47.937,-4095.265,60.01114273071289,0
2026-02-04 18:58:40.000,2026-02-04 18:58:50.000,2108,2026-02-04 18:58:52.033,2026-02-04 18:58:47.946,-4086.983,60.0130500793457,0
2026-02-04 18:58:40.000,2026-02-04 18:58:50.000,477,2026-02-04 18:58:52.049,2026-02-04 18:58:47.954,-4094.464,60.01057815551758,0
2026-02-04 18:58:40.000,2026-02-04 18:58:50.000,2423,2026-02-04 18:58:51.959,2026-02-04 18:58:47.957,-4001.473,50.02519989013672,0
2026-02-04 18:58:40.000,2026-02-04 18:58:50.000,2108,2026-02-04 18:58:52.049,2026-02-04 18:58:47.962,-4086.466,60.00901794433594,0
2026-02-04 18:58:40.000,2026-02-04 18:58:50.000,477,2026-02-04 18:58:52.066,2026-02-04 18:58:47.970,-4095.089,60.009918212890625,0
2026-02-04 18:58:40.000,2026-02-04 18:58:50.000,2423,2026-02-04 18:58:51.979,2026-02-04 18:58:47.977,-4001.576,50.02768325805664,0
2026-02-04 18:58:40.000,2026-02-04 18:58:50.000,2108,2026-02-04 18:58:52.066,2026-02-04 18:58:47.979,-4086.577,60.00934600830078,0
2026-02-04 18:58:40.000,2026-02-04 18:58:50.000,477,2026-02-04 18:58:52.083,2026-02-04 18:58:47.987,-4095.060,60.01013946533203,0
2026-02-04 18:58:40.000,2026-02-04 18:58:50.000,2108,2026-02-04 18:58:52.083,2026-02-04 18:58:47.995,-4087.550,60.01397705078125,0
2026-02-04 18:58:40.000,2026-02-04 18:58:50.000,2423,2026-02-04 18:58:51.999,2026-02-04 18:58:47.997,-4001.559,50.02430725097656,0
2026-02-04 18:58:40.000,2026-02-04 18:58:50.000,477,2026-02-04 18:58:52.099,2026-02-04 18:58:48.003,-4095.096,60.010799407958984,0
2026-02-04 18:58:40.000,2026-02-04 18:58:50.000,2108,2026-02-04 18:58:52.099,2026-02-04 18:58:48.014,-4084.472,60.01423263549805,0
2026-02-04 18:58:40.000,2026-02-04 18:58:50.000,2423,2026-02-04 18:58:52.019,2026-02-04 18:58:48.017,-4001.429,50.022666931152344,0
2026-02-04 18:58:40.000,2026-02-04 18:58:50.000,477,2026-02-04 18:58:52.116,2026-02-04 18:58:48.021,-4094.924,60.01082229614258,0
2026-02-04 18:58:40.000,2026-02-04 18:58:50.000,2108,2026-02-04 18:58:52.116,2026-02-04 18:58:48.029,-4086.824,60.00982666015625,0
2026-02-04 18:58:40.000,2026-02-04 18:58:50.000,477,2026-02-04 18:58:52.133,2026-02-04 18:58:48.037,-4095.315,60.01087951660156,0
2026-02-04 18:58:40.000,2026-02-04 18:58:50.000,2423,2026-02-04 18:58:52.039,2026-02-04 18:58:48.037,-4001.315,50.02724838256836,0
2026-02-04 18:58:40.000,2026-02-04 18:58:50.000,2108,2026-02-04 18:58:52.133,2026-02-04 18:58:48.045,-4087.045,60.009334564208984,0
2026-02-04 18:58:40.000,2026-02-04 18:58:50.000,477,2026-02-04 18:58:52.149,2026-02-04 18:58:48.054,-4094.027,60.01092529296875,0
2026-02-04 18:58:40.000,2026-02-04 18:58:50.000,2423,2026-02-04 18:58:52.059,2026-02-04 18:58:48.057,-4001.444,50.0274772644043,0
2026-02-04 18:58:40.000,2026-02-04 18:58:50.000,2108,2026-02-04 18:58:52.149,2026-02-04 18:58:48.062,-4086.454,60.01197052001953,0
2026-02-04 18:58:40.000,2026-02-04 18:58:50.000,477,2026-02-04 18:58:52.166,2026-02-04 18:58:48.071,-4094.944,60.01015090942383,0
2026-02-04 18:58:40.000,2026-02-04 18:58:50.000,2423,2026-02-04 18:58:52.079,2026-02-04 18:58:48.077,-4001.434,50.0229606628418,0
2026-02-04 18:58:40.000,2026-02-04 18:58:50.000,2108,2026-02-04 18:58:52.166,2026-02-04 18:58:48.079,-4086.434,60.01214599609375,0
2026-02-04 18:58:40.000,2026-02-04 18:58:50.000,477,2026-02-04 18:58:52.183,2026-02-04 18:58:48.087,-4095.285,60.010215759277344,0
2026-02-04 18:58:40.000,2026-02-04 18:58:50.000,2108,2026-02-04 18:58:52.183,2026-02-04 18:58:48.095,-4087.221,60.01240921020508,0
2026-02-04 18:58:40.000,2026-02-04 18:58:50.000,2423,2026-02-04 18:58:52.099,2026-02-04 18:58:48.097,-4001.210,50.02296829223633,0
2026-02-04 18:58:40.000,2026-02-04 18:58:50.000,477,2026-02-04 18:58:52.199,2026-02-04 18:58:48.104,-4094.167,60.01077651977539,0
2026-02-04 18:58:40.000,2026-02-04 18:58:50.000,2108,2026-02-04 18:58:52.199,2026-02-04 18:58:48.111,-4087.166,60.01038360595703,0
2026-02-04 18:58:40.000,2026-02-04 18:58:50.000,2423,2026-02-04 18:58:52.119,2026-02-04 18:58:48.117,-4001.534,50.02494812011719,0
2026-02-04 18:58:40.000,2026-02-04 18:58:50.000,477,2026-02-04 18:58:52.216,2026-02-04 18:58:48.121,-4094.535,60.010498046875,0
2026-02-04 18:58:40.000,2026-02-04 18:58:50.000,2108,2026-02-04 18:58:52.216,2026-02-04 18:58:48.128,-4087.409,60.00934982299805,0
2026-02-04 18:58:40.000,2026-02-04 18:58:50.000,2423,2026-02-04 18:58:52.139,2026-02-04 18:58:48.137,-4001.307,50.024356842041016,0
2026-02-04 18:58:40.000,2026-02-04 18:58:50.000,477,2026-02-04 18:58:52.233,2026-02-04 18:58:48.137,-4095.307,60.01029968261719,0
2026-02-04 18:58:40.000,2026-02-04 18:58:50.000,2108,2026-02-04 18:58:52.233,2026-02-04 18:58:48.145,-4087.024,60.01304626464844,0
2026-02-04 18:58:40.000,2026-02-04 18:58:50.000,477,2026-02-04 18:58:52.249,2026-02-04 18:58:48.154,-4094.512,60.01042175292969,0
2026-02-04 18:58:40.000,2026-02-04 18:58:50.000,2423,2026-02-04 18:58:52.159,2026-02-04 18:58:48.157,-4001.521,50.023155212402344,0
2026-02-04 18:58:40.000,2026-02-04 18:58:50.000,2108,2026-02-04 18:58:52.249,2026-02-04 18:58:48.162,-4086.512,60.01221466064453,0
2026-02-04 18:58:40.000,2026-02-04 18:58:50.000,2423,2026-02-04 18:58:52.179,2026-02-04 18:58:48.177,-4001.171,50.02368927001953,0
2026-02-04 18:58:40.000,2026-02-04 18:58:50.000,2108,2026-02-04 18:58:52.266,2026-02-04 18:58:48.178,-4087.172,60.00768280029297,0
2026-02-04 18:58:40.000,2026-02-04 18:58:50.000,477,2026-02-04 18:58:52.266,2026-02-04 18:58:48.194,-4071.133,60.00984573364258,0
2026-02-04 18:58:40.000,2026-02-04 18:58:50.000,477,2026-02-04 18:58:52.283,2026-02-04 18:58:48.194,-4088.133,60.00968933105469,0
2026-02-04 18:58:40.000,2026-02-04 18:58:50.000,2108,2026-02-04 18:58:52.283,2026-02-04 18:58:48.195,-4087.132,60.00880432128906,0
2026-02-04 18:58:40.000,2026-02-04 18:58:50.000,2423,2026-02-04 18:58:52.199,2026-02-04 18:58:48.197,-4001.142,50.02531814575195,0
2026-02-04 18:58:40.000,2026-02-04 18:58:50.000,477,2026-02-04 18:58:52.299,2026-02-04 18:58:48.204,-4094.623,60.01044464111328,0
2026-02-04 18:58:40.000,2026-02-04 18:58:50.000,2108,2026-02-04 18:58:52.299,2026-02-04 18:58:48.212,-4086.623,60.012977600097656,0
2026-02-04 18:58:40.000,2026-02-04 18:58:50.000,2423,2026-02-04 18:58:52.219,2026-02-04 18:58:48.221,-3997.591,50.02507019042969,0
2026-02-04 18:58:40.000,2026-02-04 18:58:50.000,477,2026-02-04 18:58:52.316,2026-02-04 18:58:48.222,-4093.600,60.01072311401367,0
2026-02-04 18:58:40.000,2026-02-04 18:58:50.000,2423,2026-02-04 18:58:52.239,2026-02-04 18:58:48.237,-4001.581,50.022518157958984,0
2026-02-04 18:58:40.000,2026-02-04 18:58:50.000,477,2026-02-04 18:58:52.333,2026-02-04 18:58:48.238,-4094.580,60.010704040527344,0
2026-02-04 18:58:40.000,2026-02-04 18:58:50.000,2108,2026-02-04 18:58:52.316,2026-02-04 18:58:48.252,-4063.474,60.01458740234375,0
2026-02-04 18:58:40.000,2026-02-04 18:58:50.000,2108,2026-02-04 18:58:52.333,2026-02-04 18:58:48.252,-4080.474,60.01301574707031,0
2026-02-04 18:58:40.000,2026-02-04 18:58:50.000,477,2026-02-04 18:58:52.349,2026-02-04 18:58:48.254,-4094.023,60.01018524169922,0
2026-02-04 18:58:40.000,2026-02-04 18:58:50.000,2423,2026-02-04 18:58:52.259,2026-02-04 18:58:48.257,-4001.015,50.02141189575195,0
2026-02-04 18:58:40.000,2026-02-04 18:58:50.000,2108,2026-02-04 18:58:52.349,2026-02-04 18:58:48.263,-4085.512,60.006988525390625,0
2026-02-04 18:58:40.000,2026-02-04 18:58:50.000,2423,2026-02-04 18:58:52.279,2026-02-04 18:58:48.278,-4001.006,50.02292251586914,0
2026-02-04 18:58:40.000,2026-02-04 18:58:50.000,2108,2026-02-04 18:58:52.366,2026-02-04 18:58:48.279,-4087.004,60.005794525146484,0
2026-02-04 18:58:40.000,2026-02-04 18:58:50.000,2108,2026-02-04 18:58:52.383,2026-02-04 18:58:48.295,-4087.158,60.01390838623047,0
2026-02-04 18:58:40.000,2026-02-04 18:58:50.000,477,2026-02-04 18:58:52.366,2026-02-04 18:58:48.295,-4070.158,60.0092887878418,0
2026-02-04 18:58:40.000,2026-02-04 18:58:50.000,477,2026-02-04 18:58:52.383,2026-02-04 18:58:48.295,-4087.158,60.00935363769531,0
2026-02-04 18:58:40.000,2026-02-04 18:58:50.000,2423,2026-02-04 18:58:52.299,2026-02-04 18:58:48.297,-4001.147,50.02366638183594,0
2026-02-04 18:58:40.000,2026-02-04 18:58:50.000,477,2026-02-04 18:58:52.399,2026-02-04 18:58:48.304,-4094.647,60.009857177734375,0
2026-02-04 18:58:40.000,2026-02-04 18:58:50.000,2423,2026-02-04 18:58:52.319,2026-02-04 18:58:48.318,-4000.628,50.02340316772461,0
2026-02-04 18:58:40.000,2026-02-04 18:58:50.000,477,2026-02-04 18:58:52.416,2026-02-04 18:58:48.321,-4094.626,60.009788513183594,0
2026-02-04 18:58:40.000,2026-02-04 18:58:50.000,477,2026-02-04 18:58:52.433,2026-02-04 18:58:48.337,-4095.273,60.01009750366211,0
2026-02-04 18:58:40.000,2026-02-04 18:58:50.000,2423,2026-02-04 18:58:52.339,2026-02-04 18:58:48.337,-4001.274,50.02442932128906,0
2026-02-04 18:58:40.000,2026-02-04 18:58:50.000,2108,2026-02-04 18:58:52.399,2026-02-04 18:58:48.348,-4050.152,60.016578674316406,0
2026-02-04 18:58:40.000,2026-02-04 18:58:50.000,2108,2026-02-04 18:58:52.416,2026-02-04 18:58:48.349,-4066.151,60.01029968261719,0
2026-02-04 18:58:40.000,2026-02-04 18:58:50.000,2108,2026-02-04 18:58:52.433,2026-02-04 18:58:48.349,-4083.143,60.00646209716797,0
2026-02-04 18:58:40.000,2026-02-04 18:58:50.000,477,2026-02-04 18:58:52.449,2026-02-04 18:58:48.359,-4089.630,60.01039505004883,0
2026-02-04 18:58:40.000,2026-02-04 18:58:50.000,2423,2026-02-04 18:58:52.359,2026-02-04 18:58:48.359,-3999.638,50.025421142578125,0
2026-02-04 18:58:40.000,2026-02-04 18:58:50.000,2108,2026-02-04 18:58:52.449,2026-02-04 18:58:48.362,-4086.625,60.007442474365234,0
2026-02-04 18:58:40.000,2026-02-04 18:58:50.000,477,2026-02-04 18:58:52.466,2026-02-04 18:58:48.371,-4094.536,60.010074615478516,0
2026-02-04 18:58:40.000,2026-02-04 18:58:50.000,2423,2026-02-04 18:58:52.379,2026-02-04 18:58:48.377,-4001.016,50.02497100830078,0
2026-02-04 18:58:40.000,2026-02-04 18:58:50.000,2108,2026-02-04 18:58:52.466,2026-02-04 18:58:48.378,-4087.021,60.00899124145508,0
2026-02-04 18:58:40.000,2026-02-04 18:58:50.000,477,2026-02-04 18:58:52.483,2026-02-04 18:58:48.388,-4094.510,60.00996398925781,0
2026-02-04 18:58:40.000,2026-02-04 18:58:50.000,2108,2026-02-04 18:58:52.483,2026-02-04 18:58:48.396,-4086.996,60.01101303100586,0
2026-02-04 18:58:40.000,2026-02-04 18:58:50.000,2423,2026-02-04 18:58:52.399,2026-02-04 18:58:48.409,-3989.488,50.02330017089844,0
2026-02-04 18:58:40.000,2026-02-04 18:58:50.000,477,2026-02-04 18:58:52.499,2026-02-04 18:58:48.410,-4088.482,60.01030349731445,0
2026-02-04 18:58:40.000,2026-02-04 18:58:50.000,2108,2026-02-04 18:58:52.499,2026-02-04 18:58:48.412,-4086.483,60.0118408203125,0
2026-02-04 18:58:40.000,2026-02-04 18:58:50.000,2423,2026-02-04 18:58:52.419,2026-02-04 18:58:48.426,-3992.305,50.02204513549805,0
2026-02-04 18:58:40.000,2026-02-04 18:58:50.000,2108,2026-02-04 18:58:52.516,2026-02-04 18:58:48.428,-4087.314,60.01051330566406,0
2026-02-04 18:58:40.000,2026-02-04 18:58:50.000,2423,2026-02-04 18:58:52.439,2026-02-04 18:58:48.438,-4000.803,50.02294921875,0
2026-02-04 18:58:40.000,2026-02-04 18:58:50.000,2108,2026-02-04 18:58:52.533,2026-02-04 18:58:48.445,-4087.287,60.01017761230469,0
2026-02-04 18:58:40.000,2026-02-04 18:58:50.000,477,2026-02-04 18:58:52.516,2026-02-04 18:58:48.454,-4061.276,60.0106086730957,0
2026-02-04 18:58:40.000,2026-02-04 18:58:50.000,477,2026-02-04 18:58:52.533,2026-02-04 18:58:48.455,-4077.270,60.00996017456055,0
2026-02-04 18:58:40.000,2026-02-04 18:58:50.000,477,2026-02-04 18:58:52.549,2026-02-04 18:58:48.458,-4090.686,60.00905990600586,0
2026-02-04 18:58:40.000,2026-02-04 18:58:50.000,2423,2026-02-04 18:58:52.459,2026-02-04 18:58:48.459,-3999.679,50.024166107177734,0
2026-02-04 18:58:40.000,2026-02-04 18:58:50.000,2108,2026-02-04 18:58:52.549,2026-02-04 18:58:48.470,-4078.171,60.009761810302734,0
2026-02-04 18:58:40.000,2026-02-04 18:58:50.000,477,2026-02-04 18:58:52.566,2026-02-04 18:58:48.471,-4094.171,60.008731842041016,0
2026-02-04 18:58:40.000,2026-02-04 18:58:50.000,2423,2026-02-04 18:58:52.479,2026-02-04 18:58:48.477,-4001.704,50.023807525634766,0
2026-02-04 18:58:40.000,2026-02-04 18:58:50.000,2108,2026-02-04 18:58:52.566,2026-02-04 18:58:48.479,-4086.703,60.008365631103516,0
2026-02-04 18:58:40.000,2026-02-04 18:58:50.000,477,2026-02-04 18:58:52.583,2026-02-04 18:58:48.487,-4095.183,60.009132385253906,0
2026-02-04 18:58:40.000,2026-02-04 18:58:50.000,2423,2026-02-04 18:58:52.499,2026-02-04 18:58:48.498,-4000.664,50.023284912109375,0
2026-02-04 18:58:40.000,2026-02-04 18:58:50.000,477,2026-02-04 18:58:52.599,2026-02-04 18:58:48.504,-4094.158,60.0098762512207,0
2026-02-04 18:58:40.000,2026-02-04 18:58:50.000,2108,2026-02-04 18:58:52.583,2026-02-04 18:58:48.517,-4065.126,60.00730895996094,0
2026-02-04 18:58:40.000,2026-02-04 18:58:50.000,2108,2026-02-04 18:58:52.599,2026-02-04 18:58:48.517,-4081.126,60.0076904296875,0
2026-02-04 18:58:40.000,2026-02-04 18:58:50.000,2423,2026-02-04 18:58:52.519,2026-02-04 18:58:48.520,-3998.126,50.02383804321289,0
2026-02-04 18:58:40.000,2026-02-04 18:58:50.000,2108,2026-02-04 18:58:52.616,2026-02-04 18:58:48.535,-4080.089,60.011470794677734,0
2026-02-04 18:58:40.000,2026-02-04 18:58:50.000,2423,2026-02-04 18:58:52.539,2026-02-04 18:58:48.544,-3994.571,50.02384948730469,0
2026-02-04 18:58:40.000,2026-02-04 18:58:50.000,2108,2026-02-04 18:58:52.633,2026-02-04 18:58:48.545,-4087.566,60.01377487182617,0
2026-02-04 18:58:40.000,2026-02-04 18:58:50.000,477,2026-02-04 18:58:52.616,2026-02-04 18:58:48.557,-4058.054,60.01008987426758,0
2026-02-04 18:58:40.000,2026-02-04 18:58:50.000,477,2026-02-04 18:58:52.633,2026-02-04 18:58:48.559,-4073.786,60.00987243652344,0
2026-02-04 18:58:40.000,2026-02-04 18:58:50.000,2423,2026-02-04 18:58:52.559,2026-02-04 18:58:48.559,-3999.794,50.022220611572266,0
2026-02-04 18:58:40.000,2026-02-04 18:58:50.000,2108,2026-02-04 18:58:52.649,2026-02-04 18:58:48.562,-4086.279,60.010223388671875,0
2026-02-04 18:58:40.000,2026-02-04 18:58:50.000,477,2026-02-04 18:58:52.649,2026-02-04 18:58:48.563,-4085.271,60.010223388671875,0
2026-02-04 18:58:40.000,2026-02-04 18:58:50.000,477,2026-02-04 18:58:52.666,2026-02-04 18:58:48.570,-4095.187,60.010398864746094,0
2026-02-04 18:58:40.000,2026-02-04 18:58:50.000,2423,2026-02-04 18:58:52.579,2026-02-04 18:58:48.579,-3999.115,50.02141571044922,0
2026-02-04 18:58:40.000,2026-02-04 18:58:50.000,477,2026-02-04 18:58:52.683,2026-02-04 18:58:48.587,-4095.084,60.0097541809082,0
2026-02-04 18:58:40.000,2026-02-04 18:58:50.000,2423,2026-02-04 18:58:52.599,2026-02-04 18:58:48.597,-4001.022,50.02363204956055,0
2026-02-04 18:58:40.000,2026-02-04 18:58:50.000,2108,2026-02-04 18:58:52.666,2026-02-04 18:58:48.602,-4063.507,60.00511169433594,0
2026-02-04 18:58:40.000,2026-02-04 18:58:50.000,2108,2026-02-04 18:58:52.683,2026-02-04 18:58:48.603,-4079.502,60.005252838134766,0
2026-02-04 18:58:40.000,2026-02-04 18:58:50.000,477,2026-02-04 18:58:52.699,2026-02-04 18:58:48.604,-4094.503,60.00939178466797,0
2026-02-04 18:58:40.000,2026-02-04 18:58:50.000,2108,2026-02-04 18:58:52.699,2026-02-04 18:58:48.613,-4085.452,60.00978469848633,0
2026-02-04 18:58:40.000,2026-02-04 18:58:50.000,2423,2026-02-04 18:58:52.619,2026-02-04 18:58:48.619,-3999.941,50.02433395385742,0
2026-02-04 18:58:40.000,2026-02-04 18:58:50.000,477,2026-02-04 18:58:52.716,2026-02-04 18:58:48.621,-4094.952,60.0092658996582,0
2026-02-04 18:58:40.000,2026-02-04 18:58:50.000,2108,2026-02-04 18:58:52.716,2026-02-04 18:58:48.628,-4087.436,60.01350784301758,0
2026-02-04 18:58:40.000,2026-02-04 18:58:50.000,2423,2026-02-04 18:58:52.639,2026-02-04 18:58:48.637,-4001.255,50.02149963378906,0
2026-02-04 18:58:40.000,2026-02-04 18:58:50.000,477,2026-02-04 18:58:52.733,2026-02-04 18:58:48.637,-4095.255,60.0092658996582,0
2026-02-04 18:58:40.000,2026-02-04 18:58:50.000,2108,2026-02-04 18:58:52.733,2026-02-04 18:58:48.644,-4088.026,60.01209259033203,0
2026-02-04 18:58:40.000,2026-02-04 18:58:50.000,477,2026-02-04 18:58:52.749,2026-02-04 18:58:48.654,-4094.515,60.00958251953125,0
2026-02-04 18:58:40.000,2026-02-04 18:58:50.000,2423,2026-02-04 18:58:52.659,2026-02-04 18:58:48.657,-4001.507,50.02195739746094,0
2026-02-04 18:58:40.000,2026-02-04 18:58:50.000,2108,2026-02-04 18:58:52.749,2026-02-04 18:58:48.662,-4086.514,60.00830841064453,0
2026-02-04 18:58:40.000,2026-02-04 18:58:50.000,477,2026-02-04 18:58:52.766,2026-02-04 18:58:48.671,-4094.807,60.00962448120117,0
2026-02-04 18:58:40.000,2026-02-04 18:58:50.000,2423,2026-02-04 18:58:52.679,2026-02-04 18:58:48.677,-4001.287,50.02422332763672,0
2026-02-04 18:58:40.000,2026-02-04 18:58:50.000,2108,2026-02-04 18:58:52.766,2026-02-04 18:58:48.678,-4087.287,60.0097541809082,0
2026-02-04 18:58:40.000,2026-02-04 18:58:50.000,477,2026-02-04 18:58:52.783,2026-02-04 18:58:48.687,-4095.261,60.00930404663086,0
2026-02-04 18:58:40.000,2026-02-04 18:58:50.000,2108,2026-02-04 18:58:52.783,2026-02-04 18:58:48.695,-4087.749,60.01279067993164,0
2026-02-04 18:58:40.000,2026-02-04 18:58:50.000,2423,2026-02-04 18:58:52.699,2026-02-04 18:58:48.698,-4000.739,50.022464752197266,0
2026-02-04 18:58:40.000,2026-02-04 18:58:50.000,477,2026-02-04 18:58:52.799,2026-02-04 18:58:48.704,-4094.233,60.009613037109375,0
2026-02-04 18:58:40.000,2026-02-04 18:58:50.000,2108,2026-02-04 18:58:52.799,2026-02-04 18:58:48.711,-4087.232,60.01200485229492,0
2026-02-04 18:58:40.000,2026-02-04 18:58:50.000,2423,2026-02-04 18:58:52.719,2026-02-04 18:58:48.717,-4001.589,50.02000427246094,0
2026-02-04 18:58:40.000,2026-02-04 18:58:50.000,477,2026-02-04 18:58:52.816,2026-02-04 18:58:48.721,-4094.593,60.00968933105469,0
2026-02-04 18:58:40.000,2026-02-04 18:58:50.000,2108,2026-02-04 18:58:52.816,2026-02-04 18:58:48.729,-4086.914,60.00786209106445,0
2026-02-04 18:58:40.000,2026-02-04 18:58:50.000,477,2026-02-04 18:58:52.833,2026-02-04 18:58:48.737,-4095.309,60.00920486450195,0
2026-02-04 18:58:40.000,2026-02-04 18:58:50.000,2423,2026-02-04 18:58:52.739,2026-02-04 18:58:48.737,-4001.309,50.02077865600586,0
2026-02-04 18:58:40.000,2026-02-04 18:58:50.000,2108,2026-02-04 18:58:52.833,2026-02-04 18:58:48.745,-4087.798,60.006622314453125,0
2026-02-04 18:58:40.000,2026-02-04 18:58:50.000,477,2026-02-04 18:58:52.849,2026-02-04 18:58:48.754,-4094.706,60.00938034057617,0
2026-02-04 18:58:40.000,2026-02-04 18:58:50.000,2423,2026-02-04 18:58:52.759,2026-02-04 18:58:48.758,-4000.714,50.022438049316406,0
2026-02-04 18:58:40.000,2026-02-04 18:58:50.000,2108,2026-02-04 18:58:52.849,2026-02-04 18:58:48.761,-4087.703,60.009742736816406,0
2026-02-04 18:58:40.000,2026-02-04 18:58:50.000,477,2026-02-04 18:58:52.866,2026-02-04 18:58:48.771,-4094.679,60.0093994140625,0
2026-02-04 18:58:40.000,2026-02-04 18:58:50.000,2423,2026-02-04 18:58:52.779,2026-02-04 18:58:48.778,-4000.597,50.02193832397461,0
2026-02-04 18:58:40.000,2026-02-04 18:58:50.000,2108,2026-02-04 18:58:52.866,2026-02-04 18:58:48.779,-4086.603,60.01279830932617,0
2026-02-04 18:58:40.000,2026-02-04 18:58:50.000,477,2026-02-04 18:58:52.883,2026-02-04 18:58:48.787,-4095.087,60.009185791015625,0
2026-02-04 18:58:40.000,2026-02-04 18:58:50.000,2108,2026-02-04 18:58:52.883,2026-02-04 18:58:48.795,-4087.580,60.012428283691406,0
2026-02-04 18:58:40.000,2026-02-04 18:58:50.000,2423,2026-02-04 18:58:52.799,2026-02-04 18:58:48.797,-4001.588,50.02162551879883,0
2026-02-04 18:58:40.000,2026-02-04 18:58:50.000,2108,2026-02-04 18:58:52.899,2026-02-04 18:58:48.812,-4086.555,60.00925827026367,0
2026-02-04 18:58:40.000,2026-02-04 18:58:50.000,477,2026-02-04 18:58:52.899,2026-02-04 18:58:48.814,-4084.274,60.00959777832031,0
2026-02-04 18:58:40.000,2026-02-04 18:58:50.000,2423,2026-02-04 18:58:52.819,2026-02-04 18:58:48.818,-4000.764,50.02375411987305,0
2026-02-04 18:58:40.000,2026-02-04 18:58:50.000,477,2026-02-04 18:58:52.916,2026-02-04 18:58:48.827,-4088.252,60.009490966796875,0
2026-02-04 18:58:40.000,2026-02-04 18:58:50.000,2108,2026-02-04 18:58:52.916,2026-02-04 18:58:48.829,-4086.252,60.00843048095703,0
2026-02-04 18:58:40.000,2026-02-04 18:58:50.000,2423,2026-02-04 18:58:52.839,2026-02-04 18:58:48.837,-4001.231,50.0257682800293,0
2026-02-04 18:58:40.000,2026-02-04 18:58:50.000,2108,2026-02-04 18:58:52.933,2026-02-04 18:58:48.846,-4086.856,60.00779342651367,0
2026-02-04 18:58:40.000,2026-02-04 18:58:50.000,477,2026-02-04 18:58:52.933,2026-02-04 18:58:48.850,-4082.853,60.00856399536133,0
2026-02-04 18:58:40.000,2026-02-04 18:58:50.000,2423,2026-02-04 18:58:52.859,2026-02-04 18:58:48.857,-4001.331,50.02405548095703,0
2026-02-04 18:58:40.000,2026-02-04 18:58:50.000,477,2026-02-04 18:58:52.949,2026-02-04 18:58:48.859,-4089.342,60.008174896240234,0
2026-02-04 18:58:40.000,2026-02-04 18:58:50.000,2108,2026-02-04 18:58:52.949,2026-02-04 18:58:48.861,-4087.342,60.00679016113281,0
2026-02-04 18:58:40.000,2026-02-04 18:58:50.000,477,2026-02-04 18:58:52.966,2026-02-04 18:58:48.874,-4091.113,60.00891876220703,0
2026-02-04 18:58:40.000,2026-02-04 18:58:50.000,2423,2026-02-04 18:58:52.879,2026-02-04 18:58:48.877,-4001.113,50.021209716796875,0
2026-02-04 18:58:40.000,2026-02-04 18:58:50.000,2108,2026-02-04 18:58:52.966,2026-02-04 18:58:48.879,-4086.112,60.00730895996094,0
2026-02-04 18:58:40.000,2026-02-04 18:58:50.000,477,2026-02-04 18:58:52.983,2026-02-04 18:58:48.887,-4095.598,60.00969696044922,0
2026-02-04 18:58:40.000,2026-02-04 18:58:50.000,2108,2026-02-04 18:58:52.983,2026-02-04 18:58:48.895,-4087.091,60.00870895385742,0
2026-02-04 18:58:40.000,2026-02-04 18:58:50.000,2423,2026-02-04 18:58:52.899,2026-02-04 18:58:48.897,-4001.083,50.02128601074219,0
2026-02-04 18:58:40.000,2026-02-04 18:58:50.000,477,2026-02-04 18:58:52.999,2026-02-04 18:58:48.904,-4094.575,60.010066986083984,0
2026-02-04 18:58:40.000,2026-02-04 18:58:50.000,2108,2026-02-04 18:58:52.999,2026-02-04 18:58:48.912,-4086.073,60.01275634765625,0
2026-02-04 18:58:40.000,2026-02-04 18:58:50.000,2423,2026-02-04 18:58:52.919,2026-02-04 18:58:48.918,-4000.490,50.021732330322266,0
2026-02-04 18:58:40.000,2026-02-04 18:58:50.000,477,2026-02-04 18:58:53.016,2026-02-04 18:58:48.921,-4094.491,60.00994873046875,0
2026-02-04 18:58:40.000,2026-02-04 18:58:50.000,2108,2026-02-04 18:58:53.016,2026-02-04 18:58:48.928,-4087.403,60.014610290527344,0
2026-02-04 18:58:40.000,2026-02-04 18:58:50.000,477,2026-02-04 18:58:53.033,2026-02-04 18:58:48.937,-4095.326,60.009395599365234,0
2026-02-04 18:58:40.000,2026-02-04 18:58:50.000,2423,2026-02-04 18:58:52.939,2026-02-04 18:58:48.937,-4001.326,50.021610260009766,0
2026-02-04 18:58:40.000,2026-02-04 18:58:50.000,2108,2026-02-04 18:58:53.033,2026-02-04 18:58:48.945,-4087.744,60.01152038574219,0
2026-02-04 18:58:40.000,2026-02-04 18:58:50.000,477,2026-02-04 18:58:53.049,2026-02-04 18:58:48.954,-4094.220,60.00930404663086,0
2026-02-04 18:58:40.000,2026-02-04 18:58:50.000,2423,2026-02-04 18:58:52.959,2026-02-04 18:58:48.957,-4001.230,50.02280807495117,0
2026-02-04 18:58:40.000,2026-02-04 18:58:50.000,2108,2026-02-04 18:58:53.049,2026-02-04 18:58:48.961,-4087.223,60.00771713256836,0
2026-02-04 18:58:40.000,2026-02-04 18:58:50.000,477,2026-02-04 18:58:53.066,2026-02-04 18:58:48.970,-4095.193,60.009422302246094,0
2026-02-04 18:58:40.000,2026-02-04 18:58:50.000,2423,2026-02-04 18:58:52.979,2026-02-04 18:58:48.977,-4001.094,50.02273178100586,0
2026-02-04 18:58:40.000,2026-02-04 18:58:50.000,2108,2026-02-04 18:58:53.066,2026-02-04 18:58:48.978,-4087.095,60.00646209716797,0
2026-02-04 18:58:40.000,2026-02-04 18:58:50.000,477,2026-02-04 18:58:53.083,2026-02-04 18:58:48.990,-4092.581,60.0093879699707,0
2026-02-04 18:58:40.000,2026-02-04 18:58:50.000,2108,2026-02-04 18:58:53.083,2026-02-04 18:58:48.995,-4087.425,60.007102966308594,0
2026-02-04 18:58:40.000,2026-02-04 18:58:50.000,2423,2026-02-04 18:58:52.999,2026-02-04 18:58:48.998,-4000.438,50.02253341674805,0
2026-02-04 18:58:40.000,2026-02-04 18:58:50.000,477,2026-02-04 18:58:53.099,2026-02-04 18:58:49.004,-4094.233,60.009124755859375,0
2026-02-04 18:58:40.000,2026-02-04 18:58:50.000,2108,2026-02-04 18:58:53.099,2026-02-04 18:58:49.013,-4085.644,60.00879669189453,0
2026-02-04 18:58:40.000,2026-02-04 18:58:50.000,2423,2026-02-04 18:58:53.019,2026-02-04 18:58:49.020,-3998.800,50.02423858642578,0
2026-02-04 18:58:40.000,2026-02-04 18:58:50.000,477,2026-02-04 18:58:53.116,2026-02-04 18:58:49.021,-4094.162,60.00868225097656,0
2026-02-04 18:58:40.000,2026-02-04 18:58:50.000,2108,2026-02-04 18:58:53.116,2026-02-04 18:58:49.029,-4086.636,60.00859451293945,0
2026-02-04 18:58:40.000,2026-02-04 18:58:50.000,2423,2026-02-04 18:58:53.039,2026-02-04 18:58:49.044,-3994.962,50.022708892822266,0
2026-02-04 18:58:40.000,2026-02-04 18:58:50.000,477,2026-02-04 18:58:53.133,2026-02-04 18:58:49.044,-4088.962,60.0090217590332,0
2026-02-04 18:58:40.000,2026-02-04 18:58:50.000,2108,2026-02-04 18:58:53.133,2026-02-04 18:58:49.045,-4087.955,60.005775451660156,0
2026-02-04 18:58:40.000,2026-02-04 18:58:50.000,477,2026-02-04 18:58:53.149,2026-02-04 18:58:49.054,-4094.383,60.009849548339844,0
2026-02-04 18:58:40.000,2026-02-04 18:58:50.000,2423,2026-02-04 18:58:53.059,2026-02-04 18:58:49.057,-4001.377,50.019954681396484,0
2026-02-04 18:58:40.000,2026-02-04 18:58:50.000,2108,2026-02-04 18:58:53.149,2026-02-04 18:58:49.062,-4086.365,60.00808334350586,0
2026-02-04 18:58:40.000,2026-02-04 18:58:50.000,477,2026-02-04 18:58:53.166,2026-02-04 18:58:49.071,-4094.811,60.00918197631836,0
2026-02-04 18:58:40.000,2026-02-04 18:58:50.000,2423,2026-02-04 18:58:53.079,2026-02-04 18:58:49.077,-4001.302,50.02088928222656,0
2026-02-04 18:58:40.000,2026-02-04 18:58:50.000,2108,2026-02-04 18:58:53.166,2026-02-04 18:58:49.078,-4087.301,60.01224899291992,0
2026-02-04 18:58:40.000,2026-02-04 18:58:50.000,477,2026-02-04 18:58:53.183,2026-02-04 18:58:49.087,-4095.325,60.00848388671875,0
2026-02-04 18:58:40.000,2026-02-04 18:58:50.000,2108,2026-02-04 18:58:53.183,2026-02-04 18:58:49.095,-4087.542,60.01120376586914,0
2026-02-04 18:58:40.000,2026-02-04 18:58:50.000,2423,2026-02-04 18:58:53.099,2026-02-04 18:58:49.097,-4001.535,50.02260208129883,0
2026-02-04 18:58:40.000,2026-02-04 18:58:50.000,2108,2026-02-04 18:58:53.199,2026-02-04 18:58:49.112,-4086.453,60.007843017578125,0
2026-02-04 18:58:40.000,2026-02-04 18:58:50.000,2423,2026-02-04 18:58:53.119,2026-02-04 18:58:49.118,-4000.827,50.02328109741211,0
2026-02-04 18:58:40.000,2026-02-04 18:58:50.000,477,2026-02-04 18:58:53.199,2026-02-04 18:58:49.126,-4072.315,60.00896072387695,0
2026-02-04 18:58:40.000,2026-02-04 18:58:50.000,477,2026-02-04 18:58:53.216,2026-02-04 18:58:49.126,-4089.315,60.0092658996582,0
2026-02-04 18:58:40.000,2026-02-04 18:58:50.000,2108,2026-02-04 18:58:53.216,2026-02-04 18:58:49.129,-4086.318,60.00730895996094,0
2026-02-04 18:58:40.000,2026-02-04 18:58:50.000,2423,2026-02-04 18:58:53.139,2026-02-04 18:58:49.138,-4000.199,50.02293014526367,0
2026-02-04 18:58:40.000,2026-02-04 18:58:50.000,477,2026-02-04 18:58:53.233,2026-02-04 18:58:49.139,-4093.202,60.00933074951172,0
2026-02-04 18:58:40.000,2026-02-04 18:58:50.000,2108,2026-02-04 18:58:53.233,2026-02-04 18:58:49.145,-4087.114,60.01127243041992,0
2026-02-04 18:58:40.000,2026-02-04 18:58:50.000,477,2026-02-04 18:58:53.249,2026-02-04 18:58:49.154,-4094.606,60.009769439697266,0
2026-02-04 18:58:40.000,2026-02-04 18:58:50.000,2423,2026-02-04 18:58:53.159,2026-02-04 18:58:49.158,-4000.612,50.02156066894531,0
2026-02-04 18:58:40.000,2026-02-04 18:58:50.000,477,2026-02-04 18:58:53.266,2026-02-04 18:58:49.170,-4095.094,60.010276794433594,0
2026-02-04 18:58:40.000,2026-02-04 18:58:50.000,2423,2026-02-04 18:58:53.179,2026-02-04 18:58:49.177,-4001.583,50.0211296081543,0
2026-02-04 18:58:40.000,2026-02-04 18:58:50.000,2108,2026-02-04 18:58:53.249,2026-02-04 18:58:49.183,-4065.446,60.015079498291016,0
2026-02-04 18:58:40.000,2026-02-04 18:58:50.000,2108,2026-02-04 18:58:53.266,2026-02-04 18:58:49.183,-4082.446,60.01081848144531,0
2026-02-04 18:58:40.000,2026-02-04 18:58:50.000,477,2026-02-04 18:58:53.283,2026-02-04 18:58:49.187,-4095.445,60.010108947753906,0
2026-02-04 18:58:40.000,2026-02-04 18:58:50.000,2108,2026-02-04 18:58:53.283,2026-02-04 18:58:49.195,-4087.365,60.00320053100586,0
2026-02-04 18:58:40.000,2026-02-04 18:58:50.000,2423,2026-02-04 18:58:53.199,2026-02-04 18:58:49.197,-4001.371,50.022132873535156,0
2026-02-04 18:58:40.000,2026-02-04 18:58:50.000,2108,2026-02-04 18:58:53.299,2026-02-04 18:58:49.212,-4086.347,60.00677490234375,0
2026-02-04 18:58:40.000,2026-02-04 18:58:50.000,2423,2026-02-04 18:58:53.219,2026-02-04 18:58:49.217,-4001.252,50.022823333740234,0
2026-02-04 18:58:40.000,2026-02-04 18:58:50.000,477,2026-02-04 18:58:53.299,2026-02-04 18:58:49.223,-4075.064,60.01000213623047,0
2026-02-04 18:58:40.000,2026-02-04 18:58:50.000,477,2026-02-04 18:58:53.316,2026-02-04 18:58:49.224,-4091.072,60.00984191894531,0
2026-02-04 18:58:40.000,2026-02-04 18:58:50.000,2108,2026-02-04 18:58:53.316,2026-02-04 18:58:49.228,-4087.071,60.013973236083984,0
2026-02-04 18:58:40.000,2026-02-04 18:58:50.000,2423,2026-02-04 18:58:53.239,2026-02-04 18:58:49.237,-4001.047,50.02334213256836,0
2026-02-04 18:58:40.000,2026-02-04 18:58:50.000,477,2026-02-04 18:58:53.333,2026-02-04 18:58:49.237,-4095.047,60.00952911376953,0
2026-02-04 18:58:40.000,2026-02-04 18:58:50.000,2423,2026-02-04 18:58:53.259,2026-02-04 18:58:49.258,-4000.972,50.02333068847656,0
2026-02-04 18:58:40.000,2026-02-04 18:58:50.000,2108,2026-02-04 18:58:53.333,2026-02-04 18:58:49.272,-4060.464,60.01279067993164,0
2026-02-04 18:58:40.000,2026-02-04 18:58:50.000,2108,2026-02-04 18:58:53.349,2026-02-04 18:58:49.273,-4075.110,60.0098991394043,0
2026-02-04 18:58:40.000,2026-02-04 18:58:50.000,2423,2026-02-04 18:58:53.279,2026-02-04 18:58:49.277,-4001.110,50.023460388183594,0
2026-02-04 18:58:40.000,2026-02-04 18:58:50.000,2108,2026-02-04 18:58:53.366,2026-02-04 18:58:49.278,-4087.111,60.008968353271484,0
2026-02-04 18:58:40.000,2026-02-04 18:58:50.000,477,2026-02-04 18:58:53.349,2026-02-04 18:58:49.290,-4058.594,60.009037017822266,0
2026-02-04 18:58:40.000,2026-02-04 18:58:50.000,477,2026-02-04 18:58:53.366,2026-02-04 18:58:49.290,-4075.594,60.00845718383789,0
2026-02-04 18:58:40.000,2026-02-04 18:58:50.000,2108,2026-02-04 18:58:53.383,2026-02-04 18:58:49.298,-4084.080,60.00809860229492,0
2026-02-04 18:58:40.000,2026-02-04 18:58:50.000,2423,2026-02-04 18:58:53.299,2026-02-04 18:58:49.298,-4000.072,50.02508544921875,0
2026-02-04 18:58:40.000,2026-02-04 18:58:50.000,2108,2026-02-04 18:58:53.399,2026-02-04 18:58:49.312,-4086.570,60.00981903076172,0
2026-02-04 18:58:40.000,2026-02-04 18:58:50.000,2423,2026-02-04 18:58:53.319,2026-02-04 18:58:49.319,-3999.313,50.025691986083984,0
2026-02-04 18:58:40.000,2026-02-04 18:58:50.000,477,2026-02-04 18:58:53.383,2026-02-04 18:58:49.325,-4057.989,60.008853912353516,0
2026-02-04 18:58:40.000,2026-02-04 18:58:50.000,477,2026-02-04 18:58:53.399,2026-02-04 18:58:49.325,-4073.989,60.009368896484375,0
2026-02-04 18:58:40.000,2026-02-04 18:58:50.000,477,2026-02-04 18:58:53.416,2026-02-04 18:58:49.326,-4089.991,60.00914764404297,0
2026-02-04 18:58:40.000,2026-02-04 18:58:50.000,2108,2026-02-04 18:58:53.416,2026-02-04 18:58:49.330,-4085.991,60.0117301940918,0
2026-02-04 18:58:40.000,2026-02-04 18:58:50.000,477,2026-02-04 18:58:53.433,2026-02-04 18:58:49.337,-4095.471,60.009521484375,0
2026-02-04 18:58:40.000,2026-02-04 18:58:50.000,2423,2026-02-04 18:58:53.339,2026-02-04 18:58:49.338,-4000.471,50.0237922668457,0
2026-02-04 18:58:40.000,2026-02-04 18:58:50.000,2108,2026-02-04 18:58:53.433,2026-02-04 18:58:49.345,-4087.223,60.009056091308594,0
2026-02-04 18:58:40.000,2026-02-04 18:58:50.000,477,2026-02-04 18:58:53.449,2026-02-04 18:58:49.354,-4094.116,60.00936508178711,0
2026-02-04 18:58:40.000,2026-02-04 18:58:50.000,2423,2026-02-04 18:58:53.359,2026-02-04 18:58:49.357,-4001.124,50.02194595336914,0
2026-02-04 18:58:40.000,2026-02-04 18:58:50.000,2108,2026-02-04 18:58:53.449,2026-02-04 18:58:49.362,-4086.608,60.00852584838867,0
2026-02-04 18:58:40.000,2026-02-04 18:58:50.000,477,2026-02-04 18:58:53.466,2026-02-04 18:58:49.371,-4094.603,60.00899887084961,0
2026-02-04 18:58:40.000,2026-02-04 18:58:50.000,2423,2026-02-04 18:58:53.379,2026-02-04 18:58:49.377,-4001.094,50.021846771240234,0
2026-02-04 18:58:40.000,2026-02-04 18:58:50.000,2108,2026-02-04 18:58:53.466,2026-02-04 18:58:49.379,-4086.092,60.011634826660156,0
2026-02-04 18:58:40.000,2026-02-04 18:58:50.000,477,2026-02-04 18:58:53.483,2026-02-04 18:58:49.387,-4095.581,60.01024627685547,0
2026-02-04 18:58:40.000,2026-02-04 18:58:50.000,2108,2026-02-04 18:58:53.483,2026-02-04 18:58:49.395,-4087.162,60.00951385498047,0
2026-02-04 18:58:40.000,2026-02-04 18:58:50.000,2423,2026-02-04 18:58:53.399,2026-02-04 18:58:49.397,-4001.170,50.02285385131836,0
2026-02-04 18:58:40.000,2026-02-04 18:58:50.000,477,2026-02-04 18:58:53.499,2026-02-04 18:58:49.404,-4094.652,60.01052474975586,0
2026-02-04 18:58:40.000,2026-02-04 18:58:50.000,2108,2026-02-04 18:58:53.499,2026-02-04 18:58:49.412,-4086.653,60.005516052246094,0
2026-02-04 18:58:40.000,2026-02-04 18:58:50.000,477,2026-02-04 18:58:53.516,2026-02-04 18:58:49.422,-4093.353,60.00918960571289,0
2026-02-04 18:58:40.000,2026-02-04 18:58:50.000,2423,2026-02-04 18:58:53.419,2026-02-04 18:58:49.423,-3995.187,50.023773193359375,0
2026-02-04 18:58:40.000,2026-02-04 18:58:50.000,2108,2026-02-04 18:58:53.516,2026-02-04 18:58:49.428,-4087.195,60.00709915161133,0
2026-02-04 18:58:40.000,2026-02-04 18:58:50.000,477,2026-02-04 18:58:53.533,2026-02-04 18:58:49.437,-4095.124,60.008949279785156,0
2026-02-04 18:58:40.000,2026-02-04 18:58:50.000,2423,2026-02-04 18:58:53.439,2026-02-04 18:58:49.437,-4001.125,50.02462387084961,0
2026-02-04 18:58:40.000,2026-02-04 18:58:50.000,2108,2026-02-04 18:58:53.533,2026-02-04 18:58:49.445,-4087.611,60.01267623901367,0
2026-02-04 18:58:40.000,2026-02-04 18:58:50.000,477,2026-02-04 18:58:53.549,2026-02-04 18:58:49.454,-4094.079,60.009429931640625,0
2026-02-04 18:58:40.000,2026-02-04 18:58:50.000,2423,2026-02-04 18:58:53.459,2026-02-04 18:58:49.457,-4001.074,50.02383041381836,0
2026-02-04 18:58:40.000,2026-02-04 18:58:50.000,2108,2026-02-04 18:58:53.549,2026-02-04 18:58:49.462,-4086.575,60.016029357910156,0
2026-02-04 18:58:40.000,2026-02-04 18:58:50.000,2423,2026-02-04 18:58:53.479,2026-02-04 18:58:49.477,-4001.080,50.02308654785156,0
2026-02-04 18:58:40.000,2026-02-04 18:58:50.000,2108,2026-02-04 18:58:53.566,2026-02-04 18:58:49.478,-4087.078,60.01353454589844,0
2026-02-04 18:58:40.000,2026-02-04 18:58:50.000,2108,2026-02-04 18:58:53.583,2026-02-04 18:58:49.495,-4087.060,60.006690979003906,0
2026-02-04 18:58:40.000,2026-02-04 18:58:50.000,2423,2026-02-04 18:58:53.499,2026-02-04 18:58:49.497,-4001.049,50.02378845214844,0
2026-02-04 18:58:40.000,2026-02-04 18:58:50.000,477,2026-02-04 18:58:53.566,2026-02-04 18:58:49.500,-4065.060,60.010032653808594,0
2026-02-04 18:58:40.000,2026-02-04 18:58:50.000,477,2026-02-04 18:58:53.583,2026-02-04 18:58:49.502,-4080.552,60.01089859008789,0
2026-02-04 18:58:40.000,2026-02-04 18:58:50.000,477,2026-02-04 18:58:53.599,2026-02-04 18:58:49.504,-4094.546,60.01019287109375,0
2026-02-04 18:58:40.000,2026-02-04 18:58:50.000,2108,2026-02-04 18:58:53.599,2026-02-04 18:58:49.512,-4086.544,60.00285339355469,0
2026-02-04 18:58:40.000,2026-02-04 18:58:50.000,2423,2026-02-04 18:58:53.519,2026-02-04 18:58:49.518,-4000.245,50.022216796875,0
2026-02-04 18:58:40.000,2026-02-04 18:58:50.000,477,2026-02-04 18:58:53.616,2026-02-04 18:58:49.521,-4094.244,60.00886917114258,0
2026-02-04 18:58:40.000,2026-02-04 18:58:50.000,2108,2026-02-04 18:58:53.616,2026-02-04 18:58:49.528,-4087.730,60.00792694091797,0
2026-02-04 18:58:40.000,2026-02-04 18:58:50.000,477,2026-02-04 18:58:53.633,2026-02-04 18:58:49.537,-4095.214,60.00900650024414,0
2026-02-04 18:58:40.000,2026-02-04 18:58:50.000,2423,2026-02-04 18:58:53.539,2026-02-04 18:58:49.537,-4001.214,50.02109909057617,0
2026-02-04 18:58:40.000,2026-02-04 18:58:50.000,2108,2026-02-04 18:58:53.633,2026-02-04 18:58:49.547,-4085.875,60.01313781738281,0
2026-02-04 18:58:40.000,2026-02-04 18:58:50.000,477,2026-02-04 18:58:53.649,2026-02-04 18:58:49.554,-4094.357,60.0095100402832,0
2026-02-04 18:58:40.000,2026-02-04 18:58:50.000,2423,2026-02-04 18:58:53.559,2026-02-04 18:58:49.558,-4000.863,50.023109436035156,0
2026-02-04 18:58:40.000,2026-02-04 18:58:50.000,2108,2026-02-04 18:58:53.649,2026-02-04 18:58:49.561,-4087.274,60.012245178222656,0
2026-02-04 18:58:40.000,2026-02-04 18:58:50.000,477,2026-02-04 18:58:53.666,2026-02-04 18:58:49.571,-4094.683,60.00984573364258,0
2026-02-04 18:58:40.000,2026-02-04 18:58:50.000,2108,2026-02-04 18:58:53.666,2026-02-04 18:58:49.582,-4083.505,60.007022857666016,0
2026-02-04 18:58:40.000,2026-02-04 18:58:50.000,2423,2026-02-04 18:58:53.579,2026-02-04 18:58:49.582,-3996.505,50.023773193359375,0
2026-02-04 18:58:40.000,2026-02-04 18:58:50.000,477,2026-02-04 18:58:53.683,2026-02-04 18:58:49.588,-4094.935,60.010101318359375,0
2026-02-04 18:58:40.000,2026-02-04 18:58:50.000,2108,2026-02-04 18:58:53.683,2026-02-04 18:58:49.595,-4087.140,60.00465393066406,0
2026-02-04 18:58:40.000,2026-02-04 18:58:50.000,2423,2026-02-04 18:58:53.599,2026-02-04 18:58:49.597,-4001.136,50.0221061706543,0
2026-02-04 18:58:40.000,2026-02-04 18:58:50.000,477,2026-02-04 18:58:53.699,2026-02-04 18:58:49.605,-4093.620,60.009761810302734,0
2026-02-04 18:58:40.000,2026-02-04 18:58:50.000,2108,2026-02-04 18:58:53.699,2026-02-04 18:58:49.612,-4086.619,60.009517669677734,0
2026-02-04 18:58:40.000,2026-02-04 18:58:50.000,2423,2026-02-04 18:58:53.619,2026-02-04 18:58:49.618,-4000.596,50.02201843261719,0
2026-02-04 18:58:40.000,2026-02-04 18:58:50.000,477,2026-02-04 18:58:53.716,2026-02-04 18:58:49.622,-4093.603,60.009788513183594,0
2026-02-04 18:58:40.000,2026-02-04 18:58:50.000,2108,2026-02-04 18:58:53.716,2026-02-04 18:58:49.629,-4086.094,60.013450622558594,0
2026-02-04 18:58:40.000,2026-02-04 18:58:50.000,2423,2026-02-04 18:58:53.639,2026-02-04 18:58:49.638,-4000.584,50.02309799194336,0
2026-02-04 18:58:40.000,2026-02-04 18:58:50.000,477,2026-02-04 18:58:53.733,2026-02-04 18:58:49.638,-4094.584,60.00984573364258,0
2026-02-04 18:58:40.000,2026-02-04 18:58:50.000,2108,2026-02-04 18:58:53.733,2026-02-04 18:58:49.645,-4087.076,60.01032638549805,0
2026-02-04 18:58:40.000,2026-02-04 18:58:50.000,477,2026-02-04 18:58:53.749,2026-02-04 18:58:49.654,-4094.563,60.009212493896484,0
2026-02-04 18:58:40.000,2026-02-04 18:58:50.000,2423,2026-02-04 18:58:53.659,2026-02-04 18:58:49.657,-4001.555,50.022796630859375,0
2026-02-04 18:58:40.000,2026-02-04 18:58:50.000,2108,2026-02-04 18:58:53.749,2026-02-04 18:58:49.662,-4086.564,60.006919860839844,0
2026-02-04 18:58:40.000,2026-02-04 18:58:50.000,477,2026-02-04 18:58:53.766,2026-02-04 18:58:49.670,-4095.055,60.0091552734375,0
2026-02-04 18:58:40.000,2026-02-04 18:58:50.000,2423,2026-02-04 18:58:53.679,2026-02-04 18:58:49.682,-3996.541,50.0226936340332,0
2026-02-04 18:58:40.000,2026-02-04 18:58:50.000,2108,2026-02-04 18:58:53.766,2026-02-04 18:58:49.683,-4082.486,60.009422302246094,0
2026-02-04 18:58:40.000,2026-02-04 18:58:50.000,477,2026-02-04 18:58:53.783,2026-02-04 18:58:49.687,-4095.484,60.0093994140625,0
2026-02-04 18:58:40.000,2026-02-04 18:58:50.000,2108,2026-02-04 18:58:53.783,2026-02-04 18:58:49.695,-4088.015,60.01195526123047,0
2026-02-04 18:58:40.000,2026-02-04 18:58:50.000,2423,2026-02-04 18:58:53.699,2026-02-04 18:58:49.698,-4001.004,50.023406982421875,0
2026-02-04 18:58:40.000,2026-02-04 18:58:50.000,2108,2026-02-04 18:58:53.799,2026-02-04 18:58:49.712,-4086.504,60.01079559326172,0
2026-02-04 18:58:40.000,2026-02-04 18:58:50.000,2423,2026-02-04 18:58:53.719,2026-02-04 18:58:49.718,-4000.662,50.02366256713867,0
2026-02-04 18:58:40.000,2026-02-04 18:58:50.000,2108,2026-02-04 18:58:53.816,2026-02-04 18:58:49.728,-4087.149,60.006805419921875,0
2026-02-04 18:58:40.000,2026-02-04 18:58:50.000,477,2026-02-04 18:58:53.799,2026-02-04 18:58:49.734,-4064.635,60.009071350097656,0
2026-02-04 18:58:40.000,2026-02-04 18:58:50.000,477,2026-02-04 18:58:53.816,2026-02-04 18:58:49.734,-4081.635,60.0092887878418,0
2026-02-04 18:58:40.000,2026-02-04 18:58:50.000,2423,2026-02-04 18:58:53.739,2026-02-04 18:58:49.737,-4001.629,50.023372650146484,0
2026-02-04 18:58:40.000,2026-02-04 18:58:50.000,477,2026-02-04 18:58:53.833,2026-02-04 18:58:49.738,-4094.626,60.00984191894531,0
2026-02-04 18:58:40.000,2026-02-04 18:58:50.000,2108,2026-02-04 18:58:53.833,2026-02-04 18:58:49.745,-4087.212,60.004310607910156,0
2026-02-04 18:58:40.000,2026-02-04 18:58:50.000,477,2026-02-04 18:58:53.849,2026-02-04 18:58:49.754,-4094.699,60.00967788696289,0
2026-02-04 18:58:40.000,2026-02-04 18:58:50.000,2423,2026-02-04 18:58:53.759,2026-02-04 18:58:49.758,-4000.709,50.023014068603516,0
2026-02-04 18:58:40.000,2026-02-04 18:58:50.000,2108,2026-02-04 18:58:53.849,2026-02-04 18:58:49.761,-4087.699,60.006874084472656,0
2026-02-04 18:58:40.000,2026-02-04 18:58:50.000,477,2026-02-04 18:58:53.866,2026-02-04 18:58:49.771,-4094.186,60.00949478149414,0
2026-02-04 18:58:40.000,2026-02-04 18:58:50.000,2423,2026-02-04 18:58:53.779,2026-02-04 18:58:49.779,-3999.740,50.02340316772461,0
2026-02-04 18:58:40.000,2026-02-04 18:58:50.000,2108,2026-02-04 18:58:53.866,2026-02-04 18:58:49.780,-4085.738,60.010589599609375,0
2026-02-04 18:58:40.000,2026-02-04 18:58:50.000,477,2026-02-04 18:58:53.883,2026-02-04 18:58:49.788,-4094.225,60.00979232788086,0
2026-02-04 18:58:40.000,2026-02-04 18:58:50.000,2108,2026-02-04 18:58:53.883,2026-02-04 18:58:49.795,-4087.738,60.01150894165039,0
2026-02-04 18:58:40.000,2026-02-04 18:58:50.000,2423,2026-02-04 18:58:53.799,2026-02-04 18:58:49.798,-4000.745,50.02436447143555,0
2026-02-04 18:58:40.000,2026-02-04 18:58:50.000,477,2026-02-04 18:58:53.899,2026-02-04 18:58:49.804,-4094.224,60.0100212097168,0
2026-02-04 18:58:40.000,2026-02-04 18:58:50.000,2108,2026-02-04 18:58:53.899,2026-02-04 18:58:49.811,-4087.223,60.008121490478516,0
2026-02-04 18:58:40.000,2026-02-04 18:58:50.000,2423,2026-02-04 18:58:53.819,2026-02-04 18:58:49.818,-4000.662,50.02386474609375,0
2026-02-04 18:58:40.000,2026-02-04 18:58:50.000,477,2026-02-04 18:58:53.916,2026-02-04 18:58:49.822,-4093.157,60.00981903076172,0
2026-02-04 18:58:40.000,2026-02-04 18:58:50.000,2108,2026-02-04 18:58:53.916,2026-02-04 18:58:49.830,-4085.141,60.00636672973633,0
2026-02-04 18:58:40.000,2026-02-04 18:58:50.000,2423,2026-02-04 18:58:53.839,2026-02-04 18:58:49.837,-4001.625,50.02198028564453,0
2026-02-04 18:58:40.000,2026-02-04 18:58:50.000,477,2026-02-04 18:58:53.933,2026-02-04 18:58:49.838,-4094.627,60.009639739990234,0
2026-02-04 18:58:40.000,2026-02-04 18:58:50.000,2108,2026-02-04 18:58:53.933,2026-02-04 18:58:49.845,-4087.348,60.009361267089844,0
2026-02-04 18:58:40.000,2026-02-04 18:58:50.000,477,2026-02-04 18:58:53.949,2026-02-04 18:58:49.854,-4094.195,60.009220123291016,0
2026-02-04 18:58:40.000,2026-02-04 18:58:50.000,2423,2026-02-04 18:58:53.859,2026-02-04 18:58:49.858,-4000.187,50.02193832397461,0
2026-02-04 18:58:40.000,2026-02-04 18:58:50.000,2108,2026-02-04 18:58:53.949,2026-02-04 18:58:49.862,-4086.195,60.01146697998047,0
2026-02-04 18:58:40.000,2026-02-04 18:58:50.000,477,2026-02-04 18:58:53.966,2026-02-04 18:58:49.871,-4094.977,60.0095100402832,0
2026-02-04 18:58:40.000,2026-02-04 18:58:50.000,2423,2026-02-04 18:58:53.879,2026-02-04 18:58:49.877,-4001.460,50.02373504638672,0
2026-02-04 18:58:40.000,2026-02-04 18:58:50.000,2108,2026-02-04 18:58:53.966,2026-02-04 18:58:49.878,-4087.461,60.00932693481445,0
2026-02-04 18:58:40.000,2026-02-04 18:58:50.000,477,2026-02-04 18:58:53.983,2026-02-04 18:58:49.887,-4095.242,60.00991439819336,0
2026-02-04 18:58:40.000,2026-02-04 18:58:50.000,2423,2026-02-04 18:58:53.899,2026-02-04 18:58:49.897,-4001.026,50.0246696472168,0
2026-02-04 18:58:40.000,2026-02-04 18:58:50.000,2108,2026-02-04 18:58:53.983,2026-02-04 18:58:49.902,-4080.528,60.006683349609375,0
2026-02-04 18:58:40.000,2026-02-04 18:58:50.000,477,2026-02-04 18:58:53.999,2026-02-04 18:58:49.904,-4094.520,60.00939178466797,0
2026-02-04 18:58:40.000,2026-02-04 18:58:50.000,2108,2026-02-04 18:58:53.999,2026-02-04 18:58:49.914,-4084.360,60.008174896240234,0
2026-02-04 18:58:40.000,2026-02-04 18:58:50.000,2423,2026-02-04 18:58:53.919,2026-02-04 18:58:49.918,-4000.849,50.022605895996094,0
2026-02-04 18:58:40.000,2026-02-04 18:58:50.000,2108,2026-02-04 18:58:54.016,2026-02-04 18:58:49.935,-4080.197,60.0098876953125,0
2026-02-04 18:58:40.000,2026-02-04 18:58:50.000,2423,2026-02-04 18:58:53.939,2026-02-04 18:58:49.937,-4001.189,50.02104949951172,0
2026-02-04 18:58:40.000,2026-02-04 18:58:50.000,2108,2026-02-04 18:58:54.033,2026-02-04 18:58:49.945,-4087.676,60.00973892211914,0
2026-02-04 18:58:40.000,2026-02-04 18:58:50.000,477,2026-02-04 18:58:54.016,2026-02-04 18:58:49.945,-4070.684,60.00909423828125,0
2026-02-04 18:58:40.000,2026-02-04 18:58:50.000,477,2026-02-04 18:58:54.033,2026-02-04 18:58:49.946,-4086.171,60.00910949707031,0
2026-02-04 18:58:40.000,2026-02-04 18:58:50.000,477,2026-02-04 18:58:54.049,2026-02-04 18:58:49.954,-4094.414,60.00908279418945,0
2026-02-04 18:58:40.000,2026-02-04 18:58:50.000,2423,2026-02-04 18:58:53.959,2026-02-04 18:58:49.957,-4001.422,50.023155212402344,0
2026-02-04 18:58:40.000,2026-02-04 18:58:50.000,2108,2026-02-04 18:58:54.049,2026-02-04 18:58:49.963,-4085.904,60.00803756713867,0
2026-02-04 18:58:40.000,2026-02-04 18:58:50.000,477,2026-02-04 18:58:54.066,2026-02-04 18:58:49.971,-4094.903,60.00944519042969,0
2026-02-04 18:58:40.000,2026-02-04 18:58:50.000,2423,2026-02-04 18:58:53.979,2026-02-04 18:58:49.977,-4001.386,50.024356842041016,0
2026-02-04 18:58:40.000,2026-02-04 18:58:50.000,2108,2026-02-04 18:58:54.066,2026-02-04 18:58:49.980,-4085.388,60.00676727294922,0
2026-02-04 18:58:40.000,2026-02-04 18:58:50.000,477,2026-02-04 18:58:54.083,2026-02-04 18:58:49.987,-4095.351,60.01025390625,0
2026-02-04 18:58:40.000,2026-02-04 18:58:50.000,2108,2026-02-04 18:58:54.083,2026-02-04 18:58:49.995,-4087.037,60.00946807861328,0
2026-02-04 18:58:40.000,2026-02-04 18:58:50.000,2423,2026-02-04 18:58:53.999,2026-02-04 18:58:49.997,-4001.046,50.02201461791992,0
