window_start_utc,window_end_utc,ppa,utc_measurement,utc_arrival,delta_ms,value,flags
2026-02-04 18:58:10.000,2026-02-04 18:58:20.000,477,2026-02-04 18:58:14.099,2026-02-04 18:58:10.004,-4095.482,60.02607345581055,0
2026-02-04 18:58:10.000,2026-02-04 18:58:20.000,2108,2026-02-04 18:58:14.099,2026-02-04 18:58:10.030,-4069.454,60.02684020996094,0
2026-02-04 18:58:10.000,2026-02-04 18:58:20.000,2423,2026-02-04 18:58:14.019,2026-02-04 18:58:10.031,-3988.455,50.021366119384766,0
2026-02-04 18:58:10.000,2026-02-04 18:58:20.000,477,2026-02-04 18:58:14.116,2026-02-04 18:58:10.031,-4085.135,60.026119232177734,0
2026-02-04 18:58:10.000,2026-02-04 18:58:20.000,2108,2026-02-04 18:58:14.116,2026-02-04 18:58:10.031,-4085.135,60.02227783203125,0
2026-02-04 18:58:10.000,2026-02-04 18:58:20.000,2423,2026-02-04 18:58:14.040,2026-02-04 18:58:10.042,-3997.952,50.018550872802734,0
2026-02-04 18:58:10.000,2026-02-04 18:58:20.000,477,2026-02-04 18:58:14.133,2026-02-04 18:58:10.042,-4091.288,60.02573776245117,0
2026-02-04 18:58:10.000,2026-02-04 18:58:20.000,2108,2026-02-04 18:58:14.133,2026-02-04 18:58:10.045,-4088.040,60.02257537841797,0
2026-02-04 18:58:10.000,2026-02-04 18:58:20.000,477,2026-02-04 18:58:14.150,2026-02-04 18:58:10.054,-4095.192,60.025489807128906,0
2026-02-04 18:58:10.000,2026-02-04 18:58:20.000,2423,2026-02-04 18:58:14.060,2026-02-04 18:58:10.057,-4002.202,50.02021789550781,0
2026-02-04 18:58:10.000,2026-02-04 18:58:20.000,2108,2026-02-04 18:58:14.150,2026-02-04 18:58:10.061,-4088.195,60.02914810180664,0
2026-02-04 18:58:10.000,2026-02-04 18:58:20.000,477,2026-02-04 18:58:14.166,2026-02-04 18:58:10.071,-4094.839,60.02554702758789,0
2026-02-04 18:58:10.000,2026-02-04 18:58:20.000,2423,2026-02-04 18:58:14.080,2026-02-04 18:58:10.078,-4001.654,50.022865295410156,0
2026-02-04 18:58:10.000,2026-02-04 18:58:20.000,2108,2026-02-04 18:58:14.166,2026-02-04 18:58:10.079,-4087.325,60.02967834472656,0
2026-02-04 18:58:10.000,2026-02-04 18:58:20.000,477,2026-02-04 18:58:14.183,2026-02-04 18:58:10.087,-4095.477,60.026092529296875,0
2026-02-04 18:58:10.000,2026-02-04 18:58:20.000,2108,2026-02-04 18:58:14.183,2026-02-04 18:58:10.095,-4087.413,60.02655792236328,0
2026-02-04 18:58:10.000,2026-02-04 18:58:20.000,2423,2026-02-04 18:58:14.099,2026-02-04 18:58:10.097,-4002.063,50.020687103271484,0
2026-02-04 18:58:10.000,2026-02-04 18:58:20.000,477,2026-02-04 18:58:14.200,2026-02-04 18:58:10.105,-4094.998,60.0268669128418,0
2026-02-04 18:58:10.000,2026-02-04 18:58:20.000,2108,2026-02-04 18:58:14.200,2026-02-04 18:58:10.112,-4087.996,60.024986267089844,0
2026-02-04 18:58:10.000,2026-02-04 18:58:20.000,2423,2026-02-04 18:58:14.120,2026-02-04 18:58:10.118,-4001.566,50.01900863647461,0
2026-02-04 18:58:10.000,2026-02-04 18:58:20.000,477,2026-02-04 18:58:14.216,2026-02-04 18:58:10.121,-4095.229,60.026641845703125,0
2026-02-04 18:58:10.000,2026-02-04 18:58:20.000,2108,2026-02-04 18:58:14.216,2026-02-04 18:58:10.128,-4087.719,60.02449417114258,0
2026-02-04 18:58:10.000,2026-02-04 18:58:20.000,2423,2026-02-04 18:58:14.140,2026-02-04 18:58:10.138,-4001.739,50.02124786376953,0
2026-02-04 18:58:10.000,2026-02-04 18:58:20.000,477,2026-02-04 18:58:14.233,2026-02-04 18:58:10.138,-4095.059,60.02579116821289,0
2026-02-04 18:58:10.000,2026-02-04 18:58:20.000,2108,2026-02-04 18:58:14.233,2026-02-04 18:58:10.145,-4087.980,60.02619934082031,0
2026-02-04 18:58:10.000,2026-02-04 18:58:20.000,477,2026-02-04 18:58:14.250,2026-02-04 18:58:10.154,-4095.311,60.0261116027832,0
2026-02-04 18:58:10.000,2026-02-04 18:58:20.000,2423,2026-02-04 18:58:14.160,2026-02-04 18:58:10.157,-4002.311,50.020748138427734,0
2026-02-04 18:58:10.000,2026-02-04 18:58:20.000,2108,2026-02-04 18:58:14.250,2026-02-04 18:58:10.161,-4088.311,60.02738571166992,0
2026-02-04 18:58:10.000,2026-02-04 18:58:20.000,477,2026-02-04 18:58:14.266,2026-02-04 18:58:10.171,-4094.949,60.02712631225586,0
2026-02-04 18:58:10.000,2026-02-04 18:58:20.000,2423,2026-02-04 18:58:14.179,2026-02-04 18:58:10.178,-4001.525,50.01791763305664,0
2026-02-04 18:58:10.000,2026-02-04 18:58:20.000,2108,2026-02-04 18:58:14.266,2026-02-04 18:58:10.179,-4087.198,60.022857666015625,0
2026-02-04 18:58:10.000,2026-02-04 18:58:20.000,477,2026-02-04 18:58:14.283,2026-02-04 18:58:10.187,-4095.353,60.027259826660156,0
2026-02-04 18:58:10.000,2026-02-04 18:58:20.000,2108,2026-02-04 18:58:14.283,2026-02-04 18:58:10.195,-4087.330,60.02132034301758,0
2026-02-04 18:58:10.000,2026-02-04 18:58:20.000,2423,2026-02-04 18:58:14.200,2026-02-04 18:58:10.197,-4002.002,50.01841354370117,0
2026-02-04 18:58:10.000,2026-02-04 18:58:20.000,477,2026-02-04 18:58:14.300,2026-02-04 18:58:10.205,-4094.862,60.02653884887695,0
2026-02-04 18:58:10.000,2026-02-04 18:58:20.000,2108,2026-02-04 18:58:14.300,2026-02-04 18:58:10.212,-4087.863,60.02684020996094,0
2026-02-04 18:58:10.000,2026-02-04 18:58:20.000,2423,2026-02-04 18:58:14.220,2026-02-04 18:58:10.218,-4001.572,50.020816802978516,0
2026-02-04 18:58:10.000,2026-02-04 18:58:20.000,477,2026-02-04 18:58:14.316,2026-02-04 18:58:10.221,-4095.235,60.0262565612793,0
2026-02-04 18:58:10.000,2026-02-04 18:58:20.000,2108,2026-02-04 18:58:14.316,2026-02-04 18:58:10.228,-4087.716,60.03053283691406,0
2026-02-04 18:58:10.000,2026-02-04 18:58:20.000,477,2026-02-04 18:58:14.333,2026-02-04 18:58:10.249,-4084.262,60.02625274658203,0
2026-02-04 18:58:10.000,2026-02-04 18:58:20.000,2423,2026-02-04 18:58:14.240,2026-02-04 18:58:10.250,-3989.927,50.02043533325195,0
2026-02-04 18:58:10.000,2026-02-04 18:58:20.000,2108,2026-02-04 18:58:14.333,2026-02-04 18:58:10.250,-4083.263,60.02928161621094,0
2026-02-04 18:58:10.000,2026-02-04 18:58:20.000,477,2026-02-04 18:58:14.350,2026-02-04 18:58:10.254,-4095.419,60.02602005004883,0
2026-02-04 18:58:10.000,2026-02-04 18:58:20.000,2423,2026-02-04 18:58:14.259,2026-02-04 18:58:10.257,-4002.411,50.01884460449219,0
2026-02-04 18:58:10.000,2026-02-04 18:58:20.000,2108,2026-02-04 18:58:14.350,2026-02-04 18:58:10.261,-4088.418,60.02543640136719,0
2026-02-04 18:58:10.000,2026-02-04 18:58:20.000,477,2026-02-04 18:58:14.366,2026-02-04 18:58:10.271,-4095.578,60.026004791259766,0
2026-02-04 18:58:10.000,2026-02-04 18:58:20.000,2423,2026-02-04 18:58:14.280,2026-02-04 18:58:10.280,-3999.829,50.02012252807617,0
2026-02-04 18:58:10.000,2026-02-04 18:58:20.000,2108,2026-02-04 18:58:14.366,2026-02-04 18:58:10.280,-4086.501,60.0252685546875,0
2026-02-04 18:58:10.000,2026-02-04 18:58:20.000,477,2026-02-04 18:58:14.383,2026-02-04 18:58:10.295,-4087.543,60.02619171142578,0
2026-02-04 18:58:10.000,2026-02-04 18:58:20.000,2108,2026-02-04 18:58:14.383,2026-02-04 18:58:10.303,-4080.038,60.027278900146484,0
2026-02-04 18:58:10.000,2026-02-04 18:58:20.000,2423,2026-02-04 18:58:14.300,2026-02-04 18:58:10.304,-3995.701,50.021724700927734,0
2026-02-04 18:58:10.000,2026-02-04 18:58:20.000,477,2026-02-04 18:58:14.400,2026-02-04 18:58:10.307,-4092.686,60.026336669921875,0
2026-02-04 18:58:10.000,2026-02-04 18:58:20.000,2108,2026-02-04 18:58:14.400,2026-02-04 18:58:10.325,-4074.655,60.02680969238281,0
2026-02-04 18:58:10.000,2026-02-04 18:58:20.000,2423,2026-02-04 18:58:14.320,2026-02-04 18:58:10.326,-3993.661,50.02095031738281,0
2026-02-04 18:58:10.000,2026-02-04 18:58:20.000,477,2026-02-04 18:58:14.416,2026-02-04 18:58:10.326,-4090.325,60.02680969238281,0
2026-02-04 18:58:10.000,2026-02-04 18:58:20.000,2108,2026-02-04 18:58:14.416,2026-02-04 18:58:10.329,-4087.324,60.02587890625,0
2026-02-04 18:58:10.000,2026-02-04 18:58:20.000,477,2026-02-04 18:58:14.433,2026-02-04 18:58:10.339,-4093.926,60.02717971801758,0
2026-02-04 18:58:10.000,2026-02-04 18:58:20.000,2423,2026-02-04 18:58:14.339,2026-02-04 18:58:10.339,-4000.590,50.01859664916992,0
2026-02-04 18:58:10.000,2026-02-04 18:58:20.000,2108,2026-02-04 18:58:14.433,2026-02-04 18:58:10.345,-4087.407,60.02471923828125,0
2026-02-04 18:58:10.000,2026-02-04 18:58:20.000,477,2026-02-04 18:58:14.450,2026-02-04 18:58:10.354,-4095.566,60.02664566040039,0
2026-02-04 18:58:10.000,2026-02-04 18:58:20.000,2423,2026-02-04 18:58:14.360,2026-02-04 18:58:10.358,-4001.564,50.01850128173828,0
2026-02-04 18:58:10.000,2026-02-04 18:58:20.000,2108,2026-02-04 18:58:14.450,2026-02-04 18:58:10.361,-4088.565,60.02450942993164,0
2026-02-04 18:58:10.000,2026-02-04 18:58:20.000,477,2026-02-04 18:58:14.466,2026-02-04 18:58:10.372,-4094.622,60.02622604370117,0
2026-02-04 18:58:10.000,2026-02-04 18:58:20.000,2423,2026-02-04 18:58:14.380,2026-02-04 18:58:10.380,-3999.445,50.02083969116211,0
2026-02-04 18:58:10.000,2026-02-04 18:58:20.000,2108,2026-02-04 18:58:14.466,2026-02-04 18:58:10.380,-4086.101,60.026458740234375,0
2026-02-04 18:58:10.000,2026-02-04 18:58:20.000,477,2026-02-04 18:58:14.483,2026-02-04 18:58:10.395,-4087.738,60.02623748779297,0
2026-02-04 18:58:10.000,2026-02-04 18:58:20.000,2108,2026-02-04 18:58:14.483,2026-02-04 18:58:10.396,-4086.735,60.02766799926758,0
2026-02-04 18:58:10.000,2026-02-04 18:58:20.000,2423,2026-02-04 18:58:14.400,2026-02-04 18:58:10.401,-3998.408,50.02153396606445,0
2026-02-04 18:58:10.000,2026-02-04 18:58:20.000,477,2026-02-04 18:58:14.499,2026-02-04 18:58:10.410,-4089.882,60.02578353881836,0
2026-02-04 18:58:10.000,2026-02-04 18:58:20.000,2108,2026-02-04 18:58:14.499,2026-02-04 18:58:10.412,-4087.886,60.025909423828125,0
2026-02-04 18:58:10.000,2026-02-04 18:58:20.000,2423,2026-02-04 18:58:14.419,2026-02-04 18:58:10.418,-4001.694,50.02147674560547,0
2026-02-04 18:58:10.000,2026-02-04 18:58:20.000,477,2026-02-04 18:58:14.516,2026-02-04 18:58:10.422,-4094.373,60.02577590942383,0
2026-02-04 18:58:10.000,2026-02-04 18:58:20.000,2108,2026-02-04 18:58:14.516,2026-02-04 18:58:10.429,-4087.319,60.02505111694336,0
2026-02-04 18:58:10.000,2026-02-04 18:58:20.000,2423,2026-02-04 18:58:14.440,2026-02-04 18:58:10.438,-4001.550,50.02018737792969,0
2026-02-04 18:58:10.000,2026-02-04 18:58:20.000,477,2026-02-04 18:58:14.533,2026-02-04 18:58:10.438,-4094.886,60.02634811401367,0
2026-02-04 18:58:10.000,2026-02-04 18:58:20.000,2108,2026-02-04 18:58:14.533,2026-02-04 18:58:10.445,-4087.375,60.02618408203125,0
2026-02-04 18:58:10.000,2026-02-04 18:58:20.000,477,2026-02-04 18:58:14.550,2026-02-04 18:58:10.454,-4095.531,60.02732849121094,0
2026-02-04 18:58:10.000,2026-02-04 18:58:20.000,2423,2026-02-04 18:58:14.460,2026-02-04 18:58:10.458,-4001.538,50.019378662109375,0
2026-02-04 18:58:10.000,2026-02-04 18:58:20.000,2108,2026-02-04 18:58:14.550,2026-02-04 18:58:10.461,-4088.531,60.027076721191406,0
2026-02-04 18:58:10.000,2026-02-04 18:58:20.000,477,2026-02-04 18:58:14.566,2026-02-04 18:58:10.470,-4095.686,60.0278434753418,0
2026-02-04 18:58:10.000,2026-02-04 18:58:20.000,2423,2026-02-04 18:58:14.480,2026-02-04 18:58:10.477,-4002.582,50.0208625793457,0
2026-02-04 18:58:10.000,2026-02-04 18:58:20.000,2108,2026-02-04 18:58:14.566,2026-02-04 18:58:10.478,-4088.253,60.02675247192383,0
2026-02-04 18:58:10.000,2026-02-04 18:58:20.000,477,2026-02-04 18:58:14.583,2026-02-04 18:58:10.487,-4095.403,60.02705383300781,0
2026-02-04 18:58:10.000,2026-02-04 18:58:20.000,2108,2026-02-04 18:58:14.583,2026-02-04 18:58:10.496,-4087.151,60.02519226074219,0
2026-02-04 18:58:10.000,2026-02-04 18:58:20.000,2423,2026-02-04 18:58:14.499,2026-02-04 18:58:10.498,-4001.807,50.019676208496094,0
2026-02-04 18:58:10.000,2026-02-04 18:58:20.000,477,2026-02-04 18:58:14.600,2026-02-04 18:58:10.504,-4095.740,60.02649688720703,0
2026-02-04 18:58:10.000,2026-02-04 18:58:20.000,2108,2026-02-04 18:58:14.600,2026-02-04 18:58:10.512,-4087.739,60.02727127075195,0
2026-02-04 18:58:10.000,2026-02-04 18:58:20.000,2423,2026-02-04 18:58:14.520,2026-02-04 18:58:10.518,-4001.601,50.017845153808594,0
2026-02-04 18:58:10.000,2026-02-04 18:58:20.000,477,2026-02-04 18:58:14.616,2026-02-04 18:58:10.521,-4095.264,60.026756286621094,0
2026-02-04 18:58:10.000,2026-02-04 18:58:20.000,2108,2026-02-04 18:58:14.616,2026-02-04 18:58:10.529,-4087.312,60.029815673828125,0
2026-02-04 18:58:10.000,2026-02-04 18:58:20.000,477,2026-02-04 18:58:14.633,2026-02-04 18:58:10.537,-4095.529,60.026702880859375,0
2026-02-04 18:58:10.000,2026-02-04 18:58:20.000,2423,2026-02-04 18:58:14.540,2026-02-04 18:58:10.538,-4001.209,50.018165588378906,0
2026-02-04 18:58:10.000,2026-02-04 18:58:20.000,2108,2026-02-04 18:58:14.633,2026-02-04 18:58:10.545,-4087.429,60.02791213989258,0
2026-02-04 18:58:10.000,2026-02-04 18:58:20.000,477,2026-02-04 18:58:14.650,2026-02-04 18:58:10.555,-4094.948,60.02645492553711,0
2026-02-04 18:58:10.000,2026-02-04 18:58:20.000,2423,2026-02-04 18:58:14.560,2026-02-04 18:58:10.557,-4002.386,50.01958465576172,0
2026-02-04 18:58:10.000,2026-02-04 18:58:20.000,2108,2026-02-04 18:58:14.650,2026-02-04 18:58:10.561,-4088.391,60.025062561035156,0
2026-02-04 18:58:10.000,2026-02-04 18:58:20.000,477,2026-02-04 18:58:14.666,2026-02-04 18:58:10.571,-4095.540,60.02690887451172,0
2026-02-04 18:58:10.000,2026-02-04 18:58:20.000,2423,2026-02-04 18:58:14.579,2026-02-04 18:58:10.577,-4002.249,50.0201530456543,0
2026-02-04 18:58:10.000,2026-02-04 18:58:20.000,2108,2026-02-04 18:58:14.666,2026-02-04 18:58:10.578,-4087.922,60.02390670776367,0
2026-02-04 18:58:10.000,2026-02-04 18:58:20.000,477,2026-02-04 18:58:14.683,2026-02-04 18:58:10.587,-4095.508,60.02766418457031,0
2026-02-04 18:58:10.000,2026-02-04 18:58:20.000,2108,2026-02-04 18:58:14.683,2026-02-04 18:58:10.595,-4087.998,60.02545166015625,0
2026-02-04 18:58:10.000,2026-02-04 18:58:20.000,2423,2026-02-04 18:58:14.600,2026-02-04 18:58:10.598,-4001.669,50.019691467285156,0
2026-02-04 18:58:10.000,2026-02-04 18:58:20.000,477,2026-02-04 18:58:14.700,2026-02-04 18:58:10.604,-4095.244,60.02810287475586,0
2026-02-04 18:58:10.000,2026-02-04 18:58:20.000,2108,2026-02-04 18:58:14.700,2026-02-04 18:58:10.611,-4088.240,60.02869415283203,0
2026-02-04 18:58:10.000,2026-02-04 18:58:20.000,2423,2026-02-04 18:58:14.620,2026-02-04 18:58:10.618,-4001.218,50.02108383178711,0
2026-02-04 18:58:10.000,2026-02-04 18:58:20.000,477,2026-02-04 18:58:14.716,2026-02-04 18:58:10.621,-4094.883,60.02734375,0
2026-02-04 18:58:10.000,2026-02-04 18:58:20.000,2108,2026-02-04 18:58:14.716,2026-02-04 18:58:10.629,-4087.366,60.028358459472656,0
2026-02-04 18:58:10.000,2026-02-04 18:58:20.000,477,2026-02-04 18:58:14.733,2026-02-04 18:58:10.637,-4095.960,60.026123046875,0
2026-02-04 18:58:10.000,2026-02-04 18:58:20.000,2423,2026-02-04 18:58:14.640,2026-02-04 18:58:10.638,-4001.623,50.02189254760742,0
2026-02-04 18:58:10.000,2026-02-04 18:58:20.000,2108,2026-02-04 18:58:14.733,2026-02-04 18:58:10.645,-4087.449,60.02414321899414,0
2026-02-04 18:58:10.000,2026-02-04 18:58:20.000,477,2026-02-04 18:58:14.750,2026-02-04 18:58:10.654,-4095.840,60.02615737915039,0
2026-02-04 18:58:10.000,2026-02-04 18:58:20.000,2423,2026-02-04 18:58:14.659,2026-02-04 18:58:10.658,-4001.835,50.02018737792969,0
2026-02-04 18:58:10.000,2026-02-04 18:58:20.000,2108,2026-02-04 18:58:14.750,2026-02-04 18:58:10.662,-4087.846,60.024658203125,0
2026-02-04 18:58:10.000,2026-02-04 18:58:20.000,477,2026-02-04 18:58:14.766,2026-02-04 18:58:10.671,-4095.282,60.027008056640625,0
2026-02-04 18:58:10.000,2026-02-04 18:58:20.000,2423,2026-02-04 18:58:14.680,2026-02-04 18:58:10.677,-4002.099,50.01880645751953,0
2026-02-04 18:58:10.000,2026-02-04 18:58:20.000,2108,2026-02-04 18:58:14.766,2026-02-04 18:58:10.678,-4087.772,60.02866744995117,0
2026-02-04 18:58:10.000,2026-02-04 18:58:20.000,477,2026-02-04 18:58:14.783,2026-02-04 18:58:10.688,-4095.214,60.02726364135742,0
2026-02-04 18:58:10.000,2026-02-04 18:58:20.000,2108,2026-02-04 18:58:14.783,2026-02-04 18:58:10.695,-4088.100,60.028480529785156,0
2026-02-04 18:58:10.000,2026-02-04 18:58:20.000,2423,2026-02-04 18:58:14.700,2026-02-04 18:58:10.698,-4001.771,50.02042770385742,0
2026-02-04 18:58:10.000,2026-02-04 18:58:20.000,477,2026-02-04 18:58:14.800,2026-02-04 18:58:10.704,-4095.496,60.02705383300781,0
2026-02-04 18:58:10.000,2026-02-04 18:58:20.000,2108,2026-02-04 18:58:14.800,2026-02-04 18:58:10.711,-4088.496,60.02500534057617,0
2026-02-04 18:58:10.000,2026-02-04 18:58:20.000,2423,2026-02-04 18:58:14.720,2026-02-04 18:58:10.718,-4001.986,50.02159118652344,0
2026-02-04 18:58:10.000,2026-02-04 18:58:20.000,477,2026-02-04 18:58:14.816,2026-02-04 18:58:10.721,-4095.650,60.02632522583008,0
2026-02-04 18:58:10.000,2026-02-04 18:58:20.000,2108,2026-02-04 18:58:14.816,2026-02-04 18:58:10.729,-4087.525,60.02312088012695,0
2026-02-04 18:58:10.000,2026-02-04 18:58:20.000,477,2026-02-04 18:58:14.833,2026-02-04 18:58:10.737,-4095.818,60.02592468261719,0
2026-02-04 18:58:10.000,2026-02-04 18:58:20.000,2423,2026-02-04 18:58:14.739,2026-02-04 18:58:10.738,-4001.481,50.02006149291992,0
2026-02-04 18:58:10.000,2026-02-04 18:58:20.000,2108,2026-02-04 18:58:14.833,2026-02-04 18:58:10.746,-4087.307,60.02635192871094,0
2026-02-04 18:58:10.000,2026-02-04 18:58:20.000,477,2026-02-04 18:58:14.850,2026-02-04 18:58:10.755,-4094.861,60.026973724365234,0
2026-02-04 18:58:10.000,2026-02-04 18:58:20.000,2423,2026-02-04 18:58:14.760,2026-02-04 18:58:10.759,-4000.862,50.02117156982422,0
2026-02-04 18:58:10.000,2026-02-04 18:58:20.000,2108,2026-02-04 18:58:14.850,2026-02-04 18:58:10.762,-4087.863,60.03022003173828,0
2026-02-04 18:58:10.000,2026-02-04 18:58:20.000,477,2026-02-04 18:58:14.866,2026-02-04 18:58:10.771,-4095.219,60.027217864990234,0
2026-02-04 18:58:10.000,2026-02-04 18:58:20.000,2423,2026-02-04 18:58:14.780,2026-02-04 18:58:10.778,-4001.055,50.02293395996094,0
2026-02-04 18:58:10.000,2026-02-04 18:58:20.000,2108,2026-02-04 18:58:14.866,2026-02-04 18:58:10.778,-4087.711,60.030006408691406,0
2026-02-04 18:58:10.000,2026-02-04 18:58:20.000,477,2026-02-04 18:58:14.883,2026-02-04 18:58:10.788,-4095.278,60.02690887451172,0
2026-02-04 18:58:10.000,2026-02-04 18:58:20.000,2108,2026-02-04 18:58:14.883,2026-02-04 18:58:10.796,-4087.241,60.028846740722656,0
2026-02-04 18:58:10.000,2026-02-04 18:58:20.000,2423,2026-02-04 18:58:14.800,2026-02-04 18:58:10.798,-4001.911,50.02046203613281,0
2026-02-04 18:58:10.000,2026-02-04 18:58:20.000,477,2026-02-04 18:58:14.899,2026-02-04 18:58:10.804,-4095.803,60.02759552001953,0
2026-02-04 18:58:10.000,2026-02-04 18:58:20.000,2108,2026-02-04 18:58:14.899,2026-02-04 18:58:10.812,-4087.806,60.02727127075195,0
2026-02-04 18:58:10.000,2026-02-04 18:58:20.000,2423,2026-02-04 18:58:14.819,2026-02-04 18:58:10.818,-4001.571,50.017555236816406,0
2026-02-04 18:58:10.000,2026-02-04 18:58:20.000,477,2026-02-04 18:58:14.916,2026-02-04 18:58:10.821,-4095.253,60.02747344970703,0
2026-02-04 18:58:10.000,2026-02-04 18:58:20.000,2108,2026-02-04 18:58:14.916,2026-02-04 18:58:10.828,-4088.229,60.02482604980469,0
2026-02-04 18:58:10.000,2026-02-04 18:58:20.000,2423,2026-02-04 18:58:14.840,2026-02-04 18:58:10.838,-4001.930,50.01839065551758,0
2026-02-04 18:58:10.000,2026-02-04 18:58:20.000,477,2026-02-04 18:58:14.933,2026-02-04 18:58:10.838,-4095.267,60.026336669921875,0
2026-02-04 18:58:10.000,2026-02-04 18:58:20.000,2108,2026-02-04 18:58:14.933,2026-02-04 18:58:10.845,-4088.219,60.0262565612793,0
2026-02-04 18:58:10.000,2026-02-04 18:58:20.000,2423,2026-02-04 18:58:14.860,2026-02-04 18:58:10.858,-4001.446,50.02080154418945,0
2026-02-04 18:58:10.000,2026-02-04 18:58:20.000,2108,2026-02-04 18:58:14.950,2026-02-04 18:58:10.862,-4087.441,60.02921676635742,0
2026-02-04 18:58:10.000,2026-02-04 18:58:20.000,477,2026-02-04 18:58:14.950,2026-02-04 18:58:10.873,-4076.925,60.026206970214844,0
2026-02-04 18:58:10.000,2026-02-04 18:58:20.000,477,2026-02-04 18:58:14.966,2026-02-04 18:58:10.874,-4092.554,60.026832580566406,0
2026-02-04 18:58:10.000,2026-02-04 18:58:20.000,2423,2026-02-04 18:58:14.880,2026-02-04 18:58:10.878,-4001.345,50.0199089050293,0
2026-02-04 18:58:10.000,2026-02-04 18:58:20.000,2108,2026-02-04 18:58:14.966,2026-02-04 18:58:10.879,-4087.017,60.02533721923828,0
2026-02-04 18:58:10.000,2026-02-04 18:58:20.000,477,2026-02-04 18:58:14.983,2026-02-04 18:58:10.888,-4095.170,60.026851654052734,0
2026-02-04 18:58:10.000,2026-02-04 18:58:20.000,2108,2026-02-04 18:58:14.983,2026-02-04 18:58:10.896,-4087.130,60.0245475769043,0
2026-02-04 18:58:10.000,2026-02-04 18:58:20.000,2423,2026-02-04 18:58:14.899,2026-02-04 18:58:10.898,-4001.786,50.01791000366211,0
2026-02-04 18:58:10.000,2026-02-04 18:58:20.000,477,2026-02-04 18:58:15.000,2026-02-04 18:58:10.904,-4095.284,60.027069091796875,0
2026-02-04 18:58:10.000,2026-02-04 18:58:20.000,2108,2026-02-04 18:58:15.000,2026-02-04 18:58:10.911,-4088.283,60.02919006347656,0
2026-02-04 18:58:10.000,2026-02-04 18:58:20.000,2423,2026-02-04 18:58:14.920,2026-02-04 18:58:10.918,-4001.771,50.019264221191406,0
2026-02-04 18:58:10.000,2026-02-04 18:58:20.000,477,2026-02-04 18:58:15.016,2026-02-04 18:58:10.921,-4095.437,60.027034759521484,0
2026-02-04 18:58:10.000,2026-02-04 18:58:20.000,2108,2026-02-04 18:58:15.016,2026-02-04 18:58:10.929,-4087.396,60.0287971496582,0
2026-02-04 18:58:10.000,2026-02-04 18:58:20.000,2423,2026-02-04 18:58:14.940,2026-02-04 18:58:10.937,-4002.618,50.020713806152344,0
2026-02-04 18:58:10.000,2026-02-04 18:58:20.000,477,2026-02-04 18:58:15.033,2026-02-04 18:58:10.938,-4094.937,60.0263786315918,0
2026-02-04 18:58:10.000,2026-02-04 18:58:20.000,2108,2026-02-04 18:58:15.033,2026-02-04 18:58:10.945,-4087.422,60.02687454223633,0
2026-02-04 18:58:10.000,2026-02-04 18:58:20.000,477,2026-02-04 18:58:15.050,2026-02-04 18:58:10.955,-4094.976,60.0265998840332,0
2026-02-04 18:58:10.000,2026-02-04 18:58:20.000,2423,2026-02-04 18:58:14.960,2026-02-04 18:58:10.958,-4001.974,50.01982116699219,0
2026-02-04 18:58:10.000,2026-02-04 18:58:20.000,2108,2026-02-04 18:58:15.050,2026-02-04 18:58:10.962,-4087.974,60.026268005371094,0
2026-02-04 18:58:10.000,2026-02-04 18:58:20.000,477,2026-02-04 18:58:15.066,2026-02-04 18:58:10.971,-4095.301,60.02721405029297,0
2026-02-04 18:58:10.000,2026-02-04 18:58:20.000,2423,2026-02-04 18:58:14.979,2026-02-04 18:58:10.977,-4002.115,50.01950454711914,0
2026-02-04 18:58:10.000,2026-02-04 18:58:20.000,2108,2026-02-04 18:58:15.066,2026-02-04 18:58:10.978,-4087.787,60.02667999267578,0
2026-02-04 18:58:10.000,2026-02-04 18:58:20.000,477,2026-02-04 18:58:15.083,2026-02-04 18:58:10.988,-4095.279,60.027645111083984,0
2026-02-04 18:58:10.000,2026-02-04 18:58:20.000,2108,2026-02-04 18:58:15.083,2026-02-04 18:58:10.996,-4087.247,60.028533935546875,0
2026-02-04 18:58:10.000,2026-02-04 18:58:20.000,2423,2026-02-04 18:58:15.000,2026-02-04 18:58:10.998,-4001.920,50.02045822143555,0
2026-02-04 18:58:10.000,2026-02-04 18:58:20.000,477,2026-02-04 18:58:15.100,2026-02-04 18:58:11.004,-4095.418,60.027992248535156,0
2026-02-04 18:58:10.000,2026-02-04 18:58:20.000,2108,2026-02-04 18:58:15.100,2026-02-04 18:58:11.011,-4088.417,60.029144287109375,0
2026-02-04 18:58:10.000,2026-02-04 18:58:20.000,2423,2026-02-04 18:58:15.020,2026-02-04 18:58:11.018,-4001.906,50.021034240722656,0
2026-02-04 18:58:10.000,2026-02-04 18:58:20.000,477,2026-02-04 18:58:15.116,2026-02-04 18:58:11.022,-4094.566,60.02683639526367,0
2026-02-04 18:58:10.000,2026-02-04 18:58:20.000,2108,2026-02-04 18:58:15.116,2026-02-04 18:58:11.029,-4087.313,60.02678680419922,0
2026-02-04 18:58:10.000,2026-02-04 18:58:20.000,2423,2026-02-04 18:58:15.040,2026-02-04 18:58:11.038,-4001.559,50.01996994018555,0
2026-02-04 18:58:10.000,2026-02-04 18:58:20.000,477,2026-02-04 18:58:15.133,2026-02-04 18:58:11.038,-4094.895,60.025352478027344,0
2026-02-04 18:58:10.000,2026-02-04 18:58:20.000,2108,2026-02-04 18:58:15.133,2026-02-04 18:58:11.046,-4087.206,60.02583312988281,0
2026-02-04 18:58:10.000,2026-02-04 18:58:20.000,477,2026-02-04 18:58:15.150,2026-02-04 18:58:11.054,-4095.742,60.02619171142578,0
2026-02-04 18:58:10.000,2026-02-04 18:58:20.000,2423,2026-02-04 18:58:15.059,2026-02-04 18:58:11.058,-4001.734,50.01884460449219,0
2026-02-04 18:58:10.000,2026-02-04 18:58:20.000,2108,2026-02-04 18:58:15.150,2026-02-04 18:58:11.063,-4086.739,60.02683639526367,0
2026-02-04 18:58:10.000,2026-02-04 18:58:20.000,2423,2026-02-04 18:58:15.080,2026-02-04 18:58:11.077,-4002.179,50.020477294921875,0
2026-02-04 18:58:10.000,2026-02-04 18:58:20.000,2108,2026-02-04 18:58:15.166,2026-02-04 18:58:11.078,-4087.850,60.027957916259766,0
2026-02-04 18:58:10.000,2026-02-04 18:58:20.000,477,2026-02-04 18:58:15.166,2026-02-04 18:58:11.093,-4073.653,60.02741241455078,0
2026-02-04 18:58:10.000,2026-02-04 18:58:20.000,477,2026-02-04 18:58:15.183,2026-02-04 18:58:11.093,-4090.317,60.02766036987305,0
2026-02-04 18:58:10.000,2026-02-04 18:58:20.000,2108,2026-02-04 18:58:15.183,2026-02-04 18:58:11.096,-4087.312,60.029212951660156,0
2026-02-04 18:58:10.000,2026-02-04 18:58:20.000,2423,2026-02-04 18:58:15.100,2026-02-04 18:58:11.098,-4001.983,50.02226257324219,0
2026-02-04 18:58:10.000,2026-02-04 18:58:20.000,477,2026-02-04 18:58:15.200,2026-02-04 18:58:11.106,-4093.764,60.02766799926758,0
2026-02-04 18:58:10.000,2026-02-04 18:58:20.000,2108,2026-02-04 18:58:15.200,2026-02-04 18:58:11.112,-4087.762,60.025726318359375,0
2026-02-04 18:58:10.000,2026-02-04 18:58:20.000,2423,2026-02-04 18:58:15.120,2026-02-04 18:58:11.121,-3998.192,50.02081298828125,0
2026-02-04 18:58:10.000,2026-02-04 18:58:20.000,477,2026-02-04 18:58:15.216,2026-02-04 18:58:11.122,-4094.322,60.02735137939453,0
2026-02-04 18:58:10.000,2026-02-04 18:58:20.000,2108,2026-02-04 18:58:15.216,2026-02-04 18:58:11.129,-4087.322,60.02433776855469,0
2026-02-04 18:58:10.000,2026-02-04 18:58:20.000,477,2026-02-04 18:58:15.233,2026-02-04 18:58:11.138,-4094.994,60.027488708496094,0
2026-02-04 18:58:10.000,2026-02-04 18:58:20.000,2423,2026-02-04 18:58:15.139,2026-02-04 18:58:11.138,-4001.132,50.019073486328125,0
2026-02-04 18:58:10.000,2026-02-04 18:58:20.000,2108,2026-02-04 18:58:15.233,2026-02-04 18:58:11.145,-4088.216,60.028076171875,0
2026-02-04 18:58:10.000,2026-02-04 18:58:20.000,477,2026-02-04 18:58:15.250,2026-02-04 18:58:11.154,-4095.351,60.02743911743164,0
2026-02-04 18:58:10.000,2026-02-04 18:58:20.000,2423,2026-02-04 18:58:15.160,2026-02-04 18:58:11.157,-4002.351,50.020809173583984,0
2026-02-04 18:58:10.000,2026-02-04 18:58:20.000,2108,2026-02-04 18:58:15.250,2026-02-04 18:58:11.161,-4088.353,60.02846145629883,0
2026-02-04 18:58:10.000,2026-02-04 18:58:20.000,477,2026-02-04 18:58:15.266,2026-02-04 18:58:11.172,-4094.501,60.0267219543457,0
2026-02-04 18:58:10.000,2026-02-04 18:58:20.000,2423,2026-02-04 18:58:15.180,2026-02-04 18:58:11.177,-4002.284,50.022544860839844,0
2026-02-04 18:58:10.000,2026-02-04 18:58:20.000,2108,2026-02-04 18:58:15.266,2026-02-04 18:58:11.178,-4087.933,60.026004791259766,0
2026-02-04 18:58:10.000,2026-02-04 18:58:20.000,477,2026-02-04 18:58:15.283,2026-02-04 18:58:11.187,-4095.519,60.02634048461914,0
2026-02-04 18:58:10.000,2026-02-04 18:58:20.000,2108,2026-02-04 18:58:15.283,2026-02-04 18:58:11.195,-4087.499,60.02432632446289,0
2026-02-04 18:58:10.000,2026-02-04 18:58:20.000,2423,2026-02-04 18:58:15.200,2026-02-04 18:58:11.198,-4001.878,50.021236419677734,0
2026-02-04 18:58:10.000,2026-02-04 18:58:20.000,477,2026-02-04 18:58:15.299,2026-02-04 18:58:11.204,-4095.342,60.02671813964844,0
2026-02-04 18:58:10.000,2026-02-04 18:58:20.000,2108,2026-02-04 18:58:15.299,2026-02-04 18:58:11.211,-4088.342,60.027156829833984,0
2026-02-04 18:58:10.000,2026-02-04 18:58:20.000,2423,2026-02-04 18:58:15.219,2026-02-04 18:58:11.218,-4001.832,50.02006530761719,0
2026-02-04 18:58:10.000,2026-02-04 18:58:20.000,477,2026-02-04 18:58:15.316,2026-02-04 18:58:11.221,-4095.511,60.027469635009766,0
2026-02-04 18:58:10.000,2026-02-04 18:58:20.000,2108,2026-02-04 18:58:15.316,2026-02-04 18:58:11.229,-4087.455,60.0311279296875,0
2026-02-04 18:58:10.000,2026-02-04 18:58:20.000,477,2026-02-04 18:58:15.333,2026-02-04 18:58:11.238,-4095.048,60.02785873413086,0
2026-02-04 18:58:10.000,2026-02-04 18:58:20.000,2423,2026-02-04 18:58:15.240,2026-02-04 18:58:11.238,-4001.712,50.02196502685547,0
2026-02-04 18:58:10.000,2026-02-04 18:58:20.000,2108,2026-02-04 18:58:15.333,2026-02-04 18:58:11.245,-4087.954,60.0284309387207,0
2026-02-04 18:58:10.000,2026-02-04 18:58:20.000,477,2026-02-04 18:58:15.350,2026-02-04 18:58:11.255,-4094.618,60.027408599853516,0
2026-02-04 18:58:10.000,2026-02-04 18:58:20.000,2423,2026-02-04 18:58:15.260,2026-02-04 18:58:11.258,-4001.625,50.024051666259766,0
2026-02-04 18:58:10.000,2026-02-04 18:58:20.000,2108,2026-02-04 18:58:15.350,2026-02-04 18:58:11.261,-4088.615,60.023651123046875,0
2026-02-04 18:58:10.000,2026-02-04 18:58:20.000,2423,2026-02-04 18:58:15.280,2026-02-04 18:58:11.288,-3991.375,50.02251052856445,0
2026-02-04 18:58:10.000,2026-02-04 18:58:20.000,2108,2026-02-04 18:58:15.366,2026-02-04 18:58:11.289,-4077.497,60.02473068237305,0
2026-02-04 18:58:10.000,2026-02-04 18:58:20.000,2108,2026-02-04 18:58:15.383,2026-02-04 18:58:11.295,-4087.948,60.028560638427734,0
2026-02-04 18:58:10.000,2026-02-04 18:58:20.000,2423,2026-02-04 18:58:15.299,2026-02-04 18:58:11.303,-3996.092,50.01936340332031,0
2026-02-04 18:58:10.000,2026-02-04 18:58:20.000,477,2026-02-04 18:58:15.366,2026-02-04 18:58:11.303,-4062.772,60.027095794677734,0
2026-02-04 18:58:10.000,2026-02-04 18:58:20.000,477,2026-02-04 18:58:15.383,2026-02-04 18:58:11.304,-4078.435,60.027313232421875,0
2026-02-04 18:58:10.000,2026-02-04 18:58:20.000,477,2026-02-04 18:58:15.400,2026-02-04 18:58:11.305,-4094.092,60.027103424072266,0
2026-02-04 18:58:10.000,2026-02-04 18:58:20.000,2108,2026-02-04 18:58:15.400,2026-02-04 18:58:11.311,-4088.092,60.02937698364258,0
2026-02-04 18:58:10.000,2026-02-04 18:58:20.000,2423,2026-02-04 18:58:15.320,2026-02-04 18:58:11.334,-3985.854,50.018611907958984,0
2026-02-04 18:58:10.000,2026-02-04 18:58:20.000,477,2026-02-04 18:58:15.416,2026-02-04 18:58:11.335,-4081.517,60.02680969238281,0
2026-02-04 18:58:10.000,2026-02-04 18:58:20.000,2108,2026-02-04 18:58:15.416,2026-02-04 18:58:11.336,-4080.518,60.02661895751953,0
2026-02-04 18:58:10.000,2026-02-04 18:58:20.000,2423,2026-02-04 18:58:15.340,2026-02-04 18:58:11.340,-3999.749,50.02061080932617,0
2026-02-04 18:58:10.000,2026-02-04 18:58:20.000,477,2026-02-04 18:58:15.433,2026-02-04 18:58:11.340,-4093.069,60.02708435058594,0
2026-02-04 18:58:10.000,2026-02-04 18:58:20.000,2108,2026-02-04 18:58:15.433,2026-02-04 18:58:11.360,-4072.968,60.02373123168945,0
2026-02-04 18:58:10.000,2026-02-04 18:58:20.000,477,2026-02-04 18:58:15.450,2026-02-04 18:58:11.361,-4088.641,60.027462005615234,0
2026-02-04 18:58:10.000,2026-02-04 18:58:20.000,2423,2026-02-04 18:58:15.360,2026-02-04 18:58:11.361,-3998.641,50.02316665649414,0
2026-02-04 18:58:10.000,2026-02-04 18:58:20.000,2108,2026-02-04 18:58:15.450,2026-02-04 18:58:11.362,-4087.641,60.026145935058594,0
2026-02-04 18:58:10.000,2026-02-04 18:58:20.000,477,2026-02-04 18:58:15.466,2026-02-04 18:58:11.371,-4095.151,60.02775955200195,0
2026-02-04 18:58:10.000,2026-02-04 18:58:20.000,2423,2026-02-04 18:58:15.379,2026-02-04 18:58:11.378,-4001.969,50.022727966308594,0
2026-02-04 18:58:10.000,2026-02-04 18:58:20.000,2108,2026-02-04 18:58:15.466,2026-02-04 18:58:11.379,-4087.639,60.031158447265625,0
2026-02-04 18:58:10.000,2026-02-04 18:58:20.000,477,2026-02-04 18:58:15.483,2026-02-04 18:58:11.388,-4095.199,60.02821350097656,0
2026-02-04 18:58:10.000,2026-02-04 18:58:20.000,2108,2026-02-04 18:58:15.483,2026-02-04 18:58:11.396,-4087.182,60.03132629394531,0
2026-02-04 18:58:10.000,2026-02-04 18:58:20.000,2423,2026-02-04 18:58:15.400,2026-02-04 18:58:11.398,-4001.853,50.019927978515625,0
2026-02-04 18:58:10.000,2026-02-04 18:58:20.000,477,2026-02-04 18:58:15.500,2026-02-04 18:58:11.404,-4095.351,60.02811050415039,0
2026-02-04 18:58:10.000,2026-02-04 18:58:20.000,2108,2026-02-04 18:58:15.500,2026-02-04 18:58:11.411,-4088.349,60.02736282348633,0
2026-02-04 18:58:10.000,2026-02-04 18:58:20.000,2423,2026-02-04 18:58:15.420,2026-02-04 18:58:11.418,-4001.837,50.02088165283203,0
2026-02-04 18:58:10.000,2026-02-04 18:58:20.000,477,2026-02-04 18:58:15.516,2026-02-04 18:58:11.421,-4095.502,60.02745819091797,0
2026-02-04 18:58:10.000,2026-02-04 18:58:20.000,2108,2026-02-04 18:58:15.516,2026-02-04 18:58:11.429,-4087.298,60.0251579284668,0
2026-02-04 18:58:10.000,2026-02-04 18:58:20.000,477,2026-02-04 18:58:15.533,2026-02-04 18:58:11.437,-4095.449,60.026885986328125,0
2026-02-04 18:58:10.000,2026-02-04 18:58:20.000,2423,2026-02-04 18:58:15.440,2026-02-04 18:58:11.437,-4002.113,50.02369689941406,0
2026-02-04 18:58:10.000,2026-02-04 18:58:20.000,2108,2026-02-04 18:58:15.533,2026-02-04 18:58:11.445,-4088.299,60.026092529296875,0
2026-02-04 18:58:10.000,2026-02-04 18:58:20.000,477,2026-02-04 18:58:15.550,2026-02-04 18:58:11.454,-4095.455,60.02706527709961,0
2026-02-04 18:58:10.000,2026-02-04 18:58:20.000,2423,2026-02-04 18:58:15.459,2026-02-04 18:58:11.457,-4002.447,50.022544860839844,0
2026-02-04 18:58:10.000,2026-02-04 18:58:20.000,2108,2026-02-04 18:58:15.550,2026-02-04 18:58:11.461,-4088.454,60.027896881103516,0
2026-02-04 18:58:10.000,2026-02-04 18:58:20.000,477,2026-02-04 18:58:15.566,2026-02-04 18:58:11.471,-4095.618,60.02734375,0
2026-02-04 18:58:10.000,2026-02-04 18:58:20.000,2423,2026-02-04 18:58:15.480,2026-02-04 18:58:11.478,-4001.760,50.020267486572266,0
2026-02-04 18:58:10.000,2026-02-04 18:58:20.000,2108,2026-02-04 18:58:15.566,2026-02-04 18:58:11.479,-4087.433,60.0284423828125,0
2026-02-04 18:58:10.000,2026-02-04 18:58:20.000,477,2026-02-04 18:58:15.583,2026-02-04 18:58:11.488,-4095.030,60.02711486816406,0
2026-02-04 18:58:10.000,2026-02-04 18:58:20.000,2108,2026-02-04 18:58:15.583,2026-02-04 18:58:11.495,-4088.015,60.02663803100586,0
2026-02-04 18:58:10.000,2026-02-04 18:58:20.000,2423,2026-02-04 18:58:15.500,2026-02-04 18:58:11.498,-4001.685,50.02070617675781,0
2026-02-04 18:58:10.000,2026-02-04 18:58:20.000,2108,2026-02-04 18:58:15.600,2026-02-04 18:58:11.511,-4088.354,60.02800750732422,0
2026-02-04 18:58:10.000,2026-02-04 18:58:20.000,2423,2026-02-04 18:58:15.520,2026-02-04 18:58:11.518,-4001.842,50.02224349975586,0
2026-02-04 18:58:10.000,2026-02-04 18:58:20.000,2108,2026-02-04 18:58:15.616,2026-02-04 18:58:11.529,-4087.455,60.02967834472656,0
2026-02-04 18:58:10.000,2026-02-04 18:58:20.000,477,2026-02-04 18:58:15.600,2026-02-04 18:58:11.532,-4067.790,60.02739334106445,0
2026-02-04 18:58:10.000,2026-02-04 18:58:20.000,477,2026-02-04 18:58:15.616,2026-02-04 18:58:11.532,-4084.454,60.027381896972656,0
2026-02-04 18:58:10.000,2026-02-04 18:58:20.000,477,2026-02-04 18:58:15.633,2026-02-04 18:58:11.537,-4095.608,60.026824951171875,0
2026-02-04 18:58:10.000,2026-02-04 18:58:20.000,2423,2026-02-04 18:58:15.539,2026-02-04 18:58:11.538,-4001.272,50.02301025390625,0
2026-02-04 18:58:10.000,2026-02-04 18:58:20.000,2108,2026-02-04 18:58:15.633,2026-02-04 18:58:11.546,-4087.097,60.02811050415039,0
2026-02-04 18:58:10.000,2026-02-04 18:58:20.000,477,2026-02-04 18:58:15.650,2026-02-04 18:58:11.554,-4095.636,60.02715301513672,0
2026-02-04 18:58:10.000,2026-02-04 18:58:20.000,2423,2026-02-04 18:58:15.560,2026-02-04 18:58:11.558,-4001.637,50.02268981933594,0
2026-02-04 18:58:10.000,2026-02-04 18:58:20.000,2108,2026-02-04 18:58:15.650,2026-02-04 18:58:11.562,-4087.636,60.027122497558594,0
2026-02-04 18:58:10.000,2026-02-04 18:58:20.000,477,2026-02-04 18:58:15.666,2026-02-04 18:58:11.571,-4095.245,60.027957916259766,0
2026-02-04 18:58:10.000,2026-02-04 18:58:20.000,2423,2026-02-04 18:58:15.580,2026-02-04 18:58:11.577,-4002.046,50.02311706542969,0
2026-02-04 18:58:10.000,2026-02-04 18:58:20.000,2108,2026-02-04 18:58:15.666,2026-02-04 18:58:11.578,-4087.703,60.024993896484375,0
2026-02-04 18:58:10.000,2026-02-04 18:58:20.000,477,2026-02-04 18:58:15.683,2026-02-04 18:58:11.588,-4095.248,60.02791976928711,0
2026-02-04 18:58:10.000,2026-02-04 18:58:20.000,2108,2026-02-04 18:58:15.683,2026-02-04 18:58:11.595,-4088.214,60.02540588378906,0
2026-02-04 18:58:10.000,2026-02-04 18:58:20.000,2423,2026-02-04 18:58:15.600,2026-02-04 18:58:11.598,-4001.886,50.02327346801758,0
2026-02-04 18:58:10.000,2026-02-04 18:58:20.000,477,2026-02-04 18:58:15.699,2026-02-04 18:58:11.604,-4095.407,60.0277214050293,0
2026-02-04 18:58:10.000,2026-02-04 18:58:20.000,2108,2026-02-04 18:58:15.699,2026-02-04 18:58:11.611,-4088.408,60.03022003173828,0
2026-02-04 18:58:10.000,2026-02-04 18:58:20.000,2423,2026-02-04 18:58:15.619,2026-02-04 18:58:11.618,-4001.897,50.02144241333008,0
2026-02-04 18:58:10.000,2026-02-04 18:58:20.000,477,2026-02-04 18:58:15.716,2026-02-04 18:58:11.621,-4095.578,60.02769088745117,0
2026-02-04 18:58:10.000,2026-02-04 18:58:20.000,2108,2026-02-04 18:58:15.716,2026-02-04 18:58:11.628,-4088.179,60.03068923950195,0
2026-02-04 18:58:10.000,2026-02-04 18:58:20.000,2423,2026-02-04 18:58:15.640,2026-02-04 18:58:11.638,-4001.999,50.02165985107422,0
2026-02-04 18:58:10.000,2026-02-04 18:58:20.000,477,2026-02-04 18:58:15.733,2026-02-04 18:58:11.638,-4095.335,60.027523040771484,0
2026-02-04 18:58:10.000,2026-02-04 18:58:20.000,2108,2026-02-04 18:58:15.733,2026-02-04 18:58:11.645,-4088.213,60.02522277832031,0
2026-02-04 18:58:10.000,2026-02-04 18:58:20.000,477,2026-02-04 18:58:15.750,2026-02-04 18:58:11.654,-4095.461,60.02781295776367,0
2026-02-04 18:58:10.000,2026-02-04 18:58:20.000,2423,2026-02-04 18:58:15.660,2026-02-04 18:58:11.657,-4002.468,50.02338409423828,0
2026-02-04 18:58:10.000,2026-02-04 18:58:20.000,2108,2026-02-04 18:58:15.750,2026-02-04 18:58:11.661,-4088.356,60.02296447753906,0
2026-02-04 18:58:10.000,2026-02-04 18:58:20.000,477,2026-02-04 18:58:15.766,2026-02-04 18:58:11.671,-4095.516,60.02772903442383,0
2026-02-04 18:58:10.000,2026-02-04 18:58:20.000,2423,2026-02-04 18:58:15.680,2026-02-04 18:58:11.677,-4002.333,50.022457122802734,0
2026-02-04 18:58:10.000,2026-02-04 18:58:20.000,2108,2026-02-04 18:58:15.766,2026-02-04 18:58:11.678,-4088.004,60.027496337890625,0
2026-02-04 18:58:10.000,2026-02-04 18:58:20.000,477,2026-02-04 18:58:15.783,2026-02-04 18:58:11.688,-4095.158,60.02685546875,0
2026-02-04 18:58:10.000,2026-02-04 18:58:20.000,2108,2026-02-04 18:58:15.783,2026-02-04 18:58:11.695,-4088.120,60.03211975097656,0
2026-02-04 18:58:10.000,2026-02-04 18:58:20.000,2423,2026-02-04 18:58:15.699,2026-02-04 18:58:11.698,-4001.775,50.02239227294922,0
2026-02-04 18:58:10.000,2026-02-04 18:58:20.000,477,2026-02-04 18:58:15.800,2026-02-04 18:58:11.704,-4095.479,60.027130126953125,0
2026-02-04 18:58:10.000,2026-02-04 18:58:20.000,2108,2026-02-04 18:58:15.800,2026-02-04 18:58:11.711,-4088.447,60.0301628112793,0
2026-02-04 18:58:10.000,2026-02-04 18:58:20.000,2423,2026-02-04 18:58:15.720,2026-02-04 18:58:11.718,-4001.937,50.0244255065918,0
2026-02-04 18:58:10.000,2026-02-04 18:58:20.000,2108,2026-02-04 18:58:15.816,2026-02-04 18:58:11.729,-4087.543,60.025230407714844,0
2026-02-04 18:58:10.000,2026-02-04 18:58:20.000,2423,2026-02-04 18:58:15.740,2026-02-04 18:58:11.738,-4001.840,50.02272415161133,0
2026-02-04 18:58:10.000,2026-02-04 18:58:20.000,477,2026-02-04 18:58:15.816,2026-02-04 18:58:11.743,-4073.457,60.028289794921875,0
2026-02-04 18:58:10.000,2026-02-04 18:58:20.000,477,2026-02-04 18:58:15.833,2026-02-04 18:58:11.743,-4090.121,60.02865982055664,0
2026-02-04 18:58:10.000,2026-02-04 18:58:20.000,2108,2026-02-04 18:58:15.833,2026-02-04 18:58:11.745,-4088.114,60.02619934082031,0
2026-02-04 18:58:10.000,2026-02-04 18:58:20.000,477,2026-02-04 18:58:15.850,2026-02-04 18:58:11.754,-4095.632,60.0283317565918,0
2026-02-04 18:58:10.000,2026-02-04 18:58:20.000,2423,2026-02-04 18:58:15.760,2026-02-04 18:58:11.758,-4001.630,50.01893615722656,0
2026-02-04 18:58:10.000,2026-02-04 18:58:20.000,2108,2026-02-04 18:58:15.850,2026-02-04 18:58:11.761,-4088.632,60.02665710449219,0
2026-02-04 18:58:10.000,2026-02-04 18:58:20.000,477,2026-02-04 18:58:15.866,2026-02-04 18:58:11.770,-4095.724,60.027957916259766,0
2026-02-04 18:58:10.000,2026-02-04 18:58:20.000,2423,2026-02-04 18:58:15.779,2026-02-04 18:58:11.777,-4002.022,50.01937484741211,0
2026-02-04 18:58:10.000,2026-02-04 18:58:20.000,2108,2026-02-04 18:58:15.866,2026-02-04 18:58:11.778,-4087.693,60.024600982666016,0
2026-02-04 18:58:10.000,2026-02-04 18:58:20.000,477,2026-02-04 18:58:15.883,2026-02-04 18:58:11.789,-4093.842,60.02812576293945,0
2026-02-04 18:58:10.000,2026-02-04 18:58:20.000,2108,2026-02-04 18:58:15.883,2026-02-04 18:58:11.795,-4087.332,60.028865814208984,0
2026-02-04 18:58:10.000,2026-02-04 18:58:20.000,2423,2026-02-04 18:58:15.800,2026-02-04 18:58:11.797,-4002.002,50.02314376831055,0
2026-02-04 18:58:10.000,2026-02-04 18:58:20.000,477,2026-02-04 18:58:15.900,2026-02-04 18:58:11.805,-4094.976,60.02848815917969,0
2026-02-04 18:58:10.000,2026-02-04 18:58:20.000,2108,2026-02-04 18:58:15.900,2026-02-04 18:58:11.812,-4087.975,60.0306282043457,0
2026-02-04 18:58:10.000,2026-02-04 18:58:20.000,2423,2026-02-04 18:58:15.820,2026-02-04 18:58:11.818,-4001.888,50.02436065673828,0
2026-02-04 18:58:10.000,2026-02-04 18:58:20.000,477,2026-02-04 18:58:15.916,2026-02-04 18:58:11.823,-4093.550,60.028419494628906,0
2026-02-04 18:58:10.000,2026-02-04 18:58:20.000,2108,2026-02-04 18:58:15.916,2026-02-04 18:58:11.830,-4086.163,60.02779006958008,0
2026-02-04 18:58:10.000,2026-02-04 18:58:20.000,2423,2026-02-04 18:58:15.840,2026-02-04 18:58:11.838,-4001.971,50.02232360839844,0
2026-02-04 18:58:10.000,2026-02-04 18:58:20.000,477,2026-02-04 18:58:15.933,2026-02-04 18:58:11.838,-4095.307,60.02790069580078,0
2026-02-04 18:58:10.000,2026-02-04 18:58:20.000,2108,2026-02-04 18:58:15.933,2026-02-04 18:58:11.845,-4088.185,60.02975845336914,0
2026-02-04 18:58:10.000,2026-02-04 18:58:20.000,477,2026-02-04 18:58:15.950,2026-02-04 18:58:11.854,-4095.351,60.02763748168945,0
2026-02-04 18:58:10.000,2026-02-04 18:58:20.000,2423,2026-02-04 18:58:15.859,2026-02-04 18:58:11.859,-4000.343,50.0206184387207,0
2026-02-04 18:58:10.000,2026-02-04 18:58:20.000,2108,2026-02-04 18:58:15.950,2026-02-04 18:58:11.861,-4088.353,60.03044891357422,0
2026-02-04 18:58:10.000,2026-02-04 18:58:20.000,477,2026-02-04 18:58:15.966,2026-02-04 18:58:11.871,-4095.514,60.02805709838867,0
2026-02-04 18:58:10.000,2026-02-04 18:58:20.000,2423,2026-02-04 18:58:15.880,2026-02-04 18:58:11.878,-4001.815,50.02159881591797,0
2026-02-04 18:58:10.000,2026-02-04 18:58:20.000,2108,2026-02-04 18:58:15.966,2026-02-04 18:58:11.879,-4087.484,60.024723052978516,0
2026-02-04 18:58:10.000,2026-02-04 18:58:20.000,477,2026-02-04 18:58:15.983,2026-02-04 18:58:11.888,-4094.964,60.028263092041016,0
2026-02-04 18:58:10.000,2026-02-04 18:58:20.000,2108,2026-02-04 18:58:15.983,2026-02-04 18:58:11.900,-4083.326,60.024169921875,0
2026-02-04 18:58:10.000,2026-02-04 18:58:20.000,2423,2026-02-04 18:58:15.900,2026-02-04 18:58:11.901,-3998.991,50.02408218383789,0
2026-02-04 18:58:10.000,2026-02-04 18:58:20.000,477,2026-02-04 18:58:16.000,2026-02-04 18:58:11.904,-4095.471,60.0281982421875,0
2026-02-04 18:58:10.000,2026-02-04 18:58:20.000,2108,2026-02-04 18:58:16.000,2026-02-04 18:58:11.912,-4087.852,60.02882766723633,0
2026-02-04 18:58:10.000,2026-02-04 18:58:20.000,2423,2026-02-04 18:58:15.920,2026-02-04 18:58:11.917,-4002.485,50.02459716796875,0
2026-02-04 18:58:10.000,2026-02-04 18:58:20.000,477,2026-02-04 18:58:16.016,2026-02-04 18:58:11.921,-4095.056,60.02797317504883,0
2026-02-04 18:58:10.000,2026-02-04 18:58:20.000,2108,2026-02-04 18:58:16.016,2026-02-04 18:58:11.929,-4087.531,60.02989196777344,0
2026-02-04 18:58:10.000,2026-02-04 18:58:20.000,2423,2026-02-04 18:58:15.939,2026-02-04 18:58:11.938,-4001.464,50.02266311645508,0
2026-02-04 18:58:10.000,2026-02-04 18:58:20.000,477,2026-02-04 18:58:16.033,2026-02-04 18:58:11.938,-4094.800,60.02764892578125,0
2026-02-04 18:58:10.000,2026-02-04 18:58:20.000,2108,2026-02-04 18:58:16.033,2026-02-04 18:58:11.946,-4087.235,60.02981185913086,0
2026-02-04 18:58:10.000,2026-02-04 18:58:20.000,477,2026-02-04 18:58:16.050,2026-02-04 18:58:11.955,-4094.838,60.02799606323242,0
2026-02-04 18:58:10.000,2026-02-04 18:58:20.000,2423,2026-02-04 18:58:15.960,2026-02-04 18:58:11.958,-4001.837,50.02145004272461,0
2026-02-04 18:58:10.000,2026-02-04 18:58:20.000,2108,2026-02-04 18:58:16.050,2026-02-04 18:58:11.962,-4087.839,60.02887725830078,0
2026-02-04 18:58:10.000,2026-02-04 18:58:20.000,477,2026-02-04 18:58:16.066,2026-02-04 18:58:11.971,-4094.983,60.02811813354492,0
2026-02-04 18:58:10.000,2026-02-04 18:58:20.000,2423,2026-02-04 18:58:15.980,2026-02-04 18:58:11.980,-3999.808,50.023258209228516,0
2026-02-04 18:58:10.000,2026-02-04 18:58:20.000,2108,2026-02-04 18:58:16.066,2026-02-04 18:58:11.980,-4086.464,60.028343200683594,0
2026-02-04 18:58:10.000,2026-02-04 18:58:20.000,477,2026-02-04 18:58:16.083,2026-02-04 18:58:11.988,-4095.046,60.027320861816406,0
2026-02-04 18:58:10.000,2026-02-04 18:58:20.000,2108,2026-02-04 18:58:16.083,2026-02-04 18:58:11.996,-4086.994,60.02836227416992,0
2026-02-04 18:58:10.000,2026-02-04 18:58:20.000,2423,2026-02-04 18:58:16.000,2026-02-04 18:58:11.998,-4001.663,50.023502349853516,0
2026-02-04 18:58:10.000,2026-02-04 18:58:20.000,477,2026-02-04 18:58:16.099,2026-02-04 18:58:12.004,-4095.553,60.02713394165039,0
2026-02-04 18:58:10.000,2026-02-04 18:58:20.000,2108,2026-02-04 18:58:16.099,2026-02-04 18:58:12.012,-4087.047,60.027713775634766,0
2026-02-04 18:58:10.000,2026-02-04 18:58:20.000,2423,2026-02-04 18:58:16.019,2026-02-04 18:58:12.017,-4002.040,50.019744873046875,0
2026-02-04 18:58:10.000,2026-02-04 18:58:20.000,477,2026-02-04 18:58:16.116,2026-02-04 18:58:12.021,-4094.720,60.02815628051758,0
2026-02-04 18:58:10.000,2026-02-04 18:58:20.000,2108,2026-02-04 18:58:16.116,2026-02-04 18:58:12.029,-4087.637,60.027740478515625,0
2026-02-04 18:58:10.000,2026-02-04 18:58:20.000,477,2026-02-04 18:58:16.133,2026-02-04 18:58:12.038,-4095.217,60.028560638427734,0
2026-02-04 18:58:10.000,2026-02-04 18:58:20.000,2423,2026-02-04 18:58:16.040,2026-02-04 18:58:12.038,-4001.881,50.01917266845703,0
2026-02-04 18:58:10.000,2026-02-04 18:58:20.000,2108,2026-02-04 18:58:16.133,2026-02-04 18:58:12.046,-4087.188,60.025779724121094,0
2026-02-04 18:58:10.000,2026-02-04 18:58:20.000,477,2026-02-04 18:58:16.150,2026-02-04 18:58:12.055,-4094.818,60.02829360961914,0
2026-02-04 18:58:10.000,2026-02-04 18:58:20.000,2423,2026-02-04 18:58:16.060,2026-02-04 18:58:12.058,-4001.828,50.022674560546875,0
2026-02-04 18:58:10.000,2026-02-04 18:58:20.000,2108,2026-02-04 18:58:16.150,2026-02-04 18:58:12.062,-4087.821,60.02450180053711,0
2026-02-04 18:58:10.000,2026-02-04 18:58:20.000,477,2026-02-04 18:58:16.166,2026-02-04 18:58:12.071,-4095.446,60.028297424316406,0
2026-02-04 18:58:10.000,2026-02-04 18:58:20.000,2423,2026-02-04 18:58:16.080,2026-02-04 18:58:12.078,-4001.517,50.024356842041016,0
2026-02-04 18:58:10.000,2026-02-04 18:58:20.000,2108,2026-02-04 18:58:16.166,2026-02-04 18:58:12.079,-4087.190,60.02885055541992,0
2026-02-04 18:58:10.000,2026-02-04 18:58:20.000,477,2026-02-04 18:58:16.183,2026-02-04 18:58:12.088,-4094.824,60.028167724609375,0
2026-02-04 18:58:10.000,2026-02-04 18:58:20.000,2108,2026-02-04 18:58:16.183,2026-02-04 18:58:12.096,-4087.055,60.0322265625,0
2026-02-04 18:58:10.000,2026-02-04 18:58:20.000,2423,2026-02-04 18:58:16.099,2026-02-04 18:58:12.098,-4001.712,50.02113342285156,0
2026-02-04 18:58:10.000,2026-02-04 18:58:20.000,477,2026-02-04 18:58:16.200,2026-02-04 18:58:12.105,-4094.967,60.02826690673828,0
2026-02-04 18:58:10.000,2026-02-04 18:58:20.000,2108,2026-02-04 18:58:16.200,2026-02-04 18:58:12.111,-4088.364,60.02992248535156,0
2026-02-04 18:58:10.000,2026-02-04 18:58:20.000,2423,2026-02-04 18:58:16.120,2026-02-04 18:58:12.118,-4001.842,50.018856048583984,0
2026-02-04 18:58:10.000,2026-02-04 18:58:20.000,477,2026-02-04 18:58:16.216,2026-02-04 18:58:12.121,-4095.507,60.02840805053711,0
2026-02-04 18:58:10.000,2026-02-04 18:58:20.000,2108,2026-02-04 18:58:16.216,2026-02-04 18:58:12.128,-4087.930,60.027469635009766,0
2026-02-04 18:58:10.000,2026-02-04 18:58:20.000,2423,2026-02-04 18:58:16.140,2026-02-04 18:58:12.137,-4002.204,50.022464752197266,0
2026-02-04 18:58:10.000,2026-02-04 18:58:20.000,477,2026-02-04 18:58:16.233,2026-02-04 18:58:12.137,-4095.525,60.02827835083008,0
2026-02-04 18:58:10.000,2026-02-04 18:58:20.000,2108,2026-02-04 18:58:16.233,2026-02-04 18:58:12.145,-4088.011,60.027286529541016,0
2026-02-04 18:58:10.000,2026-02-04 18:58:20.000,477,2026-02-04 18:58:16.250,2026-02-04 18:58:12.154,-4095.178,60.02796173095703,0
2026-02-04 18:58:10.000,2026-02-04 18:58:20.000,2423,2026-02-04 18:58:16.160,2026-02-04 18:58:12.157,-4002.175,50.023799896240234,0
2026-02-04 18:58:10.000,2026-02-04 18:58:20.000,2108,2026-02-04 18:58:16.250,2026-02-04 18:58:12.161,-4088.179,60.029396057128906,0
2026-02-04 18:58:10.000,2026-02-04 18:58:20.000,477,2026-02-04 18:58:16.266,2026-02-04 18:58:12.170,-4095.820,60.02735900878906,0
2026-02-04 18:58:10.000,2026-02-04 18:58:20.000,2423,2026-02-04 18:58:16.179,2026-02-04 18:58:12.178,-4001.637,50.021610260009766,0
2026-02-04 18:58:10.000,2026-02-04 18:58:20.000,2108,2026-02-04 18:58:16.266,2026-02-04 18:58:12.179,-4087.309,60.03070831298828,0
2026-02-04 18:58:10.000,2026-02-04 18:58:20.000,477,2026-02-04 18:58:16.283,2026-02-04 18:58:12.188,-4095.294,60.027591705322266,0
2026-02-04 18:58:10.000,2026-02-04 18:58:20.000,2108,2026-02-04 18:58:16.283,2026-02-04 18:58:12.196,-4086.990,60.02684783935547,0
2026-02-04 18:58:10.000,2026-02-04 18:58:20.000,2423,2026-02-04 18:58:16.200,2026-02-04 18:58:12.198,-4001.662,50.02138137817383,0
2026-02-04 18:58:10.000,2026-02-04 18:58:20.000,477,2026-02-04 18:58:16.300,2026-02-04 18:58:12.204,-4095.159,60.028499603271484,0
2026-02-04 18:58:10.000,2026-02-04 18:58:20.000,2108,2026-02-04 18:58:16.300,2026-02-04 18:58:12.211,-4088.153,60.026519775390625,0
2026-02-04 18:58:10.000,2026-02-04 18:58:20.000,2423,2026-02-04 18:58:16.220,2026-02-04 18:58:12.235,-3984.620,50.02241897583008,0
2026-02-04 18:58:10.000,2026-02-04 18:58:20.000,477,2026-02-04 18:58:16.316,2026-02-04 18:58:12.236,-4080.283,60.028289794921875,0
2026-02-04 18:58:10.000,2026-02-04 18:58:20.000,2108,2026-02-04 18:58:16.316,2026-02-04 18:58:12.239,-4077.283,60.031551361083984,0
2026-02-04 18:58:10.000,2026-02-04 18:58:20.000,477,2026-02-04 18:58:16.333,2026-02-04 18:58:12.244,-4088.434,60.02754211425781,0
2026-02-04 18:58:10.000,2026-02-04 18:58:20.000,2423,2026-02-04 18:58:16.240,2026-02-04 18:58:12.244,-3995.098,50.02360534667969,0
2026-02-04 18:58:10.000,2026-02-04 18:58:20.000,2108,2026-02-04 18:58:16.333,2026-02-04 18:58:12.255,-4078.291,60.031551361083984,0
2026-02-04 18:58:10.000,2026-02-04 18:58:20.000,477,2026-02-04 18:58:16.350,2026-02-04 18:58:12.256,-4093.954,60.027462005615234,0
2026-02-04 18:58:10.000,2026-02-04 18:58:20.000,2423,2026-02-04 18:58:16.259,2026-02-04 18:58:12.258,-4001.946,50.02302551269531,0
2026-02-04 18:58:10.000,2026-02-04 18:58:20.000,2108,2026-02-04 18:58:16.350,2026-02-04 18:58:12.266,-4083.931,60.02861785888672,0
2026-02-04 18:58:10.000,2026-02-04 18:58:20.000,477,2026-02-04 18:58:16.366,2026-02-04 18:58:12.272,-4094.601,60.027400970458984,0
2026-02-04 18:58:10.000,2026-02-04 18:58:20.000,2423,2026-02-04 18:58:16.280,2026-02-04 18:58:12.283,-3996.710,50.01997375488281,0
2026-02-04 18:58:10.000,2026-02-04 18:58:20.000,2108,2026-02-04 18:58:16.366,2026-02-04 18:58:12.284,-4081.903,60.02568817138672,0
2026-02-04 18:58:10.000,2026-02-04 18:58:20.000,477,2026-02-04 18:58:16.383,2026-02-04 18:58:12.288,-4094.569,60.02742385864258,0
2026-02-04 18:58:10.000,2026-02-04 18:58:20.000,2108,2026-02-04 18:58:16.383,2026-02-04 18:58:12.296,-4086.543,60.02629470825195,0
2026-02-04 18:58:10.000,2026-02-04 18:58:20.000,2423,2026-02-04 18:58:16.300,2026-02-04 18:58:12.297,-4002.216,50.01936340332031,0
2026-02-04 18:58:10.000,2026-02-04 18:58:20.000,477,2026-02-04 18:58:16.400,2026-02-04 18:58:12.304,-4095.695,60.027652740478516,0
2026-02-04 18:58:10.000,2026-02-04 18:58:20.000,2108,2026-02-04 18:58:16.400,2026-02-04 18:58:12.312,-4087.697,60.03247833251953,0
2026-02-04 18:58:10.000,2026-02-04 18:58:20.000,2423,2026-02-04 18:58:16.320,2026-02-04 18:58:12.318,-4001.439,50.021034240722656,0
2026-02-04 18:58:10.000,2026-02-04 18:58:20.000,477,2026-02-04 18:58:16.416,2026-02-04 18:58:12.321,-4095.103,60.027645111083984,0
2026-02-04 18:58:10.000,2026-02-04 18:58:20.000,2108,2026-02-04 18:58:16.416,2026-02-04 18:58:12.329,-4087.590,60.03307342529297,0
2026-02-04 18:58:10.000,2026-02-04 18:58:20.000,2423,2026-02-04 18:58:16.339,2026-02-04 18:58:12.338,-4001.851,50.021244049072266,0
2026-02-04 18:58:10.000,2026-02-04 18:58:20.000,477,2026-02-04 18:58:16.433,2026-02-04 18:58:12.338,-4095.187,60.027915954589844,0
2026-02-04 18:58:10.000,2026-02-04 18:58:20.000,2108,2026-02-04 18:58:16.433,2026-02-04 18:58:12.345,-4087.931,60.02705001831055,0
2026-02-04 18:58:10.000,2026-02-04 18:58:20.000,477,2026-02-04 18:58:16.450,2026-02-04 18:58:12.354,-4095.089,60.028228759765625,0
2026-02-04 18:58:10.000,2026-02-04 18:58:20.000,2423,2026-02-04 18:58:16.360,2026-02-04 18:58:12.358,-4001.088,50.02098846435547,0
2026-02-04 18:58:10.000,2026-02-04 18:58:20.000,2108,2026-02-04 18:58:16.450,2026-02-04 18:58:12.362,-4087.089,60.026519775390625,0
2026-02-04 18:58:10.000,2026-02-04 18:58:20.000,477,2026-02-04 18:58:16.466,2026-02-04 18:58:12.370,-4095.694,60.02771759033203,0
2026-02-04 18:58:10.000,2026-02-04 18:58:20.000,2423,2026-02-04 18:58:16.380,2026-02-04 18:58:12.378,-4001.591,50.022064208984375,0
2026-02-04 18:58:10.000,2026-02-04 18:58:20.000,2108,2026-02-04 18:58:16.466,2026-02-04 18:58:12.379,-4087.248,60.02969741821289,0
2026-02-04 18:58:10.000,2026-02-04 18:58:20.000,477,2026-02-04 18:58:16.483,2026-02-04 18:58:12.387,-4095.404,60.027809143066406,0
2026-02-04 18:58:10.000,2026-02-04 18:58:20.000,2108,2026-02-04 18:58:16.483,2026-02-04 18:58:12.396,-4087.323,60.029457092285156,0
2026-02-04 18:58:10.000,2026-02-04 18:58:20.000,2423,2026-02-04 18:58:16.400,2026-02-04 18:58:12.398,-4001.993,50.02217102050781,0
2026-02-04 18:58:10.000,2026-02-04 18:58:20.000,2108,2026-02-04 18:58:16.499,2026-02-04 18:58:12.412,-4087.921,60.026634216308594,0
2026-02-04 18:58:10.000,2026-02-04 18:58:20.000,2423,2026-02-04 18:58:16.419,2026-02-04 18:58:12.418,-4001.830,50.0201416015625,0
2026-02-04 18:58:10.000,2026-02-04 18:58:20.000,2108,2026-02-04 18:58:16.516,2026-02-04 18:58:12.429,-4087.227,60.02450180053711,0
2026-02-04 18:58:10.000,2026-02-04 18:58:20.000,477,2026-02-04 18:58:16.499,2026-02-04 18:58:12.431,-4068.546,60.02842330932617,0
2026-02-04 18:58:10.000,2026-02-04 18:58:20.000,477,2026-02-04 18:58:16.516,2026-02-04 18:58:12.432,-4083.719,60.02802658081055,0
2026-02-04 18:58:10.000,2026-02-04 18:58:20.000,2423,2026-02-04 18:58:16.440,2026-02-04 18:58:12.437,-4002.042,50.02090835571289,0
2026-02-04 18:58:10.000,2026-02-04 18:58:20.000,477,2026-02-04 18:58:16.533,2026-02-04 18:58:12.437,-4095.378,60.02809143066406,0
2026-02-04 18:58:10.000,2026-02-04 18:58:20.000,2108,2026-02-04 18:58:16.533,2026-02-04 18:58:12.446,-4087.238,60.02875518798828,0
2026-02-04 18:58:10.000,2026-02-04 18:58:20.000,477,2026-02-04 18:58:16.550,2026-02-04 18:58:12.454,-4095.441,60.0284423828125,0
2026-02-04 18:58:10.000,2026-02-04 18:58:20.000,2423,2026-02-04 18:58:16.460,2026-02-04 18:58:12.458,-4001.448,50.022640228271484,0
2026-02-04 18:58:10.000,2026-02-04 18:58:20.000,2108,2026-02-04 18:58:16.550,2026-02-04 18:58:12.463,-4086.935,60.03438949584961,0
2026-02-04 18:58:10.000,2026-02-04 18:58:20.000,477,2026-02-04 18:58:16.566,2026-02-04 18:58:12.471,-4095.597,60.02794647216797,0
2026-02-04 18:58:10.000,2026-02-04 18:58:20.000,2423,2026-02-04 18:58:16.480,2026-02-04 18:58:12.477,-4002.453,50.02146530151367,0
2026-02-04 18:58:10.000,2026-02-04 18:58:20.000,2108,2026-02-04 18:58:16.566,2026-02-04 18:58:12.479,-4087.123,60.03194808959961,0
2026-02-04 18:58:10.000,2026-02-04 18:58:20.000,477,2026-02-04 18:58:16.583,2026-02-04 18:58:12.488,-4095.271,60.028297424316406,0
2026-02-04 18:58:10.000,2026-02-04 18:58:20.000,2108,2026-02-04 18:58:16.583,2026-02-04 18:58:12.496,-4087.183,60.026214599609375,0
2026-02-04 18:58:10.000,2026-02-04 18:58:20.000,2423,2026-02-04 18:58:16.499,2026-02-04 18:58:12.498,-4001.833,50.02184295654297,0
2026-02-04 18:58:10.000,2026-02-04 18:58:20.000,477,2026-02-04 18:58:16.600,2026-02-04 18:58:12.504,-4095.498,60.028743743896484,0
2026-02-04 18:58:10.000,2026-02-04 18:58:20.000,2108,2026-02-04 18:58:16.600,2026-02-04 18:58:12.511,-4088.500,60.025367736816406,0
2026-02-04 18:58:10.000,2026-02-04 18:58:20.000,2423,2026-02-04 18:58:16.520,2026-02-04 18:58:12.518,-4001.990,50.024070739746094,0
2026-02-04 18:58:10.000,2026-02-04 18:58:20.000,477,2026-02-04 18:58:16.616,2026-02-04 18:58:12.521,-4095.654,60.02791976928711,0
2026-02-04 18:58:10.000,2026-02-04 18:58:20.000,2108,2026-02-04 18:58:16.616,2026-02-04 18:58:12.529,-4087.604,60.02875518798828,0
2026-02-04 18:58:10.000,2026-02-04 18:58:20.000,477,2026-02-04 18:58:16.633,2026-02-04 18:58:12.538,-4095.175,60.02796936035156,0
2026-02-04 18:58:10.000,2026-02-04 18:58:20.000,2423,2026-02-04 18:58:16.540,2026-02-04 18:58:12.538,-4001.855,50.02212905883789,0
2026-02-04 18:58:10.000,2026-02-04 18:58:20.000,2108,2026-02-04 18:58:16.633,2026-02-04 18:58:12.545,-4088.140,60.03094482421875,0
2026-02-04 18:58:10.000,2026-02-04 18:58:20.000,477,2026-02-04 18:58:16.650,2026-02-04 18:58:12.554,-4095.245,60.02849197387695,0
2026-02-04 18:58:10.000,2026-02-04 18:58:20.000,2423,2026-02-04 18:58:16.560,2026-02-04 18:58:12.557,-4002.240,50.01978302001953,0
2026-02-04 18:58:10.000,2026-02-04 18:58:20.000,2108,2026-02-04 18:58:16.650,2026-02-04 18:58:12.561,-4088.239,60.0283088684082,0
2026-02-04 18:58:10.000,2026-02-04 18:58:20.000,477,2026-02-04 18:58:16.666,2026-02-04 18:58:12.571,-4095.384,60.028316497802734,0
2026-02-04 18:58:10.000,2026-02-04 18:58:20.000,2423,2026-02-04 18:58:16.579,2026-02-04 18:58:12.577,-4002.135,50.02169418334961,0
2026-02-04 18:58:10.000,2026-02-04 18:58:20.000,2108,2026-02-04 18:58:16.666,2026-02-04 18:58:12.578,-4087.804,60.02451705932617,0
2026-02-04 18:58:10.000,2026-02-04 18:58:20.000,477,2026-02-04 18:58:16.683,2026-02-04 18:58:12.588,-4094.859,60.02897644042969,0
2026-02-04 18:58:10.000,2026-02-04 18:58:20.000,2108,2026-02-04 18:58:16.683,2026-02-04 18:58:12.595,-4087.350,60.026771545410156,0
2026-02-04 18:58:10.000,2026-02-04 18:58:20.000,2423,2026-02-04 18:58:16.600,2026-02-04 18:58:12.597,-4002.012,50.02177429199219,0
2026-02-04 18:58:10.000,2026-02-04 18:58:20.000,477,2026-02-04 18:58:16.700,2026-02-04 18:58:12.604,-4095.520,60.029296875,0
2026-02-04 18:58:10.000,2026-02-04 18:58:20.000,2108,2026-02-04 18:58:16.700,2026-02-04 18:58:12.611,-4088.517,60.0305290222168,0
2026-02-04 18:58:10.000,2026-02-04 18:58:20.000,2423,2026-02-04 18:58:16.620,2026-02-04 18:58:12.618,-4002.006,50.0211067199707,0
2026-02-04 18:58:10.000,2026-02-04 18:58:20.000,477,2026-02-04 18:58:16.716,2026-02-04 18:58:12.622,-4094.669,60.028648376464844,0
2026-02-04 18:58:10.000,2026-02-04 18:58:20.000,2108,2026-02-04 18:58:16.716,2026-02-04 18:58:12.628,-4087.742,60.030418395996094,0
2026-02-04 18:58:10.000,2026-02-04 18:58:20.000,2423,2026-02-04 18:58:16.640,2026-02-04 18:58:12.637,-4002.011,50.022369384765625,0
2026-02-04 18:58:10.000,2026-02-04 18:58:20.000,2108,2026-02-04 18:58:16.733,2026-02-04 18:58:12.645,-4088.061,60.02851104736328,0
2026-02-04 18:58:10.000,2026-02-04 18:58:20.000,2423,2026-02-04 18:58:16.659,2026-02-04 18:58:12.657,-4002.209,50.021366119384766,0
2026-02-04 18:58:10.000,2026-02-04 18:58:20.000,2108,2026-02-04 18:58:16.750,2026-02-04 18:58:12.661,-4088.217,60.02540588378906,0
2026-02-04 18:58:10.000,2026-02-04 18:58:20.000,477,2026-02-04 18:58:16.733,2026-02-04 18:58:12.661,-4071.553,60.02846145629883,0
2026-02-04 18:58:10.000,2026-02-04 18:58:20.000,477,2026-02-04 18:58:16.750,2026-02-04 18:58:12.663,-4086.712,60.02847671508789,0
2026-02-04 18:58:10.000,2026-02-04 18:58:20.000,477,2026-02-04 18:58:16.766,2026-02-04 18:58:12.671,-4095.378,60.02838897705078,0
2026-02-04 18:58:10.000,2026-02-04 18:58:20.000,2423,2026-02-04 18:58:16.680,2026-02-04 18:58:12.677,-4002.666,50.0203742980957,0
2026-02-04 18:58:10.000,2026-02-04 18:58:20.000,2108,2026-02-04 18:58:16.766,2026-02-04 18:58:12.678,-4087.833,60.0260009765625,0
2026-02-04 18:58:10.000,2026-02-04 18:58:20.000,477,2026-02-04 18:58:16.783,2026-02-04 18:58:12.688,-4094.973,60.02828598022461,0
2026-02-04 18:58:10.000,2026-02-04 18:58:20.000,2108,2026-02-04 18:58:16.783,2026-02-04 18:58:12.695,-4087.934,60.0298957824707,0
2026-02-04 18:58:10.000,2026-02-04 18:58:20.000,2423,2026-02-04 18:58:16.700,2026-02-04 18:58:12.698,-4001.608,50.020809173583984,0
2026-02-04 18:58:10.000,2026-02-04 18:58:20.000,477,2026-02-04 18:58:16.800,2026-02-04 18:58:12.704,-4095.089,60.02776336669922,0
2026-02-04 18:58:10.000,2026-02-04 18:58:20.000,2108,2026-02-04 18:58:16.800,2026-02-04 18:58:12.718,-4081.576,60.02979278564453,0
2026-02-04 18:58:10.000,2026-02-04 18:58:20.000,2423,2026-02-04 18:58:16.720,2026-02-04 18:58:12.718,-4001.576,50.019500732421875,0
2026-02-04 18:58:10.000,2026-02-04 18:58:20.000,477,2026-02-04 18:58:16.816,2026-02-04 18:58:12.721,-4095.239,60.02766799926758,0
2026-02-04 18:58:10.000,2026-02-04 18:58:20.000,2108,2026-02-04 18:58:16.816,2026-02-04 18:58:12.728,-4087.727,60.02616882324219,0
2026-02-04 18:58:10.000,2026-02-04 18:58:20.000,2423,2026-02-04 18:58:16.739,2026-02-04 18:58:12.738,-4001.855,50.01934814453125,0
2026-02-04 18:58:10.000,2026-02-04 18:58:20.000,477,2026-02-04 18:58:16.833,2026-02-04 18:58:12.738,-4095.191,60.028377532958984,0
2026-02-04 18:58:10.000,2026-02-04 18:58:20.000,2108,2026-02-04 18:58:16.833,2026-02-04 18:58:12.745,-4087.385,60.02591323852539,0
2026-02-04 18:58:10.000,2026-02-04 18:58:20.000,477,2026-02-04 18:58:16.850,2026-02-04 18:58:12.755,-4094.339,60.02804946899414,0
2026-02-04 18:58:10.000,2026-02-04 18:58:20.000,2423,2026-02-04 18:58:16.760,2026-02-04 18:58:12.758,-4001.339,50.021156311035156,0
2026-02-04 18:58:10.000,2026-02-04 18:58:20.000,2108,2026-02-04 18:58:16.850,2026-02-04 18:58:12.761,-4088.341,60.02936935424805,0
2026-02-04 18:58:10.000,2026-02-04 18:58:20.000,477,2026-02-04 18:58:16.866,2026-02-04 18:58:12.771,-4095.489,60.0274772644043,0
2026-02-04 18:58:10.000,2026-02-04 18:58:20.000,2423,2026-02-04 18:58:16.780,2026-02-04 18:58:12.778,-4001.806,50.021366119384766,0
2026-02-04 18:58:10.000,2026-02-04 18:58:20.000,2108,2026-02-04 18:58:16.866,2026-02-04 18:58:12.779,-4087.462,60.032127380371094,0
2026-02-04 18:58:10.000,2026-02-04 18:58:20.000,477,2026-02-04 18:58:16.883,2026-02-04 18:58:12.788,-4095.204,60.027774810791016,0
2026-02-04 18:58:10.000,2026-02-04 18:58:20.000,2108,2026-02-04 18:58:16.883,2026-02-04 18:58:12.796,-4087.163,60.03073501586914,0
2026-02-04 18:58:10.000,2026-02-04 18:58:20.000,2423,2026-02-04 18:58:16.800,2026-02-04 18:58:12.798,-4001.836,50.02188491821289,0
2026-02-04 18:58:10.000,2026-02-04 18:58:20.000,477,2026-02-04 18:58:16.899,2026-02-04 18:58:12.806,-4093.307,60.027679443359375,0
2026-02-04 18:58:10.000,2026-02-04 18:58:20.000,2108,2026-02-04 18:58:16.899,2026-02-04 18:58:12.811,-4088.306,60.02597427368164,0
2026-02-04 18:58:10.000,2026-02-04 18:58:20.000,2423,2026-02-04 18:58:16.819,2026-02-04 18:58:12.818,-4001.787,50.023048400878906,0
2026-02-04 18:58:10.000,2026-02-04 18:58:20.000,477,2026-02-04 18:58:16.916,2026-02-04 18:58:12.821,-4095.464,60.028194427490234,0
2026-02-04 18:58:10.000,2026-02-04 18:58:20.000,2108,2026-02-04 18:58:16.916,2026-02-04 18:58:12.829,-4087.171,60.02803039550781,0
2026-02-04 18:58:10.000,2026-02-04 18:58:20.000,2423,2026-02-04 18:58:16.840,2026-02-04 18:58:12.837,-4002.478,50.0222053527832,0
2026-02-04 18:58:10.000,2026-02-04 18:58:20.000,477,2026-02-04 18:58:16.933,2026-02-04 18:58:12.838,-4094.812,60.029781341552734,0
2026-02-04 18:58:10.000,2026-02-04 18:58:20.000,2108,2026-02-04 18:58:16.933,2026-02-04 18:58:12.846,-4087.288,60.031494140625,0
2026-02-04 18:58:10.000,2026-02-04 18:58:20.000,2423,2026-02-04 18:58:16.860,2026-02-04 18:58:12.858,-4001.878,50.02227783203125,0
2026-02-04 18:58:10.000,2026-02-04 18:58:20.000,2108,2026-02-04 18:58:16.950,2026-02-04 18:58:12.862,-4087.874,60.02854919433594,0
2026-02-04 18:58:10.000,2026-02-04 18:58:20.000,477,2026-02-04 18:58:16.950,2026-02-04 18:58:12.875,-4074.255,60.02983474731445,0
2026-02-04 18:58:10.000,2026-02-04 18:58:20.000,477,2026-02-04 18:58:16.966,2026-02-04 18:58:12.875,-4090.927,60.02880096435547,0
2026-02-04 18:58:10.000,2026-02-04 18:58:20.000,2423,2026-02-04 18:58:16.880,2026-02-04 18:58:12.877,-4002.254,50.023414611816406,0
2026-02-04 18:58:10.000,2026-02-04 18:58:20.000,2108,2026-02-04 18:58:16.966,2026-02-04 18:58:12.878,-4087.928,60.026031494140625,0
2026-02-04 18:58:10.000,2026-02-04 18:58:20.000,2108,2026-02-04 18:58:16.983,2026-02-04 18:58:12.895,-4088.046,60.0234260559082,0
2026-02-04 18:58:10.000,2026-02-04 18:58:20.000,2423,2026-02-04 18:58:16.899,2026-02-04 18:58:12.898,-4001.700,50.021697998046875,0
2026-02-04 18:58:10.000,2026-02-04 18:58:20.000,477,2026-02-04 18:58:16.983,2026-02-04 18:58:12.908,-4074.665,60.028621673583984,0
2026-02-04 18:58:10.000,2026-02-04 18:58:20.000,477,2026-02-04 18:58:17.000,2026-02-04 18:58:12.909,-4090.326,60.02796173095703,0
2026-02-04 18:58:10.000,2026-02-04 18:58:20.000,2108,2026-02-04 18:58:17.000,2026-02-04 18:58:12.912,-4087.752,60.02492141723633,0
2026-02-04 18:58:10.000,2026-02-04 18:58:20.000,2423,2026-02-04 18:58:16.920,2026-02-04 18:58:12.918,-4001.930,50.02047348022461,0
2026-02-04 18:58:10.000,2026-02-04 18:58:20.000,477,2026-02-04 18:58:17.016,2026-02-04 18:58:12.921,-4095.593,60.028255462646484,0
2026-02-04 18:58:10.000,2026-02-04 18:58:20.000,2108,2026-02-04 18:58:17.016,2026-02-04 18:58:12.929,-4086.969,60.03335952758789,0
2026-02-04 18:58:10.000,2026-02-04 18:58:20.000,477,2026-02-04 18:58:17.033,2026-02-04 18:58:12.938,-4095.121,60.029720306396484,0
2026-02-04 18:58:10.000,2026-02-04 18:58:20.000,2423,2026-02-04 18:58:16.940,2026-02-04 18:58:12.938,-4001.801,50.0219612121582,0
2026-02-04 18:58:10.000,2026-02-04 18:58:20.000,2108,2026-02-04 18:58:17.033,2026-02-04 18:58:12.946,-4086.982,60.03416442871094,0
2026-02-04 18:58:10.000,2026-02-04 18:58:20.000,477,2026-02-04 18:58:17.050,2026-02-04 18:58:12.954,-4095.122,60.02924728393555,0
2026-02-04 18:58:10.000,2026-02-04 18:58:20.000,2423,2026-02-04 18:58:16.960,2026-02-04 18:58:12.957,-4002.123,50.02293395996094,0
2026-02-04 18:58:10.000,2026-02-04 18:58:20.000,2108,2026-02-04 18:58:17.050,2026-02-04 18:58:12.962,-4087.132,60.02577209472656,0
2026-02-04 18:58:10.000,2026-02-04 18:58:20.000,477,2026-02-04 18:58:17.066,2026-02-04 18:58:12.971,-4095.578,60.02834701538086,0
2026-02-04 18:58:10.000,2026-02-04 18:58:20.000,2423,2026-02-04 18:58:16.979,2026-02-04 18:58:12.978,-4001.651,50.02195739746094,0
2026-02-04 18:58:10.000,2026-02-04 18:58:20.000,2108,2026-02-04 18:58:17.066,2026-02-04 18:58:12.979,-4087.323,60.023406982421875,0
2026-02-04 18:58:10.000,2026-02-04 18:58:20.000,477,2026-02-04 18:58:17.083,2026-02-04 18:58:12.988,-4094.918,60.02872085571289,0
2026-02-04 18:58:10.000,2026-02-04 18:58:20.000,2108,2026-02-04 18:58:17.083,2026-02-04 18:58:12.995,-4087.408,60.02647018432617,0
2026-02-04 18:58:10.000,2026-02-04 18:58:20.000,2423,2026-02-04 18:58:17.000,2026-02-04 18:58:12.997,-4002.081,50.0211296081543,0
2026-02-04 18:58:10.000,2026-02-04 18:58:20.000,477,2026-02-04 18:58:17.100,2026-02-04 18:58:13.004,-4095.579,60.029056549072266,0
2026-02-04 18:58:10.000,2026-02-04 18:58:20.000,2108,2026-02-04 18:58:17.100,2026-02-04 18:58:13.011,-4088.066,60.02993392944336,0
2026-02-04 18:58:10.000,2026-02-04 18:58:20.000,2423,2026-02-04 18:58:17.020,2026-02-04 18:58:13.018,-4001.553,50.02226638793945,0
2026-02-04 18:58:10.000,2026-02-04 18:58:20.000,477,2026-02-04 18:58:17.116,2026-02-04 18:58:13.021,-4095.670,60.029518127441406,0
2026-02-04 18:58:10.000,2026-02-04 18:58:20.000,2108,2026-02-04 18:58:17.116,2026-02-04 18:58:13.028,-4088.079,60.0322380065918,0
2026-02-04 18:58:10.000,2026-02-04 18:58:20.000,2423,2026-02-04 18:58:17.040,2026-02-04 18:58:13.037,-4002.333,50.02195358276367,0
2026-02-04 18:58:10.000,2026-02-04 18:58:20.000,477,2026-02-04 18:58:17.133,2026-02-04 18:58:13.037,-4095.669,60.02976989746094,0
2026-02-04 18:58:10.000,2026-02-04 18:58:20.000,2108,2026-02-04 18:58:17.133,2026-02-04 18:58:13.045,-4088.150,60.02952194213867,0
2026-02-04 18:58:10.000,2026-02-04 18:58:20.000,2423,2026-02-04 18:58:17.059,2026-02-04 18:58:13.057,-4002.474,50.02093505859375,0
2026-02-04 18:58:10.000,2026-02-04 18:58:20.000,2108,2026-02-04 18:58:17.150,2026-02-04 18:58:13.061,-4088.484,60.0275993347168,0
2026-02-04 18:58:10.000,2026-02-04 18:58:20.000,477,2026-02-04 18:58:17.150,2026-02-04 18:58:13.073,-4076.460,60.02884292602539,0
2026-02-04 18:58:10.000,2026-02-04 18:58:20.000,477,2026-02-04 18:58:17.166,2026-02-04 18:58:13.073,-4093.132,60.0285758972168,0
2026-02-04 18:58:10.000,2026-02-04 18:58:20.000,2423,2026-02-04 18:58:17.080,2026-02-04 18:58:13.077,-4002.456,50.021793365478516,0
2026-02-04 18:58:10.000,2026-02-04 18:58:20.000,2108,2026-02-04 18:58:17.166,2026-02-04 18:58:13.078,-4088.131,60.02951431274414,0
2026-02-04 18:58:10.000,2026-02-04 18:58:20.000,477,2026-02-04 18:58:17.183,2026-02-04 18:58:13.087,-4095.757,60.02947998046875,0
2026-02-04 18:58:10.000,2026-02-04 18:58:20.000,2108,2026-02-04 18:58:17.183,2026-02-04 18:58:13.095,-4087.667,60.031028747558594,0
2026-02-04 18:58:10.000,2026-02-04 18:58:20.000,2423,2026-02-04 18:58:17.100,2026-02-04 18:58:13.097,-4002.333,50.021934509277344,0
2026-02-04 18:58:10.000,2026-02-04 18:58:20.000,477,2026-02-04 18:58:17.200,2026-02-04 18:58:13.104,-4095.810,60.029266357421875,0
2026-02-04 18:58:10.000,2026-02-04 18:58:20.000,2108,2026-02-04 18:58:17.200,2026-02-04 18:58:13.112,-4087.814,60.02908706665039,0
2026-02-04 18:58:10.000,2026-02-04 18:58:20.000,2423,2026-02-04 18:58:17.120,2026-02-04 18:58:13.118,-4001.580,50.02303695678711,0
2026-02-04 18:58:10.000,2026-02-04 18:58:20.000,477,2026-02-04 18:58:17.216,2026-02-04 18:58:13.121,-4095.245,60.02830505371094,0
2026-02-04 18:58:10.000,2026-02-04 18:58:20.000,2108,2026-02-04 18:58:17.216,2026-02-04 18:58:13.128,-4087.735,60.02446746826172,0
2026-02-04 18:58:10.000,2026-02-04 18:58:20.000,2423,2026-02-04 18:58:17.139,2026-02-04 18:58:13.138,-4001.759,50.02395248413086,0
2026-02-04 18:58:10.000,2026-02-04 18:58:20.000,477,2026-02-04 18:58:17.233,2026-02-04 18:58:13.138,-4095.095,60.02824401855469,0
2026-02-04 18:58:10.000,2026-02-04 18:58:20.000,2108,2026-02-04 18:58:17.233,2026-02-04 18:58:13.145,-4088.020,60.024436950683594,0
2026-02-04 18:58:10.000,2026-02-04 18:58:20.000,477,2026-02-04 18:58:17.250,2026-02-04 18:58:13.154,-4095.460,60.02882766723633,0
2026-02-04 18:58:10.000,2026-02-04 18:58:20.000,2423,2026-02-04 18:58:17.160,2026-02-04 18:58:13.157,-4002.461,50.022377014160156,0
2026-02-04 18:58:10.000,2026-02-04 18:58:20.000,2108,2026-02-04 18:58:17.250,2026-02-04 18:58:13.161,-4088.449,60.030216217041016,0
2026-02-04 18:58:10.000,2026-02-04 18:58:20.000,477,2026-02-04 18:58:17.266,2026-02-04 18:58:13.171,-4095.598,60.02973937988281,0
2026-02-04 18:58:10.000,2026-02-04 18:58:20.000,2423,2026-02-04 18:58:17.180,2026-02-04 18:58:13.178,-4001.674,50.02281188964844,0
2026-02-04 18:58:10.000,2026-02-04 18:58:20.000,2108,2026-02-04 18:58:17.266,2026-02-04 18:58:13.179,-4087.328,60.032012939453125,0
2026-02-04 18:58:10.000,2026-02-04 18:58:20.000,477,2026-02-04 18:58:17.283,2026-02-04 18:58:13.187,-4095.910,60.03038024902344,0
2026-02-04 18:58:10.000,2026-02-04 18:58:20.000,2108,2026-02-04 18:58:17.283,2026-02-04 18:58:13.195,-4087.403,60.02804183959961,0
2026-02-04 18:58:10.000,2026-02-04 18:58:20.000,2423,2026-02-04 18:58:17.200,2026-02-04 18:58:13.197,-4002.075,50.02507019042969,0
2026-02-04 18:58:10.000,2026-02-04 18:58:20.000,477,2026-02-04 18:58:17.299,2026-02-04 18:58:13.205,-4094.972,60.02949905395508,0
2026-02-04 18:58:10.000,2026-02-04 18:58:20.000,2108,2026-02-04 18:58:17.299,2026-02-04 18:58:13.212,-4087.968,60.027565002441406,0
2026-02-04 18:58:10.000,2026-02-04 18:58:20.000,2423,2026-02-04 18:58:17.219,2026-02-04 18:58:13.218,-4001.575,50.02504348754883,0
2026-02-04 18:58:10.000,2026-02-04 18:58:20.000,477,2026-02-04 18:58:17.316,2026-02-04 18:58:13.221,-4095.255,60.028594970703125,0
2026-02-04 18:58:10.000,2026-02-04 18:58:20.000,2108,2026-02-04 18:58:17.316,2026-02-04 18:58:13.228,-4087.745,60.03105163574219,0
2026-02-04 18:58:10.000,2026-02-04 18:58:20.000,477,2026-02-04 18:58:17.333,2026-02-04 18:58:13.249,-4083.807,60.02882385253906,0
2026-02-04 18:58:10.000,2026-02-04 18:58:20.000,2423,2026-02-04 18:58:17.240,2026-02-04 18:58:13.250,-3989.467,50.023651123046875,0
2026-02-04 18:58:10.000,2026-02-04 18:58:20.000,2108,2026-02-04 18:58:17.333,2026-02-04 18:58:13.251,-4081.804,60.03234100341797,0
2026-02-04 18:58:10.000,2026-02-04 18:58:20.000,477,2026-02-04 18:58:17.350,2026-02-04 18:58:13.264,-4085.783,60.02938461303711,0
2026-02-04 18:58:10.000,2026-02-04 18:58:20.000,2423,2026-02-04 18:58:17.260,2026-02-04 18:58:13.265,-3994.791,50.023712158203125,0
2026-02-04 18:58:10.000,2026-02-04 18:58:20.000,2108,2026-02-04 18:58:17.350,2026-02-04 18:58:13.265,-4084.783,60.03084182739258,0
2026-02-04 18:58:10.000,2026-02-04 18:58:20.000,477,2026-02-04 18:58:17.366,2026-02-04 18:58:13.271,-4094.951,60.030025482177734,0
2026-02-04 18:58:10.000,2026-02-04 18:58:20.000,2423,2026-02-04 18:58:17.280,2026-02-04 18:58:13.278,-4001.752,50.024356842041016,0
2026-02-04 18:58:10.000,2026-02-04 18:58:20.000,2108,2026-02-04 18:58:17.366,2026-02-04 18:58:13.279,-4087.424,60.02734375,0
2026-02-04 18:58:10.000,2026-02-04 18:58:20.000,477,2026-02-04 18:58:17.383,2026-02-04 18:58:13.288,-4095.038,60.0300407409668,0
2026-02-04 18:58:10.000,2026-02-04 18:58:20.000,2108,2026-02-04 18:58:17.383,2026-02-04 18:58:13.297,-4085.426,60.028202056884766,0
2026-02-04 18:58:10.000,2026-02-04 18:58:20.000,2423,2026-02-04 18:58:17.299,2026-02-04 18:58:13.309,-3990.572,50.02297592163086,0
2026-02-04 18:58:10.000,2026-02-04 18:58:20.000,477,2026-02-04 18:58:17.400,2026-02-04 18:58:13.310,-4089.579,60.02901840209961,0
2026-02-04 18:58:10.000,2026-02-04 18:58:20.000,2108,2026-02-04 18:58:17.400,2026-02-04 18:58:13.312,-4087.072,60.0323486328125,0
2026-02-04 18:58:10.000,2026-02-04 18:58:20.000,2423,2026-02-04 18:58:17.320,2026-02-04 18:58:13.317,-4002.066,50.021636962890625,0
2026-02-04 18:58:10.000,2026-02-04 18:58:20.000,477,2026-02-04 18:58:17.416,2026-02-04 18:58:13.320,-4095.729,60.028411865234375,0
2026-02-04 18:58:10.000,2026-02-04 18:58:20.000,2108,2026-02-04 18:58:17.416,2026-02-04 18:58:13.329,-4087.574,60.031192779541016,0
2026-02-04 18:58:10.000,2026-02-04 18:58:20.000,477,2026-02-04 18:58:17.433,2026-02-04 18:58:13.338,-4095.101,60.02907943725586,0
2026-02-04 18:58:10.000,2026-02-04 18:58:20.000,2423,2026-02-04 18:58:17.340,2026-02-04 18:58:13.338,-4001.781,50.0235481262207,0
2026-02-04 18:58:10.000,2026-02-04 18:58:20.000,2108,2026-02-04 18:58:17.433,2026-02-04 18:58:13.345,-4088.028,60.02558135986328,0
2026-02-04 18:58:10.000,2026-02-04 18:58:20.000,477,2026-02-04 18:58:17.450,2026-02-04 18:58:13.354,-4095.191,60.02946090698242,0
2026-02-04 18:58:10.000,2026-02-04 18:58:20.000,2423,2026-02-04 18:58:17.360,2026-02-04 18:58:13.357,-4002.190,50.02457046508789,0
2026-02-04 18:58:10.000,2026-02-04 18:58:20.000,2108,2026-02-04 18:58:17.450,2026-02-04 18:58:13.363,-4086.682,60.02456283569336,0
2026-02-04 18:58:10.000,2026-02-04 18:58:20.000,477,2026-02-04 18:58:17.466,2026-02-04 18:58:13.371,-4095.332,60.02937316894531,0
2026-02-04 18:58:10.000,2026-02-04 18:58:20.000,2423,2026-02-04 18:58:17.379,2026-02-04 18:58:13.379,-4000.323,50.0240592956543,0
2026-02-04 18:58:10.000,2026-02-04 18:58:20.000,2108,2026-02-04 18:58:17.466,2026-02-04 18:58:13.380,-4086.488,60.03139114379883,0
2026-02-04 18:58:10.000,2026-02-04 18:58:20.000,477,2026-02-04 18:58:17.483,2026-02-04 18:58:13.393,-4090.295,60.029598236083984,0
2026-02-04 18:58:10.000,2026-02-04 18:58:20.000,2108,2026-02-04 18:58:17.483,2026-02-04 18:58:13.396,-4086.566,60.03578186035156,0
2026-02-04 18:58:10.000,2026-02-04 18:58:20.000,2423,2026-02-04 18:58:17.400,2026-02-04 18:58:13.400,-3999.010,50.02400588989258,0
2026-02-04 18:58:10.000,2026-02-04 18:58:20.000,2108,2026-02-04 18:58:17.500,2026-02-04 18:58:13.412,-4087.041,60.030906677246094,0
2026-02-04 18:58:10.000,2026-02-04 18:58:20.000,477,2026-02-04 18:58:17.500,2026-02-04 18:58:13.417,-4082.514,60.029205322265625,0
2026-02-04 18:58:10.000,2026-02-04 18:58:20.000,2423,2026-02-04 18:58:17.420,2026-02-04 18:58:13.417,-4002.514,50.02362060546875,0
2026-02-04 18:58:10.000,2026-02-04 18:58:20.000,2108,2026-02-04 18:58:17.516,2026-02-04 18:58:13.429,-4087.387,60.02363586425781,0
2026-02-04 18:58:10.000,2026-02-04 18:58:20.000,477,2026-02-04 18:58:17.516,2026-02-04 18:58:13.429,-4087.387,60.028785705566406,0
2026-02-04 18:58:10.000,2026-02-04 18:58:20.000,2423,2026-02-04 18:58:17.440,2026-02-04 18:58:13.438,-4001.679,50.02461242675781,0
2026-02-04 18:58:10.000,2026-02-04 18:58:20.000,477,2026-02-04 18:58:17.533,2026-02-04 18:58:13.443,-4090.015,60.02872085571289,0
2026-02-04 18:58:10.000,2026-02-04 18:58:20.000,2108,2026-02-04 18:58:17.533,2026-02-04 18:58:13.445,-4087.981,60.02405548095703,0
2026-02-04 18:58:10.000,2026-02-04 18:58:20.000,477,2026-02-04 18:58:17.550,2026-02-04 18:58:13.455,-4094.924,60.02838134765625,0
2026-02-04 18:58:10.000,2026-02-04 18:58:20.000,2423,2026-02-04 18:58:17.459,2026-02-04 18:58:13.459,-4000.912,50.02507400512695,0
2026-02-04 18:58:10.000,2026-02-04 18:58:20.000,2108,2026-02-04 18:58:17.550,2026-02-04 18:58:13.462,-4087.925,60.02941131591797,0
2026-02-04 18:58:10.000,2026-02-04 18:58:20.000,477,2026-02-04 18:58:17.566,2026-02-04 18:58:13.471,-4095.027,60.028682708740234,0
2026-02-04 18:58:10.000,2026-02-04 18:58:20.000,2423,2026-02-04 18:58:17.480,2026-02-04 18:58:13.478,-4001.840,50.023555755615234,0
2026-02-04 18:58:10.000,2026-02-04 18:58:20.000,2108,2026-02-04 18:58:17.566,2026-02-04 18:58:13.479,-4087.508,60.03376388549805,0
2026-02-04 18:58:10.000,2026-02-04 18:58:20.000,477,2026-02-04 18:58:17.583,2026-02-04 18:58:13.488,-4095.158,60.030128479003906,0
2026-02-04 18:58:10.000,2026-02-04 18:58:20.000,2108,2026-02-04 18:58:17.583,2026-02-04 18:58:13.495,-4087.648,60.034385681152344,0
2026-02-04 18:58:10.000,2026-02-04 18:58:20.000,2423,2026-02-04 18:58:17.500,2026-02-04 18:58:13.497,-4002.319,50.023929595947266,0
2026-02-04 18:58:10.000,2026-02-04 18:58:20.000,477,2026-02-04 18:58:17.600,2026-02-04 18:58:13.504,-4095.795,60.03032684326172,0
2026-02-04 18:58:10.000,2026-02-04 18:58:20.000,2108,2026-02-04 18:58:17.600,2026-02-04 18:58:13.514,-4085.744,60.02932357788086,0
2026-02-04 18:58:10.000,2026-02-04 18:58:20.000,2423,2026-02-04 18:58:17.520,2026-02-04 18:58:13.519,-4000.233,50.02573013305664,0
2026-02-04 18:58:10.000,2026-02-04 18:58:20.000,477,2026-02-04 18:58:17.616,2026-02-04 18:58:13.521,-4094.898,60.0293083190918,0
2026-02-04 18:58:10.000,2026-02-04 18:58:20.000,2108,2026-02-04 18:58:17.616,2026-02-04 18:58:13.529,-4087.387,60.02715301513672,0
2026-02-04 18:58:10.000,2026-02-04 18:58:20.000,477,2026-02-04 18:58:17.633,2026-02-04 18:58:13.538,-4094.991,60.02899932861328,0
2026-02-04 18:58:10.000,2026-02-04 18:58:20.000,2423,2026-02-04 18:58:17.539,2026-02-04 18:58:13.538,-4001.655,50.025028228759766,0
2026-02-04 18:58:10.000,2026-02-04 18:58:20.000,2108,2026-02-04 18:58:17.633,2026-02-04 18:58:13.545,-4087.479,60.03019332885742,0
2026-02-04 18:58:10.000,2026-02-04 18:58:20.000,477,2026-02-04 18:58:17.650,2026-02-04 18:58:13.554,-4095.580,60.02918243408203,0
2026-02-04 18:58:10.000,2026-02-04 18:58:20.000,2423,2026-02-04 18:58:17.560,2026-02-04 18:58:13.557,-4002.019,50.02338790893555,0
2026-02-04 18:58:10.000,2026-02-04 18:58:20.000,2108,2026-02-04 18:58:17.650,2026-02-04 18:58:13.561,-4088.019,60.03044128417969,0
2026-02-04 18:58:10.000,2026-02-04 18:58:20.000,477,2026-02-04 18:58:17.666,2026-02-04 18:58:13.571,-4095.173,60.029232025146484,0
2026-02-04 18:58:10.000,2026-02-04 18:58:20.000,2423,2026-02-04 18:58:17.580,2026-02-04 18:58:13.578,-4001.489,50.02466583251953,0
2026-02-04 18:58:10.000,2026-02-04 18:58:20.000,2108,2026-02-04 18:58:17.666,2026-02-04 18:58:13.579,-4087.147,60.028160095214844,0
2026-02-04 18:58:10.000,2026-02-04 18:58:20.000,477,2026-02-04 18:58:17.683,2026-02-04 18:58:13.587,-4095.749,60.029048919677734,0
2026-02-04 18:58:10.000,2026-02-04 18:58:20.000,2108,2026-02-04 18:58:17.683,2026-02-04 18:58:13.595,-4088.068,60.02841567993164,0
2026-02-04 18:58:10.000,2026-02-04 18:58:20.000,2423,2026-02-04 18:58:17.600,2026-02-04 18:58:13.598,-4001.739,50.026119232177734,0
2026-02-04 18:58:10.000,2026-02-04 18:58:20.000,477,2026-02-04 18:58:17.699,2026-02-04 18:58:13.604,-4095.680,60.02876281738281,0
2026-02-04 18:58:10.000,2026-02-04 18:58:20.000,2108,2026-02-04 18:58:17.699,2026-02-04 18:58:13.612,-4087.682,60.032291412353516,0
2026-02-04 18:58:10.000,2026-02-04 18:58:20.000,2423,2026-02-04 18:58:17.619,2026-02-04 18:58:13.618,-4001.608,50.024044036865234,0
2026-02-04 18:58:10.000,2026-02-04 18:58:20.000,477,2026-02-04 18:58:17.716,2026-02-04 18:58:13.621,-4095.289,60.02944564819336,0
2026-02-04 18:58:10.000,2026-02-04 18:58:20.000,2108,2026-02-04 18:58:17.716,2026-02-04 18:58:13.628,-4087.770,60.03612518310547,0
2026-02-04 18:58:10.000,2026-02-04 18:58:20.000,2423,2026-02-04 18:58:17.640,2026-02-04 18:58:13.637,-4002.006,50.023250579833984,0
2026-02-04 18:58:10.000,2026-02-04 18:58:20.000,477,2026-02-04 18:58:17.733,2026-02-04 18:58:13.637,-4095.341,60.03071975708008,0
2026-02-04 18:58:10.000,2026-02-04 18:58:20.000,2108,2026-02-04 18:58:17.733,2026-02-04 18:58:13.645,-4087.831,60.033897399902344,0
2026-02-04 18:58:10.000,2026-02-04 18:58:20.000,477,2026-02-04 18:58:17.750,2026-02-04 18:58:13.655,-4094.984,60.03058624267578,0
2026-02-04 18:58:10.000,2026-02-04 18:58:20.000,2423,2026-02-04 18:58:17.660,2026-02-04 18:58:13.658,-4001.990,50.02660369873047,0
2026-02-04 18:58:10.000,2026-02-04 18:58:20.000,2108,2026-02-04 18:58:17.750,2026-02-04 18:58:13.662,-4087.985,60.02825164794922,0
2026-02-04 18:58:10.000,2026-02-04 18:58:20.000,477,2026-02-04 18:58:17.766,2026-02-04 18:58:13.671,-4095.368,60.030330657958984,0
2026-02-04 18:58:10.000,2026-02-04 18:58:20.000,2423,2026-02-04 18:58:17.680,2026-02-04 18:58:13.678,-4001.628,50.026824951171875,0
2026-02-04 18:58:10.000,2026-02-04 18:58:20.000,2108,2026-02-04 18:58:17.766,2026-02-04 18:58:13.679,-4087.302,60.02693557739258,0
2026-02-04 18:58:10.000,2026-02-04 18:58:20.000,477,2026-02-04 18:58:17.783,2026-02-04 18:58:13.688,-4094.457,60.030296325683594,0
2026-02-04 18:58:10.000,2026-02-04 18:58:20.000,2108,2026-02-04 18:58:17.783,2026-02-04 18:58:13.695,-4087.946,60.02768325805664,0
2026-02-04 18:58:10.000,2026-02-04 18:58:20.000,2423,2026-02-04 18:58:17.699,2026-02-04 18:58:13.697,-4002.604,50.02336883544922,0
2026-02-04 18:58:10.000,2026-02-04 18:58:20.000,477,2026-02-04 18:58:17.800,2026-02-04 18:58:13.704,-4095.099,60.0296745300293,0
2026-02-04 18:58:10.000,2026-02-04 18:58:20.000,2108,2026-02-04 18:58:17.800,2026-02-04 18:58:13.711,-4088.095,60.029090881347656,0
2026-02-04 18:58:10.000,2026-02-04 18:58:20.000,2423,2026-02-04 18:58:17.720,2026-02-04 18:58:13.718,-4001.719,50.022735595703125,0
2026-02-04 18:58:10.000,2026-02-04 18:58:20.000,477,2026-02-04 18:58:17.816,2026-02-04 18:58:13.721,-4095.382,60.0291633605957,0
2026-02-04 18:58:10.000,2026-02-04 18:58:20.000,2108,2026-02-04 18:58:17.816,2026-02-04 18:58:13.728,-4088.112,60.0303955078125,0
2026-02-04 18:58:10.000,2026-02-04 18:58:20.000,477,2026-02-04 18:58:17.833,2026-02-04 18:58:13.738,-4095.265,60.029319763183594,0
2026-02-04 18:58:10.000,2026-02-04 18:58:20.000,2423,2026-02-04 18:58:17.740,2026-02-04 18:58:13.738,-4001.945,50.024742126464844,0
2026-02-04 18:58:10.000,2026-02-04 18:58:20.000,2108,2026-02-04 18:58:17.833,2026-02-04 18:58:13.746,-4087.250,60.0310173034668,0
2026-02-04 18:58:10.000,2026-02-04 18:58:20.000,477,2026-02-04 18:58:17.850,2026-02-04 18:58:13.754,-4095.464,60.030181884765625,0
2026-02-04 18:58:10.000,2026-02-04 18:58:20.000,2423,2026-02-04 18:58:17.760,2026-02-04 18:58:13.758,-4001.465,50.02688980102539,0
2026-02-04 18:58:10.000,2026-02-04 18:58:20.000,2108,2026-02-04 18:58:17.850,2026-02-04 18:58:13.761,-4088.464,60.0361328125,0
2026-02-04 18:58:10.000,2026-02-04 18:58:20.000,477,2026-02-04 18:58:17.866,2026-02-04 18:58:13.771,-4095.614,60.031044006347656,0
2026-02-04 18:58:10.000,2026-02-04 18:58:20.000,2423,2026-02-04 18:58:17.779,2026-02-04 18:58:13.778,-4001.914,50.0263671875,0
2026-02-04 18:58:10.000,2026-02-04 18:58:20.000,2108,2026-02-04 18:58:17.866,2026-02-04 18:58:13.779,-4087.589,60.038116455078125,0
2026-02-04 18:58:10.000,2026-02-04 18:58:20.000,477,2026-02-04 18:58:17.883,2026-02-04 18:58:13.788,-4095.090,60.03104019165039,0
2026-02-04 18:58:10.000,2026-02-04 18:58:20.000,2108,2026-02-04 18:58:17.883,2026-02-04 18:58:13.795,-4087.577,60.03190231323242,0
2026-02-04 18:58:10.000,2026-02-04 18:58:20.000,2423,2026-02-04 18:58:17.800,2026-02-04 18:58:13.797,-4002.247,50.02389907836914,0
2026-02-04 18:58:10.000,2026-02-04 18:58:20.000,477,2026-02-04 18:58:17.900,2026-02-04 18:58:13.804,-4095.743,60.029945373535156,0
2026-02-04 18:58:10.000,2026-02-04 18:58:20.000,2108,2026-02-04 18:58:17.900,2026-02-04 18:58:13.812,-4087.748,60.024513244628906,0
2026-02-04 18:58:10.000,2026-02-04 18:58:20.000,2423,2026-02-04 18:58:17.820,2026-02-04 18:58:13.818,-4001.613,50.02439498901367,0
2026-02-04 18:58:10.000,2026-02-04 18:58:20.000,477,2026-02-04 18:58:17.916,2026-02-04 18:58:13.823,-4092.764,60.029571533203125,0
2026-02-04 18:58:10.000,2026-02-04 18:58:20.000,2108,2026-02-04 18:58:17.916,2026-02-04 18:58:13.828,-4087.759,60.02239227294922,0
2026-02-04 18:58:10.000,2026-02-04 18:58:20.000,2423,2026-02-04 18:58:17.840,2026-02-04 18:58:13.838,-4001.958,50.0256233215332,0
2026-02-04 18:58:10.000,2026-02-04 18:58:20.000,477,2026-02-04 18:58:17.933,2026-02-04 18:58:13.838,-4095.294,60.030513763427734,0
2026-02-04 18:58:10.000,2026-02-04 18:58:20.000,2108,2026-02-04 18:58:17.933,2026-02-04 18:58:13.845,-4088.072,60.0274772644043,0
2026-02-04 18:58:10.000,2026-02-04 18:58:20.000,477,2026-02-04 18:58:17.950,2026-02-04 18:58:13.855,-4094.968,60.030792236328125,0
2026-02-04 18:58:10.000,2026-02-04 18:58:20.000,2423,2026-02-04 18:58:17.859,2026-02-04 18:58:13.858,-4001.962,50.023651123046875,0
2026-02-04 18:58:10.000,2026-02-04 18:58:20.000,2108,2026-02-04 18:58:17.950,2026-02-04 18:58:13.863,-4086.967,60.034671783447266,0
2026-02-04 18:58:10.000,2026-02-04 18:58:20.000,477,2026-02-04 18:58:17.966,2026-02-04 18:58:13.871,-4095.127,60.0304069519043,0
2026-02-04 18:58:10.000,2026-02-04 18:58:20.000,2423,2026-02-04 18:58:17.880,2026-02-04 18:58:13.878,-4001.945,50.02420425415039,0
2026-02-04 18:58:10.000,2026-02-04 18:58:20.000,2108,2026-02-04 18:58:17.966,2026-02-04 18:58:13.880,-4086.616,60.03493881225586,0
2026-02-04 18:58:10.000,2026-02-04 18:58:20.000,477,2026-02-04 18:58:17.983,2026-02-04 18:58:13.888,-4095.249,60.030635833740234,0
2026-02-04 18:58:10.000,2026-02-04 18:58:20.000,2108,2026-02-04 18:58:17.983,2026-02-04 18:58:13.896,-4087.168,60.029109954833984,0
2026-02-04 18:58:10.000,2026-02-04 18:58:20.000,2423,2026-02-04 18:58:17.900,2026-02-04 18:58:13.898,-4001.837,50.02716064453125,0
2026-02-04 18:58:10.000,2026-02-04 18:58:20.000,477,2026-02-04 18:58:18.000,2026-02-04 18:58:13.904,-4095.318,60.03102493286133,0
2026-02-04 18:58:10.000,2026-02-04 18:58:20.000,2108,2026-02-04 18:58:18.000,2026-02-04 18:58:13.911,-4088.318,60.02980422973633,0
2026-02-04 18:58:10.000,2026-02-04 18:58:20.000,2423,2026-02-04 18:58:17.920,2026-02-04 18:58:13.918,-4001.805,50.0262336730957,0
2026-02-04 18:58:10.000,2026-02-04 18:58:20.000,477,2026-02-04 18:58:18.016,2026-02-04 18:58:13.921,-4095.469,60.031070709228516,0
2026-02-04 18:58:10.000,2026-02-04 18:58:20.000,2108,2026-02-04 18:58:18.016,2026-02-04 18:58:13.929,-4087.320,60.03363037109375,0
2026-02-04 18:58:10.000,2026-02-04 18:58:20.000,2423,2026-02-04 18:58:17.939,2026-02-04 18:58:13.937,-4002.138,50.02532196044922,0
2026-02-04 18:58:10.000,2026-02-04 18:58:20.000,477,2026-02-04 18:58:18.033,2026-02-04 18:58:13.937,-4095.474,60.03081512451172,0
2026-02-04 18:58:10.000,2026-02-04 18:58:20.000,2108,2026-02-04 18:58:18.033,2026-02-04 18:58:13.946,-4087.251,60.03127670288086,0
2026-02-04 18:58:10.000,2026-02-04 18:58:20.000,477,2026-02-04 18:58:18.050,2026-02-04 18:58:13.955,-4094.867,60.03031921386719,0
2026-02-04 18:58:10.000,2026-02-04 18:58:20.000,2423,2026-02-04 18:58:17.960,2026-02-04 18:58:13.958,-4001.868,50.026180267333984,0
2026-02-04 18:58:10.000,2026-02-04 18:58:20.000,2108,2026-02-04 18:58:18.050,2026-02-04 18:58:13.962,-4087.868,60.027549743652344,0
2026-02-04 18:58:10.000,2026-02-04 18:58:20.000,477,2026-02-04 18:58:18.066,2026-02-04 18:58:13.971,-4095.307,60.03019714355469,0
2026-02-04 18:58:10.000,2026-02-04 18:58:20.000,2423,2026-02-04 18:58:17.980,2026-02-04 18:58:13.977,-4002.139,50.026145935058594,0
2026-02-04 18:58:10.000,2026-02-04 18:58:20.000,2108,2026-02-04 18:58:18.066,2026-02-04 18:58:13.978,-4087.795,60.028099060058594,0
2026-02-04 18:58:10.000,2026-02-04 18:58:20.000,477,2026-02-04 18:58:18.083,2026-02-04 18:58:13.988,-4095.242,60.03052520751953,0
2026-02-04 18:58:10.000,2026-02-04 18:58:20.000,2108,2026-02-04 18:58:18.083,2026-02-04 18:58:13.995,-4088.198,60.02999496459961,0
2026-02-04 18:58:10.000,2026-02-04 18:58:20.000,2423,2026-02-04 18:58:18.000,2026-02-04 18:58:13.998,-4001.869,50.02555465698242,0
2026-02-04 18:58:10.000,2026-02-04 18:58:20.000,477,2026-02-04 18:58:18.099,2026-02-04 18:58:14.004,-4095.565,60.03031539916992,0
2026-02-04 18:58:10.000,2026-02-04 18:58:20.000,2108,2026-02-04 18:58:18.099,2026-02-04 18:58:14.011,-4088.565,60.03141784667969,0
2026-02-04 18:58:10.000,2026-02-04 18:58:20.000,2423,2026-02-04 18:58:18.019,2026-02-04 18:58:14.019,-4000.979,50.02439498901367,0
2026-02-04 18:58:10.000,2026-02-04 18:58:20.000,477,2026-02-04 18:58:18.116,2026-02-04 18:58:14.022,-4094.652,60.03012466430664,0
2026-02-04 18:58:10.000,2026-02-04 18:58:20.000,2108,2026-02-04 18:58:18.116,2026-02-04 18:58:14.029,-4087.601,60.03194046020508,0
2026-02-04 18:58:10.000,2026-02-04 18:58:20.000,2423,2026-02-04 18:58:18.040,2026-02-04 18:58:14.037,-4002.420,50.02500534057617,0
2026-02-04 18:58:10.000,2026-02-04 18:58:20.000,477,2026-02-04 18:58:18.133,2026-02-04 18:58:14.038,-4094.756,60.030452728271484,0
2026-02-04 18:58:10.000,2026-02-04 18:58:20.000,2108,2026-02-04 18:58:18.133,2026-02-04 18:58:14.045,-4088.227,60.0301399230957,0
2026-02-04 18:58:10.000,2026-02-04 18:58:20.000,477,2026-02-04 18:58:18.150,2026-02-04 18:58:14.054,-4095.386,60.030311584472656,0
2026-02-04 18:58:10.000,2026-02-04 18:58:20.000,2423,2026-02-04 18:58:18.060,2026-02-04 18:58:14.057,-4002.393,50.02638244628906,0
2026-02-04 18:58:10.000,2026-02-04 18:58:20.000,2108,2026-02-04 18:58:18.150,2026-02-04 18:58:14.061,-4088.384,60.02838134765625,0
2026-02-04 18:58:10.000,2026-02-04 18:58:20.000,477,2026-02-04 18:58:18.166,2026-02-04 18:58:14.071,-4095.546,60.029701232910156,0
2026-02-04 18:58:10.000,2026-02-04 18:58:20.000,2423,2026-02-04 18:58:18.080,2026-02-04 18:58:14.078,-4001.848,50.02534103393555,0
2026-02-04 18:58:10.000,2026-02-04 18:58:20.000,2108,2026-02-04 18:58:18.166,2026-02-04 18:58:14.079,-4087.517,60.026268005371094,0
2026-02-04 18:58:10.000,2026-02-04 18:58:20.000,477,2026-02-04 18:58:18.183,2026-02-04 18:58:14.087,-4095.665,60.029727935791016,0
2026-02-04 18:58:10.000,2026-02-04 18:58:20.000,2108,2026-02-04 18:58:18.183,2026-02-04 18:58:14.096,-4086.581,60.02825927734375,0
2026-02-04 18:58:10.000,2026-02-04 18:58:20.000,2423,2026-02-04 18:58:18.099,2026-02-04 18:58:14.099,-4000.234,50.02396774291992,0
2026-02-04 18:58:10.000,2026-02-04 18:58:20.000,477,2026-02-04 18:58:18.200,2026-02-04 18:58:14.104,-4095.735,60.030494689941406,0
2026-02-04 18:58:10.000,2026-02-04 18:58:20.000,2108,2026-02-04 18:58:18.200,2026-02-04 18:58:14.112,-4087.734,60.03226089477539,0
2026-02-04 18:58:10.000,2026-02-04 18:58:20.000,2423,2026-02-04 18:58:18.120,2026-02-04 18:58:14.118,-4001.633,50.02411651611328,0
2026-02-04 18:58:10.000,2026-02-04 18:58:20.000,477,2026-02-04 18:58:18.216,2026-02-04 18:58:14.121,-4095.299,60.03133010864258,0
2026-02-04 18:58:10.000,2026-02-04 18:58:20.000,2108,2026-02-04 18:58:18.216,2026-02-04 18:58:14.128,-4087.788,60.031211853027344,0
2026-02-04 18:58:10.000,2026-02-04 18:58:20.000,477,2026-02-04 18:58:18.233,2026-02-04 18:58:14.139,-4094.326,60.030765533447266,0
2026-02-04 18:58:10.000,2026-02-04 18:58:20.000,2423,2026-02-04 18:58:18.140,2026-02-04 18:58:14.139,-4001.006,50.02515411376953,0
2026-02-04 18:58:10.000,2026-02-04 18:58:20.000,2108,2026-02-04 18:58:18.233,2026-02-04 18:58:14.146,-4087.261,60.03093338012695,0
2026-02-04 18:58:10.000,2026-02-04 18:58:20.000,477,2026-02-04 18:58:18.250,2026-02-04 18:58:14.155,-4094.426,60.02995681762695,0
2026-02-04 18:58:10.000,2026-02-04 18:58:20.000,2423,2026-02-04 18:58:18.160,2026-02-04 18:58:14.157,-4002.291,50.02545928955078,0
2026-02-04 18:58:10.000,2026-02-04 18:58:20.000,2108,2026-02-04 18:58:18.250,2026-02-04 18:58:14.161,-4088.285,60.032310485839844,0
2026-02-04 18:58:10.000,2026-02-04 18:58:20.000,477,2026-02-04 18:58:18.266,2026-02-04 18:58:14.171,-4094.923,60.03086471557617,0
2026-02-04 18:58:10.000,2026-02-04 18:58:20.000,2423,2026-02-04 18:58:18.179,2026-02-04 18:58:14.187,-3992.654,50.02399444580078,0
2026-02-04 18:58:10.000,2026-02-04 18:58:20.000,2108,2026-02-04 18:58:18.266,2026-02-04 18:58:14.187,-4079.326,60.03166580200195,0
2026-02-04 18:58:10.000,2026-02-04 18:58:20.000,477,2026-02-04 18:58:18.283,2026-02-04 18:58:14.188,-4094.991,60.031410217285156,0
2026-02-04 18:58:10.000,2026-02-04 18:58:20.000,2108,2026-02-04 18:58:18.283,2026-02-04 18:58:14.195,-4087.950,60.029197692871094,0
2026-02-04 18:58:10.000,2026-02-04 18:58:20.000,2423,2026-02-04 18:58:18.200,2026-02-04 18:58:14.200,-3999.620,50.022560119628906,0
2026-02-04 18:58:10.000,2026-02-04 18:58:20.000,477,2026-02-04 18:58:18.300,2026-02-04 18:58:14.205,-4094.115,60.030887603759766,0
2026-02-04 18:58:10.000,2026-02-04 18:58:20.000,2108,2026-02-04 18:58:18.300,2026-02-04 18:58:14.213,-4086.610,60.02798843383789,0
2026-02-04 18:58:10.000,2026-02-04 18:58:20.000,2423,2026-02-04 18:58:18.220,2026-02-04 18:58:14.220,-3999.602,50.02334213256836,0
2026-02-04 18:58:10.000,2026-02-04 18:58:20.000,477,2026-02-04 18:58:18.316,2026-02-04 18:58:14.221,-4095.268,60.03107833862305,0
2026-02-04 18:58:10.000,2026-02-04 18:58:20.000,2108,2026-02-04 18:58:18.316,2026-02-04 18:58:14.228,-4087.755,60.030731201171875,0
2026-02-04 18:58:10.000,2026-02-04 18:58:20.000,2423,2026-02-04 18:58:18.240,2026-02-04 18:58:14.248,-3991.192,50.024654388427734,0
2026-02-04 18:58:10.000,2026-02-04 18:58:20.000,477,2026-02-04 18:58:18.333,2026-02-04 18:58:14.248,-4084.528,60.03118133544922,0
2026-02-04 18:58:10.000,2026-02-04 18:58:20.000,2108,2026-02-04 18:58:18.333,2026-02-04 18:58:14.251,-4081.528,60.03272247314453,0
2026-02-04 18:58:10.000,2026-02-04 18:58:20.000,477,2026-02-04 18:58:18.350,2026-02-04 18:58:14.266,-4083.153,60.03063201904297,0
2026-02-04 18:58:10.000,2026-02-04 18:58:20.000,2423,2026-02-04 18:58:18.259,2026-02-04 18:58:14.267,-3992.146,50.02494430541992,0
2026-02-04 18:58:10.000,2026-02-04 18:58:20.000,2108,2026-02-04 18:58:18.350,2026-02-04 18:58:14.275,-4074.633,60.02947235107422,0
2026-02-04 18:58:10.000,2026-02-04 18:58:20.000,477,2026-02-04 18:58:18.366,2026-02-04 18:58:14.278,-4088.304,60.03073501586914,0
2026-02-04 18:58:10.000,2026-02-04 18:58:20.000,2423,2026-02-04 18:58:18.280,2026-02-04 18:58:14.279,-4000.633,50.025794982910156,0
2026-02-04 18:58:10.000,2026-02-04 18:58:20.000,2108,2026-02-04 18:58:18.366,2026-02-04 18:58:14.280,-4086.304,60.02538299560547,0
2026-02-04 18:58:10.000,2026-02-04 18:58:20.000,477,2026-02-04 18:58:18.383,2026-02-04 18:58:14.287,-4095.448,60.03107452392578,0
2026-02-04 18:58:10.000,2026-02-04 18:58:20.000,2108,2026-02-04 18:58:18.383,2026-02-04 18:58:14.295,-4087.926,60.027931213378906,0
2026-02-04 18:58:10.000,2026-02-04 18:58:20.000,2423,2026-02-04 18:58:18.300,2026-02-04 18:58:14.298,-4001.599,50.026092529296875,0
2026-02-04 18:58:10.000,2026-02-04 18:58:20.000,477,2026-02-04 18:58:18.400,2026-02-04 18:58:14.304,-4095.079,60.03103256225586,0
2026-02-04 18:58:10.000,2026-02-04 18:58:20.000,2108,2026-02-04 18:58:18.400,2026-02-04 18:58:14.311,-4088.079,60.03300094604492,0
2026-02-04 18:58:10.000,2026-02-04 18:58:20.000,2423,2026-02-04 18:58:18.320,2026-02-04 18:58:14.318,-4001.950,50.02345657348633,0
2026-02-04 18:58:10.000,2026-02-04 18:58:20.000,477,2026-02-04 18:58:18.416,2026-02-04 18:58:14.321,-4095.614,60.03076171875,0
2026-02-04 18:58:10.000,2026-02-04 18:58:20.000,2108,2026-02-04 18:58:18.416,2026-02-04 18:58:14.329,-4087.174,60.03398513793945,0
2026-02-04 18:58:10.000,2026-02-04 18:58:20.000,2423,2026-02-04 18:58:18.339,2026-02-04 18:58:14.337,-4002.987,50.02142333984375,0
2026-02-04 18:58:10.000,2026-02-04 18:58:20.000,477,2026-02-04 18:58:18.433,2026-02-04 18:58:14.338,-4094.818,60.03044891357422,0
2026-02-04 18:58:10.000,2026-02-04 18:58:20.000,2108,2026-02-04 18:58:18.433,2026-02-04 18:58:14.346,-4086.743,60.031368255615234,0
2026-02-04 18:58:10.000,2026-02-04 18:58:20.000,477,2026-02-04 18:58:18.450,2026-02-04 18:58:14.355,-4094.904,60.03033447265625,0
2026-02-04 18:58:10.000,2026-02-04 18:58:20.000,2423,2026-02-04 18:58:18.360,2026-02-04 18:58:14.358,-4001.904,50.022762298583984,0
2026-02-04 18:58:10.000,2026-02-04 18:58:20.000,2108,2026-02-04 18:58:18.450,2026-02-04 18:58:14.363,-4086.399,60.02886962890625,0
2026-02-04 18:58:10.000,2026-02-04 18:58:20.000,477,2026-02-04 18:58:18.466,2026-02-04 18:58:14.371,-4095.051,60.0302734375,0
2026-02-04 18:58:10.000,2026-02-04 18:58:20.000,2423,2026-02-04 18:58:18.380,2026-02-04 18:58:14.377,-4002.315,50.02461624145508,0
2026-02-04 18:58:10.000,2026-02-04 18:58:20.000,2108,2026-02-04 18:58:18.466,2026-02-04 18:58:14.379,-4086.964,60.03102111816406,0
2026-02-04 18:58:10.000,2026-02-04 18:58:20.000,477,2026-02-04 18:58:18.483,2026-02-04 18:58:14.388,-4095.124,60.030189514160156,0
2026-02-04 18:58:10.000,2026-02-04 18:58:20.000,2108,2026-02-04 18:58:18.483,2026-02-04 18:58:14.395,-4087.955,60.03268814086914,0
2026-02-04 18:58:10.000,2026-02-04 18:58:20.000,2423,2026-02-04 18:58:18.400,2026-02-04 18:58:14.398,-4001.623,50.02389907836914,0
2026-02-04 18:58:10.000,2026-02-04 18:58:20.000,477,2026-02-04 18:58:18.499,2026-02-04 18:58:14.404,-4095.102,60.029937744140625,0
2026-02-04 18:58:10.000,2026-02-04 18:58:20.000,2108,2026-02-04 18:58:18.499,2026-02-04 18:58:14.412,-4087.101,60.02881622314453,0
2026-02-04 18:58:10.000,2026-02-04 18:58:20.000,2423,2026-02-04 18:58:18.419,2026-02-04 18:58:14.418,-4001.592,50.02299118041992,0
2026-02-04 18:58:10.000,2026-02-04 18:58:20.000,477,2026-02-04 18:58:18.516,2026-02-04 18:58:14.421,-4095.270,60.029762268066406,0
2026-02-04 18:58:10.000,2026-02-04 18:58:20.000,2108,2026-02-04 18:58:18.516,2026-02-04 18:58:14.428,-4087.759,60.02665710449219,0
2026-02-04 18:58:10.000,2026-02-04 18:58:20.000,2423,2026-02-04 18:58:18.440,2026-02-04 18:58:14.437,-4002.023,50.0249137878418,0
2026-02-04 18:58:10.000,2026-02-04 18:58:20.000,477,2026-02-04 18:58:18.533,2026-02-04 18:58:14.437,-4095.359,60.02981948852539,0
2026-02-04 18:58:10.000,2026-02-04 18:58:20.000,2108,2026-02-04 18:58:18.533,2026-02-04 18:58:14.445,-4088.097,60.029266357421875,0
2026-02-04 18:58:10.000,2026-02-04 18:58:20.000,477,2026-02-04 18:58:18.550,2026-02-04 18:58:14.454,-4095.649,60.03030776977539,0
2026-02-04 18:58:10.000,2026-02-04 18:58:20.000,2423,2026-02-04 18:58:18.460,2026-02-04 18:58:14.458,-4001.658,50.025718688964844,0
2026-02-04 18:58:10.000,2026-02-04 18:58:20.000,2108,2026-02-04 18:58:18.550,2026-02-04 18:58:14.461,-4088.649,60.03220748901367,0
2026-02-04 18:58:10.000,2026-02-04 18:58:20.000,477,2026-02-04 18:58:18.566,2026-02-04 18:58:14.470,-4095.804,60.03087615966797,0
2026-02-04 18:58:10.000,2026-02-04 18:58:20.000,2423,2026-02-04 18:58:18.480,2026-02-04 18:58:14.477,-4002.019,50.02311706542969,0
2026-02-04 18:58:10.000,2026-02-04 18:58:20.000,2108,2026-02-04 18:58:18.566,2026-02-04 18:58:14.478,-4087.691,60.03305435180664,0
2026-02-04 18:58:10.000,2026-02-04 18:58:20.000,477,2026-02-04 18:58:18.583,2026-02-04 18:58:14.488,-4095.269,60.03056335449219,0
2026-02-04 18:58:10.000,2026-02-04 18:58:20.000,2108,2026-02-04 18:58:18.583,2026-02-04 18:58:14.495,-4087.761,60.02991485595703,0
2026-02-04 18:58:10.000,2026-02-04 18:58:20.000,2423,2026-02-04 18:58:18.499,2026-02-04 18:58:14.497,-4002.417,50.02155303955078,0
2026-02-04 18:58:10.000,2026-02-04 18:58:20.000,477,2026-02-04 18:58:18.600,2026-02-04 18:58:14.505,-4094.911,60.02959442138672,0
2026-02-04 18:58:10.000,2026-02-04 18:58:20.000,2108,2026-02-04 18:58:18.600,2026-02-04 18:58:14.512,-4087.911,60.026588439941406,0
2026-02-04 18:58:10.000,2026-02-04 18:58:20.000,2423,2026-02-04 18:58:18.520,2026-02-04 18:58:14.518,-4001.547,50.02368927001953,0
2026-02-04 18:58:10.000,2026-02-04 18:58:20.000,477,2026-02-04 18:58:18.616,2026-02-04 18:58:14.521,-4095.211,60.02980041503906,0
2026-02-04 18:58:10.000,2026-02-04 18:58:20.000,2108,2026-02-04 18:58:18.616,2026-02-04 18:58:14.528,-4087.700,60.029930114746094,0
2026-02-04 18:58:10.000,2026-02-04 18:58:20.000,477,2026-02-04 18:58:18.633,2026-02-04 18:58:14.538,-4095.184,60.030696868896484,0
2026-02-04 18:58:10.000,2026-02-04 18:58:20.000,2423,2026-02-04 18:58:18.540,2026-02-04 18:58:14.538,-4001.864,50.026302337646484,0
2026-02-04 18:58:10.000,2026-02-04 18:58:20.000,2108,2026-02-04 18:58:18.633,2026-02-04 18:58:14.551,-4081.626,60.03572082519531,0
2026-02-04 18:58:10.000,2026-02-04 18:58:20.000,477,2026-02-04 18:58:18.650,2026-02-04 18:58:14.554,-4095.275,60.030582427978516,0
2026-02-04 18:58:10.000,2026-02-04 18:58:20.000,2423,2026-02-04 18:58:18.560,2026-02-04 18:58:14.558,-4001.272,50.02497863769531,0
2026-02-04 18:58:10.000,2026-02-04 18:58:20.000,2108,2026-02-04 18:58:18.650,2026-02-04 18:58:14.564,-4085.631,60.03649139404297,0
2026-02-04 18:58:10.000,2026-02-04 18:58:20.000,477,2026-02-04 18:58:18.666,2026-02-04 18:58:14.571,-4095.299,60.030731201171875,0
2026-02-04 18:58:10.000,2026-02-04 18:58:20.000,2423,2026-02-04 18:58:18.579,2026-02-04 18:58:14.577,-4002.115,50.0225944519043,0
2026-02-04 18:58:10.000,2026-02-04 18:58:20.000,2108,2026-02-04 18:58:18.666,2026-02-04 18:58:14.584,-4081.729,60.03154754638672,0
2026-02-04 18:58:10.000,2026-02-04 18:58:20.000,477,2026-02-04 18:58:18.683,2026-02-04 18:58:14.587,-4095.392,60.03102493286133,0
2026-02-04 18:58:10.000,2026-02-04 18:58:20.000,2108,2026-02-04 18:58:18.683,2026-02-04 18:58:14.595,-4087.677,60.026729583740234,0
2026-02-04 18:58:10.000,2026-02-04 18:58:20.000,2423,2026-02-04 18:58:18.600,2026-02-04 18:58:14.597,-4002.347,50.0229377746582,0
2026-02-04 18:58:10.000,2026-02-04 18:58:20.000,477,2026-02-04 18:58:18.700,2026-02-04 18:58:14.605,-4094.839,60.03031921386719,0
2026-02-04 18:58:10.000,2026-02-04 18:58:20.000,2108,2026-02-04 18:58:18.700,2026-02-04 18:58:14.612,-4087.843,60.02793502807617,0
2026-02-04 18:58:10.000,2026-02-04 18:58:20.000,2423,2026-02-04 18:58:18.620,2026-02-04 18:58:14.618,-4001.534,50.02348709106445,0
2026-02-04 18:58:10.000,2026-02-04 18:58:20.000,477,2026-02-04 18:58:18.716,2026-02-04 18:58:14.621,-4095.201,60.02943801879883,0
2026-02-04 18:58:10.000,2026-02-04 18:58:20.000,2108,2026-02-04 18:58:18.716,2026-02-04 18:58:14.628,-4087.692,60.03220748901367,0
2026-02-04 18:58:10.000,2026-02-04 18:58:20.000,477,2026-02-04 18:58:18.733,2026-02-04 18:58:14.638,-4095.263,60.02912139892578,0
2026-02-04 18:58:10.000,2026-02-04 18:58:20.000,2423,2026-02-04 18:58:18.640,2026-02-04 18:58:14.639,-4000.926,50.023197174072266,0
2026-02-04 18:58:10.000,2026-02-04 18:58:20.000,2108,2026-02-04 18:58:18.733,2026-02-04 18:58:14.645,-4088.228,60.035152435302734,0
2026-02-04 18:58:10.000,2026-02-04 18:58:20.000,477,2026-02-04 18:58:18.750,2026-02-04 18:58:14.654,-4095.386,60.029541015625,0
2026-02-04 18:58:10.000,2026-02-04 18:58:20.000,2423,2026-02-04 18:58:18.659,2026-02-04 18:58:14.657,-4002.378,50.02278137207031,0
2026-02-04 18:58:10.000,2026-02-04 18:58:20.000,2108,2026-02-04 18:58:18.750,2026-02-04 18:58:14.661,-4088.387,60.03303146362305,0
2026-02-04 18:58:10.000,2026-02-04 18:58:20.000,477,2026-02-04 18:58:18.766,2026-02-04 18:58:14.671,-4095.546,60.030128479003906,0
2026-02-04 18:58:10.000,2026-02-04 18:58:20.000,2423,2026-02-04 18:58:18.680,2026-02-04 18:58:14.677,-4002.289,50.02214431762695,0
2026-02-04 18:58:10.000,2026-02-04 18:58:20.000,2108,2026-02-04 18:58:18.766,2026-02-04 18:58:14.678,-4087.959,60.029727935791016,0
2026-02-04 18:58:10.000,2026-02-04 18:58:20.000,477,2026-02-04 18:58:18.783,2026-02-04 18:58:14.688,-4095.111,60.02975082397461,0
2026-02-04 18:58:10.000,2026-02-04 18:58:20.000,2108,2026-02-04 18:58:18.783,2026-02-04 18:58:14.695,-4087.599,60.032188415527344,0
2026-02-04 18:58:10.000,2026-02-04 18:58:20.000,2423,2026-02-04 18:58:18.700,2026-02-04 18:58:14.697,-4002.272,50.02202606201172,0
2026-02-04 18:58:10.000,2026-02-04 18:58:20.000,477,2026-02-04 18:58:18.800,2026-02-04 18:58:14.704,-4095.748,60.029869079589844,0
2026-02-04 18:58:10.000,2026-02-04 18:58:20.000,2108,2026-02-04 18:58:18.800,2026-02-04 18:58:14.712,-4087.753,60.03478240966797,0
2026-02-04 18:58:10.000,2026-02-04 18:58:20.000,2423,2026-02-04 18:58:18.720,2026-02-04 18:58:14.718,-4001.706,50.023902893066406,0
2026-02-04 18:58:10.000,2026-02-04 18:58:20.000,477,2026-02-04 18:58:18.816,2026-02-04 18:58:14.721,-4095.370,60.03136444091797,0
2026-02-04 18:58:10.000,2026-02-04 18:58:20.000,2108,2026-02-04 18:58:18.816,2026-02-04 18:58:14.728,-4088.112,60.03171920776367,0
2026-02-04 18:58:10.000,2026-02-04 18:58:20.000,477,2026-02-04 18:58:18.833,2026-02-04 18:58:14.738,-4095.266,60.03153991699219,0
2026-02-04 18:58:10.000,2026-02-04 18:58:20.000,2423,2026-02-04 18:58:18.739,2026-02-04 18:58:14.738,-4001.930,50.02510452270508,0
2026-02-04 18:58:10.000,2026-02-04 18:58:20.000,2108,2026-02-04 18:58:18.833,2026-02-04 18:58:14.746,-4087.283,60.02923583984375,0
2026-02-04 18:58:10.000,2026-02-04 18:58:20.000,477,2026-02-04 18:58:18.850,2026-02-04 18:58:14.754,-4095.446,60.030914306640625,0
2026-02-04 18:58:10.000,2026-02-04 18:58:20.000,2423,2026-02-04 18:58:18.760,2026-02-04 18:58:14.757,-4002.445,50.023681640625,0
2026-02-04 18:58:10.000,2026-02-04 18:58:20.000,2108,2026-02-04 18:58:18.850,2026-02-04 18:58:14.761,-4088.445,60.031768798828125,0
2026-02-04 18:58:10.000,2026-02-04 18:58:20.000,477,2026-02-04 18:58:18.866,2026-02-04 18:58:14.771,-4095.597,60.03099060058594,0
2026-02-04 18:58:10.000,2026-02-04 18:58:20.000,2423,2026-02-04 18:58:18.780,2026-02-04 18:58:14.777,-4002.286,50.02251052856445,0
2026-02-04 18:58:10.000,2026-02-04 18:58:20.000,2108,2026-02-04 18:58:18.866,2026-02-04 18:58:14.778,-4087.941,60.033348083496094,0
2026-02-04 18:58:10.000,2026-02-04 18:58:20.000,477,2026-02-04 18:58:18.883,2026-02-04 18:58:14.788,-4095.093,60.03057861328125,0
2026-02-04 18:58:10.000,2026-02-04 18:58:20.000,2108,2026-02-04 18:58:18.883,2026-02-04 18:58:14.795,-4087.582,60.03335189819336,0
2026-02-04 18:58:10.000,2026-02-04 18:58:20.000,2423,2026-02-04 18:58:18.800,2026-02-04 18:58:14.797,-4002.254,50.022315979003906,0
2026-02-04 18:58:10.000,2026-02-04 18:58:20.000,477,2026-02-04 18:58:18.899,2026-02-04 18:58:14.804,-4095.733,60.03048324584961,0
2026-02-04 18:58:10.000,2026-02-04 18:58:20.000,2108,2026-02-04 18:58:18.899,2026-02-04 18:58:14.812,-4087.733,60.033199310302734,0
2026-02-04 18:58:10.000,2026-02-04 18:58:20.000,2423,2026-02-04 18:58:18.819,2026-02-04 18:58:14.817,-4002.384,50.0214958190918,0
2026-02-04 18:58:10.000,2026-02-04 18:58:20.000,477,2026-02-04 18:58:18.916,2026-02-04 18:58:14.821,-4095.064,60.03146743774414,0
2026-02-04 18:58:10.000,2026-02-04 18:58:20.000,2108,2026-02-04 18:58:18.916,2026-02-04 18:58:14.829,-4087.554,60.032623291015625,0
2026-02-04 18:58:10.000,2026-02-04 18:58:20.000,2423,2026-02-04 18:58:18.840,2026-02-04 18:58:14.838,-4001.820,50.021461486816406,0
2026-02-04 18:58:10.000,2026-02-04 18:58:20.000,477,2026-02-04 18:58:18.933,2026-02-04 18:58:14.838,-4095.156,60.031795501708984,0
2026-02-04 18:58:10.000,2026-02-04 18:58:20.000,2108,2026-02-04 18:58:18.933,2026-02-04 18:58:14.845,-4087.784,60.033172607421875,0
2026-02-04 18:58:10.000,2026-02-04 18:58:20.000,477,2026-02-04 18:58:18.950,2026-02-04 18:58:14.855,-4094.936,60.030948638916016,0
2026-02-04 18:58:10.000,2026-02-04 18:58:20.000,2423,2026-02-04 18:58:18.860,2026-02-04 18:58:14.858,-4001.938,50.02407455444336,0
2026-02-04 18:58:10.000,2026-02-04 18:58:20.000,2108,2026-02-04 18:58:18.950,2026-02-04 18:58:14.862,-4087.931,60.03068161010742,0
2026-02-04 18:58:10.000,2026-02-04 18:58:20.000,477,2026-02-04 18:58:18.966,2026-02-04 18:58:14.871,-4095.355,60.03047561645508,0
2026-02-04 18:58:10.000,2026-02-04 18:58:20.000,2423,2026-02-04 18:58:18.880,2026-02-04 18:58:14.878,-4001.642,50.02598571777344,0
2026-02-04 18:58:10.000,2026-02-04 18:58:20.000,2108,2026-02-04 18:58:18.966,2026-02-04 18:58:14.879,-4087.313,60.0270881652832,0
2026-02-04 18:58:10.000,2026-02-04 18:58:20.000,477,2026-02-04 18:58:18.983,2026-02-04 18:58:14.887,-4095.806,60.03061294555664,0
2026-02-04 18:58:10.000,2026-02-04 18:58:20.000,2108,2026-02-04 18:58:18.983,2026-02-04 18:58:14.895,-4087.703,60.02769088745117,0
2026-02-04 18:58:10.000,2026-02-04 18:58:20.000,2423,2026-02-04 18:58:18.899,2026-02-04 18:58:14.897,-4002.359,50.02250671386719,0
2026-02-04 18:58:10.000,2026-02-04 18:58:20.000,477,2026-02-04 18:58:19.000,2026-02-04 18:58:14.905,-4094.857,60.03097152709961,0
2026-02-04 18:58:10.000,2026-02-04 18:58:20.000,2108,2026-02-04 18:58:19.000,2026-02-04 18:58:14.912,-4087.857,60.0316047668457,0
2026-02-04 18:58:10.000,2026-02-04 18:58:20.000,2423,2026-02-04 18:58:18.920,2026-02-04 18:58:14.924,-3995.673,50.02054214477539,0
2026-02-04 18:58:10.000,2026-02-04 18:58:20.000,477,2026-02-04 18:58:19.016,2026-02-04 18:58:14.924,-4092.337,60.03108596801758,0
2026-02-04 18:58:10.000,2026-02-04 18:58:20.000,2108,2026-02-04 18:58:19.016,2026-02-04 18:58:14.929,-4087.338,60.0345573425293,0
2026-02-04 18:58:10.000,2026-02-04 18:58:20.000,2423,2026-02-04 18:58:18.940,2026-02-04 18:58:14.938,-4001.940,50.0240364074707,0
2026-02-04 18:58:10.000,2026-02-04 18:58:20.000,477,2026-02-04 18:58:19.033,2026-02-04 18:58:14.938,-4095.260,60.03105163574219,0
2026-02-04 18:58:10.000,2026-02-04 18:58:20.000,2108,2026-02-04 18:58:19.033,2026-02-04 18:58:14.945,-4088.056,60.033668518066406,0
2026-02-04 18:58:10.000,2026-02-04 18:58:20.000,477,2026-02-04 18:58:19.050,2026-02-04 18:58:14.954,-4095.258,60.031551361083984,0
2026-02-04 18:58:10.000,2026-02-04 18:58:20.000,2423,2026-02-04 18:58:18.960,2026-02-04 18:58:14.957,-4002.259,50.02389907836914,0
2026-02-04 18:58:10.000,2026-02-04 18:58:20.000,2108,2026-02-04 18:58:19.050,2026-02-04 18:58:14.961,-4088.258,60.030609130859375,0
2026-02-04 18:58:10.000,2026-02-04 18:58:20.000,477,2026-02-04 18:58:19.066,2026-02-04 18:58:14.971,-4094.891,60.03187942504883,0
2026-02-04 18:58:10.000,2026-02-04 18:58:20.000,2423,2026-02-04 18:58:18.979,2026-02-04 18:58:14.978,-4001.621,50.0207405090332,0
2026-02-04 18:58:10.000,2026-02-04 18:58:20.000,2108,2026-02-04 18:58:19.066,2026-02-04 18:58:14.979,-4087.290,60.03036117553711,0
2026-02-04 18:58:10.000,2026-02-04 18:58:20.000,477,2026-02-04 18:58:19.083,2026-02-04 18:58:14.987,-4095.444,60.03171157836914,0
2026-02-04 18:58:10.000,2026-02-04 18:58:20.000,2108,2026-02-04 18:58:19.083,2026-02-04 18:58:14.995,-4087.338,60.032962799072266,0
2026-02-04 18:58:10.000,2026-02-04 18:58:20.000,2423,2026-02-04 18:58:19.000,2026-02-04 18:58:14.997,-4002.012,50.021968841552734,0
2026-02-04 18:58:10.000,2026-02-04 18:58:20.000,477,2026-02-04 18:58:19.100,2026-02-04 18:58:15.004,-4095.503,60.031646728515625,0
2026-02-04 18:58:10.000,2026-02-04 18:58:20.000,2108,2026-02-04 18:58:19.100,2026-02-04 18:58:15.011,-4088.504,60.0333366394043,0
2026-02-04 18:58:10.000,2026-02-04 18:58:20.000,2423,2026-02-04 18:58:19.020,2026-02-04 18:58:15.018,-4001.993,50.024658203125,0
2026-02-04 18:58:10.000,2026-02-04 18:58:20.000,477,2026-02-04 18:58:19.116,2026-02-04 18:58:15.021,-4095.654,60.03163528442383,0
2026-02-04 18:58:10.000,2026-02-04 18:58:20.000,2108,2026-02-04 18:58:19.116,2026-02-04 18:58:15.029,-4087.528,60.031673431396484,0
2026-02-04 18:58:10.000,2026-02-04 18:58:20.000,477,2026-02-04 18:58:19.133,2026-02-04 18:58:15.037,-4095.836,60.03111267089844,0
2026-02-04 18:58:10.000,2026-02-04 18:58:20.000,2423,2026-02-04 18:58:19.040,2026-02-04 18:58:15.038,-4001.497,50.02297592163086,0
2026-02-04 18:58:10.000,2026-02-04 18:58:20.000,2108,2026-02-04 18:58:19.133,2026-02-04 18:58:15.046,-4087.319,60.028961181640625,0
2026-02-04 18:58:10.000,2026-02-04 18:58:20.000,477,2026-02-04 18:58:19.150,2026-02-04 18:58:15.055,-4094.940,60.03144073486328,0
2026-02-04 18:58:10.000,2026-02-04 18:58:20.000,2423,2026-02-04 18:58:19.059,2026-02-04 18:58:15.058,-4001.935,50.01959991455078,0
2026-02-04 18:58:10.000,2026-02-04 18:58:20.000,2108,2026-02-04 18:58:19.150,2026-02-04 18:58:15.062,-4087.945,60.02693176269531,0
2026-02-04 18:58:10.000,2026-02-04 18:58:20.000,477,2026-02-04 18:58:19.166,2026-02-04 18:58:15.072,-4094.382,60.03224563598633,0
2026-02-04 18:58:10.000,2026-02-04 18:58:20.000,2423,2026-02-04 18:58:19.080,2026-02-04 18:58:15.078,-4001.649,50.01961898803711,0
2026-02-04 18:58:10.000,2026-02-04 18:58:20.000,2108,2026-02-04 18:58:19.166,2026-02-04 18:58:15.079,-4087.322,60.03125,0
2026-02-04 18:58:10.000,2026-02-04 18:58:20.000,477,2026-02-04 18:58:19.183,2026-02-04 18:58:15.088,-4094.964,60.03179931640625,0
2026-02-04 18:58:10.000,2026-02-04 18:58:20.000,2108,2026-02-04 18:58:19.183,2026-02-04 18:58:15.095,-4087.371,60.03504943847656,0
2026-02-04 18:58:10.000,2026-02-04 18:58:20.000,2423,2026-02-04 18:58:19.100,2026-02-04 18:58:15.097,-4002.043,50.02275085449219,0
2026-02-04 18:58:10.000,2026-02-04 18:58:20.000,477,2026-02-04 18:58:19.200,2026-02-04 18:58:15.105,-4095.000,60.03143310546875,0
2026-02-04 18:58:10.000,2026-02-04 18:58:20.000,2108,2026-02-04 18:58:19.200,2026-02-04 18:58:15.112,-4087.999,60.0324821472168,0
2026-02-04 18:58:10.000,2026-02-04 18:58:20.000,2423,2026-02-04 18:58:19.120,2026-02-04 18:58:15.118,-4001.670,50.023033142089844,0
2026-02-04 18:58:10.000,2026-02-04 18:58:20.000,477,2026-02-04 18:58:19.216,2026-02-04 18:58:15.121,-4095.335,60.031803131103516,0
2026-02-04 18:58:10.000,2026-02-04 18:58:20.000,2108,2026-02-04 18:58:19.216,2026-02-04 18:58:15.128,-4087.824,60.03065872192383,0
2026-02-04 18:58:10.000,2026-02-04 18:58:20.000,2423,2026-02-04 18:58:19.139,2026-02-04 18:58:15.138,-4001.643,50.02058410644531,0
2026-02-04 18:58:10.000,2026-02-04 18:58:20.000,477,2026-02-04 18:58:19.233,2026-02-04 18:58:15.138,-4094.979,60.031131744384766,0
2026-02-04 18:58:10.000,2026-02-04 18:58:20.000,2108,2026-02-04 18:58:19.233,2026-02-04 18:58:15.145,-4087.468,60.0301513671875,0
2026-02-04 18:58:10.000,2026-02-04 18:58:20.000,477,2026-02-04 18:58:19.250,2026-02-04 18:58:15.154,-4095.014,60.030517578125,0
2026-02-04 18:58:10.000,2026-02-04 18:58:20.000,2423,2026-02-04 18:58:19.160,2026-02-04 18:58:15.157,-4002.016,50.0212516784668,0
2026-02-04 18:58:10.000,2026-02-04 18:58:20.000,2108,2026-02-04 18:58:19.250,2026-02-04 18:58:15.161,-4088.016,60.031612396240234,0
2026-02-04 18:58:10.000,2026-02-04 18:58:20.000,477,2026-02-04 18:58:19.266,2026-02-04 18:58:15.171,-4095.452,60.031494140625,0
2026-02-04 18:58:10.000,2026-02-04 18:58:20.000,2423,2026-02-04 18:58:19.180,2026-02-04 18:58:15.178,-4001.721,50.02351379394531,0
2026-02-04 18:58:10.000,2026-02-04 18:58:20.000,2108,2026-02-04 18:58:19.266,2026-02-04 18:58:15.179,-4087.377,60.034061431884766,0
2026-02-04 18:58:10.000,2026-02-04 18:58:20.000,477,2026-02-04 18:58:19.283,2026-02-04 18:58:15.187,-4095.762,60.031803131103516,0
2026-02-04 18:58:10.000,2026-02-04 18:58:20.000,2108,2026-02-04 18:58:19.283,2026-02-04 18:58:15.196,-4087.088,60.029991149902344,0
2026-02-04 18:58:10.000,2026-02-04 18:58:20.000,2423,2026-02-04 18:58:19.200,2026-02-04 18:58:15.198,-4001.759,50.02365493774414,0
2026-02-04 18:58:10.000,2026-02-04 18:58:20.000,2108,2026-02-04 18:58:19.299,2026-02-04 18:58:15.341,-3958.622,60.02690505981445,0
2026-02-04 18:58:10.000,2026-02-04 18:58:20.000,477,2026-02-04 18:58:19.299,2026-02-04 18:58:15.341,-3958.622,60.03156280517578,0
2026-02-04 18:58:10.000,2026-02-04 18:58:20.000,2423,2026-02-04 18:58:19.219,2026-02-04 18:58:15.341,-3878.622,50.02194595336914,0
2026-02-04 18:58:10.000,2026-02-04 18:58:20.000,2108,2026-02-04 18:58:19.316,2026-02-04 18:58:15.341,-3975.302,60.03232955932617,0
2026-02-04 18:58:10.000,2026-02-04 18:58:20.000,477,2026-02-04 18:58:19.316,2026-02-04 18:58:15.341,-3975.302,60.032413482666016,0
2026-02-04 18:58:10.000,2026-02-04 18:58:20.000,2108,2026-02-04 18:58:19.333,2026-02-04 18:58:15.341,-3991.966,60.036643981933594,0
2026-02-04 18:58:10.000,2026-02-04 18:58:20.000,2423,2026-02-04 18:58:19.240,2026-02-04 18:58:15.341,-3898.630,50.02154541015625,0
2026-02-04 18:58:10.000,2026-02-04 18:58:20.000,477,2026-02-04 18:58:19.333,2026-02-04 18:58:15.341,-3991.966,60.032691955566406,0
2026-02-04 18:58:10.000,2026-02-04 18:58:20.000,2108,2026-02-04 18:58:19.350,2026-02-04 18:58:15.341,-4008.630,60.035037994384766,0
2026-02-04 18:58:10.000,2026-02-04 18:58:20.000,2423,2026-02-04 18:58:19.260,2026-02-04 18:58:15.341,-3918.638,50.022926330566406,0
2026-02-04 18:58:10.000,2026-02-04 18:58:20.000,477,2026-02-04 18:58:19.350,2026-02-04 18:58:15.341,-4008.630,60.031578063964844,0
2026-02-04 18:58:10.000,2026-02-04 18:58:20.000,2108,2026-02-04 18:58:19.366,2026-02-04 18:58:15.341,-4025.302,60.02915573120117,0
2026-02-04 18:58:10.000,2026-02-04 18:58:20.000,2423,2026-02-04 18:58:19.280,2026-02-04 18:58:15.341,-3938.630,50.023799896240234,0
2026-02-04 18:58:10.000,2026-02-04 18:58:20.000,2423,2026-02-04 18:58:19.299,2026-02-04 18:58:15.341,-3958.622,50.02265548706055,0
2026-02-04 18:58:10.000,2026-02-04 18:58:20.000,477,2026-02-04 18:58:19.366,2026-02-04 18:58:15.341,-4025.302,60.03111267089844,0
2026-02-04 18:58:10.000,2026-02-04 18:58:20.000,2108,2026-02-04 18:58:19.383,2026-02-04 18:58:15.341,-4041.966,60.02678680419922,0
2026-02-04 18:58:10.000,2026-02-04 18:58:20.000,2108,2026-02-04 18:58:19.400,2026-02-04 18:58:15.341,-4058.630,60.031185150146484,0
2026-02-04 18:58:10.000,2026-02-04 18:58:20.000,2423,2026-02-04 18:58:19.320,2026-02-04 18:58:15.341,-3978.630,50.021480560302734,0
2026-02-04 18:58:10.000,2026-02-04 18:58:20.000,477,2026-02-04 18:58:19.383,2026-02-04 18:58:15.341,-4041.966,60.031646728515625,0
2026-02-04 18:58:10.000,2026-02-04 18:58:20.000,477,2026-02-04 18:58:19.400,2026-02-04 18:58:15.341,-4058.630,60.032569885253906,0
2026-02-04 18:58:10.000,2026-02-04 18:58:20.000,477,2026-02-04 18:58:19.416,2026-02-04 18:58:15.341,-4075.294,60.03298568725586,0
2026-02-04 18:58:10.000,2026-02-04 18:58:20.000,2108,2026-02-04 18:58:19.416,2026-02-04 18:58:15.345,-4070.777,60.033226013183594,0
2026-02-04 18:58:10.000,2026-02-04 18:58:20.000,477,2026-02-04 18:58:19.433,2026-02-04 18:58:15.345,-4087.441,60.03280258178711,0
2026-02-04 18:58:10.000,2026-02-04 18:58:20.000,2423,2026-02-04 18:58:19.340,2026-02-04 18:58:15.346,-3993.123,50.02312469482422,0
2026-02-04 18:58:10.000,2026-02-04 18:58:20.000,2108,2026-02-04 18:58:19.433,2026-02-04 18:58:15.348,-4084.441,60.03055953979492,0
2026-02-04 18:58:10.000,2026-02-04 18:58:20.000,477,2026-02-04 18:58:19.450,2026-02-04 18:58:15.355,-4094.603,60.03315353393555,0
2026-02-04 18:58:10.000,2026-02-04 18:58:20.000,2423,2026-02-04 18:58:19.360,2026-02-04 18:58:15.358,-4001.600,50.023780822753906,0
2026-02-04 18:58:10.000,2026-02-04 18:58:20.000,2108,2026-02-04 18:58:19.450,2026-02-04 18:58:15.361,-4088.601,60.02842712402344,0
2026-02-04 18:58:10.000,2026-02-04 18:58:20.000,477,2026-02-04 18:58:19.466,2026-02-04 18:58:15.371,-4094.756,60.03325653076172,0
2026-02-04 18:58:10.000,2026-02-04 18:58:20.000,2423,2026-02-04 18:58:19.379,2026-02-04 18:58:15.378,-4001.974,50.02201461791992,0
2026-02-04 18:58:10.000,2026-02-04 18:58:20.000,2108,2026-02-04 18:58:19.466,2026-02-04 18:58:15.379,-4087.646,60.02927017211914,0
2026-02-04 18:58:10.000,2026-02-04 18:58:20.000,477,2026-02-04 18:58:19.483,2026-02-04 18:58:15.388,-4095.222,60.03254318237305,0
2026-02-04 18:58:10.000,2026-02-04 18:58:20.000,2108,2026-02-04 18:58:19.483,2026-02-04 18:58:15.395,-4087.642,60.032169342041016,0
2026-02-04 18:58:10.000,2026-02-04 18:58:20.000,2423,2026-02-04 18:58:19.400,2026-02-04 18:58:15.397,-4002.312,50.02212905883789,0
2026-02-04 18:58:10.000,2026-02-04 18:58:20.000,477,2026-02-04 18:58:19.500,2026-02-04 18:58:15.404,-4095.809,60.03261947631836,0
2026-02-04 18:58:10.000,2026-02-04 18:58:20.000,2108,2026-02-04 18:58:19.500,2026-02-04 18:58:15.412,-4087.809,60.034889221191406,0
2026-02-04 18:58:10.000,2026-02-04 18:58:20.000,2423,2026-02-04 18:58:19.420,2026-02-04 18:58:15.417,-4002.293,50.02373504638672,0
2026-02-04 18:58:10.000,2026-02-04 18:58:20.000,477,2026-02-04 18:58:19.516,2026-02-04 18:58:15.421,-4095.447,60.03348922729492,0
2026-02-04 18:58:10.000,2026-02-04 18:58:20.000,2108,2026-02-04 18:58:19.516,2026-02-04 18:58:15.429,-4087.372,60.033607482910156,0
2026-02-04 18:58:10.000,2026-02-04 18:58:20.000,477,2026-02-04 18:58:19.533,2026-02-04 18:58:15.437,-4095.527,60.03379821777344,0
2026-02-04 18:58:10.000,2026-02-04 18:58:20.000,2423,2026-02-04 18:58:19.440,2026-02-04 18:58:15.438,-4001.189,50.02383804321289,0
2026-02-04 18:58:10.000,2026-02-04 18:58:20.000,2108,2026-02-04 18:58:19.533,2026-02-04 18:58:15.446,-4087.013,60.03047180175781,0
2026-02-04 18:58:10.000,2026-02-04 18:58:20.000,477,2026-02-04 18:58:19.550,2026-02-04 18:58:15.454,-4095.166,60.03337478637695,0
2026-02-04 18:58:10.000,2026-02-04 18:58:20.000,2423,2026-02-04 18:58:19.459,2026-02-04 18:58:15.458,-4001.150,50.02226257324219,0
2026-02-04 18:58:10.000,2026-02-04 18:58:20.000,2108,2026-02-04 18:58:19.550,2026-02-04 18:58:15.462,-4087.160,60.02983474731445,0
2026-02-04 18:58:10.000,2026-02-04 18:58:20.000,477,2026-02-04 18:58:19.566,2026-02-04 18:58:15.471,-4095.321,60.032169342041016,0
2026-02-04 18:58:10.000,2026-02-04 18:58:20.000,2423,2026-02-04 18:58:19.480,2026-02-04 18:58:15.477,-4002.139,50.02116394042969,0
2026-02-04 18:58:10.000,2026-02-04 18:58:20.000,2108,2026-02-04 18:58:19.566,2026-02-04 18:58:15.478,-4087.811,60.030853271484375,0
2026-02-04 18:58:10.000,2026-02-04 18:58:20.000,477,2026-02-04 18:58:19.583,2026-02-04 18:58:15.495,-4088.225,60.03144454956055,0
2026-02-04 18:58:10.000,2026-02-04 18:58:20.000,2108,2026-02-04 18:58:19.583,2026-02-04 18:58:15.496,-4087.224,60.032012939453125,0
2026-02-04 18:58:10.000,2026-02-04 18:58:20.000,2423,2026-02-04 18:58:19.500,2026-02-04 18:58:15.498,-4001.896,50.022151947021484,0
2026-02-04 18:58:10.000,2026-02-04 18:58:20.000,477,2026-02-04 18:58:19.600,2026-02-04 18:58:15.504,-4095.467,60.0321159362793,0
2026-02-04 18:58:10.000,2026-02-04 18:58:20.000,2108,2026-02-04 18:58:19.600,2026-02-04 18:58:15.511,-4088.468,60.03167724609375,0
2026-02-04 18:58:10.000,2026-02-04 18:58:20.000,2423,2026-02-04 18:58:19.520,2026-02-04 18:58:15.518,-4001.957,50.0230712890625,0
2026-02-04 18:58:10.000,2026-02-04 18:58:20.000,477,2026-02-04 18:58:19.616,2026-02-04 18:58:15.521,-4095.622,60.03242111206055,0
2026-02-04 18:58:10.000,2026-02-04 18:58:20.000,2108,2026-02-04 18:58:19.616,2026-02-04 18:58:15.528,-4088.111,60.03260040283203,0
2026-02-04 18:58:10.000,2026-02-04 18:58:20.000,2423,2026-02-04 18:58:19.539,2026-02-04 18:58:15.547,-3992.350,50.02257537841797,0
2026-02-04 18:58:10.000,2026-02-04 18:58:20.000,477,2026-02-04 18:58:19.633,2026-02-04 18:58:15.548,-4084.679,60.03240203857422,0
2026-02-04 18:58:10.000,2026-02-04 18:58:20.000,2108,2026-02-04 18:58:19.633,2026-02-04 18:58:15.549,-4084.095,60.03562927246094,0
2026-02-04 18:58:10.000,2026-02-04 18:58:20.000,477,2026-02-04 18:58:19.650,2026-02-04 18:58:15.554,-4095.618,60.033058166503906,0
2026-02-04 18:58:10.000,2026-02-04 18:58:20.000,2423,2026-02-04 18:58:19.560,2026-02-04 18:58:15.558,-4001.611,50.022762298583984,0
2026-02-04 18:58:10.000,2026-02-04 18:58:20.000,2108,2026-02-04 18:58:19.650,2026-02-04 18:58:15.562,-4087.107,60.03516387939453,0
2026-02-04 18:58:10.000,2026-02-04 18:58:20.000,477,2026-02-04 18:58:19.666,2026-02-04 18:58:15.571,-4095.207,60.033348083496094,0
2026-02-04 18:58:10.000,2026-02-04 18:58:20.000,2423,2026-02-04 18:58:19.580,2026-02-04 18:58:15.578,-4001.533,50.02418518066406,0
2026-02-04 18:58:10.000,2026-02-04 18:58:20.000,2108,2026-02-04 18:58:19.666,2026-02-04 18:58:15.579,-4087.182,60.032867431640625,0
2026-02-04 18:58:10.000,2026-02-04 18:58:20.000,477,2026-02-04 18:58:19.683,2026-02-04 18:58:15.588,-4095.211,60.03331756591797,0
2026-02-04 18:58:10.000,2026-02-04 18:58:20.000,2108,2026-02-04 18:58:19.683,2026-02-04 18:58:15.596,-4087.052,60.03168869018555,0
2026-02-04 18:58:10.000,2026-02-04 18:58:20.000,2423,2026-02-04 18:58:19.600,2026-02-04 18:58:15.598,-4001.724,50.02497100830078,0
2026-02-04 18:58:10.000,2026-02-04 18:58:20.000,477,2026-02-04 18:58:19.699,2026-02-04 18:58:15.608,-4091.492,60.03377151489258,0
2026-02-04 18:58:10.000,2026-02-04 18:58:20.000,2108,2026-02-04 18:58:19.699,2026-02-04 18:58:15.613,-4086.705,60.031436920166016,0
2026-02-04 18:58:10.000,2026-02-04 18:58:20.000,2423,2026-02-04 18:58:19.619,2026-02-04 18:58:15.634,-3985.256,50.023284912109375,0
2026-02-04 18:58:10.000,2026-02-04 18:58:20.000,477,2026-02-04 18:58:19.716,2026-02-04 18:58:15.635,-4080.930,60.033443450927734,0
2026-02-04 18:58:10.000,2026-02-04 18:58:20.000,2108,2026-02-04 18:58:19.716,2026-02-04 18:58:15.635,-4080.930,60.03184127807617,0
2026-02-04 18:58:10.000,2026-02-04 18:58:20.000,477,2026-02-04 18:58:19.733,2026-02-04 18:58:15.637,-4095.594,60.0320930480957,0
2026-02-04 18:58:10.000,2026-02-04 18:58:20.000,2423,2026-02-04 18:58:19.640,2026-02-04 18:58:15.638,-4001.258,50.02138137817383,0
2026-02-04 18:58:10.000,2026-02-04 18:58:20.000,2108,2026-02-04 18:58:19.733,2026-02-04 18:58:15.645,-4087.949,60.033084869384766,0
2026-02-04 18:58:10.000,2026-02-04 18:58:20.000,477,2026-02-04 18:58:19.750,2026-02-04 18:58:15.654,-4095.101,60.03193664550781,0
2026-02-04 18:58:10.000,2026-02-04 18:58:20.000,2423,2026-02-04 18:58:19.660,2026-02-04 18:58:15.657,-4002.108,50.02265167236328,0
2026-02-04 18:58:10.000,2026-02-04 18:58:20.000,2108,2026-02-04 18:58:19.750,2026-02-04 18:58:15.661,-4088.101,60.03390121459961,0
2026-02-04 18:58:10.000,2026-02-04 18:58:20.000,477,2026-02-04 18:58:19.766,2026-02-04 18:58:15.679,-4086.744,60.03264617919922,0
2026-02-04 18:58:10.000,2026-02-04 18:58:20.000,2423,2026-02-04 18:58:19.680,2026-02-04 18:58:15.679,-4000.072,50.02398681640625,0
2026-02-04 18:58:10.000,2026-02-04 18:58:20.000,2108,2026-02-04 18:58:19.766,2026-02-04 18:58:15.680,-4085.743,60.032833099365234,0
2026-02-04 18:58:10.000,2026-02-04 18:58:20.000,477,2026-02-04 18:58:19.783,2026-02-04 18:58:15.696,-4086.721,60.032901763916016,0
2026-02-04 18:58:10.000,2026-02-04 18:58:20.000,2108,2026-02-04 18:58:19.783,2026-02-04 18:58:15.697,-4085.722,60.03152084350586,0
2026-02-04 18:58:10.000,2026-02-04 18:58:20.000,2423,2026-02-04 18:58:19.699,2026-02-04 18:58:15.698,-4001.379,50.02381134033203,0
2026-02-04 18:58:10.000,2026-02-04 18:58:20.000,477,2026-02-04 18:58:19.800,2026-02-04 18:58:15.713,-4086.696,60.03331756591797,0
2026-02-04 18:58:10.000,2026-02-04 18:58:20.000,2108,2026-02-04 18:58:19.800,2026-02-04 18:58:15.714,-4085.150,60.03116226196289,0
2026-02-04 18:58:10.000,2026-02-04 18:58:20.000,2423,2026-02-04 18:58:19.720,2026-02-04 18:58:15.717,-4002.144,50.02336883544922,0
2026-02-04 18:58:10.000,2026-02-04 18:58:20.000,477,2026-02-04 18:58:19.816,2026-02-04 18:58:15.720,-4095.805,60.033905029296875,0
2026-02-04 18:58:10.000,2026-02-04 18:58:20.000,2108,2026-02-04 18:58:19.816,2026-02-04 18:58:15.729,-4087.295,60.03379440307617,0
2026-02-04 18:58:10.000,2026-02-04 18:58:20.000,477,2026-02-04 18:58:19.833,2026-02-04 18:58:15.737,-4095.399,60.03416061401367,0
2026-02-04 18:58:10.000,2026-02-04 18:58:20.000,2423,2026-02-04 18:58:19.740,2026-02-04 18:58:15.737,-4002.079,50.02344512939453,0
2026-02-04 18:58:10.000,2026-02-04 18:58:20.000,2108,2026-02-04 18:58:19.833,2026-02-04 18:58:15.746,-4087.169,60.03389358520508,0
2026-02-04 18:58:10.000,2026-02-04 18:58:20.000,477,2026-02-04 18:58:19.850,2026-02-04 18:58:15.756,-4093.326,60.033843994140625,0
2026-02-04 18:58:10.000,2026-02-04 18:58:20.000,2423,2026-02-04 18:58:19.760,2026-02-04 18:58:15.757,-4002.321,50.024898529052734,0
2026-02-04 18:58:10.000,2026-02-04 18:58:20.000,2108,2026-02-04 18:58:19.850,2026-02-04 18:58:15.761,-4088.325,60.03189468383789,0
2026-02-04 18:58:10.000,2026-02-04 18:58:20.000,477,2026-02-04 18:58:19.866,2026-02-04 18:58:15.778,-4087.963,60.033164978027344,0
2026-02-04 18:58:10.000,2026-02-04 18:58:20.000,2423,2026-02-04 18:58:19.779,2026-02-04 18:58:15.779,-4000.291,50.024600982666016,0
2026-02-04 18:58:10.000,2026-02-04 18:58:20.000,2108,2026-02-04 18:58:19.866,2026-02-04 18:58:15.780,-4085.963,60.035186767578125,0
2026-02-04 18:58:10.000,2026-02-04 18:58:20.000,477,2026-02-04 18:58:19.883,2026-02-04 18:58:15.788,-4095.117,60.032588958740234,0
2026-02-04 18:58:10.000,2026-02-04 18:58:20.000,2108,2026-02-04 18:58:19.883,2026-02-04 18:58:15.795,-4087.571,60.03596878051758,0
2026-02-04 18:58:10.000,2026-02-04 18:58:20.000,2423,2026-02-04 18:58:19.800,2026-02-04 18:58:15.798,-4001.242,50.0225715637207,0
2026-02-04 18:58:10.000,2026-02-04 18:58:20.000,477,2026-02-04 18:58:19.900,2026-02-04 18:58:15.804,-4095.223,60.03278350830078,0
2026-02-04 18:58:10.000,2026-02-04 18:58:20.000,2108,2026-02-04 18:58:19.900,2026-02-04 18:58:15.812,-4087.125,60.03020095825195,0
2026-02-04 18:58:10.000,2026-02-04 18:58:20.000,2423,2026-02-04 18:58:19.820,2026-02-04 18:58:15.822,-3997.117,50.023075103759766,0
2026-02-04 18:58:10.000,2026-02-04 18:58:20.000,477,2026-02-04 18:58:19.916,2026-02-04 18:58:15.822,-4093.781,60.033287048339844,0
2026-02-04 18:58:10.000,2026-02-04 18:58:20.000,2108,2026-02-04 18:58:19.916,2026-02-04 18:58:15.829,-4086.693,60.02846145629883,0
2026-02-04 18:58:10.000,2026-02-04 18:58:20.000,477,2026-02-04 18:58:19.933,2026-02-04 18:58:15.838,-4095.327,60.03334426879883,0
2026-02-04 18:58:10.000,2026-02-04 18:58:20.000,2423,2026-02-04 18:58:19.840,2026-02-04 18:58:15.838,-4001.435,50.024349212646484,0
2026-02-04 18:58:10.000,2026-02-04 18:58:20.000,2108,2026-02-04 18:58:19.933,2026-02-04 18:58:15.846,-4087.248,60.032867431640625,0
2026-02-04 18:58:10.000,2026-02-04 18:58:20.000,477,2026-02-04 18:58:19.950,2026-02-04 18:58:15.855,-4094.405,60.03330612182617,0
2026-02-04 18:58:10.000,2026-02-04 18:58:20.000,2423,2026-02-04 18:58:19.859,2026-02-04 18:58:15.857,-4002.397,50.02360534667969,0
2026-02-04 18:58:10.000,2026-02-04 18:58:20.000,2108,2026-02-04 18:58:19.950,2026-02-04 18:58:15.861,-4088.405,60.03639221191406,0
2026-02-04 18:58:10.000,2026-02-04 18:58:20.000,477,2026-02-04 18:58:19.966,2026-02-04 18:58:15.872,-4094.560,60.03358840942383,0
2026-02-04 18:58:10.000,2026-02-04 18:58:20.000,2423,2026-02-04 18:58:19.880,2026-02-04 18:58:15.878,-4001.727,50.02358627319336,0
2026-02-04 18:58:10.000,2026-02-04 18:58:20.000,2108,2026-02-04 18:58:19.966,2026-02-04 18:58:15.879,-4087.399,60.037654876708984,0
2026-02-04 18:58:10.000,2026-02-04 18:58:20.000,477,2026-02-04 18:58:19.983,2026-02-04 18:58:15.888,-4094.982,60.033897399902344,0
2026-02-04 18:58:10.000,2026-02-04 18:58:20.000,2108,2026-02-04 18:58:19.983,2026-02-04 18:58:15.895,-4087.352,60.03541564941406,0
2026-02-04 18:58:10.000,2026-02-04 18:58:20.000,2423,2026-02-04 18:58:19.900,2026-02-04 18:58:15.897,-4002.024,50.02519607543945,0
2026-02-04 18:58:10.000,2026-02-04 18:58:20.000,477,2026-02-04 18:58:20.000,2026-02-04 18:58:15.905,-4094.943,60.03422927856445,0
2026-02-04 18:58:10.000,2026-02-04 18:58:20.000,2108,2026-02-04 18:58:20.000,2026-02-04 18:58:15.911,-4088.430,60.03336715698242,0
2026-02-04 18:58:10.000,2026-02-04 18:58:20.000,2423,2026-02-04 18:58:19.920,2026-02-04 18:58:15.917,-4002.361,50.0247917175293,0
2026-02-04 18:58:10.000,2026-02-04 18:58:20.000,477,2026-02-04 18:58:20.016,2026-02-04 18:58:15.921,-4095.025,60.03440475463867,0
2026-02-04 18:58:10.000,2026-02-04 18:58:20.000,2108,2026-02-04 18:58:20.016,2026-02-04 18:58:15.929,-4087.516,60.03559875488281,0
2026-02-04 18:58:10.000,2026-02-04 18:58:20.000,477,2026-02-04 18:58:20.033,2026-02-04 18:58:15.938,-4095.123,60.03397750854492,0
2026-02-04 18:58:10.000,2026-02-04 18:58:20.000,2423,2026-02-04 18:58:19.939,2026-02-04 18:58:15.938,-4001.787,50.021018981933594,0
2026-02-04 18:58:10.000,2026-02-04 18:58:20.000,2108,2026-02-04 18:58:20.033,2026-02-04 18:58:15.945,-4088.033,60.03508758544922,0
2026-02-04 18:58:10.000,2026-02-04 18:58:20.000,477,2026-02-04 18:58:20.050,2026-02-04 18:58:15.954,-4095.492,60.0339469909668,0
2026-02-04 18:58:10.000,2026-02-04 18:58:20.000,2423,2026-02-04 18:58:19.960,2026-02-04 18:58:15.958,-4001.492,50.02025604248047,0
2026-02-04 18:58:10.000,2026-02-04 18:58:20.000,2108,2026-02-04 18:58:20.050,2026-02-04 18:58:15.961,-4088.490,60.03229904174805,0
2026-02-04 18:58:10.000,2026-02-04 18:58:20.000,477,2026-02-04 18:58:20.066,2026-02-04 18:58:15.971,-4095.643,60.03428649902344,0
2026-02-04 18:58:10.000,2026-02-04 18:58:20.000,2423,2026-02-04 18:58:19.980,2026-02-04 18:58:15.978,-4001.959,50.02348709106445,0
2026-02-04 18:58:10.000,2026-02-04 18:58:20.000,2108,2026-02-04 18:58:20.066,2026-02-04 18:58:15.979,-4087.619,60.03248977661133,0
2026-02-04 18:58:10.000,2026-02-04 18:58:20.000,477,2026-02-04 18:58:20.083,2026-02-04 18:58:15.988,-4095.174,60.03448486328125,0
2026-02-04 18:58:10.000,2026-02-04 18:58:20.000,2108,2026-02-04 18:58:20.083,2026-02-04 18:58:15.996,-4087.158,60.03245544433594,0
2026-02-04 18:58:10.000,2026-02-04 18:58:20.000,2423,2026-02-04 18:58:20.000,2026-02-04 18:58:15.998,-4001.832,50.0260124206543,0
2026-02-04 18:58:10.000,2026-02-04 18:58:20.000,477,2026-02-04 18:58:20.099,2026-02-04 18:58:16.004,-4095.444,60.034507751464844,0
2026-02-04 18:58:10.000,2026-02-04 18:58:20.000,2108,2026-02-04 18:58:20.099,2026-02-04 18:58:16.014,-4085.928,60.034358978271484,0
2026-02-04 18:58:10.000,2026-02-04 18:58:20.000,2423,2026-02-04 18:58:20.019,2026-02-04 18:58:16.018,-4001.931,50.025482177734375,0
2026-02-04 18:58:10.000,2026-02-04 18:58:20.000,477,2026-02-04 18:58:20.116,2026-02-04 18:58:16.021,-4095.611,60.03413772583008,0
2026-02-04 18:58:10.000,2026-02-04 18:58:20.000,2108,2026-02-04 18:58:20.116,2026-02-04 18:58:16.028,-4088.253,60.03752136230469,0
2026-02-04 18:58:10.000,2026-02-04 18:58:20.000,477,2026-02-04 18:58:20.133,2026-02-04 18:58:16.037,-4095.410,60.03409194946289,0
2026-02-04 18:58:10.000,2026-02-04 18:58:20.000,2423,2026-02-04 18:58:20.040,2026-02-04 18:58:16.038,-4001.075,50.023746490478516,0
2026-02-04 18:58:10.000,2026-02-04 18:58:20.000,2108,2026-02-04 18:58:20.133,2026-02-04 18:58:16.045,-4087.350,60.03465270996094,0
2026-02-04 18:58:10.000,2026-02-04 18:58:20.000,477,2026-02-04 18:58:20.150,2026-02-04 18:58:16.055,-4094.931,60.034889221191406,0
2026-02-04 18:58:10.000,2026-02-04 18:58:20.000,2423,2026-02-04 18:58:20.060,2026-02-04 18:58:16.058,-4001.941,50.02505874633789,0
2026-02-04 18:58:10.000,2026-02-04 18:58:20.000,2108,2026-02-04 18:58:20.150,2026-02-04 18:58:16.062,-4087.932,60.03204345703125,0
2026-02-04 18:58:10.000,2026-02-04 18:58:20.000,477,2026-02-04 18:58:20.166,2026-02-04 18:58:16.080,-4086.430,60.03462219238281,0
2026-02-04 18:58:10.000,2026-02-04 18:58:20.000,2423,2026-02-04 18:58:20.080,2026-02-04 18:58:16.081,-3998.759,50.02602767944336,0
2026-02-04 18:58:10.000,2026-02-04 18:58:20.000,2108,2026-02-04 18:58:20.166,2026-02-04 18:58:16.081,-4085.431,60.034019470214844,0
2026-02-04 18:58:10.000,2026-02-04 18:58:20.000,477,2026-02-04 18:58:20.183,2026-02-04 18:58:16.087,-4095.494,60.03334045410156,0
2026-02-04 18:58:10.000,2026-02-04 18:58:20.000,2108,2026-02-04 18:58:20.183,2026-02-04 18:58:16.095,-4088.317,60.034454345703125,0
2026-02-04 18:58:10.000,2026-02-04 18:58:20.000,2423,2026-02-04 18:58:20.099,2026-02-04 18:58:16.098,-4001.885,50.02357864379883,0
2026-02-04 18:58:10.000,2026-02-04 18:58:20.000,477,2026-02-04 18:58:20.200,2026-02-04 18:58:16.105,-4094.805,60.03353500366211,0
2026-02-04 18:58:10.000,2026-02-04 18:58:20.000,2108,2026-02-04 18:58:20.200,2026-02-04 18:58:16.112,-4087.798,60.03323745727539,0
2026-02-04 18:58:10.000,2026-02-04 18:58:20.000,2423,2026-02-04 18:58:20.120,2026-02-04 18:58:16.118,-4001.946,50.02278137207031,0
2026-02-04 18:58:10.000,2026-02-04 18:58:20.000,477,2026-02-04 18:58:20.216,2026-02-04 18:58:16.121,-4095.607,60.03440475463867,0
2026-02-04 18:58:10.000,2026-02-04 18:58:20.000,2108,2026-02-04 18:58:20.216,2026-02-04 18:58:16.129,-4087.498,60.030906677246094,0
2026-02-04 18:58:10.000,2026-02-04 18:58:20.000,477,2026-02-04 18:58:20.233,2026-02-04 18:58:16.138,-4094.858,60.03428649902344,0
2026-02-04 18:58:10.000,2026-02-04 18:58:20.000,2423,2026-02-04 18:58:20.140,2026-02-04 18:58:16.138,-4001.538,50.02446746826172,0
2026-02-04 18:58:10.000,2026-02-04 18:58:20.000,2108,2026-02-04 18:58:20.233,2026-02-04 18:58:16.145,-4087.350,60.03117752075195,0
2026-02-04 18:58:10.000,2026-02-04 18:58:20.000,477,2026-02-04 18:58:20.250,2026-02-04 18:58:16.154,-4095.508,60.03413391113281,0
2026-02-04 18:58:10.000,2026-02-04 18:58:20.000,2423,2026-02-04 18:58:20.160,2026-02-04 18:58:16.157,-4002.511,50.024757385253906,0
2026-02-04 18:58:10.000,2026-02-04 18:58:20.000,2108,2026-02-04 18:58:20.250,2026-02-04 18:58:16.161,-4088.511,60.03500747680664,0
2026-02-04 18:58:10.000,2026-02-04 18:58:20.000,477,2026-02-04 18:58:20.266,2026-02-04 18:58:16.171,-4095.662,60.03477096557617,0
2026-02-04 18:58:10.000,2026-02-04 18:58:20.000,2423,2026-02-04 18:58:20.179,2026-02-04 18:58:16.178,-4001.377,50.02391052246094,0
2026-02-04 18:58:10.000,2026-02-04 18:58:20.000,2108,2026-02-04 18:58:20.266,2026-02-04 18:58:16.178,-4088.049,60.03781509399414,0
2026-02-04 18:58:10.000,2026-02-04 18:58:20.000,477,2026-02-04 18:58:20.283,2026-02-04 18:58:16.188,-4095.200,60.03550720214844,0
2026-02-04 18:58:10.000,2026-02-04 18:58:20.000,2108,2026-02-04 18:58:20.283,2026-02-04 18:58:16.196,-4087.321,60.03679656982422,0
2026-02-04 18:58:10.000,2026-02-04 18:58:20.000,2423,2026-02-04 18:58:20.200,2026-02-04 18:58:16.198,-4001.993,50.02357864379883,0
2026-02-04 18:58:10.000,2026-02-04 18:58:20.000,477,2026-02-04 18:58:20.300,2026-02-04 18:58:16.205,-4094.971,60.035400390625,0
2026-02-04 18:58:10.000,2026-02-04 18:58:20.000,2108,2026-02-04 18:58:20.300,2026-02-04 18:58:16.212,-4087.970,60.03220748901367,0
2026-02-04 18:58:10.000,2026-02-04 18:58:20.000,2423,2026-02-04 18:58:20.220,2026-02-04 18:58:16.218,-4001.610,50.02519226074219,0
2026-02-04 18:58:10.000,2026-02-04 18:58:20.000,477,2026-02-04 18:58:20.316,2026-02-04 18:58:16.221,-4095.277,60.035152435302734,0
2026-02-04 18:58:10.000,2026-02-04 18:58:20.000,2108,2026-02-04 18:58:20.316,2026-02-04 18:58:16.228,-4087.766,60.031463623046875,0
2026-02-04 18:58:10.000,2026-02-04 18:58:20.000,2423,2026-02-04 18:58:20.240,2026-02-04 18:58:16.238,-4001.573,50.02571487426758,0
2026-02-04 18:58:10.000,2026-02-04 18:58:20.000,477,2026-02-04 18:58:20.333,2026-02-04 18:58:16.238,-4094.909,60.03473663330078,0
2026-02-04 18:58:10.000,2026-02-04 18:58:20.000,2108,2026-02-04 18:58:20.333,2026-02-04 18:58:16.245,-4087.397,60.033790588378906,0
2026-02-04 18:58:10.000,2026-02-04 18:58:20.000,477,2026-02-04 18:58:20.350,2026-02-04 18:58:16.255,-4094.867,60.03407669067383,0
2026-02-04 18:58:10.000,2026-02-04 18:58:20.000,2423,2026-02-04 18:58:20.259,2026-02-04 18:58:16.258,-4001.859,50.02238464355469,0
2026-02-04 18:58:10.000,2026-02-04 18:58:20.000,2108,2026-02-04 18:58:20.350,2026-02-04 18:58:16.262,-4087.866,60.03398513793945,0
2026-02-04 18:58:10.000,2026-02-04 18:58:20.000,477,2026-02-04 18:58:20.366,2026-02-04 18:58:16.271,-4095.368,60.03435134887695,0
2026-02-04 18:58:10.000,2026-02-04 18:58:20.000,2423,2026-02-04 18:58:20.280,2026-02-04 18:58:16.277,-4002.185,50.020233154296875,0
2026-02-04 18:58:10.000,2026-02-04 18:58:20.000,2108,2026-02-04 18:58:20.366,2026-02-04 18:58:16.278,-4087.857,60.0334587097168,0
2026-02-04 18:58:10.000,2026-02-04 18:58:20.000,477,2026-02-04 18:58:20.383,2026-02-04 18:58:16.287,-4095.437,60.035240173339844,0
2026-02-04 18:58:10.000,2026-02-04 18:58:20.000,2108,2026-02-04 18:58:20.383,2026-02-04 18:58:16.295,-4087.422,60.03479766845703,0
2026-02-04 18:58:10.000,2026-02-04 18:58:20.000,2423,2026-02-04 18:58:20.300,2026-02-04 18:58:16.314,-3985.502,50.022403717041016,0
2026-02-04 18:58:10.000,2026-02-04 18:58:20.000,477,2026-02-04 18:58:20.400,2026-02-04 18:58:16.318,-4081.496,60.035064697265625,0
2026-02-04 18:58:10.000,2026-02-04 18:58:20.000,2108,2026-02-04 18:58:20.400,2026-02-04 18:58:16.319,-4080.496,60.03770065307617,0
2026-02-04 18:58:10.000,2026-02-04 18:58:20.000,2423,2026-02-04 18:58:20.320,2026-02-04 18:58:16.320,-3999.496,50.02438735961914,0
2026-02-04 18:58:10.000,2026-02-04 18:58:20.000,477,2026-02-04 18:58:20.416,2026-02-04 18:58:16.333,-4083.472,60.03415298461914,0
2026-02-04 18:58:10.000,2026-02-04 18:58:20.000,2108,2026-02-04 18:58:20.416,2026-02-04 18:58:16.334,-4082.465,60.03853988647461,0
2026-02-04 18:58:10.000,2026-02-04 18:58:20.000,477,2026-02-04 18:58:20.433,2026-02-04 18:58:16.344,-4088.501,60.033836364746094,0
2026-02-04 18:58:10.000,2026-02-04 18:58:20.000,2423,2026-02-04 18:58:20.339,2026-02-04 18:58:16.344,-3995.165,50.0230598449707,0
2026-02-04 18:58:10.000,2026-02-04 18:58:20.000,2108,2026-02-04 18:58:20.433,2026-02-04 18:58:16.347,-4085.494,60.036224365234375,0
2026-02-04 18:58:10.000,2026-02-04 18:58:20.000,477,2026-02-04 18:58:20.450,2026-02-04 18:58:16.359,-4090.937,60.03425216674805,0
2026-02-04 18:58:10.000,2026-02-04 18:58:20.000,2423,2026-02-04 18:58:20.360,2026-02-04 18:58:16.360,-3999.936,50.02248001098633,0
2026-02-04 18:58:10.000,2026-02-04 18:58:20.000,2108,2026-02-04 18:58:20.450,2026-02-04 18:58:16.362,-4087.933,60.03199005126953,0
2026-02-04 18:58:10.000,2026-02-04 18:58:20.000,477,2026-02-04 18:58:20.466,2026-02-04 18:58:16.371,-4095.570,60.035091400146484,0
2026-02-04 18:58:10.000,2026-02-04 18:58:20.000,2423,2026-02-04 18:58:20.380,2026-02-04 18:58:16.377,-4002.403,50.02481460571289,0
2026-02-04 18:58:10.000,2026-02-04 18:58:20.000,2108,2026-02-04 18:58:20.466,2026-02-04 18:58:16.378,-4088.062,60.03218460083008,0
2026-02-04 18:58:10.000,2026-02-04 18:58:20.000,477,2026-02-04 18:58:20.483,2026-02-04 18:58:16.388,-4095.210,60.03564453125,0
2026-02-04 18:58:10.000,2026-02-04 18:58:20.000,2108,2026-02-04 18:58:20.483,2026-02-04 18:58:16.395,-4088.112,60.03639221191406,0
2026-02-04 18:58:10.000,2026-02-04 18:58:20.000,2423,2026-02-04 18:58:20.400,2026-02-04 18:58:16.397,-4002.419,50.02644348144531,0
2026-02-04 18:58:10.000,2026-02-04 18:58:20.000,477,2026-02-04 18:58:20.499,2026-02-04 18:58:16.405,-4094.897,60.03557586669922,0
2026-02-04 18:58:10.000,2026-02-04 18:58:20.000,2108,2026-02-04 18:58:20.499,2026-02-04 18:58:16.424,-4075.343,60.03554153442383,0
2026-02-04 18:58:10.000,2026-02-04 18:58:20.000,2423,2026-02-04 18:58:20.419,2026-02-04 18:58:16.425,-3994.344,50.025001525878906,0
2026-02-04 18:58:10.000,2026-02-04 18:58:20.000,477,2026-02-04 18:58:20.516,2026-02-04 18:58:16.425,-4091.024,60.0349235534668,0
2026-02-04 18:58:10.000,2026-02-04 18:58:20.000,2108,2026-02-04 18:58:20.516,2026-02-04 18:58:16.432,-4083.860,60.03200912475586,0
2026-02-04 18:58:10.000,2026-02-04 18:58:20.000,2423,2026-02-04 18:58:20.440,2026-02-04 18:58:16.437,-4002.127,50.022430419921875,0
2026-02-04 18:58:10.000,2026-02-04 18:58:20.000,477,2026-02-04 18:58:20.533,2026-02-04 18:58:16.438,-4094.893,60.03413772583008,0
2026-02-04 18:58:10.000,2026-02-04 18:58:20.000,2108,2026-02-04 18:58:20.533,2026-02-04 18:58:16.447,-4085.374,60.031497955322266,0
2026-02-04 18:58:10.000,2026-02-04 18:58:20.000,477,2026-02-04 18:58:20.550,2026-02-04 18:58:16.455,-4094.938,60.03419494628906,0
2026-02-04 18:58:10.000,2026-02-04 18:58:20.000,2423,2026-02-04 18:58:20.460,2026-02-04 18:58:16.458,-4001.947,50.02180480957031,0
2026-02-04 18:58:10.000,2026-02-04 18:58:20.000,2108,2026-02-04 18:58:20.550,2026-02-04 18:58:16.462,-4087.938,60.03499984741211,0
2026-02-04 18:58:10.000,2026-02-04 18:58:20.000,477,2026-02-04 18:58:20.566,2026-02-04 18:58:16.471,-4095.509,60.034385681152344,0
2026-02-04 18:58:10.000,2026-02-04 18:58:20.000,2423,2026-02-04 18:58:20.480,2026-02-04 18:58:16.477,-4002.529,50.02330780029297,0
2026-02-04 18:58:10.000,2026-02-04 18:58:20.000,2108,2026-02-04 18:58:20.566,2026-02-04 18:58:16.478,-4088.199,60.03877639770508,0
2026-02-04 18:58:10.000,2026-02-04 18:58:20.000,477,2026-02-04 18:58:20.583,2026-02-04 18:58:16.487,-4095.355,60.03473663330078,0
2026-02-04 18:58:10.000,2026-02-04 18:58:20.000,2108,2026-02-04 18:58:20.583,2026-02-04 18:58:16.495,-4088.179,60.0385627746582,0
2026-02-04 18:58:10.000,2026-02-04 18:58:20.000,2423,2026-02-04 18:58:20.499,2026-02-04 18:58:16.498,-4001.758,50.023826599121094,0
2026-02-04 18:58:10.000,2026-02-04 18:58:20.000,477,2026-02-04 18:58:20.600,2026-02-04 18:58:16.504,-4095.447,60.035648345947266,0
2026-02-04 18:58:10.000,2026-02-04 18:58:20.000,2108,2026-02-04 18:58:20.600,2026-02-04 18:58:16.511,-4088.445,60.036529541015625,0
2026-02-04 18:58:10.000,2026-02-04 18:58:20.000,2423,2026-02-04 18:58:20.520,2026-02-04 18:58:16.518,-4001.934,50.02248764038086,0
2026-02-04 18:58:10.000,2026-02-04 18:58:20.000,477,2026-02-04 18:58:20.616,2026-02-04 18:58:16.521,-4095.598,60.03593826293945,0
2026-02-04 18:58:10.000,2026-02-04 18:58:20.000,2108,2026-02-04 18:58:20.616,2026-02-04 18:58:16.528,-4088.199,60.03483581542969,0
2026-02-04 18:58:10.000,2026-02-04 18:58:20.000,2423,2026-02-04 18:58:20.540,2026-02-04 18:58:16.537,-4002.024,50.023197174072266,0
2026-02-04 18:58:10.000,2026-02-04 18:58:20.000,477,2026-02-04 18:58:20.633,2026-02-04 18:58:16.537,-4095.344,60.03527069091797,0
2026-02-04 18:58:10.000,2026-02-04 18:58:20.000,2108,2026-02-04 18:58:20.633,2026-02-04 18:58:16.546,-4087.289,60.03409957885742,0
2026-02-04 18:58:10.000,2026-02-04 18:58:20.000,477,2026-02-04 18:58:20.650,2026-02-04 18:58:16.554,-4095.432,60.03548812866211,0
2026-02-04 18:58:10.000,2026-02-04 18:58:20.000,2423,2026-02-04 18:58:20.560,2026-02-04 18:58:16.557,-4002.423,50.025394439697266,0
2026-02-04 18:58:10.000,2026-02-04 18:58:20.000,2108,2026-02-04 18:58:20.650,2026-02-04 18:58:16.563,-4086.882,60.03656768798828,0
2026-02-04 18:58:10.000,2026-02-04 18:58:20.000,477,2026-02-04 18:58:20.666,2026-02-04 18:58:16.571,-4095.146,60.035911560058594,0
2026-02-04 18:58:10.000,2026-02-04 18:58:20.000,2423,2026-02-04 18:58:20.579,2026-02-04 18:58:16.578,-4001.892,50.02457809448242,0
2026-02-04 18:58:10.000,2026-02-04 18:58:20.000,2108,2026-02-04 18:58:20.666,2026-02-04 18:58:16.579,-4087.558,60.037384033203125,0
2026-02-04 18:58:10.000,2026-02-04 18:58:20.000,477,2026-02-04 18:58:20.683,2026-02-04 18:58:16.588,-4095.146,60.03520202636719,0
2026-02-04 18:58:10.000,2026-02-04 18:58:20.000,2108,2026-02-04 18:58:20.683,2026-02-04 18:58:16.595,-4088.047,60.03264617919922,0
2026-02-04 18:58:10.000,2026-02-04 18:58:20.000,2423,2026-02-04 18:58:20.600,2026-02-04 18:58:16.597,-4002.251,50.021148681640625,0
2026-02-04 18:58:10.000,2026-02-04 18:58:20.000,477,2026-02-04 18:58:20.700,2026-02-04 18:58:16.604,-4095.756,60.035003662109375,0
2026-02-04 18:58:10.000,2026-02-04 18:58:20.000,2108,2026-02-04 18:58:20.700,2026-02-04 18:58:16.612,-4087.749,60.03339767456055,0
2026-02-04 18:58:10.000,2026-02-04 18:58:20.000,2423,2026-02-04 18:58:20.620,2026-02-04 18:58:16.618,-4001.546,50.0196647644043,0
2026-02-04 18:58:10.000,2026-02-04 18:58:20.000,477,2026-02-04 18:58:20.716,2026-02-04 18:58:16.621,-4095.207,60.035438537597656,0
2026-02-04 18:58:10.000,2026-02-04 18:58:20.000,2108,2026-02-04 18:58:20.716,2026-02-04 18:58:16.628,-4088.091,60.03654479980469,0
2026-02-04 18:58:10.000,2026-02-04 18:58:20.000,2423,2026-02-04 18:58:20.640,2026-02-04 18:58:16.638,-4001.907,50.02168655395508,0
2026-02-04 18:58:10.000,2026-02-04 18:58:20.000,477,2026-02-04 18:58:20.733,2026-02-04 18:58:16.638,-4095.243,60.03547286987305,0
2026-02-04 18:58:10.000,2026-02-04 18:58:20.000,2108,2026-02-04 18:58:20.733,2026-02-04 18:58:16.645,-4087.690,60.034481048583984,0
2026-02-04 18:58:10.000,2026-02-04 18:58:20.000,477,2026-02-04 18:58:20.750,2026-02-04 18:58:16.654,-4095.844,60.035850524902344,0
2026-02-04 18:58:10.000,2026-02-04 18:58:20.000,2423,2026-02-04 18:58:20.659,2026-02-04 18:58:16.658,-4001.835,50.024112701416016,0
2026-02-04 18:58:10.000,2026-02-04 18:58:20.000,2108,2026-02-04 18:58:20.750,2026-02-04 18:58:16.662,-4087.842,60.03396224975586,0
2026-02-04 18:58:10.000,2026-02-04 18:58:20.000,477,2026-02-04 18:58:20.766,2026-02-04 18:58:16.671,-4095.067,60.035980224609375,0
2026-02-04 18:58:10.000,2026-02-04 18:58:20.000,2423,2026-02-04 18:58:20.680,2026-02-04 18:58:16.678,-4001.884,50.025516510009766,0
2026-02-04 18:58:10.000,2026-02-04 18:58:20.000,2108,2026-02-04 18:58:20.766,2026-02-04 18:58:16.679,-4087.556,60.03238296508789,0
2026-02-04 18:58:10.000,2026-02-04 18:58:20.000,477,2026-02-04 18:58:20.783,2026-02-04 18:58:16.688,-4095.141,60.03525161743164,0
2026-02-04 18:58:10.000,2026-02-04 18:58:20.000,2108,2026-02-04 18:58:20.783,2026-02-04 18:58:16.695,-4088.127,60.03233337402344,0
2026-02-04 18:58:10.000,2026-02-04 18:58:20.000,2423,2026-02-04 18:58:20.700,2026-02-04 18:58:16.698,-4001.789,50.02415084838867,0
2026-02-04 18:58:10.000,2026-02-04 18:58:20.000,477,2026-02-04 18:58:20.800,2026-02-04 18:58:16.704,-4095.273,60.034942626953125,0
2026-02-04 18:58:10.000,2026-02-04 18:58:20.000,2108,2026-02-04 18:58:20.800,2026-02-04 18:58:16.711,-4088.274,60.03675842285156,0
2026-02-04 18:58:10.000,2026-02-04 18:58:20.000,2423,2026-02-04 18:58:20.720,2026-02-04 18:58:16.718,-4001.761,50.02182388305664,0
2026-02-04 18:58:10.000,2026-02-04 18:58:20.000,477,2026-02-04 18:58:20.816,2026-02-04 18:58:16.721,-4095.423,60.03484344482422,0
2026-02-04 18:58:10.000,2026-02-04 18:58:20.000,2108,2026-02-04 18:58:20.816,2026-02-04 18:58:16.728,-4087.880,60.038089752197266,0
2026-02-04 18:58:10.000,2026-02-04 18:58:20.000,2423,2026-02-04 18:58:20.739,2026-02-04 18:58:16.737,-4002.091,50.02251052856445,0
2026-02-04 18:58:10.000,2026-02-04 18:58:20.000,477,2026-02-04 18:58:20.833,2026-02-04 18:58:16.737,-4095.428,60.03495407104492,0
2026-02-04 18:58:10.000,2026-02-04 18:58:20.000,2108,2026-02-04 18:58:20.833,2026-02-04 18:58:16.746,-4087.289,60.036582946777344,0
2026-02-04 18:58:10.000,2026-02-04 18:58:20.000,477,2026-02-04 18:58:20.850,2026-02-04 18:58:16.754,-4095.768,60.03550338745117,0
2026-02-04 18:58:10.000,2026-02-04 18:58:20.000,2423,2026-02-04 18:58:20.760,2026-02-04 18:58:16.758,-4001.772,50.02412033081055,0
2026-02-04 18:58:10.000,2026-02-04 18:58:20.000,2108,2026-02-04 18:58:20.850,2026-02-04 18:58:16.762,-4087.772,60.03729248046875,0
2026-02-04 18:58:10.000,2026-02-04 18:58:20.000,477,2026-02-04 18:58:20.866,2026-02-04 18:58:16.771,-4095.146,60.03539276123047,0
2026-02-04 18:58:10.000,2026-02-04 18:58:20.000,2423,2026-02-04 18:58:20.780,2026-02-04 18:58:16.778,-4001.424,50.0250129699707,0
2026-02-04 18:58:10.000,2026-02-04 18:58:20.000,2108,2026-02-04 18:58:20.866,2026-02-04 18:58:16.778,-4088.079,60.03776931762695,0
2026-02-04 18:58:10.000,2026-02-04 18:58:20.000,477,2026-02-04 18:58:20.883,2026-02-04 18:58:16.788,-4095.226,60.03459167480469,0
2026-02-04 18:58:10.000,2026-02-04 18:58:20.000,2108,2026-02-04 18:58:20.883,2026-02-04 18:58:16.795,-4088.173,60.037879943847656,0
2026-02-04 18:58:10.000,2026-02-04 18:58:20.000,2423,2026-02-04 18:58:20.800,2026-02-04 18:58:16.797,-4002.562,50.02323532104492,0
2026-02-04 18:58:10.000,2026-02-04 18:58:20.000,477,2026-02-04 18:58:20.899,2026-02-04 18:58:16.804,-4095.032,60.03490447998047,0
2026-02-04 18:58:10.000,2026-02-04 18:58:20.000,2108,2026-02-04 18:58:20.899,2026-02-04 18:58:16.811,-4088.036,60.037540435791016,0
2026-02-04 18:58:10.000,2026-02-04 18:58:20.000,2423,2026-02-04 18:58:20.819,2026-02-04 18:58:16.818,-4001.525,50.02064514160156,0
2026-02-04 18:58:10.000,2026-02-04 18:58:20.000,477,2026-02-04 18:58:20.916,2026-02-04 18:58:16.821,-4095.205,60.03559112548828,0
2026-02-04 18:58:10.000,2026-02-04 18:58:20.000,2108,2026-02-04 18:58:20.916,2026-02-04 18:58:16.828,-4087.688,60.033294677734375,0
2026-02-04 18:58:10.000,2026-02-04 18:58:20.000,2423,2026-02-04 18:58:20.840,2026-02-04 18:58:16.838,-4001.664,50.02079391479492,0
2026-02-04 18:58:10.000,2026-02-04 18:58:20.000,477,2026-02-04 18:58:20.933,2026-02-04 18:58:16.838,-4095.000,60.03588104248047,0
2026-02-04 18:58:10.000,2026-02-04 18:58:20.000,2108,2026-02-04 18:58:20.933,2026-02-04 18:58:16.845,-4087.491,60.03316116333008,0
2026-02-04 18:58:10.000,2026-02-04 18:58:20.000,477,2026-02-04 18:58:20.950,2026-02-04 18:58:16.854,-4095.642,60.036468505859375,0
2026-02-04 18:58:10.000,2026-02-04 18:58:20.000,2423,2026-02-04 18:58:20.860,2026-02-04 18:58:16.857,-4002.647,50.02299499511719,0
2026-02-04 18:58:10.000,2026-02-04 18:58:20.000,2108,2026-02-04 18:58:20.950,2026-02-04 18:58:16.861,-4088.641,60.03694534301758,0
2026-02-04 18:58:10.000,2026-02-04 18:58:20.000,2423,2026-02-04 18:58:20.880,2026-02-04 18:58:16.877,-4002.057,50.024627685546875,0
2026-02-04 18:58:10.000,2026-02-04 18:58:20.000,2108,2026-02-04 18:58:20.966,2026-02-04 18:58:16.878,-4087.729,60.038352966308594,0
2026-02-04 18:58:10.000,2026-02-04 18:58:20.000,477,2026-02-04 18:58:20.966,2026-02-04 18:58:16.893,-4073.639,60.03618240356445,0
2026-02-04 18:58:10.000,2026-02-04 18:58:20.000,477,2026-02-04 18:58:20.983,2026-02-04 18:58:16.893,-4090.303,60.03557586669922,0
2026-02-04 18:58:10.000,2026-02-04 18:58:20.000,2108,2026-02-04 18:58:20.983,2026-02-04 18:58:16.895,-4087.718,60.037540435791016,0
2026-02-04 18:58:10.000,2026-02-04 18:58:20.000,2423,2026-02-04 18:58:20.899,2026-02-04 18:58:16.897,-4002.369,50.02333450317383,0
2026-02-04 18:58:10.000,2026-02-04 18:58:20.000,477,2026-02-04 18:58:21.000,2026-02-04 18:58:16.905,-4094.862,60.03567886352539,0
2026-02-04 18:58:10.000,2026-02-04 18:58:20.000,2108,2026-02-04 18:58:21.000,2026-02-04 18:58:16.912,-4087.861,60.03416061401367,0
2026-02-04 18:58:10.000,2026-02-04 18:58:20.000,2423,2026-02-04 18:58:20.920,2026-02-04 18:58:16.917,-4002.664,50.02145004272461,0
2026-02-04 18:58:10.000,2026-02-04 18:58:20.000,477,2026-02-04 18:58:21.016,2026-02-04 18:58:16.921,-4095.328,60.03582763671875,0
2026-02-04 18:58:10.000,2026-02-04 18:58:20.000,2108,2026-02-04 18:58:21.016,2026-02-04 18:58:16.928,-4087.816,60.034969329833984,0
2026-02-04 18:58:10.000,2026-02-04 18:58:20.000,477,2026-02-04 18:58:21.033,2026-02-04 18:58:16.937,-4095.423,60.03606033325195,0
2026-02-04 18:58:10.000,2026-02-04 18:58:20.000,2423,2026-02-04 18:58:20.940,2026-02-04 18:58:16.938,-4001.107,50.02183532714844,0
2026-02-04 18:58:10.000,2026-02-04 18:58:20.000,2108,2026-02-04 18:58:21.033,2026-02-04 18:58:16.951,-4081.918,60.03936767578125,0
2026-02-04 18:58:10.000,2026-02-04 18:58:20.000,477,2026-02-04 18:58:21.050,2026-02-04 18:58:16.954,-4095.077,60.03619384765625,0
2026-02-04 18:58:10.000,2026-02-04 18:58:20.000,2423,2026-02-04 18:58:20.960,2026-02-04 18:58:16.957,-4002.080,50.02337646484375,0
2026-02-04 18:58:10.000,2026-02-04 18:58:20.000,2108,2026-02-04 18:58:21.050,2026-02-04 18:58:16.961,-4088.076,60.0391731262207,0
2026-02-04 18:58:10.000,2026-02-04 18:58:20.000,477,2026-02-04 18:58:21.066,2026-02-04 18:58:16.970,-4095.690,60.03565979003906,0
2026-02-04 18:58:10.000,2026-02-04 18:58:20.000,2423,2026-02-04 18:58:20.979,2026-02-04 18:58:16.978,-4001.508,50.0230827331543,0
2026-02-04 18:58:10.000,2026-02-04 18:58:20.000,2108,2026-02-04 18:58:21.066,2026-02-04 18:58:16.978,-4088.180,60.035491943359375,0
2026-02-04 18:58:10.000,2026-02-04 18:58:20.000,477,2026-02-04 18:58:21.083,2026-02-04 18:58:16.988,-4095.326,60.035221099853516,0
2026-02-04 18:58:10.000,2026-02-04 18:58:20.000,2108,2026-02-04 18:58:21.083,2026-02-04 18:58:16.996,-4087.176,60.0345344543457,0
2026-02-04 18:58:10.000,2026-02-04 18:58:20.000,2423,2026-02-04 18:58:21.000,2026-02-04 18:58:16.998,-4001.842,50.02181625366211,0
2026-02-04 18:58:10.000,2026-02-04 18:58:20.000,2108,2026-02-04 18:58:21.100,2026-02-04 18:58:17.028,-4071.705,60.037193298339844,0
2026-02-04 18:58:10.000,2026-02-04 18:58:20.000,2423,2026-02-04 18:58:21.020,2026-02-04 18:58:17.028,-3991.705,50.02197265625,0
2026-02-04 18:58:10.000,2026-02-04 18:58:20.000,477,2026-02-04 18:58:21.100,2026-02-04 18:58:17.028,-4071.705,60.035884857177734,0
2026-02-04 18:58:10.000,2026-02-04 18:58:20.000,477,2026-02-04 18:58:21.116,2026-02-04 18:58:17.029,-4087.370,60.03660583496094,0
2026-02-04 18:58:10.000,2026-02-04 18:58:20.000,2108,2026-02-04 18:58:21.116,2026-02-04 18:58:17.030,-4086.369,60.03866958618164,0
2026-02-04 18:58:10.000,2026-02-04 18:58:20.000,2423,2026-02-04 18:58:21.040,2026-02-04 18:58:17.037,-4002.187,50.02233123779297,0
2026-02-04 18:58:10.000,2026-02-04 18:58:20.000,477,2026-02-04 18:58:21.133,2026-02-04 18:58:17.037,-4095.523,60.036434173583984,0
2026-02-04 18:58:10.000,2026-02-04 18:58:20.000,2108,2026-02-04 18:58:21.133,2026-02-04 18:58:17.046,-4087.301,60.035804748535156,0
2026-02-04 18:58:10.000,2026-02-04 18:58:20.000,477,2026-02-04 18:58:21.150,2026-02-04 18:58:17.054,-4095.457,60.03598403930664,0
2026-02-04 18:58:10.000,2026-02-04 18:58:20.000,2423,2026-02-04 18:58:21.059,2026-02-04 18:58:17.057,-4002.449,50.0205078125,0
2026-02-04 18:58:10.000,2026-02-04 18:58:20.000,2108,2026-02-04 18:58:21.150,2026-02-04 18:58:17.061,-4088.456,60.03125762939453,0
2026-02-04 18:58:10.000,2026-02-04 18:58:20.000,2423,2026-02-04 18:58:21.080,2026-02-04 18:58:17.078,-4001.917,50.01961898803711,0
2026-02-04 18:58:10.000,2026-02-04 18:58:20.000,2108,2026-02-04 18:58:21.166,2026-02-04 18:58:17.079,-4087.588,60.03334426879883,0
2026-02-04 18:58:10.000,2026-02-04 18:58:20.000,477,2026-02-04 18:58:21.166,2026-02-04 18:58:17.093,-4072.996,60.03557586669922,0
2026-02-04 18:58:10.000,2026-02-04 18:58:20.000,477,2026-02-04 18:58:21.183,2026-02-04 18:58:17.095,-4088.154,60.03555679321289,0
2026-02-04 18:58:10.000,2026-02-04 18:58:20.000,2108,2026-02-04 18:58:21.183,2026-02-04 18:58:17.096,-4087.147,60.03938674926758,0
2026-02-04 18:58:10.000,2026-02-04 18:58:20.000,2423,2026-02-04 18:58:21.100,2026-02-04 18:58:17.099,-4000.817,50.022789001464844,0
2026-02-04 18:58:10.000,2026-02-04 18:58:20.000,2108,2026-02-04 18:58:21.200,2026-02-04 18:58:17.112,-4087.157,60.03962326049805,0
2026-02-04 18:58:10.000,2026-02-04 18:58:20.000,2423,2026-02-04 18:58:21.120,2026-02-04 18:58:17.117,-4002.148,50.024837493896484,0
2026-02-04 18:58:10.000,2026-02-04 18:58:20.000,2108,2026-02-04 18:58:21.216,2026-02-04 18:58:17.128,-4088.624,60.03379440307617,0
2026-02-04 18:58:10.000,2026-02-04 18:58:20.000,2423,2026-02-04 18:58:21.139,2026-02-04 18:58:17.138,-4001.830,50.02405548095703,0
2026-02-04 18:58:10.000,2026-02-04 18:58:20.000,2108,2026-02-04 18:58:21.233,2026-02-04 18:58:17.146,-4087.101,60.0311393737793,0
2026-02-04 18:58:10.000,2026-02-04 18:58:20.000,2423,2026-02-04 18:58:21.160,2026-02-04 18:58:17.157,-4002.259,50.02328872680664,0
2026-02-04 18:58:10.000,2026-02-04 18:58:20.000,2108,2026-02-04 18:58:21.250,2026-02-04 18:58:17.161,-4088.262,60.03631591796875,0
2026-02-04 18:58:10.000,2026-02-04 18:58:20.000,477,2026-02-04 18:58:21.200,2026-02-04 18:58:17.170,-4029.745,60.03518295288086,0
2026-02-04 18:58:10.000,2026-02-04 18:58:20.000,477,2026-02-04 18:58:21.216,2026-02-04 18:58:17.170,-4046.409,60.034725189208984,0
2026-02-04 18:58:10.000,2026-02-04 18:58:20.000,477,2026-02-04 18:58:21.233,2026-02-04 18:58:17.171,-4062.071,60.03539276123047,0
2026-02-04 18:58:10.000,2026-02-04 18:58:20.000,477,2026-02-04 18:58:21.250,2026-02-04 18:58:17.171,-4078.743,60.03612518310547,0
2026-02-04 18:58:10.000,2026-02-04 18:58:20.000,2423,2026-02-04 18:58:21.180,2026-02-04 18:58:17.178,-4001.625,50.02383041381836,0
2026-02-04 18:58:10.000,2026-02-04 18:58:20.000,2108,2026-02-04 18:58:21.266,2026-02-04 18:58:17.179,-4087.281,60.04025650024414,0
2026-02-04 18:58:10.000,2026-02-04 18:58:20.000,477,2026-02-04 18:58:21.266,2026-02-04 18:58:17.181,-4085.281,60.035919189453125,0
2026-02-04 18:58:10.000,2026-02-04 18:58:20.000,477,2026-02-04 18:58:21.283,2026-02-04 18:58:17.187,-4095.354,60.036170959472656,0
2026-02-04 18:58:10.000,2026-02-04 18:58:20.000,2108,2026-02-04 18:58:21.283,2026-02-04 18:58:17.195,-4088.161,60.03937530517578,0
2026-02-04 18:58:10.000,2026-02-04 18:58:20.000,2423,2026-02-04 18:58:21.200,2026-02-04 18:58:17.198,-4001.826,50.023624420166016,0
2026-02-04 18:58:10.000,2026-02-04 18:58:20.000,477,2026-02-04 18:58:21.299,2026-02-04 18:58:17.204,-4095.491,60.03628921508789,0
2026-02-04 18:58:10.000,2026-02-04 18:58:20.000,2108,2026-02-04 18:58:21.299,2026-02-04 18:58:17.211,-4088.491,60.03632354736328,0
2026-02-04 18:58:10.000,2026-02-04 18:58:20.000,2423,2026-02-04 18:58:21.219,2026-02-04 18:58:17.218,-4001.981,50.02019119262695,0
2026-02-04 18:58:10.000,2026-02-04 18:58:20.000,477,2026-02-04 18:58:21.316,2026-02-04 18:58:17.222,-4094.659,60.036094665527344,0
2026-02-04 18:58:10.000,2026-02-04 18:58:20.000,2108,2026-02-04 18:58:21.316,2026-02-04 18:58:17.229,-4087.355,60.0344123840332,0
2026-02-04 18:58:10.000,2026-02-04 18:58:20.000,2423,2026-02-04 18:58:21.240,2026-02-04 18:58:17.237,-4002.169,50.020931243896484,0
2026-02-04 18:58:10.000,2026-02-04 18:58:20.000,477,2026-02-04 18:58:21.333,2026-02-04 18:58:17.237,-4095.505,60.036556243896484,0
2026-02-04 18:58:10.000,2026-02-04 18:58:20.000,2108,2026-02-04 18:58:21.333,2026-02-04 18:58:17.245,-4087.442,60.03657913208008,0
2026-02-04 18:58:10.000,2026-02-04 18:58:20.000,477,2026-02-04 18:58:21.350,2026-02-04 18:58:17.254,-4095.080,60.03627014160156,0
2026-02-04 18:58:10.000,2026-02-04 18:58:20.000,2423,2026-02-04 18:58:21.260,2026-02-04 18:58:17.257,-4002.092,50.02529525756836,0
2026-02-04 18:58:10.000,2026-02-04 18:58:20.000,2108,2026-02-04 18:58:21.350,2026-02-04 18:58:17.261,-4088.084,60.03784942626953,0
2026-02-04 18:58:10.000,2026-02-04 18:58:20.000,477,2026-02-04 18:58:21.366,2026-02-04 18:58:17.272,-4094.427,60.03537368774414,0
2026-02-04 18:58:10.000,2026-02-04 18:58:20.000,2423,2026-02-04 18:58:21.280,2026-02-04 18:58:17.278,-4001.623,50.02306365966797,0
2026-02-04 18:58:10.000,2026-02-04 18:58:20.000,2108,2026-02-04 18:58:21.366,2026-02-04 18:58:17.279,-4087.295,60.03463363647461,0
2026-02-04 18:58:10.000,2026-02-04 18:58:20.000,477,2026-02-04 18:58:21.383,2026-02-04 18:58:17.288,-4094.452,60.03582763671875,0
2026-02-04 18:58:10.000,2026-02-04 18:58:20.000,2108,2026-02-04 18:58:21.383,2026-02-04 18:58:17.295,-4088.300,60.03440856933594,0
2026-02-04 18:58:10.000,2026-02-04 18:58:20.000,2423,2026-02-04 18:58:21.299,2026-02-04 18:58:17.298,-4001.761,50.01974105834961,0
2026-02-04 18:58:10.000,2026-02-04 18:58:20.000,477,2026-02-04 18:58:21.400,2026-02-04 18:58:17.304,-4095.286,60.0365104675293,0
2026-02-04 18:58:10.000,2026-02-04 18:58:20.000,2108,2026-02-04 18:58:21.400,2026-02-04 18:58:17.311,-4088.285,60.03921890258789,0
2026-02-04 18:58:10.000,2026-02-04 18:58:20.000,2423,2026-02-04 18:58:21.320,2026-02-04 18:58:17.318,-4001.775,50.022830963134766,0
2026-02-04 18:58:10.000,2026-02-04 18:58:20.000,2108,2026-02-04 18:58:21.416,2026-02-04 18:58:17.337,-4079.417,60.039432525634766,0
2026-02-04 18:58:10.000,2026-02-04 18:58:20.000,2423,2026-02-04 18:58:21.340,2026-02-04 18:58:17.337,-4002.761,50.025272369384766,0
2026-02-04 18:58:10.000,2026-02-04 18:58:20.000,477,2026-02-04 18:58:21.416,2026-02-04 18:58:17.350,-4065.839,60.03647994995117,0
2026-02-04 18:58:10.000,2026-02-04 18:58:20.000,477,2026-02-04 18:58:21.433,2026-02-04 18:58:17.350,-4082.503,60.036781311035156,0
2026-02-04 18:58:10.000,2026-02-04 18:58:20.000,2108,2026-02-04 18:58:21.433,2026-02-04 18:58:17.351,-4081.495,60.03641891479492,0
2026-02-04 18:58:10.000,2026-02-04 18:58:20.000,477,2026-02-04 18:58:21.450,2026-02-04 18:58:17.367,-4082.144,60.036476135253906,0
2026-02-04 18:58:10.000,2026-02-04 18:58:20.000,2423,2026-02-04 18:58:21.360,2026-02-04 18:58:17.368,-3991.144,50.02368927001953,0
2026-02-04 18:58:10.000,2026-02-04 18:58:20.000,2108,2026-02-04 18:58:21.450,2026-02-04 18:58:17.369,-4080.145,60.03352737426758,0
2026-02-04 18:58:10.000,2026-02-04 18:58:20.000,477,2026-02-04 18:58:21.466,2026-02-04 18:58:17.370,-4095.809,60.03606033325195,0
2026-02-04 18:58:10.000,2026-02-04 18:58:20.000,2423,2026-02-04 18:58:21.379,2026-02-04 18:58:17.381,-3997.993,50.02205276489258,0
2026-02-04 18:58:10.000,2026-02-04 18:58:20.000,2108,2026-02-04 18:58:21.466,2026-02-04 18:58:17.381,-4084.665,60.032318115234375,0
2026-02-04 18:58:10.000,2026-02-04 18:58:20.000,477,2026-02-04 18:58:21.483,2026-02-04 18:58:17.397,-4086.251,60.03678894042969,0
2026-02-04 18:58:10.000,2026-02-04 18:58:20.000,2108,2026-02-04 18:58:21.483,2026-02-04 18:58:17.398,-4085.250,60.03696823120117,0
2026-02-04 18:58:10.000,2026-02-04 18:58:20.000,2423,2026-02-04 18:58:21.400,2026-02-04 18:58:17.398,-4001.922,50.02214050292969,0
2026-02-04 18:58:10.000,2026-02-04 18:58:20.000,477,2026-02-04 18:58:21.500,2026-02-04 18:58:17.411,-4088.415,60.037086486816406,0
2026-02-04 18:58:10.000,2026-02-04 18:58:20.000,2108,2026-02-04 18:58:21.500,2026-02-04 18:58:17.413,-4086.909,60.0387077331543,0
2026-02-04 18:58:10.000,2026-02-04 18:58:20.000,2423,2026-02-04 18:58:21.420,2026-02-04 18:58:17.418,-4001.895,50.023353576660156,0
2026-02-04 18:58:10.000,2026-02-04 18:58:20.000,477,2026-02-04 18:58:21.516,2026-02-04 18:58:17.421,-4095.560,60.036399841308594,0
2026-02-04 18:58:10.000,2026-02-04 18:58:20.000,2108,2026-02-04 18:58:21.516,2026-02-04 18:58:17.429,-4087.465,60.0345344543457,0
2026-02-04 18:58:10.000,2026-02-04 18:58:20.000,2423,2026-02-04 18:58:21.440,2026-02-04 18:58:17.439,-4000.770,50.02309799194336,0
2026-02-04 18:58:10.000,2026-02-04 18:58:20.000,477,2026-02-04 18:58:21.533,2026-02-04 18:58:17.439,-4094.105,60.03584289550781,0
2026-02-04 18:58:10.000,2026-02-04 18:58:20.000,2108,2026-02-04 18:58:21.533,2026-02-04 18:58:17.445,-4087.864,60.032745361328125,0
2026-02-04 18:58:10.000,2026-02-04 18:58:20.000,477,2026-02-04 18:58:21.550,2026-02-04 18:58:17.454,-4095.015,60.03616714477539,0
2026-02-04 18:58:10.000,2026-02-04 18:58:20.000,2423,2026-02-04 18:58:21.459,2026-02-04 18:58:17.457,-4002.005,50.02219772338867,0
2026-02-04 18:58:10.000,2026-02-04 18:58:20.000,2108,2026-02-04 18:58:21.550,2026-02-04 18:58:17.461,-4088.016,60.03575134277344,0
2026-02-04 18:58:10.000,2026-02-04 18:58:20.000,477,2026-02-04 18:58:21.566,2026-02-04 18:58:17.471,-4095.666,60.03702163696289,0
2026-02-04 18:58:10.000,2026-02-04 18:58:20.000,2423,2026-02-04 18:58:21.480,2026-02-04 18:58:17.478,-4001.904,50.02394104003906,0
2026-02-04 18:58:10.000,2026-02-04 18:58:20.000,2108,2026-02-04 18:58:21.566,2026-02-04 18:58:17.480,-4086.577,60.03956985473633,0
2026-02-04 18:58:10.000,2026-02-04 18:58:20.000,477,2026-02-04 18:58:21.583,2026-02-04 18:58:17.488,-4095.066,60.03716278076172,0
2026-02-04 18:58:10.000,2026-02-04 18:58:20.000,2108,2026-02-04 18:58:21.583,2026-02-04 18:58:17.495,-4088.038,60.03936767578125,0
2026-02-04 18:58:10.000,2026-02-04 18:58:20.000,2423,2026-02-04 18:58:21.500,2026-02-04 18:58:17.498,-4001.679,50.025550842285156,0
2026-02-04 18:58:10.000,2026-02-04 18:58:20.000,477,2026-02-04 18:58:21.600,2026-02-04 18:58:17.504,-4095.616,60.036216735839844,0
2026-02-04 18:58:10.000,2026-02-04 18:58:20.000,2108,2026-02-04 18:58:21.600,2026-02-04 18:58:17.511,-4088.609,60.03482437133789,0
2026-02-04 18:58:10.000,2026-02-04 18:58:20.000,2423,2026-02-04 18:58:21.520,2026-02-04 18:58:17.518,-4001.905,50.023868560791016,0
2026-02-04 18:58:10.000,2026-02-04 18:58:20.000,477,2026-02-04 18:58:21.616,2026-02-04 18:58:17.521,-4095.019,60.036346435546875,0
2026-02-04 18:58:10.000,2026-02-04 18:58:20.000,2108,2026-02-04 18:58:21.616,2026-02-04 18:58:17.529,-4087.509,60.034568786621094,0
2026-02-04 18:58:10.000,2026-02-04 18:58:20.000,2423,2026-02-04 18:58:21.539,2026-02-04 18:58:17.538,-4001.739,50.021331787109375,0
2026-02-04 18:58:10.000,2026-02-04 18:58:20.000,477,2026-02-04 18:58:21.633,2026-02-04 18:58:17.538,-4095.075,60.037628173828125,0
2026-02-04 18:58:10.000,2026-02-04 18:58:20.000,2108,2026-02-04 18:58:21.633,2026-02-04 18:58:17.545,-4088.000,60.04066848754883,0
2026-02-04 18:58:10.000,2026-02-04 18:58:20.000,2423,2026-02-04 18:58:21.560,2026-02-04 18:58:17.558,-4001.106,50.021995544433594,0
2026-02-04 18:58:10.000,2026-02-04 18:58:20.000,2108,2026-02-04 18:58:21.650,2026-02-04 18:58:17.561,-4088.108,60.04001235961914,0
2026-02-04 18:58:10.000,2026-02-04 18:58:20.000,477,2026-02-04 18:58:21.650,2026-02-04 18:58:17.571,-4078.483,60.03769302368164,0
2026-02-04 18:58:10.000,2026-02-04 18:58:20.000,477,2026-02-04 18:58:21.666,2026-02-04 18:58:17.573,-4093.640,60.036434173583984,0
2026-02-04 18:58:10.000,2026-02-04 18:58:20.000,2423,2026-02-04 18:58:21.580,2026-02-04 18:58:17.577,-4002.978,50.025272369384766,0
2026-02-04 18:58:10.000,2026-02-04 18:58:20.000,2108,2026-02-04 18:58:21.666,2026-02-04 18:58:17.578,-4088.129,60.03341293334961,0
2026-02-04 18:58:10.000,2026-02-04 18:58:20.000,477,2026-02-04 18:58:21.683,2026-02-04 18:58:17.588,-4095.128,60.035728454589844,0
2026-02-04 18:58:10.000,2026-02-04 18:58:20.000,2108,2026-02-04 18:58:21.683,2026-02-04 18:58:17.595,-4087.960,60.030025482177734,0
2026-02-04 18:58:10.000,2026-02-04 18:58:20.000,2423,2026-02-04 18:58:21.600,2026-02-04 18:58:17.597,-4002.384,50.025333404541016,0
2026-02-04 18:58:10.000,2026-02-04 18:58:20.000,477,2026-02-04 18:58:21.699,2026-02-04 18:58:17.605,-4094.862,60.035919189453125,0
2026-02-04 18:58:10.000,2026-02-04 18:58:20.000,2108,2026-02-04 18:58:21.699,2026-02-04 18:58:17.612,-4087.860,60.03188705444336,0
2026-02-04 18:58:10.000,2026-02-04 18:58:20.000,2423,2026-02-04 18:58:21.619,2026-02-04 18:58:17.618,-4001.841,50.023162841796875,0
2026-02-04 18:58:10.000,2026-02-04 18:58:20.000,477,2026-02-04 18:58:21.716,2026-02-04 18:58:17.621,-4095.010,60.036102294921875,0
2026-02-04 18:58:10.000,2026-02-04 18:58:20.000,2108,2026-02-04 18:58:21.716,2026-02-04 18:58:17.628,-4087.940,60.0385627746582,0
2026-02-04 18:58:10.000,2026-02-04 18:58:20.000,2423,2026-02-04 18:58:21.640,2026-02-04 18:58:17.638,-4001.748,50.02330017089844,0
2026-02-04 18:58:10.000,2026-02-04 18:58:20.000,477,2026-02-04 18:58:21.733,2026-02-04 18:58:17.638,-4095.084,60.036163330078125,0
2026-02-04 18:58:10.000,2026-02-04 18:58:20.000,2108,2026-02-04 18:58:21.733,2026-02-04 18:58:17.645,-4087.574,60.04224395751953,0
2026-02-04 18:58:10.000,2026-02-04 18:58:20.000,477,2026-02-04 18:58:21.750,2026-02-04 18:58:17.654,-4095.721,60.0363655090332,0
2026-02-04 18:58:10.000,2026-02-04 18:58:20.000,2423,2026-02-04 18:58:21.660,2026-02-04 18:58:17.658,-4001.732,50.02445983886719,0
2026-02-04 18:58:10.000,2026-02-04 18:58:20.000,2108,2026-02-04 18:58:21.750,2026-02-04 18:58:17.662,-4087.215,60.040252685546875,0
2026-02-04 18:58:10.000,2026-02-04 18:58:20.000,477,2026-02-04 18:58:21.766,2026-02-04 18:58:17.671,-4094.881,60.03692626953125,0
2026-02-04 18:58:10.000,2026-02-04 18:58:20.000,2423,2026-02-04 18:58:21.680,2026-02-04 18:58:17.677,-4002.014,50.024208068847656,0
2026-02-04 18:58:10.000,2026-02-04 18:58:20.000,2108,2026-02-04 18:58:21.766,2026-02-04 18:58:17.678,-4087.684,60.036563873291016,0
2026-02-04 18:58:10.000,2026-02-04 18:58:20.000,477,2026-02-04 18:58:21.783,2026-02-04 18:58:17.689,-4094.202,60.03687286376953,0
2026-02-04 18:58:10.000,2026-02-04 18:58:20.000,2108,2026-02-04 18:58:21.783,2026-02-04 18:58:17.698,-4084.477,60.03348159790039,0
2026-02-04 18:58:10.000,2026-02-04 18:58:20.000,2423,2026-02-04 18:58:21.699,2026-02-04 18:58:17.699,-4000.132,50.02378845214844,0
2026-02-04 18:58:10.000,2026-02-04 18:58:20.000,477,2026-02-04 18:58:21.800,2026-02-04 18:58:17.704,-4095.065,60.036075592041016,0
2026-02-04 18:58:10.000,2026-02-04 18:58:20.000,2108,2026-02-04 18:58:21.800,2026-02-04 18:58:17.711,-4088.070,60.03376770019531,0
2026-02-04 18:58:10.000,2026-02-04 18:58:20.000,2423,2026-02-04 18:58:21.720,2026-02-04 18:58:17.718,-4001.672,50.024169921875,0
2026-02-04 18:58:10.000,2026-02-04 18:58:20.000,477,2026-02-04 18:58:21.816,2026-02-04 18:58:17.721,-4095.335,60.03628921508789,0
2026-02-04 18:58:10.000,2026-02-04 18:58:20.000,2108,2026-02-04 18:58:21.816,2026-02-04 18:58:17.728,-4087.824,60.03620910644531,0
2026-02-04 18:58:10.000,2026-02-04 18:58:20.000,477,2026-02-04 18:58:21.833,2026-02-04 18:58:17.738,-4095.134,60.03694152832031,0
2026-02-04 18:58:10.000,2026-02-04 18:58:20.000,2423,2026-02-04 18:58:21.740,2026-02-04 18:58:17.738,-4001.814,50.02396774291992,0
2026-02-04 18:58:10.000,2026-02-04 18:58:20.000,2108,2026-02-04 18:58:21.833,2026-02-04 18:58:17.745,-4088.169,60.0354118347168,0
2026-02-04 18:58:10.000,2026-02-04 18:58:20.000,2423,2026-02-04 18:58:21.760,2026-02-04 18:58:17.758,-4001.782,50.023983001708984,0
2026-02-04 18:58:10.000,2026-02-04 18:58:20.000,2108,2026-02-04 18:58:21.850,2026-02-04 18:58:17.762,-4087.781,60.034812927246094,0
2026-02-04 18:58:10.000,2026-02-04 18:58:20.000,2423,2026-02-04 18:58:21.779,2026-02-04 18:58:17.777,-4002.153,50.02491760253906,0
2026-02-04 18:58:10.000,2026-02-04 18:58:20.000,2108,2026-02-04 18:58:21.866,2026-02-04 18:58:17.778,-4087.826,60.037567138671875,0
2026-02-04 18:58:10.000,2026-02-04 18:58:20.000,477,2026-02-04 18:58:21.850,2026-02-04 18:58:17.783,-4066.063,60.036964416503906,0
2026-02-04 18:58:10.000,2026-02-04 18:58:20.000,477,2026-02-04 18:58:21.866,2026-02-04 18:58:17.785,-4080.725,60.03713607788086,0
2026-02-04 18:58:10.000,2026-02-04 18:58:20.000,477,2026-02-04 18:58:21.883,2026-02-04 18:58:17.787,-4095.390,60.037540435791016,0
2026-02-04 18:58:10.000,2026-02-04 18:58:20.000,2108,2026-02-04 18:58:21.883,2026-02-04 18:58:17.796,-4087.302,60.03843307495117,0
2026-02-04 18:58:10.000,2026-02-04 18:58:20.000,2423,2026-02-04 18:58:21.800,2026-02-04 18:58:17.798,-4001.967,50.02487564086914,0
2026-02-04 18:58:10.000,2026-02-04 18:58:20.000,477,2026-02-04 18:58:21.900,2026-02-04 18:58:17.805,-4094.916,60.03713607788086,0
2026-02-04 18:58:10.000,2026-02-04 18:58:20.000,2108,2026-02-04 18:58:21.900,2026-02-04 18:58:17.812,-4087.916,60.03824996948242,0
2026-02-04 18:58:10.000,2026-02-04 18:58:20.000,2423,2026-02-04 18:58:21.820,2026-02-04 18:58:17.818,-4002.001,50.02360916137695,0
2026-02-04 18:58:10.000,2026-02-04 18:58:20.000,477,2026-02-04 18:58:21.916,2026-02-04 18:58:17.824,-4091.723,60.03644943237305,0
2026-02-04 18:58:10.000,2026-02-04 18:58:20.000,2108,2026-02-04 18:58:21.916,2026-02-04 18:58:17.829,-4087.445,60.03779983520508,0
2026-02-04 18:58:10.000,2026-02-04 18:58:20.000,2423,2026-02-04 18:58:21.840,2026-02-04 18:58:17.838,-4001.816,50.02353286743164,0
2026-02-04 18:58:10.000,2026-02-04 18:58:20.000,477,2026-02-04 18:58:21.933,2026-02-04 18:58:17.838,-4095.152,60.03633117675781,0
2026-02-04 18:58:10.000,2026-02-04 18:58:20.000,2108,2026-02-04 18:58:21.933,2026-02-04 18:58:17.846,-4087.194,60.03634262084961,0
2026-02-04 18:58:10.000,2026-02-04 18:58:20.000,477,2026-02-04 18:58:21.950,2026-02-04 18:58:17.855,-4094.780,60.03633499145508,0
2026-02-04 18:58:10.000,2026-02-04 18:58:20.000,2423,2026-02-04 18:58:21.859,2026-02-04 18:58:17.858,-4001.269,50.02303695678711,0
2026-02-04 18:58:10.000,2026-02-04 18:58:20.000,2108,2026-02-04 18:58:21.950,2026-02-04 18:58:17.861,-4088.277,60.03587341308594,0
2026-02-04 18:58:10.000,2026-02-04 18:58:20.000,477,2026-02-04 18:58:21.966,2026-02-04 18:58:17.871,-4095.435,60.03670883178711,0
2026-02-04 18:58:10.000,2026-02-04 18:58:20.000,2423,2026-02-04 18:58:21.880,2026-02-04 18:58:17.878,-4001.716,50.02259063720703,0
2026-02-04 18:58:10.000,2026-02-04 18:58:20.000,2108,2026-02-04 18:58:21.966,2026-02-04 18:58:17.879,-4087.390,60.03617477416992,0
2026-02-04 18:58:10.000,2026-02-04 18:58:20.000,477,2026-02-04 18:58:21.983,2026-02-04 18:58:17.890,-4093.028,60.03688430786133,0
2026-02-04 18:58:10.000,2026-02-04 18:58:20.000,2108,2026-02-04 18:58:21.983,2026-02-04 18:58:17.895,-4087.518,60.03546905517578,0
2026-02-04 18:58:10.000,2026-02-04 18:58:20.000,2423,2026-02-04 18:58:21.900,2026-02-04 18:58:17.897,-4002.134,50.02482604980469,0
2026-02-04 18:58:10.000,2026-02-04 18:58:20.000,477,2026-02-04 18:58:22.000,2026-02-04 18:58:17.904,-4095.017,60.0359001159668,0
2026-02-04 18:58:10.000,2026-02-04 18:58:20.000,2108,2026-02-04 18:58:22.000,2026-02-04 18:58:17.912,-4087.766,60.03398132324219,0
2026-02-04 18:58:10.000,2026-02-04 18:58:20.000,2423,2026-02-04 18:58:21.920,2026-02-04 18:58:17.918,-4001.752,50.02595138549805,0
2026-02-04 18:58:10.000,2026-02-04 18:58:20.000,477,2026-02-04 18:58:22.016,2026-02-04 18:58:17.921,-4095.413,60.035247802734375,0
2026-02-04 18:58:10.000,2026-02-04 18:58:20.000,2108,2026-02-04 18:58:22.016,2026-02-04 18:58:17.929,-4087.360,60.03741455078125,0
2026-02-04 18:58:10.000,2026-02-04 18:58:20.000,2423,2026-02-04 18:58:21.939,2026-02-04 18:58:17.937,-4002.174,50.02545928955078,0
2026-02-04 18:58:10.000,2026-02-04 18:58:20.000,477,2026-02-04 18:58:22.033,2026-02-04 18:58:17.937,-4095.510,60.0361213684082,0
2026-02-04 18:58:10.000,2026-02-04 18:58:20.000,2108,2026-02-04 18:58:22.033,2026-02-04 18:58:17.945,-4087.359,60.042503356933594,0
2026-02-04 18:58:10.000,2026-02-04 18:58:20.000,477,2026-02-04 18:58:22.050,2026-02-04 18:58:17.954,-4095.399,60.03668975830078,0
2026-02-04 18:58:10.000,2026-02-04 18:58:20.000,2423,2026-02-04 18:58:21.960,2026-02-04 18:58:17.959,-4000.395,50.02516174316406,0
2026-02-04 18:58:10.000,2026-02-04 18:58:20.000,2108,2026-02-04 18:58:22.050,2026-02-04 18:58:17.961,-4088.398,60.03913879394531,0
2026-02-04 18:58:10.000,2026-02-04 18:58:20.000,477,2026-02-04 18:58:22.066,2026-02-04 18:58:17.971,-4095.548,60.036643981933594,0
2026-02-04 18:58:10.000,2026-02-04 18:58:20.000,2423,2026-02-04 18:58:21.980,2026-02-04 18:58:17.978,-4001.690,50.024147033691406,0
2026-02-04 18:58:10.000,2026-02-04 18:58:20.000,2108,2026-02-04 18:58:22.066,2026-02-04 18:58:17.979,-4087.347,60.03374099731445,0
2026-02-04 18:58:10.000,2026-02-04 18:58:20.000,477,2026-02-04 18:58:22.083,2026-02-04 18:58:17.987,-4095.502,60.0371208190918,0
2026-02-04 18:58:10.000,2026-02-04 18:58:20.000,2108,2026-02-04 18:58:22.083,2026-02-04 18:58:17.999,-4084.278,60.03499221801758,0
2026-02-04 18:58:10.000,2026-02-04 18:58:20.000,2423,2026-02-04 18:58:22.000,2026-02-04 18:58:17.999,-4000.950,50.02388000488281,0
2026-02-04 18:58:10.000,2026-02-04 18:58:20.000,477,2026-02-04 18:58:22.099,2026-02-04 18:58:18.004,-4095.465,60.03694534301758,0
2026-02-04 18:58:10.000,2026-02-04 18:58:20.000,2108,2026-02-04 18:58:22.099,2026-02-04 18:58:18.011,-4088.465,60.038780212402344,0
2026-02-04 18:58:10.000,2026-02-04 18:58:20.000,2423,2026-02-04 18:58:22.019,2026-02-04 18:58:18.018,-4001.955,50.024147033691406,0
2026-02-04 18:58:10.000,2026-02-04 18:58:20.000,477,2026-02-04 18:58:22.116,2026-02-04 18:58:18.021,-4095.634,60.03608322143555,0
2026-02-04 18:58:10.000,2026-02-04 18:58:20.000,2108,2026-02-04 18:58:22.116,2026-02-04 18:58:18.029,-4087.251,60.03999710083008,0
2026-02-04 18:58:10.000,2026-02-04 18:58:20.000,477,2026-02-04 18:58:22.133,2026-02-04 18:58:18.037,-4095.404,60.03641128540039,0
2026-02-04 18:58:10.000,2026-02-04 18:58:20.000,2423,2026-02-04 18:58:22.040,2026-02-04 18:58:18.037,-4002.068,50.02273178100586,0
2026-02-04 18:58:10.000,2026-02-04 18:58:20.000,2108,2026-02-04 18:58:22.133,2026-02-04 18:58:18.046,-4087.316,60.036865234375,0
2026-02-04 18:58:10.000,2026-02-04 18:58:20.000,477,2026-02-04 18:58:22.150,2026-02-04 18:58:18.054,-4095.469,60.03749084472656,0
2026-02-04 18:58:10.000,2026-02-04 18:58:20.000,2423,2026-02-04 18:58:22.060,2026-02-04 18:58:18.057,-4002.477,50.02146911621094,0
2026-02-04 18:58:10.000,2026-02-04 18:58:20.000,2108,2026-02-04 18:58:22.150,2026-02-04 18:58:18.061,-4088.466,60.0319709777832,0
2026-02-04 18:58:10.000,2026-02-04 18:58:20.000,477,2026-02-04 18:58:22.166,2026-02-04 18:58:18.071,-4095.626,60.037227630615234,0
2026-02-04 18:58:10.000,2026-02-04 18:58:20.000,2423,2026-02-04 18:58:22.080,2026-02-04 18:58:18.078,-4001.689,50.02249526977539,0
2026-02-04 18:58:10.000,2026-02-04 18:58:20.000,2108,2026-02-04 18:58:22.166,2026-02-04 18:58:18.079,-4087.361,60.03324508666992,0
2026-02-04 18:58:10.000,2026-02-04 18:58:20.000,477,2026-02-04 18:58:22.183,2026-02-04 18:58:18.087,-4095.878,60.03647232055664,0
2026-02-04 18:58:10.000,2026-02-04 18:58:20.000,2108,2026-02-04 18:58:22.183,2026-02-04 18:58:18.095,-4087.362,60.03920364379883,0
2026-02-04 18:58:10.000,2026-02-04 18:58:20.000,2423,2026-02-04 18:58:22.099,2026-02-04 18:58:18.098,-4001.886,50.023902893066406,0
2026-02-04 18:58:10.000,2026-02-04 18:58:20.000,477,2026-02-04 18:58:22.200,2026-02-04 18:58:18.104,-4095.602,60.03656768798828,0
2026-02-04 18:58:10.000,2026-02-04 18:58:20.000,2108,2026-02-04 18:58:22.200,2026-02-04 18:58:18.111,-4088.597,60.04145812988281,0
2026-02-04 18:58:10.000,2026-02-04 18:58:20.000,2423,2026-02-04 18:58:22.120,2026-02-04 18:58:18.118,-4001.087,50.024314880371094,0
2026-02-04 18:58:10.000,2026-02-04 18:58:20.000,477,2026-02-04 18:58:22.216,2026-02-04 18:58:18.121,-4094.750,60.03696060180664,0
2026-02-04 18:58:10.000,2026-02-04 18:58:20.000,2108,2026-02-04 18:58:22.216,2026-02-04 18:58:18.128,-4087.706,60.037513732910156,0
2026-02-04 18:58:10.000,2026-02-04 18:58:20.000,2423,2026-02-04 18:58:22.140,2026-02-04 18:58:18.137,-4002.024,50.024478912353516,0
2026-02-04 18:58:10.000,2026-02-04 18:58:20.000,477,2026-02-04 18:58:22.233,2026-02-04 18:58:18.137,-4095.344,60.037139892578125,0
2026-02-04 18:58:10.000,2026-02-04 18:58:20.000,2108,2026-02-04 18:58:22.233,2026-02-04 18:58:18.145,-4087.925,60.03241729736328,0
2026-02-04 18:58:10.000,2026-02-04 18:58:20.000,477,2026-02-04 18:58:22.250,2026-02-04 18:58:18.154,-4095.089,60.0371208190918,0
2026-02-04 18:58:10.000,2026-02-04 18:58:20.000,2423,2026-02-04 18:58:22.160,2026-02-04 18:58:18.157,-4002.087,50.02389907836914,0
2026-02-04 18:58:10.000,2026-02-04 18:58:20.000,2108,2026-02-04 18:58:22.250,2026-02-04 18:58:18.161,-4088.089,60.03334045410156,0
2026-02-04 18:58:10.000,2026-02-04 18:58:20.000,477,2026-02-04 18:58:22.266,2026-02-04 18:58:18.171,-4095.242,60.03700637817383,0
2026-02-04 18:58:10.000,2026-02-04 18:58:20.000,2423,2026-02-04 18:58:22.179,2026-02-04 18:58:18.177,-4002.059,50.02219772338867,0
2026-02-04 18:58:10.000,2026-02-04 18:58:20.000,2108,2026-02-04 18:58:22.266,2026-02-04 18:58:18.178,-4087.729,60.03947067260742,0
2026-02-04 18:58:10.000,2026-02-04 18:58:20.000,477,2026-02-04 18:58:22.283,2026-02-04 18:58:18.188,-4095.299,60.037376403808594,0
2026-02-04 18:58:10.000,2026-02-04 18:58:20.000,2108,2026-02-04 18:58:22.283,2026-02-04 18:58:18.195,-4087.511,60.0418701171875,0
2026-02-04 18:58:10.000,2026-02-04 18:58:20.000,2423,2026-02-04 18:58:22.200,2026-02-04 18:58:18.197,-4002.175,50.02305603027344,0
2026-02-04 18:58:10.000,2026-02-04 18:58:20.000,477,2026-02-04 18:58:22.300,2026-02-04 18:58:18.204,-4095.670,60.03715896606445,0
2026-02-04 18:58:10.000,2026-02-04 18:58:20.000,2108,2026-02-04 18:58:22.300,2026-02-04 18:58:18.227,-4072.968,60.03617477416992,0
2026-02-04 18:58:10.000,2026-02-04 18:58:20.000,2423,2026-02-04 18:58:22.220,2026-02-04 18:58:18.227,-3992.967,50.02735137939453,0
2026-02-04 18:58:10.000,2026-02-04 18:58:20.000,477,2026-02-04 18:58:22.316,2026-02-04 18:58:18.228,-4088.624,60.03606033325195,0
2026-02-04 18:58:10.000,2026-02-04 18:58:20.000,2108,2026-02-04 18:58:22.316,2026-02-04 18:58:18.229,-4087.625,60.033748626708984,0
2026-02-04 18:58:10.000,2026-02-04 18:58:20.000,477,2026-02-04 18:58:22.333,2026-02-04 18:58:18.238,-4095.141,60.036537170410156,0
2026-02-04 18:58:10.000,2026-02-04 18:58:20.000,2423,2026-02-04 18:58:22.240,2026-02-04 18:58:18.238,-4001.805,50.02684783935547,0
2026-02-04 18:58:10.000,2026-02-04 18:58:20.000,2108,2026-02-04 18:58:22.333,2026-02-04 18:58:18.258,-4075.016,60.03767013549805,0
2026-02-04 18:58:10.000,2026-02-04 18:58:20.000,477,2026-02-04 18:58:22.350,2026-02-04 18:58:18.258,-4091.680,60.03734588623047,0
2026-02-04 18:58:10.000,2026-02-04 18:58:20.000,2423,2026-02-04 18:58:22.259,2026-02-04 18:58:18.259,-4000.673,50.0218505859375,0
2026-02-04 18:58:10.000,2026-02-04 18:58:20.000,2108,2026-02-04 18:58:22.350,2026-02-04 18:58:18.262,-4087.177,60.03862762451172,0
2026-02-04 18:58:10.000,2026-02-04 18:58:20.000,477,2026-02-04 18:58:22.366,2026-02-04 18:58:18.274,-4092.283,60.037109375,0
2026-02-04 18:58:10.000,2026-02-04 18:58:20.000,2423,2026-02-04 18:58:22.280,2026-02-04 18:58:18.277,-4002.100,50.02279281616211,0
2026-02-04 18:58:10.000,2026-02-04 18:58:20.000,2108,2026-02-04 18:58:22.366,2026-02-04 18:58:18.282,-4083.771,60.03791427612305,0
2026-02-04 18:58:10.000,2026-02-04 18:58:20.000,477,2026-02-04 18:58:22.383,2026-02-04 18:58:18.288,-4094.508,60.03731155395508,0
2026-02-04 18:58:10.000,2026-02-04 18:58:20.000,2108,2026-02-04 18:58:22.383,2026-02-04 18:58:18.296,-4086.973,60.034873962402344,0
2026-02-04 18:58:10.000,2026-02-04 18:58:20.000,2423,2026-02-04 18:58:22.300,2026-02-04 18:58:18.298,-4001.636,50.02621841430664,0
2026-02-04 18:58:10.000,2026-02-04 18:58:20.000,477,2026-02-04 18:58:22.400,2026-02-04 18:58:18.304,-4095.115,60.037193298339844,0
2026-02-04 18:58:10.000,2026-02-04 18:58:20.000,2108,2026-02-04 18:58:22.400,2026-02-04 18:58:18.314,-4085.593,60.03330612182617,0
2026-02-04 18:58:10.000,2026-02-04 18:58:20.000,2423,2026-02-04 18:58:22.320,2026-02-04 18:58:18.318,-4001.586,50.024024963378906,0
2026-02-04 18:58:10.000,2026-02-04 18:58:20.000,477,2026-02-04 18:58:22.416,2026-02-04 18:58:18.321,-4095.249,60.035972595214844,0
2026-02-04 18:58:10.000,2026-02-04 18:58:20.000,2108,2026-02-04 18:58:22.416,2026-02-04 18:58:18.328,-4087.729,60.03714370727539,0
2026-02-04 18:58:10.000,2026-02-04 18:58:20.000,477,2026-02-04 18:58:22.433,2026-02-04 18:58:18.339,-4093.926,60.035560607910156,0
2026-02-04 18:58:10.000,2026-02-04 18:58:20.000,2423,2026-02-04 18:58:22.339,2026-02-04 18:58:18.340,-3999.591,50.02007293701172,0
2026-02-04 18:58:10.000,2026-02-04 18:58:20.000,2108,2026-02-04 18:58:22.433,2026-02-04 18:58:18.351,-4081.414,60.0380859375,0
2026-02-04 18:58:10.000,2026-02-04 18:58:20.000,477,2026-02-04 18:58:22.450,2026-02-04 18:58:18.354,-4095.010,60.03693389892578,0
2026-02-04 18:58:10.000,2026-02-04 18:58:20.000,2423,2026-02-04 18:58:22.360,2026-02-04 18:58:18.357,-4002.011,50.02082824707031,0
2026-02-04 18:58:10.000,2026-02-04 18:58:20.000,2108,2026-02-04 18:58:22.450,2026-02-04 18:58:18.362,-4087.011,60.038021087646484,0
2026-02-04 18:58:10.000,2026-02-04 18:58:20.000,477,2026-02-04 18:58:22.466,2026-02-04 18:58:18.381,-4085.085,60.038326263427734,0
2026-02-04 18:58:10.000,2026-02-04 18:58:20.000,2423,2026-02-04 18:58:22.380,2026-02-04 18:58:18.383,-3996.924,50.02465057373047,0
2026-02-04 18:58:10.000,2026-02-04 18:58:20.000,2108,2026-02-04 18:58:22.466,2026-02-04 18:58:18.383,-4083.580,60.03954315185547,0
2026-02-04 18:58:10.000,2026-02-04 18:58:20.000,477,2026-02-04 18:58:22.483,2026-02-04 18:58:18.397,-4085.558,60.03867721557617,0
2026-02-04 18:58:10.000,2026-02-04 18:58:20.000,2108,2026-02-04 18:58:22.483,2026-02-04 18:58:18.398,-4084.559,60.039390563964844,0
2026-02-04 18:58:10.000,2026-02-04 18:58:20.000,2423,2026-02-04 18:58:22.400,2026-02-04 18:58:18.399,-4000.231,50.02544403076172,0
2026-02-04 18:58:10.000,2026-02-04 18:58:20.000,477,2026-02-04 18:58:22.499,2026-02-04 18:58:18.406,-4093.707,60.038230895996094,0
2026-02-04 18:58:10.000,2026-02-04 18:58:20.000,2108,2026-02-04 18:58:22.499,2026-02-04 18:58:18.412,-4087.201,60.039737701416016,0
2026-02-04 18:58:10.000,2026-02-04 18:58:20.000,2423,2026-02-04 18:58:22.419,2026-02-04 18:58:18.417,-4002.189,50.0240478515625,0
2026-02-04 18:58:10.000,2026-02-04 18:58:20.000,477,2026-02-04 18:58:22.516,2026-02-04 18:58:18.420,-4095.868,60.037353515625,0
2026-02-04 18:58:10.000,2026-02-04 18:58:20.000,2108,2026-02-04 18:58:22.516,2026-02-04 18:58:18.428,-4087.839,60.037757873535156,0
2026-02-04 18:58:10.000,2026-02-04 18:58:20.000,477,2026-02-04 18:58:22.533,2026-02-04 18:58:18.438,-4095.283,60.03667068481445,0
2026-02-04 18:58:10.000,2026-02-04 18:58:20.000,2423,2026-02-04 18:58:22.440,2026-02-04 18:58:18.438,-4001.947,50.02238082885742,0
2026-02-04 18:58:10.000,2026-02-04 18:58:20.000,2108,2026-02-04 18:58:22.533,2026-02-04 18:58:18.447,-4086.163,60.03160095214844,0
2026-02-04 18:58:10.000,2026-02-04 18:58:20.000,2423,2026-02-04 18:58:22.460,2026-02-04 18:58:18.458,-4001.787,50.02123260498047,0
2026-02-04 18:58:10.000,2026-02-04 18:58:20.000,2108,2026-02-04 18:58:22.550,2026-02-04 18:58:18.462,-4087.778,60.032875061035156,0
2026-02-04 18:58:10.000,2026-02-04 18:58:20.000,477,2026-02-04 18:58:22.550,2026-02-04 18:58:18.464,-4085.351,60.03605651855469,0
2026-02-04 18:58:10.000,2026-02-04 18:58:20.000,2423,2026-02-04 18:58:22.480,2026-02-04 18:58:18.478,-4001.840,50.02198791503906,0
2026-02-04 18:58:10.000,2026-02-04 18:58:20.000,477,2026-02-04 18:58:22.566,2026-02-04 18:58:18.479,-4087.513,60.035953521728516,0
2026-02-04 18:58:10.000,2026-02-04 18:58:20.000,2108,2026-02-04 18:58:22.566,2026-02-04 18:58:18.479,-4087.513,60.040775299072266,0
2026-02-04 18:58:10.000,2026-02-04 18:58:20.000,477,2026-02-04 18:58:22.583,2026-02-04 18:58:18.490,-4093.074,60.03660583496094,0
2026-02-04 18:58:10.000,2026-02-04 18:58:20.000,2108,2026-02-04 18:58:22.583,2026-02-04 18:58:18.495,-4087.511,60.04337692260742,0
2026-02-04 18:58:10.000,2026-02-04 18:58:20.000,2423,2026-02-04 18:58:22.499,2026-02-04 18:58:18.497,-4002.159,50.02260208129883,0
2026-02-04 18:58:10.000,2026-02-04 18:58:20.000,477,2026-02-04 18:58:22.600,2026-02-04 18:58:18.507,-4092.063,60.036834716796875,0
2026-02-04 18:58:10.000,2026-02-04 18:58:20.000,2108,2026-02-04 18:58:22.600,2026-02-04 18:58:18.511,-4088.065,60.040374755859375,0
2026-02-04 18:58:10.000,2026-02-04 18:58:20.000,2423,2026-02-04 18:58:22.520,2026-02-04 18:58:18.518,-4001.955,50.022804260253906,0
2026-02-04 18:58:10.000,2026-02-04 18:58:20.000,477,2026-02-04 18:58:22.616,2026-02-04 18:58:18.521,-4095.618,60.036407470703125,0
2026-02-04 18:58:10.000,2026-02-04 18:58:20.000,2108,2026-02-04 18:58:22.616,2026-02-04 18:58:18.529,-4087.569,60.03407669067383,0
2026-02-04 18:58:10.000,2026-02-04 18:58:20.000,2423,2026-02-04 18:58:22.540,2026-02-04 18:58:18.538,-4001.812,50.023372650146484,0
2026-02-04 18:58:10.000,2026-02-04 18:58:20.000,477,2026-02-04 18:58:22.633,2026-02-04 18:58:18.538,-4095.131,60.036529541015625,0
2026-02-04 18:58:10.000,2026-02-04 18:58:20.000,2108,2026-02-04 18:58:22.633,2026-02-04 18:58:18.545,-4088.100,60.032840728759766,0
2026-02-04 18:58:10.000,2026-02-04 18:58:20.000,477,2026-02-04 18:58:22.650,2026-02-04 18:58:18.553,-4096.168,60.03728485107422,0
2026-02-04 18:58:10.000,2026-02-04 18:58:20.000,2423,2026-02-04 18:58:22.560,2026-02-04 18:58:18.558,-4001.643,50.02395248413086,0
2026-02-04 18:58:10.000,2026-02-04 18:58:20.000,2108,2026-02-04 18:58:22.650,2026-02-04 18:58:18.561,-4088.641,60.03740692138672,0
2026-02-04 18:58:10.000,2026-02-04 18:58:20.000,477,2026-02-04 18:58:22.666,2026-02-04 18:58:18.571,-4095.252,60.03774642944336,0
2026-02-04 18:58:10.000,2026-02-04 18:58:20.000,2423,2026-02-04 18:58:22.579,2026-02-04 18:58:18.577,-4002.067,50.02401351928711,0
2026-02-04 18:58:10.000,2026-02-04 18:58:20.000,2108,2026-02-04 18:58:22.666,2026-02-04 18:58:18.578,-4087.741,60.036712646484375,0
2026-02-04 18:58:10.000,2026-02-04 18:58:20.000,477,2026-02-04 18:58:22.683,2026-02-04 18:58:18.587,-4095.387,60.037559509277344,0
2026-02-04 18:58:10.000,2026-02-04 18:58:20.000,2108,2026-02-04 18:58:22.683,2026-02-04 18:58:18.596,-4087.285,60.03407287597656,0
2026-02-04 18:58:10.000,2026-02-04 18:58:20.000,2423,2026-02-04 18:58:22.600,2026-02-04 18:58:18.597,-4002.445,50.023773193359375,0
2026-02-04 18:58:10.000,2026-02-04 18:58:20.000,477,2026-02-04 18:58:22.700,2026-02-04 18:58:18.604,-4095.937,60.037052154541016,0
2026-02-04 18:58:10.000,2026-02-04 18:58:20.000,2108,2026-02-04 18:58:22.700,2026-02-04 18:58:18.612,-4087.941,60.03535079956055,0
2026-02-04 18:58:10.000,2026-02-04 18:58:20.000,2423,2026-02-04 18:58:22.620,2026-02-04 18:58:18.618,-4001.617,50.02396774291992,0
2026-02-04 18:58:10.000,2026-02-04 18:58:20.000,477,2026-02-04 18:58:22.716,2026-02-04 18:58:18.621,-4095.280,60.036865234375,0
2026-02-04 18:58:10.000,2026-02-04 18:58:20.000,2108,2026-02-04 18:58:22.716,2026-02-04 18:58:18.628,-4087.763,60.038108825683594,0
2026-02-04 18:58:10.000,2026-02-04 18:58:20.000,477,2026-02-04 18:58:22.733,2026-02-04 18:58:18.638,-4095.165,60.03705978393555,0
2026-02-04 18:58:10.000,2026-02-04 18:58:20.000,2423,2026-02-04 18:58:22.640,2026-02-04 18:58:18.638,-4001.830,50.022850036621094,0
2026-02-04 18:58:10.000,2026-02-04 18:58:20.000,2108,2026-02-04 18:58:22.733,2026-02-04 18:58:18.645,-4088.090,60.0423583984375,0
2026-02-04 18:58:10.000,2026-02-04 18:58:20.000,477,2026-02-04 18:58:22.750,2026-02-04 18:58:18.654,-4095.714,60.037567138671875,0
2026-02-04 18:58:10.000,2026-02-04 18:58:20.000,2423,2026-02-04 18:58:22.659,2026-02-04 18:58:18.658,-4001.702,50.02073287963867,0
2026-02-04 18:58:10.000,2026-02-04 18:58:20.000,2108,2026-02-04 18:58:22.750,2026-02-04 18:58:18.662,-4087.204,60.042720794677734,0
2026-02-04 18:58:10.000,2026-02-04 18:58:20.000,477,2026-02-04 18:58:22.766,2026-02-04 18:58:18.670,-4095.870,60.03816223144531,0
2026-02-04 18:58:10.000,2026-02-04 18:58:20.000,2423,2026-02-04 18:58:22.680,2026-02-04 18:58:18.678,-4001.697,50.02192687988281,0
2026-02-04 18:58:10.000,2026-02-04 18:58:20.000,2108,2026-02-04 18:58:22.766,2026-02-04 18:58:18.679,-4087.368,60.035831451416016,0
2026-02-04 18:58:10.000,2026-02-04 18:58:20.000,477,2026-02-04 18:58:22.783,2026-02-04 18:58:18.687,-4095.515,60.03816223144531,0
2026-02-04 18:58:10.000,2026-02-04 18:58:20.000,2108,2026-02-04 18:58:22.783,2026-02-04 18:58:18.695,-4087.349,60.03297424316406,0
2026-02-04 18:58:10.000,2026-02-04 18:58:20.000,2423,2026-02-04 18:58:22.700,2026-02-04 18:58:18.698,-4001.951,50.0240364074707,0
2026-02-04 18:58:10.000,2026-02-04 18:58:20.000,477,2026-02-04 18:58:22.800,2026-02-04 18:58:18.704,-4095.706,60.03705978393555,0
2026-02-04 18:58:10.000,2026-02-04 18:58:20.000,2108,2026-02-04 18:58:22.800,2026-02-04 18:58:18.712,-4087.199,60.03396224975586,0
2026-02-04 18:58:10.000,2026-02-04 18:58:20.000,2423,2026-02-04 18:58:22.720,2026-02-04 18:58:18.717,-4002.194,50.02236557006836,0
2026-02-04 18:58:10.000,2026-02-04 18:58:20.000,477,2026-02-04 18:58:22.816,2026-02-04 18:58:18.721,-4094.858,60.036380767822266,0
2026-02-04 18:58:10.000,2026-02-04 18:58:20.000,2108,2026-02-04 18:58:22.816,2026-02-04 18:58:18.729,-4087.346,60.03451156616211,0
2026-02-04 18:58:10.000,2026-02-04 18:58:20.000,477,2026-02-04 18:58:22.833,2026-02-04 18:58:18.737,-4095.499,60.036033630371094,0
2026-02-04 18:58:10.000,2026-02-04 18:58:20.000,2423,2026-02-04 18:58:22.739,2026-02-04 18:58:18.737,-4002.163,50.02057647705078,0
2026-02-04 18:58:10.000,2026-02-04 18:58:20.000,2108,2026-02-04 18:58:22.833,2026-02-04 18:58:18.745,-4087.381,60.03500747680664,0
2026-02-04 18:58:10.000,2026-02-04 18:58:20.000,477,2026-02-04 18:58:22.850,2026-02-04 18:58:18.754,-4095.006,60.036014556884766,0
2026-02-04 18:58:10.000,2026-02-04 18:58:20.000,2423,2026-02-04 18:58:22.760,2026-02-04 18:58:18.758,-4001.003,50.02145767211914,0
2026-02-04 18:58:10.000,2026-02-04 18:58:20.000,2108,2026-02-04 18:58:22.850,2026-02-04 18:58:18.761,-4088.002,60.03520584106445,0
2026-02-04 18:58:10.000,2026-02-04 18:58:20.000,477,2026-02-04 18:58:22.866,2026-02-04 18:58:18.771,-4095.568,60.03788375854492,0
2026-02-04 18:58:10.000,2026-02-04 18:58:20.000,2423,2026-02-04 18:58:22.780,2026-02-04 18:58:18.778,-4001.399,50.023345947265625,0
2026-02-04 18:58:10.000,2026-02-04 18:58:20.000,2108,2026-02-04 18:58:22.866,2026-02-04 18:58:18.778,-4088.054,60.0418586730957,0
2026-02-04 18:58:10.000,2026-02-04 18:58:20.000,477,2026-02-04 18:58:22.883,2026-02-04 18:58:18.788,-4095.213,60.03934860229492,0
2026-02-04 18:58:10.000,2026-02-04 18:58:20.000,2108,2026-02-04 18:58:22.883,2026-02-04 18:58:18.794,-4088.699,60.04519271850586,0
2026-02-04 18:58:10.000,2026-02-04 18:58:20.000,2423,2026-02-04 18:58:22.800,2026-02-04 18:58:18.799,-4000.860,50.02336502075195,0
2026-02-04 18:58:10.000,2026-02-04 18:58:20.000,477,2026-02-04 18:58:22.899,2026-02-04 18:58:18.805,-4094.824,60.038169860839844,0
2026-02-04 18:58:10.000,2026-02-04 18:58:20.000,2108,2026-02-04 18:58:22.899,2026-02-04 18:58:18.811,-4088.278,60.03765106201172,0
2026-02-04 18:58:10.000,2026-02-04 18:58:20.000,2423,2026-02-04 18:58:22.819,2026-02-04 18:58:18.818,-4001.767,50.02115249633789,0
2026-02-04 18:58:10.000,2026-02-04 18:58:20.000,477,2026-02-04 18:58:22.916,2026-02-04 18:58:18.821,-4095.445,60.03691482543945,0
2026-02-04 18:58:10.000,2026-02-04 18:58:20.000,2108,2026-02-04 18:58:22.916,2026-02-04 18:58:18.829,-4087.369,60.033470153808594,0
2026-02-04 18:58:10.000,2026-02-04 18:58:20.000,2423,2026-02-04 18:58:22.840,2026-02-04 18:58:18.837,-4002.185,50.022342681884766,0
2026-02-04 18:58:10.000,2026-02-04 18:58:20.000,477,2026-02-04 18:58:22.933,2026-02-04 18:58:18.838,-4094.522,60.037601470947266,0
2026-02-04 18:58:10.000,2026-02-04 18:58:20.000,2108,2026-02-04 18:58:22.933,2026-02-04 18:58:18.846,-4087.332,60.03523635864258,0
2026-02-04 18:58:10.000,2026-02-04 18:58:20.000,477,2026-02-04 18:58:22.950,2026-02-04 18:58:18.863,-4086.971,60.037662506103516,0
2026-02-04 18:58:10.000,2026-02-04 18:58:20.000,2423,2026-02-04 18:58:22.860,2026-02-04 18:58:18.864,-3995.971,50.025978088378906,0
2026-02-04 18:58:10.000,2026-02-04 18:58:20.000,2108,2026-02-04 18:58:22.950,2026-02-04 18:58:18.864,-4085.963,60.03898620605469,0
2026-02-04 18:58:10.000,2026-02-04 18:58:20.000,477,2026-02-04 18:58:22.966,2026-02-04 18:58:18.871,-4095.637,60.0372314453125,0
2026-02-04 18:58:10.000,2026-02-04 18:58:20.000,2423,2026-02-04 18:58:22.880,2026-02-04 18:58:18.878,-4001.451,50.02338790893555,0
2026-02-04 18:58:10.000,2026-02-04 18:58:20.000,2108,2026-02-04 18:58:22.966,2026-02-04 18:58:18.878,-4088.123,60.04113006591797,0
2026-02-04 18:58:10.000,2026-02-04 18:58:20.000,477,2026-02-04 18:58:22.983,2026-02-04 18:58:18.889,-4094.273,60.038021087646484,0
2026-02-04 18:58:10.000,2026-02-04 18:58:20.000,2108,2026-02-04 18:58:22.983,2026-02-04 18:58:18.927,-4055.727,60.03791427612305,0
2026-02-04 18:58:10.000,2026-02-04 18:58:20.000,2423,2026-02-04 18:58:22.899,2026-02-04 18:58:18.927,-3972.383,50.01951217651367,0
2026-02-04 18:58:10.000,2026-02-04 18:58:20.000,477,2026-02-04 18:58:23.000,2026-02-04 18:58:18.928,-4071.391,60.03849792480469,0
2026-02-04 18:58:10.000,2026-02-04 18:58:20.000,2108,2026-02-04 18:58:23.000,2026-02-04 18:58:18.929,-4070.390,60.034297943115234,0
2026-02-04 18:58:10.000,2026-02-04 18:58:20.000,2423,2026-02-04 18:58:22.920,2026-02-04 18:58:18.929,-3990.390,50.02229309082031,0
2026-02-04 18:58:10.000,2026-02-04 18:58:20.000,477,2026-02-04 18:58:23.016,2026-02-04 18:58:18.929,-4087.054,60.0381965637207,0
2026-02-04 18:58:10.000,2026-02-04 18:58:20.000,2108,2026-02-04 18:58:23.016,2026-02-04 18:58:18.931,-4085.055,60.03554153442383,0
2026-02-04 18:58:10.000,2026-02-04 18:58:20.000,477,2026-02-04 18:58:23.033,2026-02-04 18:58:18.937,-4095.636,60.037925720214844,0
2026-02-04 18:58:10.000,2026-02-04 18:58:20.000,2423,2026-02-04 18:58:22.940,2026-02-04 18:58:18.938,-4001.313,50.0259895324707,0
2026-02-04 18:58:10.000,2026-02-04 18:58:20.000,2108,2026-02-04 18:58:23.033,2026-02-04 18:58:18.946,-4087.118,60.03630447387695,0
2026-02-04 18:58:10.000,2026-02-04 18:58:20.000,477,2026-02-04 18:58:23.050,2026-02-04 18:58:18.954,-4095.281,60.037200927734375,0
2026-02-04 18:58:10.000,2026-02-04 18:58:20.000,2423,2026-02-04 18:58:22.960,2026-02-04 18:58:18.957,-4002.277,50.0244140625,0
2026-02-04 18:58:10.000,2026-02-04 18:58:20.000,2108,2026-02-04 18:58:23.050,2026-02-04 18:58:18.961,-4088.277,60.035240173339844,0
2026-02-04 18:58:10.000,2026-02-04 18:58:20.000,477,2026-02-04 18:58:23.066,2026-02-04 18:58:18.971,-4095.356,60.036643981933594,0
2026-02-04 18:58:10.000,2026-02-04 18:58:20.000,2423,2026-02-04 18:58:22.979,2026-02-04 18:58:18.977,-4002.169,50.0202522277832,0
2026-02-04 18:58:10.000,2026-02-04 18:58:20.000,2108,2026-02-04 18:58:23.066,2026-02-04 18:58:18.979,-4087.286,60.03681945800781,0
2026-02-04 18:58:10.000,2026-02-04 18:58:20.000,477,2026-02-04 18:58:23.083,2026-02-04 18:58:18.987,-4095.431,60.0373420715332,0
2026-02-04 18:58:10.000,2026-02-04 18:58:20.000,2108,2026-02-04 18:58:23.083,2026-02-04 18:58:18.995,-4087.351,60.03713607788086,0
2026-02-04 18:58:10.000,2026-02-04 18:58:20.000,2423,2026-02-04 18:58:23.000,2026-02-04 18:58:18.998,-4001.688,50.01939010620117,0
2026-02-04 18:58:10.000,2026-02-04 18:58:20.000,477,2026-02-04 18:58:23.100,2026-02-04 18:58:19.004,-4095.187,60.03770065307617,0
2026-02-04 18:58:10.000,2026-02-04 18:58:20.000,2108,2026-02-04 18:58:23.100,2026-02-04 18:58:19.012,-4087.185,60.03614044189453,0
2026-02-04 18:58:10.000,2026-02-04 18:58:20.000,2423,2026-02-04 18:58:23.020,2026-02-04 18:58:19.018,-4001.673,50.02177429199219,0
2026-02-04 18:58:10.000,2026-02-04 18:58:20.000,477,2026-02-04 18:58:23.116,2026-02-04 18:58:19.021,-4095.339,60.03781509399414,0
2026-02-04 18:58:10.000,2026-02-04 18:58:20.000,2108,2026-02-04 18:58:23.116,2026-02-04 18:58:19.028,-4087.828,60.03703689575195,0
2026-02-04 18:58:10.000,2026-02-04 18:58:20.000,2423,2026-02-04 18:58:23.040,2026-02-04 18:58:19.037,-4002.007,50.02275466918945,0
2026-02-04 18:58:10.000,2026-02-04 18:58:20.000,477,2026-02-04 18:58:23.133,2026-02-04 18:58:19.037,-4095.344,60.03789138793945,0
2026-02-04 18:58:10.000,2026-02-04 18:58:20.000,2108,2026-02-04 18:58:23.133,2026-02-04 18:58:19.046,-4087.265,60.03932189941406,0
2026-02-04 18:58:10.000,2026-02-04 18:58:20.000,477,2026-02-04 18:58:23.150,2026-02-04 18:58:19.054,-4095.573,60.037620544433594,0
2026-02-04 18:58:10.000,2026-02-04 18:58:20.000,2423,2026-02-04 18:58:23.059,2026-02-04 18:58:19.058,-4001.565,50.021888732910156,0
2026-02-04 18:58:10.000,2026-02-04 18:58:20.000,2108,2026-02-04 18:58:23.150,2026-02-04 18:58:19.061,-4088.573,60.03899002075195,0
2026-02-04 18:58:10.000,2026-02-04 18:58:20.000,477,2026-02-04 18:58:23.166,2026-02-04 18:58:19.070,-4095.735,60.03757858276367,0
2026-02-04 18:58:10.000,2026-02-04 18:58:20.000,2423,2026-02-04 18:58:23.080,2026-02-04 18:58:19.078,-4001.974,50.02175521850586,0
2026-02-04 18:58:10.000,2026-02-04 18:58:20.000,2108,2026-02-04 18:58:23.166,2026-02-04 18:58:19.079,-4087.645,60.03538131713867,0
2026-02-04 18:58:10.000,2026-02-04 18:58:20.000,477,2026-02-04 18:58:23.183,2026-02-04 18:58:19.089,-4094.204,60.03745651245117,0
2026-02-04 18:58:10.000,2026-02-04 18:58:20.000,2108,2026-02-04 18:58:23.183,2026-02-04 18:58:19.096,-4087.149,60.035423278808594,0
2026-02-04 18:58:10.000,2026-02-04 18:58:20.000,2423,2026-02-04 18:58:23.100,2026-02-04 18:58:19.097,-4002.642,50.022743225097656,0
2026-02-04 18:58:10.000,2026-02-04 18:58:20.000,477,2026-02-04 18:58:23.200,2026-02-04 18:58:19.104,-4095.120,60.03702163696289,0
2026-02-04 18:58:10.000,2026-02-04 18:58:20.000,2108,2026-02-04 18:58:23.200,2026-02-04 18:58:19.112,-4087.119,60.03965759277344,0
2026-02-04 18:58:10.000,2026-02-04 18:58:20.000,2423,2026-02-04 18:58:23.120,2026-02-04 18:58:19.117,-4002.076,50.023006439208984,0
2026-02-04 18:58:10.000,2026-02-04 18:58:20.000,477,2026-02-04 18:58:23.216,2026-02-04 18:58:19.120,-4095.737,60.03688049316406,0
2026-02-04 18:58:10.000,2026-02-04 18:58:20.000,2108,2026-02-04 18:58:23.216,2026-02-04 18:58:19.128,-4087.672,60.04045104980469,0
2026-02-04 18:58:10.000,2026-02-04 18:58:20.000,2423,2026-02-04 18:58:23.139,2026-02-04 18:58:19.138,-4001.671,50.022003173828125,0
2026-02-04 18:58:10.000,2026-02-04 18:58:20.000,477,2026-02-04 18:58:23.233,2026-02-04 18:58:19.138,-4095.007,60.03675842285156,0
2026-02-04 18:58:10.000,2026-02-04 18:58:20.000,2108,2026-02-04 18:58:23.233,2026-02-04 18:58:19.145,-4087.501,60.03782653808594,0
2026-02-04 18:58:10.000,2026-02-04 18:58:20.000,477,2026-02-04 18:58:23.250,2026-02-04 18:58:19.155,-4094.942,60.03648376464844,0
2026-02-04 18:58:10.000,2026-02-04 18:58:20.000,2423,2026-02-04 18:58:23.160,2026-02-04 18:58:19.158,-4001.941,50.02168655395508,0
2026-02-04 18:58:10.000,2026-02-04 18:58:20.000,2108,2026-02-04 18:58:23.250,2026-02-04 18:58:19.162,-4087.940,60.037776947021484,0
2026-02-04 18:58:10.000,2026-02-04 18:58:20.000,477,2026-02-04 18:58:23.266,2026-02-04 18:58:19.171,-4095.449,60.03701400756836,0
2026-02-04 18:58:10.000,2026-02-04 18:58:20.000,2423,2026-02-04 18:58:23.180,2026-02-04 18:58:19.177,-4002.112,50.022525787353516,0
2026-02-04 18:58:10.000,2026-02-04 18:58:20.000,2108,2026-02-04 18:58:23.266,2026-02-04 18:58:19.178,-4087.759,60.037940979003906,0
2026-02-04 18:58:10.000,2026-02-04 18:58:20.000,477,2026-02-04 18:58:23.283,2026-02-04 18:58:19.187,-4095.347,60.036739349365234,0
2026-02-04 18:58:10.000,2026-02-04 18:58:20.000,2108,2026-02-04 18:58:23.283,2026-02-04 18:58:19.196,-4087.253,60.035255432128906,0
2026-02-04 18:58:10.000,2026-02-04 18:58:20.000,2423,2026-02-04 18:58:23.200,2026-02-04 18:58:19.197,-4002.413,50.02318572998047,0
2026-02-04 18:58:10.000,2026-02-04 18:58:20.000,477,2026-02-04 18:58:23.299,2026-02-04 18:58:19.205,-4094.897,60.035606384277344,0
2026-02-04 18:58:10.000,2026-02-04 18:58:20.000,2108,2026-02-04 18:58:23.299,2026-02-04 18:58:19.212,-4087.896,60.03129577636719,0
2026-02-04 18:58:10.000,2026-02-04 18:58:20.000,2423,2026-02-04 18:58:23.219,2026-02-04 18:58:19.218,-4001.867,50.02278137207031,0
2026-02-04 18:58:10.000,2026-02-04 18:58:20.000,477,2026-02-04 18:58:23.316,2026-02-04 18:58:19.221,-4095.547,60.036190032958984,0
2026-02-04 18:58:10.000,2026-02-04 18:58:20.000,2108,2026-02-04 18:58:23.316,2026-02-04 18:58:19.229,-4087.285,60.03131866455078,0
2026-02-04 18:58:10.000,2026-02-04 18:58:20.000,2423,2026-02-04 18:58:23.240,2026-02-04 18:58:19.237,-4002.100,50.022369384765625,0
2026-02-04 18:58:10.000,2026-02-04 18:58:20.000,477,2026-02-04 18:58:23.333,2026-02-04 18:58:19.237,-4095.437,60.03741455078125,0
2026-02-04 18:58:10.000,2026-02-04 18:58:20.000,2108,2026-02-04 18:58:23.333,2026-02-04 18:58:19.245,-4087.892,60.036930084228516,0
2026-02-04 18:58:10.000,2026-02-04 18:58:20.000,477,2026-02-04 18:58:23.350,2026-02-04 18:58:19.254,-4095.474,60.03732681274414,0
2026-02-04 18:58:10.000,2026-02-04 18:58:20.000,2423,2026-02-04 18:58:23.260,2026-02-04 18:58:19.257,-4002.482,50.022403717041016,0
2026-02-04 18:58:10.000,2026-02-04 18:58:20.000,2108,2026-02-04 18:58:23.350,2026-02-04 18:58:19.261,-4088.473,60.03935623168945,0
2026-02-04 18:58:10.000,2026-02-04 18:58:20.000,477,2026-02-04 18:58:23.366,2026-02-04 18:58:19.283,-4083.240,60.03666687011719,0
2026-02-04 18:58:10.000,2026-02-04 18:58:20.000,2423,2026-02-04 18:58:23.280,2026-02-04 18:58:19.284,-3995.560,50.02153396606445,0
2026-02-04 18:58:10.000,2026-02-04 18:58:20.000,2108,2026-02-04 18:58:23.366,2026-02-04 18:58:19.284,-4082.232,60.03617858886719,0
2026-02-04 18:58:10.000,2026-02-04 18:58:20.000,477,2026-02-04 18:58:23.383,2026-02-04 18:58:19.288,-4094.890,60.036556243896484,0
2026-02-04 18:58:10.000,2026-02-04 18:58:20.000,2108,2026-02-04 18:58:23.383,2026-02-04 18:58:19.297,-4085.872,60.034976959228516,0
2026-02-04 18:58:10.000,2026-02-04 18:58:20.000,2423,2026-02-04 18:58:23.299,2026-02-04 18:58:19.298,-4001.529,50.02055358886719,0
2026-02-04 18:58:10.000,2026-02-04 18:58:20.000,477,2026-02-04 18:58:23.400,2026-02-04 18:58:19.304,-4095.021,60.03684616088867,0
2026-02-04 18:58:10.000,2026-02-04 18:58:20.000,2108,2026-02-04 18:58:23.400,2026-02-04 18:58:19.315,-4084.506,60.03830337524414,0
2026-02-04 18:58:10.000,2026-02-04 18:58:20.000,2423,2026-02-04 18:58:23.320,2026-02-04 18:58:19.345,-3974.409,50.0222282409668,0
2026-02-04 18:58:10.000,2026-02-04 18:58:20.000,477,2026-02-04 18:58:23.416,2026-02-04 18:58:19.345,-4071.073,60.0369758605957,0
2026-02-04 18:58:10.000,2026-02-04 18:58:20.000,2108,2026-02-04 18:58:23.416,2026-02-04 18:58:19.346,-4070.073,60.03846740722656,0
2026-02-04 18:58:10.000,2026-02-04 18:58:20.000,2423,2026-02-04 18:58:23.340,2026-02-04 18:58:19.347,-3992.415,50.024147033691406,0
2026-02-04 18:58:10.000,2026-02-04 18:58:20.000,477,2026-02-04 18:58:23.433,2026-02-04 18:58:19.348,-4084.736,60.03672790527344,0
2026-02-04 18:58:10.000,2026-02-04 18:58:20.000,2108,2026-02-04 18:58:23.433,2026-02-04 18:58:19.348,-4084.736,60.03608322143555,0
2026-02-04 18:58:10.000,2026-02-04 18:58:20.000,2423,2026-02-04 18:58:23.360,2026-02-04 18:58:19.362,-3997.895,50.02214050292969,0
2026-02-04 18:58:10.000,2026-02-04 18:58:20.000,2108,2026-02-04 18:58:23.450,2026-02-04 18:58:19.362,-4087.895,60.03511428833008,0
2026-02-04 18:58:10.000,2026-02-04 18:58:20.000,2423,2026-02-04 18:58:23.379,2026-02-04 18:58:19.378,-4001.857,50.020050048828125,0
2026-02-04 18:58:10.000,2026-02-04 18:58:20.000,2108,2026-02-04 18:58:23.466,2026-02-04 18:58:19.379,-4087.529,60.03462219238281,0
2026-02-04 18:58:10.000,2026-02-04 18:58:20.000,477,2026-02-04 18:58:23.450,2026-02-04 18:58:19.382,-4067.864,60.036354064941406,0
2026-02-04 18:58:10.000,2026-02-04 18:58:20.000,477,2026-02-04 18:58:23.466,2026-02-04 18:58:19.382,-4084.528,60.03666687011719,0
2026-02-04 18:58:10.000,2026-02-04 18:58:20.000,477,2026-02-04 18:58:23.483,2026-02-04 18:58:19.388,-4095.124,60.03761672973633,0
2026-02-04 18:58:10.000,2026-02-04 18:58:20.000,2108,2026-02-04 18:58:23.483,2026-02-04 18:58:19.395,-4087.848,60.0385856628418,0
2026-02-04 18:58:10.000,2026-02-04 18:58:20.000,2423,2026-02-04 18:58:23.400,2026-02-04 18:58:19.397,-4002.009,50.020320892333984,0
2026-02-04 18:58:10.000,2026-02-04 18:58:20.000,477,2026-02-04 18:58:23.500,2026-02-04 18:58:19.404,-4095.504,60.0378303527832,0
2026-02-04 18:58:10.000,2026-02-04 18:58:20.000,2423,2026-02-04 18:58:23.420,2026-02-04 18:58:19.418,-4001.984,50.020626068115234,0
2026-02-04 18:58:10.000,2026-02-04 18:58:20.000,477,2026-02-04 18:58:23.516,2026-02-04 18:58:19.421,-4095.651,60.03740692138672,0
2026-02-04 18:58:10.000,2026-02-04 18:58:20.000,2108,2026-02-04 18:58:23.500,2026-02-04 18:58:19.431,-4068.474,60.04310989379883,0
2026-02-04 18:58:10.000,2026-02-04 18:58:20.000,2108,2026-02-04 18:58:23.516,2026-02-04 18:58:19.431,-4085.137,60.041873931884766,0
2026-02-04 18:58:10.000,2026-02-04 18:58:20.000,2423,2026-02-04 18:58:23.440,2026-02-04 18:58:19.438,-4001.947,50.021549224853516,0
2026-02-04 18:58:10.000,2026-02-04 18:58:20.000,477,2026-02-04 18:58:23.533,2026-02-04 18:58:19.438,-4095.283,60.03691482543945,0
2026-02-04 18:58:10.000,2026-02-04 18:58:20.000,2108,2026-02-04 18:58:23.533,2026-02-04 18:58:19.445,-4088.006,60.034576416015625,0
2026-02-04 18:58:10.000,2026-02-04 18:58:20.000,2423,2026-02-04 18:58:23.459,2026-02-04 18:58:19.457,-4002.151,50.02206802368164,0
2026-02-04 18:58:10.000,2026-02-04 18:58:20.000,2108,2026-02-04 18:58:23.550,2026-02-04 18:58:19.461,-4088.160,60.028934478759766,0
2026-02-04 18:58:10.000,2026-02-04 18:58:20.000,477,2026-02-04 18:58:23.550,2026-02-04 18:58:19.477,-4072.046,60.0359992980957,0
2026-02-04 18:58:10.000,2026-02-04 18:58:20.000,477,2026-02-04 18:58:23.566,2026-02-04 18:58:19.478,-4087.720,60.03609848022461,0
2026-02-04 18:58:10.000,2026-02-04 18:58:20.000,2423,2026-02-04 18:58:23.480,2026-02-04 18:58:19.478,-4001.048,50.02132797241211,0
2026-02-04 18:58:10.000,2026-02-04 18:58:20.000,2108,2026-02-04 18:58:23.566,2026-02-04 18:58:19.479,-4086.720,60.03396987915039,0
2026-02-04 18:58:10.000,2026-02-04 18:58:20.000,477,2026-02-04 18:58:23.583,2026-02-04 18:58:19.488,-4095.234,60.036746978759766,0
2026-02-04 18:58:10.000,2026-02-04 18:58:20.000,2423,2026-02-04 18:58:23.500,2026-02-04 18:58:19.497,-4002.335,50.021114349365234,0
2026-02-04 18:58:10.000,2026-02-04 18:58:20.000,477,2026-02-04 18:58:23.600,2026-02-04 18:58:19.505,-4094.813,60.036495208740234,0
2026-02-04 18:58:10.000,2026-02-04 18:58:20.000,2423,2026-02-04 18:58:23.520,2026-02-04 18:58:19.518,-4001.681,50.02045822143555,0
2026-02-04 18:58:10.000,2026-02-04 18:58:20.000,477,2026-02-04 18:58:23.616,2026-02-04 18:58:19.521,-4095.344,60.036766052246094,0
2026-02-04 18:58:10.000,2026-02-04 18:58:20.000,2108,2026-02-04 18:58:23.583,2026-02-04 18:58:19.522,-4060.508,60.038330078125,0
2026-02-04 18:58:10.000,2026-02-04 18:58:20.000,2108,2026-02-04 18:58:23.600,2026-02-04 18:58:19.522,-4077.172,60.03472900390625,0
2026-02-04 18:58:10.000,2026-02-04 18:58:20.000,2108,2026-02-04 18:58:23.616,2026-02-04 18:58:19.530,-4085.830,60.033321380615234,0
2026-02-04 18:58:10.000,2026-02-04 18:58:20.000,2423,2026-02-04 18:58:23.539,2026-02-04 18:58:19.537,-4002.642,50.019287109375,0
2026-02-04 18:58:10.000,2026-02-04 18:58:20.000,477,2026-02-04 18:58:23.633,2026-02-04 18:58:19.538,-4094.977,60.03715896606445,0
2026-02-04 18:58:10.000,2026-02-04 18:58:20.000,2108,2026-02-04 18:58:23.633,2026-02-04 18:58:19.545,-4087.467,60.03727340698242,0
2026-02-04 18:58:10.000,2026-02-04 18:58:20.000,477,2026-02-04 18:58:23.650,2026-02-04 18:58:19.555,-4094.601,60.03620147705078,0
2026-02-04 18:58:10.000,2026-02-04 18:58:20.000,2423,2026-02-04 18:58:23.560,2026-02-04 18:58:19.558,-4001.595,50.020301818847656,0
2026-02-04 18:58:10.000,2026-02-04 18:58:20.000,2108,2026-02-04 18:58:23.650,2026-02-04 18:58:19.561,-4088.595,60.038787841796875,0
2026-02-04 18:58:10.000,2026-02-04 18:58:20.000,477,2026-02-04 18:58:23.666,2026-02-04 18:58:19.572,-4094.470,60.03559112548828,0
2026-02-04 18:58:10.000,2026-02-04 18:58:20.000,2423,2026-02-04 18:58:23.580,2026-02-04 18:58:19.578,-4001.633,50.022457122802734,0
2026-02-04 18:58:10.000,2026-02-04 18:58:20.000,2108,2026-02-04 18:58:23.666,2026-02-04 18:58:19.580,-4086.234,60.037071228027344,0
2026-02-04 18:58:10.000,2026-02-04 18:58:20.000,477,2026-02-04 18:58:23.683,2026-02-04 18:58:19.587,-4095.388,60.03602981567383,0
2026-02-04 18:58:10.000,2026-02-04 18:58:20.000,2423,2026-02-04 18:58:23.600,2026-02-04 18:58:19.597,-4002.453,50.02244567871094,0
2026-02-04 18:58:10.000,2026-02-04 18:58:20.000,2108,2026-02-04 18:58:23.683,2026-02-04 18:58:19.601,-4081.781,60.03513717651367,0
2026-02-04 18:58:10.000,2026-02-04 18:58:20.000,477,2026-02-04 18:58:23.699,2026-02-04 18:58:19.604,-4095.937,60.0359001159668,0
2026-02-04 18:58:10.000,2026-02-04 18:58:20.000,2108,2026-02-04 18:58:23.699,2026-02-04 18:58:19.614,-4085.451,60.034210205078125,0
2026-02-04 18:58:10.000,2026-02-04 18:58:20.000,2423,2026-02-04 18:58:23.619,2026-02-04 18:58:19.617,-4002.452,50.021183013916016,0
2026-02-04 18:58:10.000,2026-02-04 18:58:20.000,477,2026-02-04 18:58:23.716,2026-02-04 18:58:19.621,-4095.133,60.03668975830078,0
2026-02-04 18:58:10.000,2026-02-04 18:58:20.000,2108,2026-02-04 18:58:23.716,2026-02-04 18:58:19.635,-4081.556,60.03794860839844,0
2026-02-04 18:58:10.000,2026-02-04 18:58:20.000,2423,2026-02-04 18:58:23.640,2026-02-04 18:58:19.638,-4001.883,50.021209716796875,0
2026-02-04 18:58:10.000,2026-02-04 18:58:20.000,477,2026-02-04 18:58:23.733,2026-02-04 18:58:19.638,-4095.219,60.037715911865234,0
2026-02-04 18:58:10.000,2026-02-04 18:58:20.000,2108,2026-02-04 18:58:23.733,2026-02-04 18:58:19.645,-4088.138,60.042118072509766,0
2026-02-04 18:58:10.000,2026-02-04 18:58:20.000,477,2026-02-04 18:58:23.750,2026-02-04 18:58:19.654,-4095.540,60.037391662597656,0
2026-02-04 18:58:10.000,2026-02-04 18:58:20.000,2423,2026-02-04 18:58:23.660,2026-02-04 18:58:19.658,-4001.551,50.022056579589844,0
2026-02-04 18:58:10.000,2026-02-04 18:58:20.000,2108,2026-02-04 18:58:23.750,2026-02-04 18:58:19.661,-4088.543,60.04141616821289,0
2026-02-04 18:58:10.000,2026-02-04 18:58:20.000,477,2026-02-04 18:58:23.766,2026-02-04 18:58:19.670,-4095.704,60.0367546081543,0
2026-02-04 18:58:10.000,2026-02-04 18:58:20.000,2423,2026-02-04 18:58:23.680,2026-02-04 18:58:19.678,-4001.726,50.02161407470703,0
2026-02-04 18:58:10.000,2026-02-04 18:58:20.000,2108,2026-02-04 18:58:23.766,2026-02-04 18:58:19.679,-4087.396,60.03652572631836,0
2026-02-04 18:58:10.000,2026-02-04 18:58:20.000,477,2026-02-04 18:58:23.783,2026-02-04 18:58:19.687,-4095.552,60.03591537475586,0
2026-02-04 18:58:10.000,2026-02-04 18:58:20.000,2108,2026-02-04 18:58:23.783,2026-02-04 18:58:19.695,-4088.043,60.03287124633789,0
2026-02-04 18:58:10.000,2026-02-04 18:58:20.000,2423,2026-02-04 18:58:23.699,2026-02-04 18:58:19.697,-4002.189,50.01990509033203,0
2026-02-04 18:58:10.000,2026-02-04 18:58:20.000,477,2026-02-04 18:58:23.800,2026-02-04 18:58:19.704,-4095.061,60.03525924682617,0
2026-02-04 18:58:10.000,2026-02-04 18:58:20.000,2108,2026-02-04 18:58:23.800,2026-02-04 18:58:19.711,-4088.061,60.032867431640625,0
2026-02-04 18:58:10.000,2026-02-04 18:58:20.000,2423,2026-02-04 18:58:23.720,2026-02-04 18:58:19.718,-4001.734,50.01968002319336,0
2026-02-04 18:58:10.000,2026-02-04 18:58:20.000,477,2026-02-04 18:58:23.816,2026-02-04 18:58:19.721,-4095.397,60.03581237792969,0
2026-02-04 18:58:10.000,2026-02-04 18:58:20.000,2108,2026-02-04 18:58:23.816,2026-02-04 18:58:19.728,-4087.888,60.033668518066406,0
2026-02-04 18:58:10.000,2026-02-04 18:58:20.000,477,2026-02-04 18:58:23.833,2026-02-04 18:58:19.737,-4095.448,60.03670120239258,0
2026-02-04 18:58:10.000,2026-02-04 18:58:20.000,2423,2026-02-04 18:58:23.740,2026-02-04 18:58:19.738,-4001.128,50.02206039428711,0
2026-02-04 18:58:10.000,2026-02-04 18:58:20.000,2108,2026-02-04 18:58:23.833,2026-02-04 18:58:19.745,-4087.330,60.03657531738281,0
2026-02-04 18:58:10.000,2026-02-04 18:58:20.000,477,2026-02-04 18:58:23.850,2026-02-04 18:58:19.754,-4095.567,60.036563873291016,0
2026-02-04 18:58:10.000,2026-02-04 18:58:20.000,2423,2026-02-04 18:58:23.760,2026-02-04 18:58:19.758,-4001.567,50.02305603027344,0
2026-02-04 18:58:10.000,2026-02-04 18:58:20.000,2108,2026-02-04 18:58:23.850,2026-02-04 18:58:19.762,-4087.063,60.03850555419922,0
2026-02-04 18:58:10.000,2026-02-04 18:58:20.000,477,2026-02-04 18:58:23.866,2026-02-04 18:58:19.771,-4094.720,60.03593063354492,0
2026-02-04 18:58:10.000,2026-02-04 18:58:20.000,2423,2026-02-04 18:58:23.779,2026-02-04 18:58:19.778,-4001.967,50.0196647644043,0
2026-02-04 18:58:10.000,2026-02-04 18:58:20.000,2108,2026-02-04 18:58:23.866,2026-02-04 18:58:19.780,-4086.638,60.03717803955078,0
2026-02-04 18:58:10.000,2026-02-04 18:58:20.000,477,2026-02-04 18:58:23.883,2026-02-04 18:58:19.788,-4095.226,60.03516387939453,0
2026-02-04 18:58:10.000,2026-02-04 18:58:20.000,2108,2026-02-04 18:58:23.883,2026-02-04 18:58:19.795,-4087.844,60.037288665771484,0
2026-02-04 18:58:10.000,2026-02-04 18:58:20.000,2423,2026-02-04 18:58:23.800,2026-02-04 18:58:19.797,-4002.004,50.01700210571289,0
2026-02-04 18:58:10.000,2026-02-04 18:58:20.000,477,2026-02-04 18:58:23.900,2026-02-04 18:58:19.804,-4095.589,60.034854888916016,0
2026-02-04 18:58:10.000,2026-02-04 18:58:20.000,2108,2026-02-04 18:58:23.900,2026-02-04 18:58:19.811,-4088.589,60.03897476196289,0
2026-02-04 18:58:10.000,2026-02-04 18:58:20.000,2423,2026-02-04 18:58:23.820,2026-02-04 18:58:19.817,-4002.079,50.01921081542969,0
2026-02-04 18:58:10.000,2026-02-04 18:58:20.000,477,2026-02-04 18:58:23.916,2026-02-04 18:58:19.821,-4094.742,60.035614013671875,0
2026-02-04 18:58:10.000,2026-02-04 18:58:20.000,2108,2026-02-04 18:58:23.916,2026-02-04 18:58:19.828,-4087.675,60.038211822509766,0
2026-02-04 18:58:10.000,2026-02-04 18:58:20.000,2423,2026-02-04 18:58:23.840,2026-02-04 18:58:19.838,-4001.946,50.02143859863281,0
2026-02-04 18:58:10.000,2026-02-04 18:58:20.000,477,2026-02-04 18:58:23.933,2026-02-04 18:58:19.838,-4095.283,60.036354064941406,0
2026-02-04 18:58:10.000,2026-02-04 18:58:20.000,2108,2026-02-04 18:58:23.933,2026-02-04 18:58:19.845,-4087.774,60.035499572753906,0
2026-02-04 18:58:10.000,2026-02-04 18:58:20.000,477,2026-02-04 18:58:23.950,2026-02-04 18:58:19.855,-4094.927,60.03682327270508,0
2026-02-04 18:58:10.000,2026-02-04 18:58:20.000,2423,2026-02-04 18:58:23.859,2026-02-04 18:58:19.858,-4001.918,50.02029800415039,0
2026-02-04 18:58:10.000,2026-02-04 18:58:20.000,2108,2026-02-04 18:58:23.950,2026-02-04 18:58:19.862,-4087.926,60.03361511230469,0
2026-02-04 18:58:10.000,2026-02-04 18:58:20.000,477,2026-02-04 18:58:23.966,2026-02-04 18:58:19.871,-4095.387,60.03714370727539,0
2026-02-04 18:58:10.000,2026-02-04 18:58:20.000,2423,2026-02-04 18:58:23.880,2026-02-04 18:58:19.877,-4002.083,50.01958084106445,0
2026-02-04 18:58:10.000,2026-02-04 18:58:20.000,2108,2026-02-04 18:58:23.966,2026-02-04 18:58:19.878,-4087.754,60.03633499145508,0
2026-02-04 18:58:10.000,2026-02-04 18:58:20.000,477,2026-02-04 18:58:23.983,2026-02-04 18:58:19.888,-4095.330,60.03716278076172,0
2026-02-04 18:58:10.000,2026-02-04 18:58:20.000,2108,2026-02-04 18:58:23.983,2026-02-04 18:58:19.896,-4087.280,60.04032897949219,0
2026-02-04 18:58:10.000,2026-02-04 18:58:20.000,2423,2026-02-04 18:58:23.900,2026-02-04 18:58:19.898,-4001.903,50.020790100097656,0
2026-02-04 18:58:10.000,2026-02-04 18:58:20.000,477,2026-02-04 18:58:24.000,2026-02-04 18:58:19.904,-4095.464,60.03695297241211,0
2026-02-04 18:58:10.000,2026-02-04 18:58:20.000,2108,2026-02-04 18:58:24.000,2026-02-04 18:58:19.911,-4088.465,60.036521911621094,0
2026-02-04 18:58:10.000,2026-02-04 18:58:20.000,2423,2026-02-04 18:58:23.920,2026-02-04 18:58:19.918,-4001.951,50.02061462402344,0
2026-02-04 18:58:10.000,2026-02-04 18:58:20.000,477,2026-02-04 18:58:24.016,2026-02-04 18:58:19.922,-4094.615,60.03628921508789,0
2026-02-04 18:58:10.000,2026-02-04 18:58:20.000,2108,2026-02-04 18:58:24.016,2026-02-04 18:58:19.928,-4088.107,60.03303527832031,0
2026-02-04 18:58:10.000,2026-02-04 18:58:20.000,477,2026-02-04 18:58:24.033,2026-02-04 18:58:19.938,-4094.739,60.035587310791016,0
2026-02-04 18:58:10.000,2026-02-04 18:58:20.000,2423,2026-02-04 18:58:23.939,2026-02-04 18:58:19.938,-4001.403,50.0190315246582,0
2026-02-04 18:58:10.000,2026-02-04 18:58:20.000,2108,2026-02-04 18:58:24.033,2026-02-04 18:58:19.946,-4087.225,60.035274505615234,0
2026-02-04 18:58:10.000,2026-02-04 18:58:20.000,477,2026-02-04 18:58:24.050,2026-02-04 18:58:19.955,-4094.869,60.035545349121094,0
2026-02-04 18:58:10.000,2026-02-04 18:58:20.000,2423,2026-02-04 18:58:23.960,2026-02-04 18:58:19.958,-4001.873,50.01900100708008,0
2026-02-04 18:58:10.000,2026-02-04 18:58:20.000,2108,2026-02-04 18:58:24.050,2026-02-04 18:58:19.962,-4087.871,60.036163330078125,0
2026-02-04 18:58:10.000,2026-02-04 18:58:20.000,477,2026-02-04 18:58:24.066,2026-02-04 18:58:19.971,-4095.394,60.03602600097656,0
2026-02-04 18:58:10.000,2026-02-04 18:58:20.000,2423,2026-02-04 18:58:23.980,2026-02-04 18:58:19.977,-4002.228,50.02130126953125,0
2026-02-04 18:58:10.000,2026-02-04 18:58:20.000,2108,2026-02-04 18:58:24.066,2026-02-04 18:58:19.978,-4087.883,60.03581619262695,0
2026-02-04 18:58:10.000,2026-02-04 18:58:20.000,477,2026-02-04 18:58:24.083,2026-02-04 18:58:19.987,-4095.453,60.036441802978516,0
2026-02-04 18:58:10.000,2026-02-04 18:58:20.000,2108,2026-02-04 18:58:24.083,2026-02-04 18:58:19.996,-4087.237,60.03557586669922,0
2026-02-04 18:58:10.000,2026-02-04 18:58:20.000,2423,2026-02-04 18:58:24.000,2026-02-04 18:58:19.998,-4001.868,50.02256774902344,0
