window_start_utc,window_end_utc,ppa,utc_measurement,utc_arrival,delta_ms,value,flags
2026-02-04 18:58:00.000,2026-02-04 18:58:10.000,477,2026-02-04 18:58:04.099,2026-02-04 18:58:00.005,-4094.796,59.999107360839844,0
2026-02-04 18:58:00.000,2026-02-04 18:58:10.000,2108,2026-02-04 18:58:04.099,2026-02-04 18:58:00.043,-4056.418,59.9986686706543,0
2026-02-04 18:58:00.000,2026-02-04 18:58:10.000,2423,2026-02-04 18:58:04.019,2026-02-04 18:58:00.044,-3975.883,50.021690368652344,0
2026-02-04 18:58:00.000,2026-02-04 18:58:10.000,477,2026-02-04 18:58:04.116,2026-02-04 18:58:00.044,-4072.562,59.99869918823242,0
2026-02-04 18:58:00.000,2026-02-04 18:58:10.000,2108,2026-02-04 18:58:04.116,2026-02-04 18:58:00.044,-4072.034,60.000389099121094,0
2026-02-04 18:58:00.000,2026-02-04 18:58:10.000,477,2026-02-04 18:58:04.133,2026-02-04 18:58:00.045,-4088.157,59.99825668334961,0
2026-02-04 18:58:00.000,2026-02-04 18:58:10.000,2423,2026-02-04 18:58:04.040,2026-02-04 18:58:00.045,-3994.291,50.02190017700195,0
2026-02-04 18:58:00.000,2026-02-04 18:58:10.000,2108,2026-02-04 18:58:04.133,2026-02-04 18:58:00.045,-4087.627,60.00004196166992,0
2026-02-04 18:58:00.000,2026-02-04 18:58:10.000,477,2026-02-04 18:58:04.150,2026-02-04 18:58:00.060,-4089.977,59.99888610839844,0
2026-02-04 18:58:00.000,2026-02-04 18:58:10.000,2423,2026-02-04 18:58:04.060,2026-02-04 18:58:00.060,-3999.394,50.02231216430664,0
2026-02-04 18:58:00.000,2026-02-04 18:58:10.000,2108,2026-02-04 18:58:04.150,2026-02-04 18:58:00.062,-4087.254,59.996429443359375,0
2026-02-04 18:58:00.000,2026-02-04 18:58:10.000,477,2026-02-04 18:58:04.166,2026-02-04 18:58:00.076,-4089.966,59.99925994873047,0
2026-02-04 18:58:00.000,2026-02-04 18:58:10.000,2423,2026-02-04 18:58:04.080,2026-02-04 18:58:00.078,-4001.682,50.02301788330078,0
2026-02-04 18:58:00.000,2026-02-04 18:58:10.000,2108,2026-02-04 18:58:04.166,2026-02-04 18:58:00.079,-4087.297,59.99591064453125,0
2026-02-04 18:58:00.000,2026-02-04 18:58:10.000,477,2026-02-04 18:58:04.183,2026-02-04 18:58:00.088,-4094.870,59.99880599975586,0
2026-02-04 18:58:00.000,2026-02-04 18:58:10.000,2108,2026-02-04 18:58:04.183,2026-02-04 18:58:00.096,-4087.284,60.0004997253418,0
2026-02-04 18:58:00.000,2026-02-04 18:58:10.000,2423,2026-02-04 18:58:04.099,2026-02-04 18:58:00.098,-4001.930,50.021968841552734,0
2026-02-04 18:58:00.000,2026-02-04 18:58:10.000,477,2026-02-04 18:58:04.200,2026-02-04 18:58:00.104,-4095.429,59.998661041259766,0
2026-02-04 18:58:00.000,2026-02-04 18:58:10.000,2108,2026-02-04 18:58:04.200,2026-02-04 18:58:00.112,-4087.847,60.00021743774414,0
2026-02-04 18:58:00.000,2026-02-04 18:58:10.000,2423,2026-02-04 18:58:04.120,2026-02-04 18:58:00.118,-4001.451,50.020103454589844,0
2026-02-04 18:58:00.000,2026-02-04 18:58:10.000,477,2026-02-04 18:58:04.216,2026-02-04 18:58:00.121,-4095.117,59.99864196777344,0
2026-02-04 18:58:00.000,2026-02-04 18:58:10.000,2108,2026-02-04 18:58:04.216,2026-02-04 18:58:00.130,-4086.507,59.997894287109375,0
2026-02-04 18:58:00.000,2026-02-04 18:58:10.000,2423,2026-02-04 18:58:04.140,2026-02-04 18:58:00.138,-4001.719,50.0207633972168,0
2026-02-04 18:58:00.000,2026-02-04 18:58:10.000,477,2026-02-04 18:58:04.233,2026-02-04 18:58:00.138,-4095.040,59.998634338378906,0
2026-02-04 18:58:00.000,2026-02-04 18:58:10.000,2108,2026-02-04 18:58:04.233,2026-02-04 18:58:00.145,-4087.947,59.99785232543945,0
2026-02-04 18:58:00.000,2026-02-04 18:58:10.000,477,2026-02-04 18:58:04.250,2026-02-04 18:58:00.154,-4095.435,59.999298095703125,0
2026-02-04 18:58:00.000,2026-02-04 18:58:10.000,2423,2026-02-04 18:58:04.160,2026-02-04 18:58:00.158,-4001.435,50.022701263427734,0
2026-02-04 18:58:00.000,2026-02-04 18:58:10.000,2108,2026-02-04 18:58:04.250,2026-02-04 18:58:00.161,-4088.433,59.99778747558594,0
2026-02-04 18:58:00.000,2026-02-04 18:58:10.000,477,2026-02-04 18:58:04.266,2026-02-04 18:58:00.171,-4095.584,59.99943161010742,0
2026-02-04 18:58:00.000,2026-02-04 18:58:10.000,2423,2026-02-04 18:58:04.179,2026-02-04 18:58:00.179,-4000.142,50.022403717041016,0
2026-02-04 18:58:00.000,2026-02-04 18:58:10.000,2108,2026-02-04 18:58:04.266,2026-02-04 18:58:00.180,-4085.814,60.000389099121094,0
2026-02-04 18:58:00.000,2026-02-04 18:58:10.000,477,2026-02-04 18:58:04.283,2026-02-04 18:58:00.188,-4094.965,59.99898147583008,0
2026-02-04 18:58:00.000,2026-02-04 18:58:10.000,2108,2026-02-04 18:58:04.283,2026-02-04 18:58:00.196,-4086.928,60.00323486328125,0
2026-02-04 18:58:00.000,2026-02-04 18:58:10.000,2423,2026-02-04 18:58:04.200,2026-02-04 18:58:00.198,-4001.598,50.02076721191406,0
2026-02-04 18:58:00.000,2026-02-04 18:58:10.000,477,2026-02-04 18:58:04.300,2026-02-04 18:58:00.204,-4095.097,59.99913787841797,0
2026-02-04 18:58:00.000,2026-02-04 18:58:10.000,2108,2026-02-04 18:58:04.300,2026-02-04 18:58:00.211,-4088.100,59.9986457824707,0
2026-02-04 18:58:00.000,2026-02-04 18:58:10.000,2423,2026-02-04 18:58:04.220,2026-02-04 18:58:00.218,-4001.584,50.02158737182617,0
2026-02-04 18:58:00.000,2026-02-04 18:58:10.000,477,2026-02-04 18:58:04.316,2026-02-04 18:58:00.233,-4083.222,59.99916458129883,0
2026-02-04 18:58:00.000,2026-02-04 18:58:10.000,2108,2026-02-04 18:58:04.316,2026-02-04 18:58:00.233,-4082.715,59.994415283203125,0
2026-02-04 18:58:00.000,2026-02-04 18:58:10.000,2423,2026-02-04 18:58:04.240,2026-02-04 18:58:00.237,-4002.429,50.02286911010742,0
2026-02-04 18:58:00.000,2026-02-04 18:58:10.000,477,2026-02-04 18:58:04.333,2026-02-04 18:58:00.238,-4094.763,59.99850845336914,0
2026-02-04 18:58:00.000,2026-02-04 18:58:10.000,2108,2026-02-04 18:58:04.333,2026-02-04 18:58:00.246,-4087.242,59.99834060668945,0
2026-02-04 18:58:00.000,2026-02-04 18:58:10.000,477,2026-02-04 18:58:04.350,2026-02-04 18:58:00.255,-4094.876,59.99789810180664,0
2026-02-04 18:58:00.000,2026-02-04 18:58:10.000,2423,2026-02-04 18:58:04.259,2026-02-04 18:58:00.258,-4001.867,50.02117156982422,0
2026-02-04 18:58:00.000,2026-02-04 18:58:10.000,2108,2026-02-04 18:58:04.350,2026-02-04 18:58:00.262,-4087.874,60.00089645385742,0
2026-02-04 18:58:00.000,2026-02-04 18:58:10.000,477,2026-02-04 18:58:04.366,2026-02-04 18:58:00.282,-4084.520,59.99809265136719,0
2026-02-04 18:58:00.000,2026-02-04 18:58:10.000,2423,2026-02-04 18:58:04.280,2026-02-04 18:58:00.284,-3995.332,50.019500732421875,0
2026-02-04 18:58:00.000,2026-02-04 18:58:10.000,2108,2026-02-04 18:58:04.366,2026-02-04 18:58:00.284,-4082.004,59.99888229370117,0
2026-02-04 18:58:00.000,2026-02-04 18:58:10.000,477,2026-02-04 18:58:04.383,2026-02-04 18:58:00.287,-4095.669,59.99892807006836,0
2026-02-04 18:58:00.000,2026-02-04 18:58:10.000,2108,2026-02-04 18:58:04.383,2026-02-04 18:58:00.295,-4087.936,59.99700927734375,0
2026-02-04 18:58:00.000,2026-02-04 18:58:10.000,2423,2026-02-04 18:58:04.300,2026-02-04 18:58:00.298,-4001.062,50.02161407470703,0
2026-02-04 18:58:00.000,2026-02-04 18:58:10.000,477,2026-02-04 18:58:04.400,2026-02-04 18:58:00.304,-4095.542,59.99952697753906,0
2026-02-04 18:58:00.000,2026-02-04 18:58:10.000,2108,2026-02-04 18:58:04.400,2026-02-04 18:58:00.312,-4087.534,59.99551010131836,0
2026-02-04 18:58:00.000,2026-02-04 18:58:10.000,2423,2026-02-04 18:58:04.320,2026-02-04 18:58:00.318,-4001.906,50.024871826171875,0
2026-02-04 18:58:00.000,2026-02-04 18:58:10.000,477,2026-02-04 18:58:04.416,2026-02-04 18:58:00.322,-4094.571,59.9992790222168,0
2026-02-04 18:58:00.000,2026-02-04 18:58:10.000,2108,2026-02-04 18:58:04.416,2026-02-04 18:58:00.328,-4087.969,59.99851608276367,0
2026-02-04 18:58:00.000,2026-02-04 18:58:10.000,477,2026-02-04 18:58:04.433,2026-02-04 18:58:00.338,-4095.044,59.999176025390625,0
2026-02-04 18:58:00.000,2026-02-04 18:58:10.000,2423,2026-02-04 18:58:04.339,2026-02-04 18:58:00.338,-4001.708,50.02366256713867,0
2026-02-04 18:58:00.000,2026-02-04 18:58:10.000,2108,2026-02-04 18:58:04.433,2026-02-04 18:58:00.345,-4087.536,60.00169372558594,0
2026-02-04 18:58:00.000,2026-02-04 18:58:10.000,477,2026-02-04 18:58:04.450,2026-02-04 18:58:00.355,-4094.696,59.99898147583008,0
2026-02-04 18:58:00.000,2026-02-04 18:58:10.000,2423,2026-02-04 18:58:04.360,2026-02-04 18:58:00.358,-4001.696,50.02060317993164,0
2026-02-04 18:58:00.000,2026-02-04 18:58:10.000,2108,2026-02-04 18:58:04.450,2026-02-04 18:58:00.362,-4087.696,59.997467041015625,0
2026-02-04 18:58:00.000,2026-02-04 18:58:10.000,477,2026-02-04 18:58:04.466,2026-02-04 18:58:00.371,-4094.841,59.99863815307617,0
2026-02-04 18:58:00.000,2026-02-04 18:58:10.000,2423,2026-02-04 18:58:04.380,2026-02-04 18:58:00.378,-4001.668,50.02155685424805,0
2026-02-04 18:58:00.000,2026-02-04 18:58:10.000,2108,2026-02-04 18:58:04.466,2026-02-04 18:58:00.379,-4087.325,59.99452590942383,0
2026-02-04 18:58:00.000,2026-02-04 18:58:10.000,477,2026-02-04 18:58:04.483,2026-02-04 18:58:00.388,-4094.897,59.9991569519043,0
2026-02-04 18:58:00.000,2026-02-04 18:58:10.000,2108,2026-02-04 18:58:04.483,2026-02-04 18:58:00.395,-4087.858,59.9986686706543,0
2026-02-04 18:58:00.000,2026-02-04 18:58:10.000,2423,2026-02-04 18:58:04.400,2026-02-04 18:58:00.397,-4002.525,50.02341079711914,0
2026-02-04 18:58:00.000,2026-02-04 18:58:10.000,477,2026-02-04 18:58:04.499,2026-02-04 18:58:00.404,-4095.292,59.999794006347656,0
2026-02-04 18:58:00.000,2026-02-04 18:58:10.000,2108,2026-02-04 18:58:04.499,2026-02-04 18:58:00.411,-4088.292,60.00129318237305,0
2026-02-04 18:58:00.000,2026-02-04 18:58:10.000,2423,2026-02-04 18:58:04.419,2026-02-04 18:58:00.418,-4001.779,50.021949768066406,0
2026-02-04 18:58:00.000,2026-02-04 18:58:10.000,477,2026-02-04 18:58:04.516,2026-02-04 18:58:00.421,-4095.457,59.99972152709961,0
2026-02-04 18:58:00.000,2026-02-04 18:58:10.000,2108,2026-02-04 18:58:04.516,2026-02-04 18:58:00.429,-4087.139,60.000606536865234,0
2026-02-04 18:58:00.000,2026-02-04 18:58:10.000,477,2026-02-04 18:58:04.533,2026-02-04 18:58:00.438,-4095.290,59.99958419799805,0
2026-02-04 18:58:00.000,2026-02-04 18:58:10.000,2423,2026-02-04 18:58:04.440,2026-02-04 18:58:00.438,-4001.954,50.01996612548828,0
2026-02-04 18:58:00.000,2026-02-04 18:58:10.000,2108,2026-02-04 18:58:04.533,2026-02-04 18:58:00.446,-4087.206,59.99949264526367,0
2026-02-04 18:58:00.000,2026-02-04 18:58:10.000,477,2026-02-04 18:58:04.550,2026-02-04 18:58:00.455,-4094.779,59.99946594238281,0
2026-02-04 18:58:00.000,2026-02-04 18:58:10.000,2423,2026-02-04 18:58:04.460,2026-02-04 18:58:00.458,-4001.786,50.02031707763672,0
2026-02-04 18:58:00.000,2026-02-04 18:58:10.000,2108,2026-02-04 18:58:04.550,2026-02-04 18:58:00.462,-4087.779,59.997222900390625,0
2026-02-04 18:58:00.000,2026-02-04 18:58:10.000,477,2026-02-04 18:58:04.566,2026-02-04 18:58:00.472,-4094.352,59.99836349487305,0
2026-02-04 18:58:00.000,2026-02-04 18:58:10.000,2423,2026-02-04 18:58:04.480,2026-02-04 18:58:00.478,-4001.621,50.02091979980469,0
2026-02-04 18:58:00.000,2026-02-04 18:58:10.000,2108,2026-02-04 18:58:04.566,2026-02-04 18:58:00.479,-4087.292,59.996986389160156,0
2026-02-04 18:58:00.000,2026-02-04 18:58:10.000,477,2026-02-04 18:58:04.583,2026-02-04 18:58:00.488,-4094.865,59.99789047241211,0
2026-02-04 18:58:00.000,2026-02-04 18:58:10.000,2108,2026-02-04 18:58:04.583,2026-02-04 18:58:00.495,-4087.880,59.99979019165039,0
2026-02-04 18:58:00.000,2026-02-04 18:58:10.000,2423,2026-02-04 18:58:04.499,2026-02-04 18:58:00.497,-4002.529,50.02125549316406,0
2026-02-04 18:58:00.000,2026-02-04 18:58:10.000,477,2026-02-04 18:58:04.600,2026-02-04 18:58:00.504,-4095.027,59.998870849609375,0
2026-02-04 18:58:00.000,2026-02-04 18:58:10.000,2108,2026-02-04 18:58:04.600,2026-02-04 18:58:00.513,-4086.514,59.99979019165039,0
2026-02-04 18:58:00.000,2026-02-04 18:58:10.000,2423,2026-02-04 18:58:04.520,2026-02-04 18:58:00.518,-4001.507,50.02255630493164,0
2026-02-04 18:58:00.000,2026-02-04 18:58:10.000,477,2026-02-04 18:58:04.616,2026-02-04 18:58:00.521,-4095.171,59.99888610839844,0
2026-02-04 18:58:00.000,2026-02-04 18:58:10.000,2108,2026-02-04 18:58:04.616,2026-02-04 18:58:00.528,-4087.869,59.99527359008789,0
2026-02-04 18:58:00.000,2026-02-04 18:58:10.000,2423,2026-02-04 18:58:04.540,2026-02-04 18:58:00.538,-4001.698,50.022674560546875,0
2026-02-04 18:58:00.000,2026-02-04 18:58:10.000,477,2026-02-04 18:58:04.633,2026-02-04 18:58:00.538,-4095.018,59.99829864501953,0
2026-02-04 18:58:00.000,2026-02-04 18:58:10.000,2108,2026-02-04 18:58:04.633,2026-02-04 18:58:00.548,-4084.988,59.99781799316406,0
2026-02-04 18:58:00.000,2026-02-04 18:58:10.000,477,2026-02-04 18:58:04.650,2026-02-04 18:58:00.554,-4095.496,59.99872589111328,0
2026-02-04 18:58:00.000,2026-02-04 18:58:10.000,2423,2026-02-04 18:58:04.560,2026-02-04 18:58:00.559,-4000.942,50.021324157714844,0
2026-02-04 18:58:00.000,2026-02-04 18:58:10.000,2108,2026-02-04 18:58:04.650,2026-02-04 18:58:00.562,-4087.941,60.004112243652344,0
2026-02-04 18:58:00.000,2026-02-04 18:58:10.000,477,2026-02-04 18:58:04.666,2026-02-04 18:58:00.571,-4095.091,59.99885177612305,0
2026-02-04 18:58:00.000,2026-02-04 18:58:10.000,2423,2026-02-04 18:58:04.579,2026-02-04 18:58:00.577,-4002.382,50.01957321166992,0
2026-02-04 18:58:00.000,2026-02-04 18:58:10.000,2108,2026-02-04 18:58:04.666,2026-02-04 18:58:00.579,-4087.053,60.002227783203125,0
2026-02-04 18:58:00.000,2026-02-04 18:58:10.000,477,2026-02-04 18:58:04.683,2026-02-04 18:58:00.588,-4094.644,59.99897384643555,0
2026-02-04 18:58:00.000,2026-02-04 18:58:10.000,2108,2026-02-04 18:58:04.683,2026-02-04 18:58:00.595,-4087.742,59.997318267822266,0
2026-02-04 18:58:00.000,2026-02-04 18:58:10.000,2423,2026-02-04 18:58:04.600,2026-02-04 18:58:00.598,-4001.414,50.0194091796875,0
2026-02-04 18:58:00.000,2026-02-04 18:58:10.000,477,2026-02-04 18:58:04.700,2026-02-04 18:58:00.605,-4094.900,59.99932861328125,0
2026-02-04 18:58:00.000,2026-02-04 18:58:10.000,2108,2026-02-04 18:58:04.700,2026-02-04 18:58:00.612,-4087.902,59.995609283447266,0
2026-02-04 18:58:00.000,2026-02-04 18:58:10.000,2423,2026-02-04 18:58:04.620,2026-02-04 18:58:00.618,-4001.559,50.02161407470703,0
2026-02-04 18:58:00.000,2026-02-04 18:58:10.000,477,2026-02-04 18:58:04.716,2026-02-04 18:58:00.621,-4095.222,59.99872970581055,0
2026-02-04 18:58:00.000,2026-02-04 18:58:10.000,2108,2026-02-04 18:58:04.716,2026-02-04 18:58:00.629,-4087.162,59.997215270996094,0
2026-02-04 18:58:00.000,2026-02-04 18:58:10.000,2423,2026-02-04 18:58:04.640,2026-02-04 18:58:00.638,-4001.412,50.0225944519043,0
2026-02-04 18:58:00.000,2026-02-04 18:58:10.000,477,2026-02-04 18:58:04.733,2026-02-04 18:58:00.638,-4094.748,59.99904251098633,0
2026-02-04 18:58:00.000,2026-02-04 18:58:10.000,2108,2026-02-04 18:58:04.733,2026-02-04 18:58:00.646,-4087.239,60.0,0
2026-02-04 18:58:00.000,2026-02-04 18:58:10.000,477,2026-02-04 18:58:04.750,2026-02-04 18:58:00.654,-4095.578,60.000518798828125,0
2026-02-04 18:58:00.000,2026-02-04 18:58:10.000,2423,2026-02-04 18:58:04.659,2026-02-04 18:58:00.658,-4001.569,50.021610260009766,0
2026-02-04 18:58:00.000,2026-02-04 18:58:10.000,2108,2026-02-04 18:58:04.750,2026-02-04 18:58:00.663,-4086.577,60.0003776550293,0
2026-02-04 18:58:00.000,2026-02-04 18:58:10.000,477,2026-02-04 18:58:04.766,2026-02-04 18:58:00.671,-4094.829,60.000396728515625,0
2026-02-04 18:58:00.000,2026-02-04 18:58:10.000,2423,2026-02-04 18:58:04.680,2026-02-04 18:58:00.678,-4001.645,50.02152633666992,0
2026-02-04 18:58:00.000,2026-02-04 18:58:10.000,2108,2026-02-04 18:58:04.766,2026-02-04 18:58:00.680,-4086.318,59.99625015258789,0
2026-02-04 18:58:00.000,2026-02-04 18:58:10.000,477,2026-02-04 18:58:04.783,2026-02-04 18:58:00.687,-4095.793,59.99925231933594,0
2026-02-04 18:58:00.000,2026-02-04 18:58:10.000,2108,2026-02-04 18:58:04.783,2026-02-04 18:58:00.696,-4086.725,59.99494552612305,0
2026-02-04 18:58:00.000,2026-02-04 18:58:10.000,2423,2026-02-04 18:58:04.700,2026-02-04 18:58:00.697,-4002.395,50.02263259887695,0
2026-02-04 18:58:00.000,2026-02-04 18:58:10.000,477,2026-02-04 18:58:04.800,2026-02-04 18:58:00.705,-4094.878,59.998687744140625,0
2026-02-04 18:58:00.000,2026-02-04 18:58:10.000,2108,2026-02-04 18:58:04.800,2026-02-04 18:58:00.712,-4087.870,60.00052261352539,0
2026-02-04 18:58:00.000,2026-02-04 18:58:10.000,2423,2026-02-04 18:58:04.720,2026-02-04 18:58:00.718,-4001.359,50.023033142089844,0
2026-02-04 18:58:00.000,2026-02-04 18:58:10.000,477,2026-02-04 18:58:04.816,2026-02-04 18:58:00.721,-4095.023,59.99843978881836,0
2026-02-04 18:58:00.000,2026-02-04 18:58:10.000,2108,2026-02-04 18:58:04.816,2026-02-04 18:58:00.729,-4087.513,60.00288009643555,0
2026-02-04 18:58:00.000,2026-02-04 18:58:10.000,2423,2026-02-04 18:58:04.739,2026-02-04 18:58:00.738,-4001.725,50.0227165222168,0
2026-02-04 18:58:00.000,2026-02-04 18:58:10.000,477,2026-02-04 18:58:04.833,2026-02-04 18:58:00.738,-4095.062,59.999202728271484,0
2026-02-04 18:58:00.000,2026-02-04 18:58:10.000,2108,2026-02-04 18:58:04.833,2026-02-04 18:58:00.746,-4086.943,59.99931716918945,0
2026-02-04 18:58:00.000,2026-02-04 18:58:10.000,477,2026-02-04 18:58:04.850,2026-02-04 18:58:00.754,-4095.104,60.00054931640625,0
2026-02-04 18:58:00.000,2026-02-04 18:58:10.000,2423,2026-02-04 18:58:04.760,2026-02-04 18:58:00.757,-4002.107,50.021705627441406,0
2026-02-04 18:58:00.000,2026-02-04 18:58:10.000,2108,2026-02-04 18:58:04.850,2026-02-04 18:58:00.761,-4088.100,59.994667053222656,0
2026-02-04 18:58:00.000,2026-02-04 18:58:10.000,477,2026-02-04 18:58:04.866,2026-02-04 18:58:00.771,-4095.253,60.00029754638672,0
2026-02-04 18:58:00.000,2026-02-04 18:58:10.000,2423,2026-02-04 18:58:04.780,2026-02-04 18:58:00.778,-4001.478,50.020877838134766,0
2026-02-04 18:58:00.000,2026-02-04 18:58:10.000,2108,2026-02-04 18:58:04.866,2026-02-04 18:58:00.779,-4087.132,59.995487213134766,0
2026-02-04 18:58:00.000,2026-02-04 18:58:10.000,477,2026-02-04 18:58:04.883,2026-02-04 18:58:00.788,-4095.288,59.999534606933594,0
2026-02-04 18:58:00.000,2026-02-04 18:58:10.000,2108,2026-02-04 18:58:04.883,2026-02-04 18:58:00.795,-4087.921,60.002017974853516,0
2026-02-04 18:58:00.000,2026-02-04 18:58:10.000,2423,2026-02-04 18:58:04.800,2026-02-04 18:58:00.798,-4001.595,50.02120590209961,0
2026-02-04 18:58:00.000,2026-02-04 18:58:10.000,477,2026-02-04 18:58:04.899,2026-02-04 18:58:00.804,-4095.073,59.999610900878906,0
2026-02-04 18:58:00.000,2026-02-04 18:58:10.000,2108,2026-02-04 18:58:04.899,2026-02-04 18:58:00.811,-4088.074,60.003883361816406,0
2026-02-04 18:58:00.000,2026-02-04 18:58:10.000,2423,2026-02-04 18:58:04.819,2026-02-04 18:58:00.818,-4001.563,50.02183151245117,0
2026-02-04 18:58:00.000,2026-02-04 18:58:10.000,477,2026-02-04 18:58:04.916,2026-02-04 18:58:00.821,-4095.241,59.99957275390625,0
2026-02-04 18:58:00.000,2026-02-04 18:58:10.000,2108,2026-02-04 18:58:04.916,2026-02-04 18:58:00.828,-4088.182,60.00228500366211,0
2026-02-04 18:58:00.000,2026-02-04 18:58:10.000,2423,2026-02-04 18:58:04.840,2026-02-04 18:58:00.837,-4002.452,50.020938873291016,0
2026-02-04 18:58:00.000,2026-02-04 18:58:10.000,477,2026-02-04 18:58:04.933,2026-02-04 18:58:00.838,-4094.789,59.99916076660156,0
2026-02-04 18:58:00.000,2026-02-04 18:58:10.000,2108,2026-02-04 18:58:04.933,2026-02-04 18:58:00.846,-4087.277,59.99921417236328,0
2026-02-04 18:58:00.000,2026-02-04 18:58:10.000,477,2026-02-04 18:58:04.950,2026-02-04 18:58:00.855,-4094.903,59.9985237121582,0
2026-02-04 18:58:00.000,2026-02-04 18:58:10.000,2423,2026-02-04 18:58:04.860,2026-02-04 18:58:00.858,-4001.910,50.019744873046875,0
2026-02-04 18:58:00.000,2026-02-04 18:58:10.000,2108,2026-02-04 18:58:04.950,2026-02-04 18:58:00.862,-4087.905,59.99547576904297,0
2026-02-04 18:58:00.000,2026-02-04 18:58:10.000,477,2026-02-04 18:58:04.966,2026-02-04 18:58:00.871,-4095.489,59.99833297729492,0
2026-02-04 18:58:00.000,2026-02-04 18:58:10.000,2423,2026-02-04 18:58:04.880,2026-02-04 18:58:00.878,-4001.599,50.02064514160156,0
2026-02-04 18:58:00.000,2026-02-04 18:58:10.000,2108,2026-02-04 18:58:04.966,2026-02-04 18:58:00.879,-4087.270,59.998111724853516,0
2026-02-04 18:58:00.000,2026-02-04 18:58:10.000,477,2026-02-04 18:58:04.983,2026-02-04 18:58:00.888,-4094.850,59.998409271240234,0
2026-02-04 18:58:00.000,2026-02-04 18:58:10.000,2108,2026-02-04 18:58:04.983,2026-02-04 18:58:00.895,-4087.814,60.00318908691406,0
2026-02-04 18:58:00.000,2026-02-04 18:58:10.000,2423,2026-02-04 18:58:04.899,2026-02-04 18:58:00.898,-4001.472,50.020408630371094,0
2026-02-04 18:58:00.000,2026-02-04 18:58:10.000,477,2026-02-04 18:58:05.000,2026-02-04 18:58:00.905,-4094.965,59.998985290527344,0
2026-02-04 18:58:00.000,2026-02-04 18:58:10.000,2108,2026-02-04 18:58:05.000,2026-02-04 18:58:00.912,-4087.965,60.00019454956055,0
2026-02-04 18:58:00.000,2026-02-04 18:58:10.000,2423,2026-02-04 18:58:04.920,2026-02-04 18:58:00.918,-4001.454,50.01889419555664,0
2026-02-04 18:58:00.000,2026-02-04 18:58:10.000,477,2026-02-04 18:58:05.016,2026-02-04 18:58:00.921,-4095.119,59.99977493286133,0
2026-02-04 18:58:00.000,2026-02-04 18:58:10.000,2108,2026-02-04 18:58:05.016,2026-02-04 18:58:00.929,-4087.509,59.9959602355957,0
2026-02-04 18:58:00.000,2026-02-04 18:58:10.000,477,2026-02-04 18:58:05.033,2026-02-04 18:58:00.938,-4095.108,59.999916076660156,0
2026-02-04 18:58:00.000,2026-02-04 18:58:10.000,2423,2026-02-04 18:58:04.940,2026-02-04 18:58:00.939,-4000.787,50.02029037475586,0
2026-02-04 18:58:00.000,2026-02-04 18:58:10.000,2108,2026-02-04 18:58:05.033,2026-02-04 18:58:00.945,-4088.072,60.00090026855469,0
2026-02-04 18:58:00.000,2026-02-04 18:58:10.000,477,2026-02-04 18:58:05.050,2026-02-04 18:58:00.954,-4095.235,59.99936294555664,0
2026-02-04 18:58:00.000,2026-02-04 18:58:10.000,2423,2026-02-04 18:58:04.960,2026-02-04 18:58:00.957,-4002.232,50.02291488647461,0
2026-02-04 18:58:00.000,2026-02-04 18:58:10.000,2108,2026-02-04 18:58:05.050,2026-02-04 18:58:00.961,-4088.236,60.003963470458984,0
2026-02-04 18:58:00.000,2026-02-04 18:58:10.000,477,2026-02-04 18:58:05.066,2026-02-04 18:58:00.971,-4095.384,59.998836517333984,0
2026-02-04 18:58:00.000,2026-02-04 18:58:10.000,2423,2026-02-04 18:58:04.979,2026-02-04 18:58:00.978,-4001.596,50.022857666015625,0
2026-02-04 18:58:00.000,2026-02-04 18:58:10.000,2108,2026-02-04 18:58:05.066,2026-02-04 18:58:00.979,-4087.269,59.99974060058594,0
2026-02-04 18:58:00.000,2026-02-04 18:58:10.000,477,2026-02-04 18:58:05.083,2026-02-04 18:58:00.988,-4094.828,59.998958587646484,0
2026-02-04 18:58:00.000,2026-02-04 18:58:10.000,2108,2026-02-04 18:58:05.083,2026-02-04 18:58:00.995,-4087.785,59.99785614013672,0
2026-02-04 18:58:00.000,2026-02-04 18:58:10.000,2423,2026-02-04 18:58:05.000,2026-02-04 18:58:00.998,-4001.458,50.0211067199707,0
2026-02-04 18:58:00.000,2026-02-04 18:58:10.000,477,2026-02-04 18:58:05.100,2026-02-04 18:58:01.005,-4094.953,59.999000549316406,0
2026-02-04 18:58:00.000,2026-02-04 18:58:10.000,2108,2026-02-04 18:58:05.100,2026-02-04 18:58:01.012,-4087.950,59.997840881347656,0
2026-02-04 18:58:00.000,2026-02-04 18:58:10.000,2423,2026-02-04 18:58:05.020,2026-02-04 18:58:01.018,-4001.442,50.02071762084961,0
2026-02-04 18:58:00.000,2026-02-04 18:58:10.000,477,2026-02-04 18:58:05.116,2026-02-04 18:58:01.021,-4095.105,59.998714447021484,0
2026-02-04 18:58:00.000,2026-02-04 18:58:10.000,2108,2026-02-04 18:58:05.116,2026-02-04 18:58:01.029,-4087.594,59.99787521362305,0
2026-02-04 18:58:00.000,2026-02-04 18:58:10.000,477,2026-02-04 18:58:05.133,2026-02-04 18:58:01.038,-4095.232,59.99878692626953,0
2026-02-04 18:58:00.000,2026-02-04 18:58:10.000,2423,2026-02-04 18:58:05.040,2026-02-04 18:58:01.039,-4000.896,50.021446228027344,0
2026-02-04 18:58:00.000,2026-02-04 18:58:10.000,2108,2026-02-04 18:58:05.133,2026-02-04 18:58:01.045,-4088.037,60.002017974853516,0
2026-02-04 18:58:00.000,2026-02-04 18:58:10.000,477,2026-02-04 18:58:05.150,2026-02-04 18:58:01.055,-4094.257,59.99913787841797,0
2026-02-04 18:58:00.000,2026-02-04 18:58:10.000,2423,2026-02-04 18:58:05.059,2026-02-04 18:58:01.057,-4002.248,50.020896911621094,0
2026-02-04 18:58:00.000,2026-02-04 18:58:10.000,2108,2026-02-04 18:58:05.150,2026-02-04 18:58:01.061,-4088.257,60.00236892700195,0
2026-02-04 18:58:00.000,2026-02-04 18:58:10.000,477,2026-02-04 18:58:05.166,2026-02-04 18:58:01.071,-4095.417,59.99903106689453,0
2026-02-04 18:58:00.000,2026-02-04 18:58:10.000,2423,2026-02-04 18:58:05.080,2026-02-04 18:58:01.078,-4001.674,50.01971435546875,0
2026-02-04 18:58:00.000,2026-02-04 18:58:10.000,2108,2026-02-04 18:58:05.166,2026-02-04 18:58:01.079,-4087.346,59.998531341552734,0
2026-02-04 18:58:00.000,2026-02-04 18:58:10.000,477,2026-02-04 18:58:05.183,2026-02-04 18:58:01.088,-4094.438,59.99924087524414,0
2026-02-04 18:58:00.000,2026-02-04 18:58:10.000,2108,2026-02-04 18:58:05.183,2026-02-04 18:58:01.095,-4087.704,59.99933624267578,0
2026-02-04 18:58:00.000,2026-02-04 18:58:10.000,2423,2026-02-04 18:58:05.100,2026-02-04 18:58:01.098,-4001.806,50.01934814453125,0
2026-02-04 18:58:00.000,2026-02-04 18:58:10.000,477,2026-02-04 18:58:05.200,2026-02-04 18:58:01.104,-4095.289,59.999576568603516,0
2026-02-04 18:58:00.000,2026-02-04 18:58:10.000,2108,2026-02-04 18:58:05.200,2026-02-04 18:58:01.111,-4088.289,59.999637603759766,0
2026-02-04 18:58:00.000,2026-02-04 18:58:10.000,2423,2026-02-04 18:58:05.120,2026-02-04 18:58:01.118,-4001.775,50.021278381347656,0
2026-02-04 18:58:00.000,2026-02-04 18:58:10.000,477,2026-02-04 18:58:05.216,2026-02-04 18:58:01.121,-4095.442,59.99921417236328,0
2026-02-04 18:58:00.000,2026-02-04 18:58:10.000,2108,2026-02-04 18:58:05.216,2026-02-04 18:58:01.129,-4087.193,59.99715805053711,0
2026-02-04 18:58:00.000,2026-02-04 18:58:10.000,477,2026-02-04 18:58:05.233,2026-02-04 18:58:01.138,-4094.795,59.998958587646484,0
2026-02-04 18:58:00.000,2026-02-04 18:58:10.000,2423,2026-02-04 18:58:05.139,2026-02-04 18:58:01.138,-4001.459,50.023624420166016,0
2026-02-04 18:58:00.000,2026-02-04 18:58:10.000,2108,2026-02-04 18:58:05.233,2026-02-04 18:58:01.146,-4087.280,59.996612548828125,0
2026-02-04 18:58:00.000,2026-02-04 18:58:10.000,477,2026-02-04 18:58:05.250,2026-02-04 18:58:01.154,-4095.442,59.999305725097656,0
2026-02-04 18:58:00.000,2026-02-04 18:58:10.000,2423,2026-02-04 18:58:05.160,2026-02-04 18:58:01.157,-4002.443,50.02132797241211,0
2026-02-04 18:58:00.000,2026-02-04 18:58:10.000,2108,2026-02-04 18:58:05.250,2026-02-04 18:58:01.161,-4088.444,59.99951934814453,0
2026-02-04 18:58:00.000,2026-02-04 18:58:10.000,477,2026-02-04 18:58:05.266,2026-02-04 18:58:01.171,-4095.596,59.99973678588867,0
2026-02-04 18:58:00.000,2026-02-04 18:58:10.000,2423,2026-02-04 18:58:05.180,2026-02-04 18:58:01.178,-4001.428,50.0197639465332,0
2026-02-04 18:58:00.000,2026-02-04 18:58:10.000,2108,2026-02-04 18:58:05.266,2026-02-04 18:58:01.178,-4088.084,60.00495529174805,0
2026-02-04 18:58:00.000,2026-02-04 18:58:10.000,477,2026-02-04 18:58:05.283,2026-02-04 18:58:01.188,-4095.239,59.999664306640625,0
2026-02-04 18:58:00.000,2026-02-04 18:58:10.000,2108,2026-02-04 18:58:05.283,2026-02-04 18:58:01.195,-4088.177,60.006195068359375,0
2026-02-04 18:58:00.000,2026-02-04 18:58:10.000,2423,2026-02-04 18:58:05.200,2026-02-04 18:58:01.198,-4001.842,50.02180480957031,0
2026-02-04 18:58:00.000,2026-02-04 18:58:10.000,477,2026-02-04 18:58:05.299,2026-02-04 18:58:01.205,-4094.767,59.99953079223633,0
2026-02-04 18:58:00.000,2026-02-04 18:58:10.000,2108,2026-02-04 18:58:05.299,2026-02-04 18:58:01.212,-4087.769,59.99836730957031,0
2026-02-04 18:58:00.000,2026-02-04 18:58:10.000,2423,2026-02-04 18:58:05.219,2026-02-04 18:58:01.217,-4002.259,50.0208625793457,0
2026-02-04 18:58:00.000,2026-02-04 18:58:10.000,477,2026-02-04 18:58:05.316,2026-02-04 18:58:01.221,-4094.940,59.99896240234375,0
2026-02-04 18:58:00.000,2026-02-04 18:58:10.000,2108,2026-02-04 18:58:05.316,2026-02-04 18:58:01.229,-4087.427,59.99235534667969,0
2026-02-04 18:58:00.000,2026-02-04 18:58:10.000,477,2026-02-04 18:58:05.333,2026-02-04 18:58:01.238,-4095.006,59.99810028076172,0
2026-02-04 18:58:00.000,2026-02-04 18:58:10.000,2423,2026-02-04 18:58:05.240,2026-02-04 18:58:01.238,-4001.670,50.01879119873047,0
2026-02-04 18:58:00.000,2026-02-04 18:58:10.000,2108,2026-02-04 18:58:05.333,2026-02-04 18:58:01.245,-4087.536,59.99580001831055,0
2026-02-04 18:58:00.000,2026-02-04 18:58:10.000,477,2026-02-04 18:58:05.350,2026-02-04 18:58:01.258,-4091.684,59.99838638305664,0
2026-02-04 18:58:00.000,2026-02-04 18:58:10.000,2423,2026-02-04 18:58:05.260,2026-02-04 18:58:01.258,-4001.692,50.02095413208008,0
2026-02-04 18:58:00.000,2026-02-04 18:58:10.000,2108,2026-02-04 18:58:05.350,2026-02-04 18:58:01.263,-4086.684,60.00120544433594,0
2026-02-04 18:58:00.000,2026-02-04 18:58:10.000,477,2026-02-04 18:58:05.366,2026-02-04 18:58:01.279,-4087.425,59.99945068359375,0
2026-02-04 18:58:00.000,2026-02-04 18:58:10.000,2423,2026-02-04 18:58:05.280,2026-02-04 18:58:01.279,-4000.753,50.023433685302734,0
2026-02-04 18:58:00.000,2026-02-04 18:58:10.000,2108,2026-02-04 18:58:05.366,2026-02-04 18:58:01.280,-4086.426,60.00337219238281,0
2026-02-04 18:58:00.000,2026-02-04 18:58:10.000,477,2026-02-04 18:58:05.383,2026-02-04 18:58:01.290,-4093.001,59.99998092651367,0
2026-02-04 18:58:00.000,2026-02-04 18:58:10.000,2108,2026-02-04 18:58:05.383,2026-02-04 18:58:01.306,-4076.841,60.0024299621582,0
2026-02-04 18:58:00.000,2026-02-04 18:58:10.000,2423,2026-02-04 18:58:05.299,2026-02-04 18:58:01.307,-3992.990,50.0221061706543,0
2026-02-04 18:58:00.000,2026-02-04 18:58:10.000,477,2026-02-04 18:58:05.400,2026-02-04 18:58:01.307,-4092.998,60.00007247924805,0
2026-02-04 18:58:00.000,2026-02-04 18:58:10.000,2108,2026-02-04 18:58:05.400,2026-02-04 18:58:01.311,-4088.386,60.00052261352539,0
2026-02-04 18:58:00.000,2026-02-04 18:58:10.000,2423,2026-02-04 18:58:05.320,2026-02-04 18:58:01.318,-4001.876,50.02037811279297,0
2026-02-04 18:58:00.000,2026-02-04 18:58:10.000,477,2026-02-04 18:58:05.416,2026-02-04 18:58:01.321,-4095.540,60.00004196166992,0
2026-02-04 18:58:00.000,2026-02-04 18:58:10.000,2108,2026-02-04 18:58:05.416,2026-02-04 18:58:01.329,-4087.489,60.002105712890625,0
2026-02-04 18:58:00.000,2026-02-04 18:58:10.000,477,2026-02-04 18:58:05.433,2026-02-04 18:58:01.338,-4095.090,59.999732971191406,0
2026-02-04 18:58:00.000,2026-02-04 18:58:10.000,2423,2026-02-04 18:58:05.340,2026-02-04 18:58:01.338,-4001.770,50.01991271972656,0
2026-02-04 18:58:00.000,2026-02-04 18:58:10.000,2108,2026-02-04 18:58:05.433,2026-02-04 18:58:01.345,-4087.899,60.00464630126953,0
2026-02-04 18:58:00.000,2026-02-04 18:58:10.000,477,2026-02-04 18:58:05.450,2026-02-04 18:58:01.354,-4095.066,59.99949264526367,0
2026-02-04 18:58:00.000,2026-02-04 18:58:10.000,2423,2026-02-04 18:58:05.360,2026-02-04 18:58:01.357,-4002.067,50.02006530761719,0
2026-02-04 18:58:00.000,2026-02-04 18:58:10.000,2108,2026-02-04 18:58:05.450,2026-02-04 18:58:01.361,-4088.067,60.00209045410156,0
2026-02-04 18:58:00.000,2026-02-04 18:58:10.000,477,2026-02-04 18:58:05.466,2026-02-04 18:58:01.371,-4095.220,59.999637603759766,0
2026-02-04 18:58:00.000,2026-02-04 18:58:10.000,2423,2026-02-04 18:58:05.379,2026-02-04 18:58:01.378,-4001.357,50.02036666870117,0
2026-02-04 18:58:00.000,2026-02-04 18:58:10.000,2108,2026-02-04 18:58:05.466,2026-02-04 18:58:01.378,-4088.029,59.995975494384766,0
2026-02-04 18:58:00.000,2026-02-04 18:58:10.000,477,2026-02-04 18:58:05.483,2026-02-04 18:58:01.388,-4095.183,59.99984359741211,0
2026-02-04 18:58:00.000,2026-02-04 18:58:10.000,2108,2026-02-04 18:58:05.483,2026-02-04 18:58:01.395,-4087.768,59.99473571777344,0
2026-02-04 18:58:00.000,2026-02-04 18:58:10.000,2423,2026-02-04 18:58:05.400,2026-02-04 18:58:01.397,-4002.441,50.01946258544922,0
2026-02-04 18:58:00.000,2026-02-04 18:58:10.000,477,2026-02-04 18:58:05.500,2026-02-04 18:58:01.405,-4094.938,59.99972915649414,0
2026-02-04 18:58:00.000,2026-02-04 18:58:10.000,2108,2026-02-04 18:58:05.500,2026-02-04 18:58:01.412,-4087.938,59.99714279174805,0
2026-02-04 18:58:00.000,2026-02-04 18:58:10.000,2423,2026-02-04 18:58:05.420,2026-02-04 18:58:01.418,-4001.420,50.01972579956055,0
2026-02-04 18:58:00.000,2026-02-04 18:58:10.000,477,2026-02-04 18:58:05.516,2026-02-04 18:58:01.421,-4095.088,59.999359130859375,0
2026-02-04 18:58:00.000,2026-02-04 18:58:10.000,2108,2026-02-04 18:58:05.516,2026-02-04 18:58:01.429,-4087.575,59.998870849609375,0
2026-02-04 18:58:00.000,2026-02-04 18:58:10.000,2423,2026-02-04 18:58:05.440,2026-02-04 18:58:01.438,-4001.838,50.02008819580078,0
2026-02-04 18:58:00.000,2026-02-04 18:58:10.000,477,2026-02-04 18:58:05.533,2026-02-04 18:58:01.438,-4095.174,59.9990234375,0
2026-02-04 18:58:00.000,2026-02-04 18:58:10.000,2108,2026-02-04 18:58:05.533,2026-02-04 18:58:01.445,-4087.853,59.999881744384766,0
2026-02-04 18:58:00.000,2026-02-04 18:58:10.000,477,2026-02-04 18:58:05.550,2026-02-04 18:58:01.454,-4095.006,59.99934768676758,0
2026-02-04 18:58:00.000,2026-02-04 18:58:10.000,2423,2026-02-04 18:58:05.459,2026-02-04 18:58:01.457,-4001.997,50.019752502441406,0
2026-02-04 18:58:00.000,2026-02-04 18:58:10.000,2108,2026-02-04 18:58:05.550,2026-02-04 18:58:01.461,-4088.003,59.99879455566406,0
2026-02-04 18:58:00.000,2026-02-04 18:58:10.000,477,2026-02-04 18:58:05.566,2026-02-04 18:58:01.471,-4095.164,60.00027084350586,0
2026-02-04 18:58:00.000,2026-02-04 18:58:10.000,2423,2026-02-04 18:58:05.480,2026-02-04 18:58:01.478,-4001.979,50.02199935913086,0
2026-02-04 18:58:00.000,2026-02-04 18:58:10.000,2108,2026-02-04 18:58:05.566,2026-02-04 18:58:01.479,-4087.651,59.99921417236328,0
2026-02-04 18:58:00.000,2026-02-04 18:58:10.000,477,2026-02-04 18:58:05.583,2026-02-04 18:58:01.488,-4095.245,60.000732421875,0
2026-02-04 18:58:00.000,2026-02-04 18:58:10.000,2108,2026-02-04 18:58:05.583,2026-02-04 18:58:01.495,-4087.397,60.001461029052734,0
2026-02-04 18:58:00.000,2026-02-04 18:58:10.000,2423,2026-02-04 18:58:05.500,2026-02-04 18:58:01.497,-4002.067,50.02165222167969,0
2026-02-04 18:58:00.000,2026-02-04 18:58:10.000,477,2026-02-04 18:58:05.600,2026-02-04 18:58:01.504,-4095.550,60.000526428222656,0
2026-02-04 18:58:00.000,2026-02-04 18:58:10.000,2108,2026-02-04 18:58:05.600,2026-02-04 18:58:01.512,-4087.552,60.000572204589844,0
2026-02-04 18:58:00.000,2026-02-04 18:58:10.000,2423,2026-02-04 18:58:05.520,2026-02-04 18:58:01.518,-4001.940,50.017921447753906,0
2026-02-04 18:58:00.000,2026-02-04 18:58:10.000,477,2026-02-04 18:58:05.616,2026-02-04 18:58:01.521,-4095.598,60.00042724609375,0
2026-02-04 18:58:00.000,2026-02-04 18:58:10.000,2108,2026-02-04 18:58:05.616,2026-02-04 18:58:01.529,-4087.079,59.999820709228516,0
2026-02-04 18:58:00.000,2026-02-04 18:58:10.000,477,2026-02-04 18:58:05.633,2026-02-04 18:58:01.538,-4095.233,60.000850677490234,0
2026-02-04 18:58:00.000,2026-02-04 18:58:10.000,2423,2026-02-04 18:58:05.539,2026-02-04 18:58:01.549,-3990.308,50.017723083496094,0
2026-02-04 18:58:00.000,2026-02-04 18:58:10.000,2108,2026-02-04 18:58:05.633,2026-02-04 18:58:01.550,-4082.635,60.00261306762695,0
2026-02-04 18:58:00.000,2026-02-04 18:58:10.000,477,2026-02-04 18:58:05.650,2026-02-04 18:58:01.554,-4095.231,60.00093460083008,0
2026-02-04 18:58:00.000,2026-02-04 18:58:10.000,2423,2026-02-04 18:58:05.560,2026-02-04 18:58:01.557,-4002.227,50.01890182495117,0
2026-02-04 18:58:00.000,2026-02-04 18:58:10.000,2108,2026-02-04 18:58:05.650,2026-02-04 18:58:01.561,-4088.227,60.00144958496094,0
2026-02-04 18:58:00.000,2026-02-04 18:58:10.000,477,2026-02-04 18:58:05.666,2026-02-04 18:58:01.574,-4091.864,60.00039291381836,0
2026-02-04 18:58:00.000,2026-02-04 18:58:10.000,2423,2026-02-04 18:58:05.580,2026-02-04 18:58:01.578,-4001.210,50.02098083496094,0
2026-02-04 18:58:00.000,2026-02-04 18:58:10.000,2108,2026-02-04 18:58:05.666,2026-02-04 18:58:01.578,-4087.866,59.99863052368164,0
2026-02-04 18:58:00.000,2026-02-04 18:58:10.000,477,2026-02-04 18:58:05.683,2026-02-04 18:58:01.587,-4095.392,59.999900817871094,0
2026-02-04 18:58:00.000,2026-02-04 18:58:10.000,2108,2026-02-04 18:58:05.683,2026-02-04 18:58:01.596,-4086.870,59.998451232910156,0
2026-02-04 18:58:00.000,2026-02-04 18:58:10.000,2423,2026-02-04 18:58:05.600,2026-02-04 18:58:01.598,-4001.544,50.02387237548828,0
2026-02-04 18:58:00.000,2026-02-04 18:58:10.000,477,2026-02-04 18:58:05.699,2026-02-04 18:58:01.604,-4095.238,59.999332427978516,0
2026-02-04 18:58:00.000,2026-02-04 18:58:10.000,2108,2026-02-04 18:58:05.699,2026-02-04 18:58:01.613,-4086.726,59.99647903442383,0
2026-02-04 18:58:00.000,2026-02-04 18:58:10.000,2423,2026-02-04 18:58:05.619,2026-02-04 18:58:01.618,-4001.720,50.02172088623047,0
2026-02-04 18:58:00.000,2026-02-04 18:58:10.000,477,2026-02-04 18:58:05.716,2026-02-04 18:58:01.621,-4095.399,59.999332427978516,0
2026-02-04 18:58:00.000,2026-02-04 18:58:10.000,2108,2026-02-04 18:58:05.716,2026-02-04 18:58:01.629,-4087.067,59.99766540527344,0
2026-02-04 18:58:00.000,2026-02-04 18:58:10.000,2423,2026-02-04 18:58:05.640,2026-02-04 18:58:01.638,-4001.876,50.01729202270508,0
2026-02-04 18:58:00.000,2026-02-04 18:58:10.000,477,2026-02-04 18:58:05.733,2026-02-04 18:58:01.639,-4094.214,60.00020980834961,0
2026-02-04 18:58:00.000,2026-02-04 18:58:10.000,2108,2026-02-04 18:58:05.733,2026-02-04 18:58:01.646,-4087.155,60.004913330078125,0
2026-02-04 18:58:00.000,2026-02-04 18:58:10.000,477,2026-02-04 18:58:05.750,2026-02-04 18:58:01.654,-4095.395,60.0009765625,0
2026-02-04 18:58:00.000,2026-02-04 18:58:10.000,2423,2026-02-04 18:58:05.660,2026-02-04 18:58:01.658,-4001.401,50.01860809326172,0
2026-02-04 18:58:00.000,2026-02-04 18:58:10.000,2108,2026-02-04 18:58:05.750,2026-02-04 18:58:01.661,-4088.390,60.00607681274414,0
2026-02-04 18:58:00.000,2026-02-04 18:58:10.000,477,2026-02-04 18:58:05.766,2026-02-04 18:58:01.671,-4095.030,60.00009536743164,0
2026-02-04 18:58:00.000,2026-02-04 18:58:10.000,2423,2026-02-04 18:58:05.680,2026-02-04 18:58:01.677,-4002.296,50.02241516113281,0
2026-02-04 18:58:00.000,2026-02-04 18:58:10.000,2108,2026-02-04 18:58:05.766,2026-02-04 18:58:01.678,-4087.963,59.99777603149414,0
2026-02-04 18:58:00.000,2026-02-04 18:58:10.000,477,2026-02-04 18:58:05.783,2026-02-04 18:58:01.688,-4095.027,59.99908447265625,0
2026-02-04 18:58:00.000,2026-02-04 18:58:10.000,2108,2026-02-04 18:58:05.783,2026-02-04 18:58:01.695,-4087.409,59.99348449707031,0
2026-02-04 18:58:00.000,2026-02-04 18:58:10.000,2423,2026-02-04 18:58:05.699,2026-02-04 18:58:01.697,-4002.065,50.021034240722656,0
2026-02-04 18:58:00.000,2026-02-04 18:58:10.000,477,2026-02-04 18:58:05.800,2026-02-04 18:58:01.704,-4095.559,59.9993782043457,0
2026-02-04 18:58:00.000,2026-02-04 18:58:10.000,2108,2026-02-04 18:58:05.800,2026-02-04 18:58:01.712,-4087.560,60.00001907348633,0
2026-02-04 18:58:00.000,2026-02-04 18:58:10.000,2423,2026-02-04 18:58:05.720,2026-02-04 18:58:01.718,-4001.726,50.02027893066406,0
2026-02-04 18:58:00.000,2026-02-04 18:58:10.000,2108,2026-02-04 18:58:05.816,2026-02-04 18:58:01.729,-4087.279,60.00569534301758,0
2026-02-04 18:58:00.000,2026-02-04 18:58:10.000,2423,2026-02-04 18:58:05.740,2026-02-04 18:58:01.738,-4001.562,50.022300720214844,0
2026-02-04 18:58:00.000,2026-02-04 18:58:10.000,2108,2026-02-04 18:58:05.833,2026-02-04 18:58:01.745,-4087.750,60.001712799072266,0
2026-02-04 18:58:00.000,2026-02-04 18:58:10.000,477,2026-02-04 18:58:05.816,2026-02-04 18:58:01.753,-4063.582,59.99983215332031,0
2026-02-04 18:58:00.000,2026-02-04 18:58:10.000,477,2026-02-04 18:58:05.833,2026-02-04 18:58:01.754,-4079.240,60.000762939453125,0
2026-02-04 18:58:00.000,2026-02-04 18:58:10.000,477,2026-02-04 18:58:05.850,2026-02-04 18:58:01.755,-4094.911,60.001258850097656,0
2026-02-04 18:58:00.000,2026-02-04 18:58:10.000,2423,2026-02-04 18:58:05.760,2026-02-04 18:58:01.758,-4001.912,50.021087646484375,0
2026-02-04 18:58:00.000,2026-02-04 18:58:10.000,2108,2026-02-04 18:58:05.850,2026-02-04 18:58:01.762,-4087.913,59.99696350097656,0
2026-02-04 18:58:00.000,2026-02-04 18:58:10.000,477,2026-02-04 18:58:05.866,2026-02-04 18:58:01.771,-4095.504,60.00111770629883,0
2026-02-04 18:58:00.000,2026-02-04 18:58:10.000,2423,2026-02-04 18:58:05.779,2026-02-04 18:58:01.777,-4002.323,50.01889419555664,0
2026-02-04 18:58:00.000,2026-02-04 18:58:10.000,2108,2026-02-04 18:58:05.866,2026-02-04 18:58:01.778,-4087.996,60.00108337402344,0
2026-02-04 18:58:00.000,2026-02-04 18:58:10.000,477,2026-02-04 18:58:05.883,2026-02-04 18:58:01.787,-4095.506,60.00143051147461,0
2026-02-04 18:58:00.000,2026-02-04 18:58:10.000,2108,2026-02-04 18:58:05.883,2026-02-04 18:58:01.795,-4087.979,60.00609588623047,0
2026-02-04 18:58:00.000,2026-02-04 18:58:10.000,2423,2026-02-04 18:58:05.800,2026-02-04 18:58:01.798,-4001.648,50.01805877685547,0
2026-02-04 18:58:00.000,2026-02-04 18:58:10.000,477,2026-02-04 18:58:05.900,2026-02-04 18:58:01.804,-4095.218,60.00125503540039,0
2026-02-04 18:58:00.000,2026-02-04 18:58:10.000,2108,2026-02-04 18:58:05.900,2026-02-04 18:58:01.811,-4088.219,60.003509521484375,0
2026-02-04 18:58:00.000,2026-02-04 18:58:10.000,2423,2026-02-04 18:58:05.820,2026-02-04 18:58:01.818,-4001.710,50.018245697021484,0
2026-02-04 18:58:00.000,2026-02-04 18:58:10.000,477,2026-02-04 18:58:05.916,2026-02-04 18:58:01.821,-4095.373,60.00088882446289,0
2026-02-04 18:58:00.000,2026-02-04 18:58:10.000,2108,2026-02-04 18:58:05.916,2026-02-04 18:58:01.829,-4087.326,60.0001220703125,0
2026-02-04 18:58:00.000,2026-02-04 18:58:10.000,2423,2026-02-04 18:58:05.840,2026-02-04 18:58:01.838,-4001.561,50.019290924072266,0
2026-02-04 18:58:00.000,2026-02-04 18:58:10.000,477,2026-02-04 18:58:05.933,2026-02-04 18:58:01.838,-4094.898,60.001678466796875,0
2026-02-04 18:58:00.000,2026-02-04 18:58:10.000,2108,2026-02-04 18:58:05.933,2026-02-04 18:58:01.845,-4087.773,59.99860382080078,0
2026-02-04 18:58:00.000,2026-02-04 18:58:10.000,477,2026-02-04 18:58:05.950,2026-02-04 18:58:01.855,-4094.899,60.00130081176758,0
2026-02-04 18:58:00.000,2026-02-04 18:58:10.000,2423,2026-02-04 18:58:05.859,2026-02-04 18:58:01.858,-4001.891,50.0195426940918,0
2026-02-04 18:58:00.000,2026-02-04 18:58:10.000,2108,2026-02-04 18:58:05.950,2026-02-04 18:58:01.862,-4087.358,59.9986457824707,0
2026-02-04 18:58:00.000,2026-02-04 18:58:10.000,477,2026-02-04 18:58:05.966,2026-02-04 18:58:01.871,-4095.493,59.999969482421875,0
2026-02-04 18:58:00.000,2026-02-04 18:58:10.000,2423,2026-02-04 18:58:05.880,2026-02-04 18:58:01.878,-4001.308,50.0185546875,0
2026-02-04 18:58:00.000,2026-02-04 18:58:10.000,2108,2026-02-04 18:58:05.966,2026-02-04 18:58:01.878,-4087.980,59.99982452392578,0
2026-02-04 18:58:00.000,2026-02-04 18:58:10.000,477,2026-02-04 18:58:05.983,2026-02-04 18:58:01.888,-4095.130,60.000511169433594,0
2026-02-04 18:58:00.000,2026-02-04 18:58:10.000,2108,2026-02-04 18:58:05.983,2026-02-04 18:58:01.895,-4088.093,59.999324798583984,0
2026-02-04 18:58:00.000,2026-02-04 18:58:10.000,2423,2026-02-04 18:58:05.900,2026-02-04 18:58:01.898,-4001.768,50.0190544128418,0
2026-02-04 18:58:00.000,2026-02-04 18:58:10.000,477,2026-02-04 18:58:06.000,2026-02-04 18:58:01.904,-4095.322,60.001556396484375,0
2026-02-04 18:58:00.000,2026-02-04 18:58:10.000,2108,2026-02-04 18:58:06.000,2026-02-04 18:58:01.911,-4088.322,59.99753952026367,0
2026-02-04 18:58:00.000,2026-02-04 18:58:10.000,2423,2026-02-04 18:58:05.920,2026-02-04 18:58:01.918,-4001.811,50.02103805541992,0
2026-02-04 18:58:00.000,2026-02-04 18:58:10.000,2108,2026-02-04 18:58:06.016,2026-02-04 18:58:01.929,-4087.417,59.998443603515625,0
2026-02-04 18:58:00.000,2026-02-04 18:58:10.000,2423,2026-02-04 18:58:05.939,2026-02-04 18:58:01.938,-4001.662,50.021244049072266,0
2026-02-04 18:58:00.000,2026-02-04 18:58:10.000,2108,2026-02-04 18:58:06.033,2026-02-04 18:58:01.945,-4087.605,60.00273132324219,0
2026-02-04 18:58:00.000,2026-02-04 18:58:10.000,477,2026-02-04 18:58:06.016,2026-02-04 18:58:01.951,-4064.945,60.00163269042969,0
2026-02-04 18:58:00.000,2026-02-04 18:58:10.000,477,2026-02-04 18:58:06.033,2026-02-04 18:58:01.951,-4081.609,60.00144577026367,0
2026-02-04 18:58:00.000,2026-02-04 18:58:10.000,2423,2026-02-04 18:58:05.960,2026-02-04 18:58:01.958,-4001.770,50.021095275878906,0
2026-02-04 18:58:00.000,2026-02-04 18:58:10.000,477,2026-02-04 18:58:06.050,2026-02-04 18:58:01.959,-4090.768,60.00136184692383,0
2026-02-04 18:58:00.000,2026-02-04 18:58:10.000,2108,2026-02-04 18:58:06.050,2026-02-04 18:58:01.963,-4086.769,60.0059928894043,0
2026-02-04 18:58:00.000,2026-02-04 18:58:10.000,477,2026-02-04 18:58:06.066,2026-02-04 18:58:01.971,-4094.920,60.001564025878906,0
2026-02-04 18:58:00.000,2026-02-04 18:58:10.000,2423,2026-02-04 18:58:05.980,2026-02-04 18:58:01.979,-4000.753,50.02118682861328,0
2026-02-04 18:58:00.000,2026-02-04 18:58:10.000,2108,2026-02-04 18:58:06.066,2026-02-04 18:58:01.980,-4086.410,60.00590133666992,0
2026-02-04 18:58:00.000,2026-02-04 18:58:10.000,477,2026-02-04 18:58:06.083,2026-02-04 18:58:01.987,-4095.431,60.001914978027344,0
2026-02-04 18:58:00.000,2026-02-04 18:58:10.000,2108,2026-02-04 18:58:06.083,2026-02-04 18:58:01.995,-4087.906,60.00064468383789,0
2026-02-04 18:58:00.000,2026-02-04 18:58:10.000,2423,2026-02-04 18:58:06.000,2026-02-04 18:58:01.998,-4001.575,50.019859313964844,0
2026-02-04 18:58:00.000,2026-02-04 18:58:10.000,477,2026-02-04 18:58:06.099,2026-02-04 18:58:02.005,-4094.955,60.0017204284668,0
2026-02-04 18:58:00.000,2026-02-04 18:58:10.000,2108,2026-02-04 18:58:06.099,2026-02-04 18:58:02.012,-4087.956,59.996456146240234,0
2026-02-04 18:58:00.000,2026-02-04 18:58:10.000,2423,2026-02-04 18:58:06.019,2026-02-04 18:58:02.019,-4000.604,50.01873016357422,0
2026-02-04 18:58:00.000,2026-02-04 18:58:10.000,477,2026-02-04 18:58:06.116,2026-02-04 18:58:02.021,-4095.286,60.00181579589844,0
2026-02-04 18:58:00.000,2026-02-04 18:58:10.000,2108,2026-02-04 18:58:06.116,2026-02-04 18:58:02.029,-4087.237,60.000083923339844,0
2026-02-04 18:58:00.000,2026-02-04 18:58:10.000,477,2026-02-04 18:58:06.133,2026-02-04 18:58:02.037,-4095.791,60.001800537109375,0
2026-02-04 18:58:00.000,2026-02-04 18:58:10.000,2423,2026-02-04 18:58:06.040,2026-02-04 18:58:02.038,-4001.451,50.019187927246094,0
2026-02-04 18:58:00.000,2026-02-04 18:58:10.000,2108,2026-02-04 18:58:06.133,2026-02-04 18:58:02.046,-4087.280,60.00374984741211,0
2026-02-04 18:58:00.000,2026-02-04 18:58:10.000,477,2026-02-04 18:58:06.150,2026-02-04 18:58:02.055,-4094.853,60.00102996826172,0
2026-02-04 18:58:00.000,2026-02-04 18:58:10.000,2423,2026-02-04 18:58:06.060,2026-02-04 18:58:02.058,-4001.861,50.020294189453125,0
2026-02-04 18:58:00.000,2026-02-04 18:58:10.000,2108,2026-02-04 18:58:06.150,2026-02-04 18:58:02.062,-4087.856,59.99960708618164,0
2026-02-04 18:58:00.000,2026-02-04 18:58:10.000,477,2026-02-04 18:58:06.166,2026-02-04 18:58:02.071,-4095.008,60.00019836425781,0
2026-02-04 18:58:00.000,2026-02-04 18:58:10.000,2423,2026-02-04 18:58:06.080,2026-02-04 18:58:02.078,-4001.826,50.02117156982422,0
2026-02-04 18:58:00.000,2026-02-04 18:58:10.000,2108,2026-02-04 18:58:06.166,2026-02-04 18:58:02.079,-4087.497,59.99613571166992,0
2026-02-04 18:58:00.000,2026-02-04 18:58:10.000,477,2026-02-04 18:58:06.183,2026-02-04 18:58:02.087,-4095.568,60.00003433227539,0
2026-02-04 18:58:00.000,2026-02-04 18:58:10.000,2108,2026-02-04 18:58:06.183,2026-02-04 18:58:02.095,-4087.780,60.000362396240234,0
2026-02-04 18:58:00.000,2026-02-04 18:58:10.000,2423,2026-02-04 18:58:06.099,2026-02-04 18:58:02.098,-4001.888,50.021427154541016,0
2026-02-04 18:58:00.000,2026-02-04 18:58:10.000,477,2026-02-04 18:58:06.200,2026-02-04 18:58:02.105,-4094.757,60.00076675415039,0
2026-02-04 18:58:00.000,2026-02-04 18:58:10.000,2108,2026-02-04 18:58:06.200,2026-02-04 18:58:02.112,-4087.757,60.00468826293945,0
2026-02-04 18:58:00.000,2026-02-04 18:58:10.000,2423,2026-02-04 18:58:06.120,2026-02-04 18:58:02.118,-4001.496,50.02109146118164,0
2026-02-04 18:58:00.000,2026-02-04 18:58:10.000,477,2026-02-04 18:58:06.216,2026-02-04 18:58:02.121,-4095.160,60.00162124633789,0
2026-02-04 18:58:00.000,2026-02-04 18:58:10.000,2108,2026-02-04 18:58:06.216,2026-02-04 18:58:02.129,-4087.647,60.004798889160156,0
2026-02-04 18:58:00.000,2026-02-04 18:58:10.000,2423,2026-02-04 18:58:06.140,2026-02-04 18:58:02.138,-4001.599,50.02133560180664,0
2026-02-04 18:58:00.000,2026-02-04 18:58:10.000,2108,2026-02-04 18:58:06.233,2026-02-04 18:58:02.145,-4087.842,60.00050354003906,0
2026-02-04 18:58:00.000,2026-02-04 18:58:10.000,2423,2026-02-04 18:58:06.160,2026-02-04 18:58:02.158,-4001.291,50.02281188964844,0
2026-02-04 18:58:00.000,2026-02-04 18:58:10.000,477,2026-02-04 18:58:06.233,2026-02-04 18:58:02.160,-4072.620,60.00189208984375,0
2026-02-04 18:58:00.000,2026-02-04 18:58:10.000,477,2026-02-04 18:58:06.250,2026-02-04 18:58:02.161,-4088.292,60.001869201660156,0
2026-02-04 18:58:00.000,2026-02-04 18:58:10.000,2108,2026-02-04 18:58:06.250,2026-02-04 18:58:02.161,-4088.292,59.996578216552734,0
2026-02-04 18:58:00.000,2026-02-04 18:58:10.000,477,2026-02-04 18:58:06.266,2026-02-04 18:58:02.171,-4095.443,60.00202178955078,0
2026-02-04 18:58:00.000,2026-02-04 18:58:10.000,2423,2026-02-04 18:58:06.179,2026-02-04 18:58:02.178,-4001.640,50.022090911865234,0
2026-02-04 18:58:00.000,2026-02-04 18:58:10.000,2108,2026-02-04 18:58:06.266,2026-02-04 18:58:02.179,-4087.312,60.00044631958008,0
2026-02-04 18:58:00.000,2026-02-04 18:58:10.000,477,2026-02-04 18:58:06.283,2026-02-04 18:58:02.188,-4094.916,60.00193786621094,0
2026-02-04 18:58:00.000,2026-02-04 18:58:10.000,2108,2026-02-04 18:58:06.283,2026-02-04 18:58:02.195,-4087.865,60.00520706176758,0
2026-02-04 18:58:00.000,2026-02-04 18:58:10.000,2423,2026-02-04 18:58:06.200,2026-02-04 18:58:02.198,-4001.536,50.01873779296875,0
2026-02-04 18:58:00.000,2026-02-04 18:58:10.000,477,2026-02-04 18:58:06.300,2026-02-04 18:58:02.204,-4095.346,60.0014533996582,0
2026-02-04 18:58:00.000,2026-02-04 18:58:10.000,2108,2026-02-04 18:58:06.300,2026-02-04 18:58:02.211,-4088.340,60.00185775756836,0
2026-02-04 18:58:00.000,2026-02-04 18:58:10.000,2423,2026-02-04 18:58:06.220,2026-02-04 18:58:02.235,-3984.167,50.01862716674805,0
2026-02-04 18:58:00.000,2026-02-04 18:58:10.000,477,2026-02-04 18:58:06.316,2026-02-04 18:58:02.235,-4080.831,60.00153732299805,0
2026-02-04 18:58:00.000,2026-02-04 18:58:10.000,2108,2026-02-04 18:58:06.316,2026-02-04 18:58:02.236,-4079.831,59.99790573120117,0
2026-02-04 18:58:00.000,2026-02-04 18:58:10.000,2423,2026-02-04 18:58:06.240,2026-02-04 18:58:02.237,-4002.160,50.02054214477539,0
2026-02-04 18:58:00.000,2026-02-04 18:58:10.000,477,2026-02-04 18:58:06.333,2026-02-04 18:58:02.238,-4094.496,60.001487731933594,0
2026-02-04 18:58:00.000,2026-02-04 18:58:10.000,2108,2026-02-04 18:58:06.333,2026-02-04 18:58:02.245,-4087.972,60.00023651123047,0
2026-02-04 18:58:00.000,2026-02-04 18:58:10.000,477,2026-02-04 18:58:06.350,2026-02-04 18:58:02.265,-4084.806,60.00075912475586,0
2026-02-04 18:58:00.000,2026-02-04 18:58:10.000,2423,2026-02-04 18:58:06.259,2026-02-04 18:58:02.265,-3994.267,50.01887130737305,0
2026-02-04 18:58:00.000,2026-02-04 18:58:10.000,2108,2026-02-04 18:58:06.350,2026-02-04 18:58:02.266,-4083.739,60.002960205078125,0
2026-02-04 18:58:00.000,2026-02-04 18:58:10.000,477,2026-02-04 18:58:06.366,2026-02-04 18:58:02.272,-4094.084,60.00052261352539,0
2026-02-04 18:58:00.000,2026-02-04 18:58:10.000,2423,2026-02-04 18:58:06.280,2026-02-04 18:58:02.278,-4001.445,50.01753234863281,0
2026-02-04 18:58:00.000,2026-02-04 18:58:10.000,2108,2026-02-04 18:58:06.366,2026-02-04 18:58:02.279,-4087.593,60.00220489501953,0
2026-02-04 18:58:00.000,2026-02-04 18:58:10.000,477,2026-02-04 18:58:06.383,2026-02-04 18:58:02.288,-4095.012,60.00125503540039,0
2026-02-04 18:58:00.000,2026-02-04 18:58:10.000,2108,2026-02-04 18:58:06.383,2026-02-04 18:58:02.295,-4087.365,60.0001220703125,0
2026-02-04 18:58:00.000,2026-02-04 18:58:10.000,2423,2026-02-04 18:58:06.300,2026-02-04 18:58:02.297,-4002.037,50.0203857421875,0
2026-02-04 18:58:00.000,2026-02-04 18:58:10.000,477,2026-02-04 18:58:06.400,2026-02-04 18:58:02.305,-4094.518,60.0015983581543,0
2026-02-04 18:58:00.000,2026-02-04 18:58:10.000,2108,2026-02-04 18:58:06.400,2026-02-04 18:58:02.312,-4087.519,60.000526428222656,0
2026-02-04 18:58:00.000,2026-02-04 18:58:10.000,2423,2026-02-04 18:58:06.320,2026-02-04 18:58:02.318,-4001.727,50.02233123779297,0
2026-02-04 18:58:00.000,2026-02-04 18:58:10.000,477,2026-02-04 18:58:06.416,2026-02-04 18:58:02.321,-4095.389,60.001625061035156,0
2026-02-04 18:58:00.000,2026-02-04 18:58:10.000,2108,2026-02-04 18:58:06.416,2026-02-04 18:58:02.328,-4088.027,60.005775451660156,0
2026-02-04 18:58:00.000,2026-02-04 18:58:10.000,2423,2026-02-04 18:58:06.339,2026-02-04 18:58:02.337,-4002.847,50.01938247680664,0
2026-02-04 18:58:00.000,2026-02-04 18:58:10.000,477,2026-02-04 18:58:06.433,2026-02-04 18:58:02.338,-4094.641,60.00214767456055,0
2026-02-04 18:58:00.000,2026-02-04 18:58:10.000,2108,2026-02-04 18:58:06.433,2026-02-04 18:58:02.345,-4087.529,60.00786209106445,0
2026-02-04 18:58:00.000,2026-02-04 18:58:10.000,477,2026-02-04 18:58:06.450,2026-02-04 18:58:02.355,-4094.527,60.00162124633789,0
2026-02-04 18:58:00.000,2026-02-04 18:58:10.000,2423,2026-02-04 18:58:06.360,2026-02-04 18:58:02.369,-3990.014,50.017032623291016,0
2026-02-04 18:58:00.000,2026-02-04 18:58:10.000,2108,2026-02-04 18:58:06.450,2026-02-04 18:58:02.370,-4079.016,59.999473571777344,0
2026-02-04 18:58:00.000,2026-02-04 18:58:10.000,2423,2026-02-04 18:58:06.380,2026-02-04 18:58:02.378,-4001.512,50.018409729003906,0
2026-02-04 18:58:00.000,2026-02-04 18:58:10.000,2108,2026-02-04 18:58:06.466,2026-02-04 18:58:02.378,-4088.168,59.9935417175293,0
2026-02-04 18:58:00.000,2026-02-04 18:58:10.000,477,2026-02-04 18:58:06.466,2026-02-04 18:58:02.392,-4074.602,60.001136779785156,0
2026-02-04 18:58:00.000,2026-02-04 18:58:10.000,477,2026-02-04 18:58:06.483,2026-02-04 18:58:02.393,-4090.113,60.002010345458984,0
2026-02-04 18:58:00.000,2026-02-04 18:58:10.000,2108,2026-02-04 18:58:06.483,2026-02-04 18:58:02.395,-4088.107,59.99952697753906,0
2026-02-04 18:58:00.000,2026-02-04 18:58:10.000,2423,2026-02-04 18:58:06.400,2026-02-04 18:58:02.398,-4001.779,50.01961898803711,0
2026-02-04 18:58:00.000,2026-02-04 18:58:10.000,477,2026-02-04 18:58:06.499,2026-02-04 18:58:02.404,-4095.258,60.002357482910156,0
2026-02-04 18:58:00.000,2026-02-04 18:58:10.000,2108,2026-02-04 18:58:06.499,2026-02-04 18:58:02.411,-4088.259,60.00575256347656,0
2026-02-04 18:58:00.000,2026-02-04 18:58:10.000,2423,2026-02-04 18:58:06.419,2026-02-04 18:58:02.418,-4001.743,50.019649505615234,0
2026-02-04 18:58:00.000,2026-02-04 18:58:10.000,477,2026-02-04 18:58:06.516,2026-02-04 18:58:02.421,-4095.419,60.00206756591797,0
2026-02-04 18:58:00.000,2026-02-04 18:58:10.000,2108,2026-02-04 18:58:06.516,2026-02-04 18:58:02.429,-4087.387,60.005584716796875,0
2026-02-04 18:58:00.000,2026-02-04 18:58:10.000,477,2026-02-04 18:58:06.533,2026-02-04 18:58:02.438,-4095.016,60.00203323364258,0
2026-02-04 18:58:00.000,2026-02-04 18:58:10.000,2423,2026-02-04 18:58:06.440,2026-02-04 18:58:02.438,-4001.681,50.01882553100586,0
2026-02-04 18:58:00.000,2026-02-04 18:58:10.000,2108,2026-02-04 18:58:06.533,2026-02-04 18:58:02.445,-4087.919,60.0010986328125,0
2026-02-04 18:58:00.000,2026-02-04 18:58:10.000,477,2026-02-04 18:58:06.550,2026-02-04 18:58:02.455,-4094.555,60.001373291015625,0
2026-02-04 18:58:00.000,2026-02-04 18:58:10.000,2423,2026-02-04 18:58:06.460,2026-02-04 18:58:02.458,-4001.566,50.01889419555664,0
2026-02-04 18:58:00.000,2026-02-04 18:58:10.000,2108,2026-02-04 18:58:06.550,2026-02-04 18:58:02.461,-4088.009,59.9957275390625,0
2026-02-04 18:58:00.000,2026-02-04 18:58:10.000,477,2026-02-04 18:58:06.566,2026-02-04 18:58:02.471,-4095.510,60.00066375732422,0
2026-02-04 18:58:00.000,2026-02-04 18:58:10.000,2423,2026-02-04 18:58:06.480,2026-02-04 18:58:02.478,-4001.704,50.020503997802734,0
2026-02-04 18:58:00.000,2026-02-04 18:58:10.000,2108,2026-02-04 18:58:06.566,2026-02-04 18:58:02.479,-4087.372,59.99711227416992,0
2026-02-04 18:58:00.000,2026-02-04 18:58:10.000,477,2026-02-04 18:58:06.583,2026-02-04 18:58:02.488,-4094.929,60.00080490112305,0
2026-02-04 18:58:00.000,2026-02-04 18:58:10.000,2108,2026-02-04 18:58:06.583,2026-02-04 18:58:02.496,-4086.831,60.00343704223633,0
2026-02-04 18:58:00.000,2026-02-04 18:58:10.000,2423,2026-02-04 18:58:06.499,2026-02-04 18:58:02.497,-4002.488,50.019630432128906,0
2026-02-04 18:58:00.000,2026-02-04 18:58:10.000,477,2026-02-04 18:58:06.600,2026-02-04 18:58:02.505,-4094.981,60.0014533996582,0
2026-02-04 18:58:00.000,2026-02-04 18:58:10.000,2108,2026-02-04 18:58:06.600,2026-02-04 18:58:02.513,-4086.983,60.0040168762207,0
2026-02-04 18:58:00.000,2026-02-04 18:58:10.000,2423,2026-02-04 18:58:06.520,2026-02-04 18:58:02.518,-4001.907,50.018775939941406,0
2026-02-04 18:58:00.000,2026-02-04 18:58:10.000,477,2026-02-04 18:58:06.616,2026-02-04 18:58:02.521,-4095.571,60.00226974487305,0
2026-02-04 18:58:00.000,2026-02-04 18:58:10.000,2108,2026-02-04 18:58:06.616,2026-02-04 18:58:02.529,-4087.504,60.000362396240234,0
2026-02-04 18:58:00.000,2026-02-04 18:58:10.000,2423,2026-02-04 18:58:06.540,2026-02-04 18:58:02.538,-4001.787,50.022216796875,0
2026-02-04 18:58:00.000,2026-02-04 18:58:10.000,477,2026-02-04 18:58:06.633,2026-02-04 18:58:02.538,-4095.107,60.00214385986328,0
2026-02-04 18:58:00.000,2026-02-04 18:58:10.000,2108,2026-02-04 18:58:06.633,2026-02-04 18:58:02.545,-4088.053,60.0003547668457,0
2026-02-04 18:58:00.000,2026-02-04 18:58:10.000,477,2026-02-04 18:58:06.650,2026-02-04 18:58:02.554,-4095.102,60.001853942871094,0
2026-02-04 18:58:00.000,2026-02-04 18:58:10.000,2423,2026-02-04 18:58:06.560,2026-02-04 18:58:02.557,-4002.100,50.02414321899414,0
2026-02-04 18:58:00.000,2026-02-04 18:58:10.000,2108,2026-02-04 18:58:06.650,2026-02-04 18:58:02.561,-4088.105,60.00325012207031,0
2026-02-04 18:58:00.000,2026-02-04 18:58:10.000,477,2026-02-04 18:58:06.666,2026-02-04 18:58:02.571,-4095.258,60.002418518066406,0
2026-02-04 18:58:00.000,2026-02-04 18:58:10.000,2423,2026-02-04 18:58:06.579,2026-02-04 18:58:02.577,-4002.071,50.020729064941406,0
2026-02-04 18:58:00.000,2026-02-04 18:58:10.000,2108,2026-02-04 18:58:06.666,2026-02-04 18:58:02.578,-4087.742,60.0068473815918,0
2026-02-04 18:58:00.000,2026-02-04 18:58:10.000,477,2026-02-04 18:58:06.683,2026-02-04 18:58:02.588,-4095.315,60.00281524658203,0
2026-02-04 18:58:00.000,2026-02-04 18:58:10.000,2108,2026-02-04 18:58:06.683,2026-02-04 18:58:02.596,-4087.232,60.00608825683594,0
2026-02-04 18:58:00.000,2026-02-04 18:58:10.000,2423,2026-02-04 18:58:06.600,2026-02-04 18:58:02.599,-4000.904,50.01677703857422,0
2026-02-04 18:58:00.000,2026-02-04 18:58:10.000,477,2026-02-04 18:58:06.700,2026-02-04 18:58:02.605,-4094.850,60.00250244140625,0
2026-02-04 18:58:00.000,2026-02-04 18:58:10.000,2108,2026-02-04 18:58:06.700,2026-02-04 18:58:02.612,-4087.849,59.99943923950195,0
2026-02-04 18:58:00.000,2026-02-04 18:58:10.000,2423,2026-02-04 18:58:06.620,2026-02-04 18:58:02.618,-4001.715,50.01757049560547,0
2026-02-04 18:58:00.000,2026-02-04 18:58:10.000,477,2026-02-04 18:58:06.716,2026-02-04 18:58:02.622,-4094.382,60.00245666503906,0
2026-02-04 18:58:00.000,2026-02-04 18:58:10.000,2108,2026-02-04 18:58:06.716,2026-02-04 18:58:02.629,-4087.295,59.99872970581055,0
2026-02-04 18:58:00.000,2026-02-04 18:58:10.000,477,2026-02-04 18:58:06.733,2026-02-04 18:58:02.759,-3974.232,60.001834869384766,0
2026-02-04 18:58:00.000,2026-02-04 18:58:10.000,2108,2026-02-04 18:58:06.733,2026-02-04 18:58:02.759,-3974.232,60.00304412841797,0
2026-02-04 18:58:00.000,2026-02-04 18:58:10.000,2108,2026-02-04 18:58:06.750,2026-02-04 18:58:02.759,-3990.896,60.00373077392578,0
2026-02-04 18:58:00.000,2026-02-04 18:58:10.000,477,2026-02-04 18:58:06.750,2026-02-04 18:58:02.759,-3990.896,60.00148391723633,0
2026-02-04 18:58:00.000,2026-02-04 18:58:10.000,477,2026-02-04 18:58:06.766,2026-02-04 18:58:02.759,-4007.568,60.00269317626953,0
2026-02-04 18:58:00.000,2026-02-04 18:58:10.000,2108,2026-02-04 18:58:06.766,2026-02-04 18:58:02.759,-4007.568,60.00307083129883,0
2026-02-04 18:58:00.000,2026-02-04 18:58:10.000,2108,2026-02-04 18:58:06.783,2026-02-04 18:58:02.759,-4024.232,59.99919128417969,0
2026-02-04 18:58:00.000,2026-02-04 18:58:10.000,477,2026-02-04 18:58:06.783,2026-02-04 18:58:02.759,-4024.232,60.00295639038086,0
2026-02-04 18:58:00.000,2026-02-04 18:58:10.000,2108,2026-02-04 18:58:06.800,2026-02-04 18:58:02.759,-4040.896,59.99776840209961,0
2026-02-04 18:58:00.000,2026-02-04 18:58:10.000,477,2026-02-04 18:58:06.800,2026-02-04 18:58:02.759,-4040.896,60.00160217285156,0
2026-02-04 18:58:00.000,2026-02-04 18:58:10.000,477,2026-02-04 18:58:06.816,2026-02-04 18:58:02.759,-4057.560,60.001487731933594,0
2026-02-04 18:58:00.000,2026-02-04 18:58:10.000,2108,2026-02-04 18:58:06.816,2026-02-04 18:58:02.759,-4057.560,60.004432678222656,0
2026-02-04 18:58:00.000,2026-02-04 18:58:10.000,2108,2026-02-04 18:58:06.833,2026-02-04 18:58:02.759,-4074.224,60.007877349853516,0
2026-02-04 18:58:00.000,2026-02-04 18:58:10.000,477,2026-02-04 18:58:06.833,2026-02-04 18:58:02.759,-4074.224,60.002925872802734,0
2026-02-04 18:58:00.000,2026-02-04 18:58:10.000,2423,2026-02-04 18:58:06.640,2026-02-04 18:58:02.759,-3880.896,50.02078628540039,0
2026-02-04 18:58:00.000,2026-02-04 18:58:10.000,2423,2026-02-04 18:58:06.659,2026-02-04 18:58:02.759,-3900.888,50.02035140991211,0
2026-02-04 18:58:00.000,2026-02-04 18:58:10.000,2423,2026-02-04 18:58:06.680,2026-02-04 18:58:02.759,-3920.896,50.01749038696289,0
2026-02-04 18:58:00.000,2026-02-04 18:58:10.000,2423,2026-02-04 18:58:06.700,2026-02-04 18:58:02.759,-3940.904,50.01738739013672,0
2026-02-04 18:58:00.000,2026-02-04 18:58:10.000,477,2026-02-04 18:58:06.850,2026-02-04 18:58:02.759,-4090.896,60.00327682495117,0
2026-02-04 18:58:00.000,2026-02-04 18:58:10.000,2423,2026-02-04 18:58:06.720,2026-02-04 18:58:02.762,-3957.896,50.018028259277344,0
2026-02-04 18:58:00.000,2026-02-04 18:58:10.000,2423,2026-02-04 18:58:06.739,2026-02-04 18:58:02.762,-3977.888,50.017452239990234,0
2026-02-04 18:58:00.000,2026-02-04 18:58:10.000,2423,2026-02-04 18:58:06.760,2026-02-04 18:58:02.762,-3997.896,50.0190544128418,0
2026-02-04 18:58:00.000,2026-02-04 18:58:10.000,2108,2026-02-04 18:58:06.850,2026-02-04 18:58:02.764,-4085.386,60.00281524658203,0
2026-02-04 18:58:00.000,2026-02-04 18:58:10.000,477,2026-02-04 18:58:06.866,2026-02-04 18:58:02.771,-4095.047,60.00275802612305,0
2026-02-04 18:58:00.000,2026-02-04 18:58:10.000,2423,2026-02-04 18:58:06.780,2026-02-04 18:58:02.781,-3998.883,50.02035140991211,0
2026-02-04 18:58:00.000,2026-02-04 18:58:10.000,2108,2026-02-04 18:58:06.866,2026-02-04 18:58:02.781,-4085.538,59.999000549316406,0
2026-02-04 18:58:00.000,2026-02-04 18:58:10.000,477,2026-02-04 18:58:06.883,2026-02-04 18:58:02.788,-4095.121,60.00292205810547,0
2026-02-04 18:58:00.000,2026-02-04 18:58:10.000,2108,2026-02-04 18:58:06.883,2026-02-04 18:58:02.795,-4087.450,60.00184631347656,0
2026-02-04 18:58:00.000,2026-02-04 18:58:10.000,2423,2026-02-04 18:58:06.800,2026-02-04 18:58:02.797,-4002.122,50.019287109375,0
2026-02-04 18:58:00.000,2026-02-04 18:58:10.000,477,2026-02-04 18:58:06.899,2026-02-04 18:58:02.804,-4095.461,60.00261306762695,0
2026-02-04 18:58:00.000,2026-02-04 18:58:10.000,2108,2026-02-04 18:58:06.899,2026-02-04 18:58:02.811,-4088.462,60.00361251831055,0
2026-02-04 18:58:00.000,2026-02-04 18:58:10.000,2423,2026-02-04 18:58:06.819,2026-02-04 18:58:02.818,-4001.951,50.01863098144531,0
2026-02-04 18:58:00.000,2026-02-04 18:58:10.000,477,2026-02-04 18:58:06.916,2026-02-04 18:58:02.821,-4095.627,60.00162124633789,0
2026-02-04 18:58:00.000,2026-02-04 18:58:10.000,2108,2026-02-04 18:58:06.916,2026-02-04 18:58:02.829,-4087.574,60.00287628173828,0
2026-02-04 18:58:00.000,2026-02-04 18:58:10.000,2423,2026-02-04 18:58:06.840,2026-02-04 18:58:02.838,-4001.787,50.018157958984375,0
2026-02-04 18:58:00.000,2026-02-04 18:58:10.000,477,2026-02-04 18:58:06.933,2026-02-04 18:58:02.838,-4095.124,60.00204849243164,0
2026-02-04 18:58:00.000,2026-02-04 18:58:10.000,2108,2026-02-04 18:58:06.933,2026-02-04 18:58:02.845,-4087.985,60.00041961669922,0
2026-02-04 18:58:00.000,2026-02-04 18:58:10.000,477,2026-02-04 18:58:06.950,2026-02-04 18:58:02.854,-4095.616,60.003135681152344,0
2026-02-04 18:58:00.000,2026-02-04 18:58:10.000,2423,2026-02-04 18:58:06.860,2026-02-04 18:58:02.858,-4001.624,50.01789855957031,0
2026-02-04 18:58:00.000,2026-02-04 18:58:10.000,2108,2026-02-04 18:58:06.950,2026-02-04 18:58:02.862,-4087.611,59.999305725097656,0
2026-02-04 18:58:00.000,2026-02-04 18:58:10.000,477,2026-02-04 18:58:06.966,2026-02-04 18:58:02.871,-4095.213,60.00278854370117,0
2026-02-04 18:58:00.000,2026-02-04 18:58:10.000,2423,2026-02-04 18:58:06.880,2026-02-04 18:58:02.877,-4002.506,50.01856231689453,0
2026-02-04 18:58:00.000,2026-02-04 18:58:10.000,2108,2026-02-04 18:58:06.966,2026-02-04 18:58:02.878,-4088.181,60.003875732421875,0
2026-02-04 18:58:00.000,2026-02-04 18:58:10.000,477,2026-02-04 18:58:06.983,2026-02-04 18:58:02.888,-4095.333,60.001766204833984,0
2026-02-04 18:58:00.000,2026-02-04 18:58:10.000,2108,2026-02-04 18:58:06.983,2026-02-04 18:58:02.896,-4087.299,60.00666427612305,0
2026-02-04 18:58:00.000,2026-02-04 18:58:10.000,2423,2026-02-04 18:58:06.899,2026-02-04 18:58:02.898,-4001.956,50.019832611083984,0
2026-02-04 18:58:00.000,2026-02-04 18:58:10.000,477,2026-02-04 18:58:07.000,2026-02-04 18:58:02.905,-4094.907,60.00117111206055,0
2026-02-04 18:58:00.000,2026-02-04 18:58:10.000,2108,2026-02-04 18:58:07.000,2026-02-04 18:58:02.912,-4087.905,60.00274658203125,0
2026-02-04 18:58:00.000,2026-02-04 18:58:10.000,2423,2026-02-04 18:58:06.920,2026-02-04 18:58:02.918,-4001.787,50.0195198059082,0
2026-02-04 18:58:00.000,2026-02-04 18:58:10.000,477,2026-02-04 18:58:07.016,2026-02-04 18:58:02.921,-4095.448,60.001564025878906,0
2026-02-04 18:58:00.000,2026-02-04 18:58:10.000,2108,2026-02-04 18:58:07.016,2026-02-04 18:58:02.929,-4087.214,59.99858474731445,0
2026-02-04 18:58:00.000,2026-02-04 18:58:10.000,2423,2026-02-04 18:58:06.940,2026-02-04 18:58:02.937,-4002.046,50.01869583129883,0
2026-02-04 18:58:00.000,2026-02-04 18:58:10.000,477,2026-02-04 18:58:07.033,2026-02-04 18:58:02.937,-4095.366,60.00267791748047,0
2026-02-04 18:58:00.000,2026-02-04 18:58:10.000,2108,2026-02-04 18:58:07.033,2026-02-04 18:58:02.946,-4086.855,59.99990463256836,0
2026-02-04 18:58:00.000,2026-02-04 18:58:10.000,477,2026-02-04 18:58:07.050,2026-02-04 18:58:02.954,-4095.413,60.00288772583008,0
2026-02-04 18:58:00.000,2026-02-04 18:58:10.000,2423,2026-02-04 18:58:06.960,2026-02-04 18:58:02.957,-4002.413,50.01921844482422,0
2026-02-04 18:58:00.000,2026-02-04 18:58:10.000,2108,2026-02-04 18:58:07.050,2026-02-04 18:58:02.963,-4086.906,60.00403594970703,0
2026-02-04 18:58:00.000,2026-02-04 18:58:10.000,477,2026-02-04 18:58:07.066,2026-02-04 18:58:02.971,-4095.565,60.002906799316406,0
2026-02-04 18:58:00.000,2026-02-04 18:58:10.000,2423,2026-02-04 18:58:06.979,2026-02-04 18:58:02.979,-4000.632,50.017723083496094,0
2026-02-04 18:58:00.000,2026-02-04 18:58:10.000,2108,2026-02-04 18:58:07.066,2026-02-04 18:58:02.979,-4087.304,60.006629943847656,0
2026-02-04 18:58:00.000,2026-02-04 18:58:10.000,477,2026-02-04 18:58:07.083,2026-02-04 18:58:02.988,-4094.899,60.00365447998047,0
2026-02-04 18:58:00.000,2026-02-04 18:58:10.000,2108,2026-02-04 18:58:07.083,2026-02-04 18:58:02.995,-4087.837,60.00434494018555,0
2026-02-04 18:58:00.000,2026-02-04 18:58:10.000,2423,2026-02-04 18:58:07.000,2026-02-04 18:58:02.998,-4001.507,50.01565933227539,0
2026-02-04 18:58:00.000,2026-02-04 18:58:10.000,477,2026-02-04 18:58:07.100,2026-02-04 18:58:03.005,-4095.001,60.003719329833984,0
2026-02-04 18:58:00.000,2026-02-04 18:58:10.000,2108,2026-02-04 18:58:07.100,2026-02-04 18:58:03.012,-4088.003,60.001625061035156,0
2026-02-04 18:58:00.000,2026-02-04 18:58:10.000,2423,2026-02-04 18:58:07.020,2026-02-04 18:58:03.018,-4001.717,50.01706314086914,0
2026-02-04 18:58:00.000,2026-02-04 18:58:10.000,477,2026-02-04 18:58:07.116,2026-02-04 18:58:03.021,-4095.379,60.00305938720703,0
2026-02-04 18:58:00.000,2026-02-04 18:58:10.000,2108,2026-02-04 18:58:07.116,2026-02-04 18:58:03.028,-4088.164,60.00285720825195,0
2026-02-04 18:58:00.000,2026-02-04 18:58:10.000,2423,2026-02-04 18:58:07.040,2026-02-04 18:58:03.038,-4001.984,50.01922607421875,0
2026-02-04 18:58:00.000,2026-02-04 18:58:10.000,477,2026-02-04 18:58:07.133,2026-02-04 18:58:03.038,-4095.320,60.002647399902344,0
2026-02-04 18:58:00.000,2026-02-04 18:58:10.000,2108,2026-02-04 18:58:07.133,2026-02-04 18:58:03.045,-4088.236,60.00299835205078,0
2026-02-04 18:58:00.000,2026-02-04 18:58:10.000,477,2026-02-04 18:58:07.150,2026-02-04 18:58:03.054,-4095.385,60.00254821777344,0
2026-02-04 18:58:00.000,2026-02-04 18:58:10.000,2423,2026-02-04 18:58:07.059,2026-02-04 18:58:03.058,-4001.377,50.0186653137207,0
2026-02-04 18:58:00.000,2026-02-04 18:58:10.000,2108,2026-02-04 18:58:07.150,2026-02-04 18:58:03.061,-4088.386,60.00265121459961,0
2026-02-04 18:58:00.000,2026-02-04 18:58:10.000,477,2026-02-04 18:58:07.166,2026-02-04 18:58:03.071,-4095.547,60.003273010253906,0
2026-02-04 18:58:00.000,2026-02-04 18:58:10.000,2423,2026-02-04 18:58:07.080,2026-02-04 18:58:03.078,-4001.792,50.0170783996582,0
2026-02-04 18:58:00.000,2026-02-04 18:58:10.000,2108,2026-02-04 18:58:07.166,2026-02-04 18:58:03.079,-4087.464,60.0025749206543,0
2026-02-04 18:58:00.000,2026-02-04 18:58:10.000,477,2026-02-04 18:58:07.183,2026-02-04 18:58:03.088,-4094.582,60.003623962402344,0
2026-02-04 18:58:00.000,2026-02-04 18:58:10.000,2108,2026-02-04 18:58:07.183,2026-02-04 18:58:03.097,-4085.557,60.00188064575195,0
2026-02-04 18:58:00.000,2026-02-04 18:58:10.000,2423,2026-02-04 18:58:07.100,2026-02-04 18:58:03.098,-4001.229,50.017520904541016,0
2026-02-04 18:58:00.000,2026-02-04 18:58:10.000,477,2026-02-04 18:58:07.200,2026-02-04 18:58:03.104,-4095.672,60.00259017944336,0
2026-02-04 18:58:00.000,2026-02-04 18:58:10.000,2108,2026-02-04 18:58:07.200,2026-02-04 18:58:03.111,-4088.078,60.00455856323242,0
2026-02-04 18:58:00.000,2026-02-04 18:58:10.000,2423,2026-02-04 18:58:07.120,2026-02-04 18:58:03.118,-4001.569,50.01887893676758,0
2026-02-04 18:58:00.000,2026-02-04 18:58:10.000,477,2026-02-04 18:58:07.216,2026-02-04 18:58:03.121,-4095.232,60.0025749206543,0
2026-02-04 18:58:00.000,2026-02-04 18:58:10.000,2108,2026-02-04 18:58:07.216,2026-02-04 18:58:03.128,-4088.104,60.007102966308594,0
2026-02-04 18:58:00.000,2026-02-04 18:58:10.000,477,2026-02-04 18:58:07.233,2026-02-04 18:58:03.138,-4095.252,60.00380325317383,0
2026-02-04 18:58:00.000,2026-02-04 18:58:10.000,2423,2026-02-04 18:58:07.139,2026-02-04 18:58:03.138,-4001.916,50.0178108215332,0
2026-02-04 18:58:00.000,2026-02-04 18:58:10.000,2108,2026-02-04 18:58:07.233,2026-02-04 18:58:03.145,-4088.169,60.003421783447266,0
2026-02-04 18:58:00.000,2026-02-04 18:58:10.000,477,2026-02-04 18:58:07.250,2026-02-04 18:58:03.154,-4095.268,60.00415802001953,0
2026-02-04 18:58:00.000,2026-02-04 18:58:10.000,2423,2026-02-04 18:58:07.160,2026-02-04 18:58:03.157,-4002.266,50.01624298095703,0
2026-02-04 18:58:00.000,2026-02-04 18:58:10.000,2108,2026-02-04 18:58:07.250,2026-02-04 18:58:03.161,-4088.269,59.99918746948242,0
2026-02-04 18:58:00.000,2026-02-04 18:58:10.000,477,2026-02-04 18:58:07.266,2026-02-04 18:58:03.171,-4095.418,60.0036506652832,0
2026-02-04 18:58:00.000,2026-02-04 18:58:10.000,2423,2026-02-04 18:58:07.180,2026-02-04 18:58:03.178,-4001.705,50.01713562011719,0
2026-02-04 18:58:00.000,2026-02-04 18:58:10.000,2108,2026-02-04 18:58:07.266,2026-02-04 18:58:03.179,-4087.363,60.00045394897461,0
2026-02-04 18:58:00.000,2026-02-04 18:58:10.000,477,2026-02-04 18:58:07.283,2026-02-04 18:58:03.188,-4094.912,60.00351333618164,0
2026-02-04 18:58:00.000,2026-02-04 18:58:10.000,2108,2026-02-04 18:58:07.283,2026-02-04 18:58:03.195,-4087.886,60.00261306762695,0
2026-02-04 18:58:00.000,2026-02-04 18:58:10.000,2423,2026-02-04 18:58:07.200,2026-02-04 18:58:03.198,-4001.558,50.01884460449219,0
2026-02-04 18:58:00.000,2026-02-04 18:58:10.000,477,2026-02-04 18:58:07.299,2026-02-04 18:58:03.204,-4095.041,60.00362014770508,0
2026-02-04 18:58:00.000,2026-02-04 18:58:10.000,2108,2026-02-04 18:58:07.299,2026-02-04 18:58:03.211,-4088.042,60.00342559814453,0
2026-02-04 18:58:00.000,2026-02-04 18:58:10.000,2423,2026-02-04 18:58:07.219,2026-02-04 18:58:03.218,-4001.532,50.01957321166992,0
2026-02-04 18:58:00.000,2026-02-04 18:58:10.000,477,2026-02-04 18:58:07.316,2026-02-04 18:58:03.221,-4095.208,60.00395202636719,0
2026-02-04 18:58:00.000,2026-02-04 18:58:10.000,2108,2026-02-04 18:58:07.316,2026-02-04 18:58:03.228,-4088.143,60.004241943359375,0
2026-02-04 18:58:00.000,2026-02-04 18:58:10.000,2423,2026-02-04 18:58:07.240,2026-02-04 18:58:03.238,-4001.962,50.020198822021484,0
2026-02-04 18:58:00.000,2026-02-04 18:58:10.000,477,2026-02-04 18:58:07.333,2026-02-04 18:58:03.242,-4091.297,60.00386047363281,0
2026-02-04 18:58:00.000,2026-02-04 18:58:10.000,2108,2026-02-04 18:58:07.333,2026-02-04 18:58:03.246,-4087.185,60.00508499145508,0
2026-02-04 18:58:00.000,2026-02-04 18:58:10.000,2423,2026-02-04 18:58:07.260,2026-02-04 18:58:03.257,-4002.349,50.02079391479492,0
2026-02-04 18:58:00.000,2026-02-04 18:58:10.000,2108,2026-02-04 18:58:07.350,2026-02-04 18:58:03.261,-4088.340,60.0054817199707,0
2026-02-04 18:58:00.000,2026-02-04 18:58:10.000,477,2026-02-04 18:58:07.350,2026-02-04 18:58:03.285,-4064.723,60.00318145751953,0
2026-02-04 18:58:00.000,2026-02-04 18:58:10.000,2423,2026-02-04 18:58:07.280,2026-02-04 18:58:03.286,-3993.721,50.019569396972656,0
2026-02-04 18:58:00.000,2026-02-04 18:58:10.000,477,2026-02-04 18:58:07.366,2026-02-04 18:58:03.287,-4079.393,60.00310134887695,0
2026-02-04 18:58:00.000,2026-02-04 18:58:10.000,2108,2026-02-04 18:58:07.366,2026-02-04 18:58:03.287,-4079.393,60.00621032714844,0
2026-02-04 18:58:00.000,2026-02-04 18:58:10.000,477,2026-02-04 18:58:07.383,2026-02-04 18:58:03.293,-4089.977,60.00333023071289,0
2026-02-04 18:58:00.000,2026-02-04 18:58:10.000,2108,2026-02-04 18:58:07.383,2026-02-04 18:58:03.306,-4076.464,60.00565719604492,0
2026-02-04 18:58:00.000,2026-02-04 18:58:10.000,2423,2026-02-04 18:58:07.299,2026-02-04 18:58:03.307,-3992.119,50.01716995239258,0
2026-02-04 18:58:00.000,2026-02-04 18:58:10.000,2108,2026-02-04 18:58:07.400,2026-02-04 18:58:03.311,-4088.126,60.001346588134766,0
2026-02-04 18:58:00.000,2026-02-04 18:58:10.000,2423,2026-02-04 18:58:07.320,2026-02-04 18:58:03.318,-4001.615,50.01659393310547,0
2026-02-04 18:58:00.000,2026-02-04 18:58:10.000,477,2026-02-04 18:58:07.400,2026-02-04 18:58:03.325,-4074.193,60.00339126586914,0
2026-02-04 18:58:00.000,2026-02-04 18:58:10.000,477,2026-02-04 18:58:07.416,2026-02-04 18:58:03.325,-4090.857,60.003849029541016,0
2026-02-04 18:58:00.000,2026-02-04 18:58:10.000,2108,2026-02-04 18:58:07.416,2026-02-04 18:58:03.328,-4087.857,60.000152587890625,0
2026-02-04 18:58:00.000,2026-02-04 18:58:10.000,477,2026-02-04 18:58:07.433,2026-02-04 18:58:03.338,-4095.008,60.00373840332031,0
2026-02-04 18:58:00.000,2026-02-04 18:58:10.000,2423,2026-02-04 18:58:07.340,2026-02-04 18:58:03.338,-4001.688,50.01849365234375,0
2026-02-04 18:58:00.000,2026-02-04 18:58:10.000,2108,2026-02-04 18:58:07.433,2026-02-04 18:58:03.345,-4087.974,60.00278854370117,0
2026-02-04 18:58:00.000,2026-02-04 18:58:10.000,477,2026-02-04 18:58:07.450,2026-02-04 18:58:03.355,-4094.950,60.00236129760742,0
2026-02-04 18:58:00.000,2026-02-04 18:58:10.000,2423,2026-02-04 18:58:07.360,2026-02-04 18:58:03.358,-4001.351,50.01927185058594,0
2026-02-04 18:58:00.000,2026-02-04 18:58:10.000,2108,2026-02-04 18:58:07.450,2026-02-04 18:58:03.361,-4088.352,60.00333786010742,0
2026-02-04 18:58:00.000,2026-02-04 18:58:10.000,477,2026-02-04 18:58:07.466,2026-02-04 18:58:03.371,-4095.508,60.00290298461914,0
2026-02-04 18:58:00.000,2026-02-04 18:58:10.000,2423,2026-02-04 18:58:07.379,2026-02-04 18:58:03.378,-4001.788,50.01777648925781,0
2026-02-04 18:58:00.000,2026-02-04 18:58:10.000,2108,2026-02-04 18:58:07.466,2026-02-04 18:58:03.379,-4087.460,60.001895904541016,0
2026-02-04 18:58:00.000,2026-02-04 18:58:10.000,477,2026-02-04 18:58:07.483,2026-02-04 18:58:03.388,-4095.042,60.00480651855469,0
2026-02-04 18:58:00.000,2026-02-04 18:58:10.000,2108,2026-02-04 18:58:07.483,2026-02-04 18:58:03.395,-4087.767,60.0035514831543,0
2026-02-04 18:58:00.000,2026-02-04 18:58:10.000,2423,2026-02-04 18:58:07.400,2026-02-04 18:58:03.398,-4001.439,50.01730728149414,0
2026-02-04 18:58:00.000,2026-02-04 18:58:10.000,477,2026-02-04 18:58:07.500,2026-02-04 18:58:03.405,-4094.941,60.00517654418945,0
2026-02-04 18:58:00.000,2026-02-04 18:58:10.000,2108,2026-02-04 18:58:07.500,2026-02-04 18:58:03.412,-4087.940,60.0079345703125,0
2026-02-04 18:58:00.000,2026-02-04 18:58:10.000,2423,2026-02-04 18:58:07.420,2026-02-04 18:58:03.418,-4001.638,50.019309997558594,0
2026-02-04 18:58:00.000,2026-02-04 18:58:10.000,477,2026-02-04 18:58:07.516,2026-02-04 18:58:03.421,-4095.302,60.00479507446289,0
2026-02-04 18:58:00.000,2026-02-04 18:58:10.000,2108,2026-02-04 18:58:07.516,2026-02-04 18:58:03.429,-4087.276,60.00716018676758,0
2026-02-04 18:58:00.000,2026-02-04 18:58:10.000,477,2026-02-04 18:58:07.533,2026-02-04 18:58:03.437,-4095.907,60.00416946411133,0
2026-02-04 18:58:00.000,2026-02-04 18:58:10.000,2423,2026-02-04 18:58:07.440,2026-02-04 18:58:03.437,-4002.572,50.019569396972656,0
2026-02-04 18:58:00.000,2026-02-04 18:58:10.000,2108,2026-02-04 18:58:07.533,2026-02-04 18:58:03.445,-4087.882,60.002864837646484,0
2026-02-04 18:58:00.000,2026-02-04 18:58:10.000,477,2026-02-04 18:58:07.550,2026-02-04 18:58:03.454,-4095.525,60.00288391113281,0
2026-02-04 18:58:00.000,2026-02-04 18:58:10.000,2423,2026-02-04 18:58:07.459,2026-02-04 18:58:03.458,-4001.515,50.016666412353516,0
2026-02-04 18:58:00.000,2026-02-04 18:58:10.000,2108,2026-02-04 18:58:07.550,2026-02-04 18:58:03.463,-4086.524,60.002159118652344,0
2026-02-04 18:58:00.000,2026-02-04 18:58:10.000,477,2026-02-04 18:58:07.566,2026-02-04 18:58:03.475,-4091.601,60.00301742553711,0
2026-02-04 18:58:00.000,2026-02-04 18:58:10.000,2423,2026-02-04 18:58:07.480,2026-02-04 18:58:03.478,-4001.934,50.01517105102539,0
2026-02-04 18:58:00.000,2026-02-04 18:58:10.000,2108,2026-02-04 18:58:07.566,2026-02-04 18:58:03.480,-4086.605,60.005828857421875,0
2026-02-04 18:58:00.000,2026-02-04 18:58:10.000,477,2026-02-04 18:58:07.583,2026-02-04 18:58:03.488,-4095.203,60.00482177734375,0
2026-02-04 18:58:00.000,2026-02-04 18:58:10.000,2108,2026-02-04 18:58:07.583,2026-02-04 18:58:03.497,-4086.183,60.00765609741211,0
2026-02-04 18:58:00.000,2026-02-04 18:58:10.000,2423,2026-02-04 18:58:07.500,2026-02-04 18:58:03.502,-3997.854,50.01659393310547,0
2026-02-04 18:58:00.000,2026-02-04 18:58:10.000,477,2026-02-04 18:58:07.600,2026-02-04 18:58:03.505,-4094.829,60.004913330078125,0
2026-02-04 18:58:00.000,2026-02-04 18:58:10.000,2108,2026-02-04 18:58:07.600,2026-02-04 18:58:03.511,-4088.138,60.005184173583984,0
2026-02-04 18:58:00.000,2026-02-04 18:58:10.000,2423,2026-02-04 18:58:07.520,2026-02-04 18:58:03.518,-4001.627,50.018775939941406,0
2026-02-04 18:58:00.000,2026-02-04 18:58:10.000,2108,2026-02-04 18:58:07.616,2026-02-04 18:58:03.530,-4086.120,60.00208282470703,0
2026-02-04 18:58:00.000,2026-02-04 18:58:10.000,2423,2026-02-04 18:58:07.539,2026-02-04 18:58:03.538,-4001.864,50.01872253417969,0
2026-02-04 18:58:00.000,2026-02-04 18:58:10.000,2108,2026-02-04 18:58:07.633,2026-02-04 18:58:03.546,-4086.627,60.001712799072266,0
2026-02-04 18:58:00.000,2026-02-04 18:58:10.000,477,2026-02-04 18:58:07.616,2026-02-04 18:58:03.552,-4064.449,60.00387191772461,0
2026-02-04 18:58:00.000,2026-02-04 18:58:10.000,477,2026-02-04 18:58:07.633,2026-02-04 18:58:03.552,-4081.113,60.00394058227539,0
2026-02-04 18:58:00.000,2026-02-04 18:58:10.000,477,2026-02-04 18:58:07.650,2026-02-04 18:58:03.554,-4095.272,60.00469207763672,0
2026-02-04 18:58:00.000,2026-02-04 18:58:10.000,2423,2026-02-04 18:58:07.560,2026-02-04 18:58:03.558,-4001.682,50.01792526245117,0
2026-02-04 18:58:00.000,2026-02-04 18:58:10.000,2108,2026-02-04 18:58:07.650,2026-02-04 18:58:03.562,-4087.682,60.007686614990234,0
2026-02-04 18:58:00.000,2026-02-04 18:58:10.000,477,2026-02-04 18:58:07.666,2026-02-04 18:58:03.571,-4095.163,60.005523681640625,0
2026-02-04 18:58:00.000,2026-02-04 18:58:10.000,2423,2026-02-04 18:58:07.580,2026-02-04 18:58:03.578,-4001.797,50.01970291137695,0
2026-02-04 18:58:00.000,2026-02-04 18:58:10.000,2108,2026-02-04 18:58:07.666,2026-02-04 18:58:03.579,-4087.453,60.01197052001953,0
2026-02-04 18:58:00.000,2026-02-04 18:58:10.000,477,2026-02-04 18:58:07.683,2026-02-04 18:58:03.587,-4095.437,60.00544357299805,0
2026-02-04 18:58:00.000,2026-02-04 18:58:10.000,2108,2026-02-04 18:58:07.683,2026-02-04 18:58:03.595,-4087.405,60.0075798034668,0
2026-02-04 18:58:00.000,2026-02-04 18:58:10.000,2423,2026-02-04 18:58:07.600,2026-02-04 18:58:03.601,-3998.077,50.0207633972168,0
2026-02-04 18:58:00.000,2026-02-04 18:58:10.000,477,2026-02-04 18:58:07.699,2026-02-04 18:58:03.604,-4095.553,60.00465774536133,0
2026-02-04 18:58:00.000,2026-02-04 18:58:10.000,2108,2026-02-04 18:58:07.699,2026-02-04 18:58:03.613,-4086.546,60.001136779785156,0
2026-02-04 18:58:00.000,2026-02-04 18:58:10.000,2423,2026-02-04 18:58:07.619,2026-02-04 18:58:03.618,-4001.029,50.01768112182617,0
2026-02-04 18:58:00.000,2026-02-04 18:58:10.000,477,2026-02-04 18:58:07.716,2026-02-04 18:58:03.621,-4094.709,60.0046272277832,0
2026-02-04 18:58:00.000,2026-02-04 18:58:10.000,2108,2026-02-04 18:58:07.716,2026-02-04 18:58:03.629,-4087.188,59.99859619140625,0
2026-02-04 18:58:00.000,2026-02-04 18:58:10.000,2423,2026-02-04 18:58:07.640,2026-02-04 18:58:03.637,-4002.002,50.015689849853516,0
2026-02-04 18:58:00.000,2026-02-04 18:58:10.000,477,2026-02-04 18:58:07.733,2026-02-04 18:58:03.637,-4095.338,60.00462341308594,0
2026-02-04 18:58:00.000,2026-02-04 18:58:10.000,2108,2026-02-04 18:58:07.733,2026-02-04 18:58:03.647,-4086.200,60.001976013183594,0
2026-02-04 18:58:00.000,2026-02-04 18:58:10.000,477,2026-02-04 18:58:07.750,2026-02-04 18:58:03.655,-4094.774,60.00447082519531,0
2026-02-04 18:58:00.000,2026-02-04 18:58:10.000,2423,2026-02-04 18:58:07.660,2026-02-04 18:58:03.658,-4001.777,50.01898193359375,0
2026-02-04 18:58:00.000,2026-02-04 18:58:10.000,2108,2026-02-04 18:58:07.750,2026-02-04 18:58:03.662,-4087.775,60.00737380981445,0
2026-02-04 18:58:00.000,2026-02-04 18:58:10.000,477,2026-02-04 18:58:07.766,2026-02-04 18:58:03.671,-4095.384,60.00502395629883,0
2026-02-04 18:58:00.000,2026-02-04 18:58:10.000,2423,2026-02-04 18:58:07.680,2026-02-04 18:58:03.678,-4001.653,50.02180862426758,0
2026-02-04 18:58:00.000,2026-02-04 18:58:10.000,2108,2026-02-04 18:58:07.766,2026-02-04 18:58:03.679,-4087.324,60.00691223144531,0
2026-02-04 18:58:00.000,2026-02-04 18:58:10.000,477,2026-02-04 18:58:07.783,2026-02-04 18:58:03.688,-4094.538,60.005340576171875,0
2026-02-04 18:58:00.000,2026-02-04 18:58:10.000,2108,2026-02-04 18:58:07.783,2026-02-04 18:58:03.695,-4087.519,60.002593994140625,0
2026-02-04 18:58:00.000,2026-02-04 18:58:10.000,2423,2026-02-04 18:58:07.699,2026-02-04 18:58:03.697,-4002.173,50.02000045776367,0
2026-02-04 18:58:00.000,2026-02-04 18:58:10.000,477,2026-02-04 18:58:07.800,2026-02-04 18:58:03.705,-4094.671,60.005306243896484,0
2026-02-04 18:58:00.000,2026-02-04 18:58:10.000,2108,2026-02-04 18:58:07.800,2026-02-04 18:58:03.712,-4087.672,60.00389862060547,0
2026-02-04 18:58:00.000,2026-02-04 18:58:10.000,2423,2026-02-04 18:58:07.720,2026-02-04 18:58:03.718,-4001.630,50.01819610595703,0
2026-02-04 18:58:00.000,2026-02-04 18:58:10.000,477,2026-02-04 18:58:07.816,2026-02-04 18:58:03.722,-4094.295,60.005584716796875,0
2026-02-04 18:58:00.000,2026-02-04 18:58:10.000,2108,2026-02-04 18:58:07.816,2026-02-04 18:58:03.729,-4087.166,60.008052825927734,0
2026-02-04 18:58:00.000,2026-02-04 18:58:10.000,2423,2026-02-04 18:58:07.740,2026-02-04 18:58:03.739,-4001.000,50.01960754394531,0
2026-02-04 18:58:00.000,2026-02-04 18:58:10.000,2108,2026-02-04 18:58:07.833,2026-02-04 18:58:03.746,-4087.245,60.00825119018555,0
2026-02-04 18:58:00.000,2026-02-04 18:58:10.000,2423,2026-02-04 18:58:07.760,2026-02-04 18:58:03.758,-4001.456,50.019874572753906,0
2026-02-04 18:58:00.000,2026-02-04 18:58:10.000,2108,2026-02-04 18:58:07.850,2026-02-04 18:58:03.763,-4086.948,60.00428009033203,0
2026-02-04 18:58:00.000,2026-02-04 18:58:10.000,477,2026-02-04 18:58:07.833,2026-02-04 18:58:03.764,-4069.269,60.00566101074219,0
2026-02-04 18:58:00.000,2026-02-04 18:58:10.000,477,2026-02-04 18:58:07.850,2026-02-04 18:58:03.764,-4085.941,60.00551986694336,0
2026-02-04 18:58:00.000,2026-02-04 18:58:10.000,477,2026-02-04 18:58:07.866,2026-02-04 18:58:03.772,-4094.605,60.0055046081543,0
2026-02-04 18:58:00.000,2026-02-04 18:58:10.000,2423,2026-02-04 18:58:07.779,2026-02-04 18:58:03.787,-3992.251,50.01799392700195,0
2026-02-04 18:58:00.000,2026-02-04 18:58:10.000,2108,2026-02-04 18:58:07.866,2026-02-04 18:58:03.787,-4078.923,60.00139236450195,0
2026-02-04 18:58:00.000,2026-02-04 18:58:10.000,477,2026-02-04 18:58:07.883,2026-02-04 18:58:03.788,-4094.578,60.00551223754883,0
2026-02-04 18:58:00.000,2026-02-04 18:58:10.000,2108,2026-02-04 18:58:07.883,2026-02-04 18:58:03.804,-4079.033,60.00617980957031,0
2026-02-04 18:58:00.000,2026-02-04 18:58:10.000,2423,2026-02-04 18:58:07.800,2026-02-04 18:58:03.804,-3995.705,50.0172004699707,0
2026-02-04 18:58:00.000,2026-02-04 18:58:10.000,477,2026-02-04 18:58:07.900,2026-02-04 18:58:03.805,-4094.705,60.00508117675781,0
2026-02-04 18:58:00.000,2026-02-04 18:58:10.000,2108,2026-02-04 18:58:07.900,2026-02-04 18:58:03.815,-4084.622,60.010658264160156,0
2026-02-04 18:58:00.000,2026-02-04 18:58:10.000,2423,2026-02-04 18:58:07.820,2026-02-04 18:58:03.817,-4002.116,50.01729965209961,0
2026-02-04 18:58:00.000,2026-02-04 18:58:10.000,477,2026-02-04 18:58:07.916,2026-02-04 18:58:03.821,-4094.774,60.00471115112305,0
2026-02-04 18:58:00.000,2026-02-04 18:58:10.000,2108,2026-02-04 18:58:07.916,2026-02-04 18:58:03.831,-4085.258,60.006874084472656,0
2026-02-04 18:58:00.000,2026-02-04 18:58:10.000,477,2026-02-04 18:58:07.933,2026-02-04 18:58:03.838,-4094.873,60.00511932373047,0
2026-02-04 18:58:00.000,2026-02-04 18:58:10.000,2423,2026-02-04 18:58:07.840,2026-02-04 18:58:03.838,-4001.537,50.01811981201172,0
2026-02-04 18:58:00.000,2026-02-04 18:58:10.000,2108,2026-02-04 18:58:07.933,2026-02-04 18:58:03.846,-4086.561,59.9991340637207,0
2026-02-04 18:58:00.000,2026-02-04 18:58:10.000,477,2026-02-04 18:58:07.950,2026-02-04 18:58:03.854,-4095.714,60.00559616088867,0
2026-02-04 18:58:00.000,2026-02-04 18:58:10.000,2423,2026-02-04 18:58:07.859,2026-02-04 18:58:03.859,-4000.703,50.01850891113281,0
2026-02-04 18:58:00.000,2026-02-04 18:58:10.000,2108,2026-02-04 18:58:07.950,2026-02-04 18:58:03.862,-4087.713,60.00074768066406,0
2026-02-04 18:58:00.000,2026-02-04 18:58:10.000,477,2026-02-04 18:58:07.966,2026-02-04 18:58:03.871,-4094.874,60.00613021850586,0
2026-02-04 18:58:00.000,2026-02-04 18:58:10.000,2423,2026-02-04 18:58:07.880,2026-02-04 18:58:03.878,-4001.693,50.017948150634766,0
2026-02-04 18:58:00.000,2026-02-04 18:58:10.000,2108,2026-02-04 18:58:07.966,2026-02-04 18:58:03.879,-4087.362,60.01093292236328,0
2026-02-04 18:58:00.000,2026-02-04 18:58:10.000,477,2026-02-04 18:58:07.983,2026-02-04 18:58:03.888,-4094.906,60.00633239746094,0
2026-02-04 18:58:00.000,2026-02-04 18:58:10.000,2108,2026-02-04 18:58:07.983,2026-02-04 18:58:03.895,-4087.827,60.01336669921875,0
2026-02-04 18:58:00.000,2026-02-04 18:58:10.000,2423,2026-02-04 18:58:07.900,2026-02-04 18:58:03.898,-4001.497,50.0190315246582,0
2026-02-04 18:58:00.000,2026-02-04 18:58:10.000,477,2026-02-04 18:58:08.000,2026-02-04 18:58:03.905,-4094.978,60.00653839111328,0
2026-02-04 18:58:00.000,2026-02-04 18:58:10.000,2108,2026-02-04 18:58:08.000,2026-02-04 18:58:03.912,-4087.978,60.00831985473633,0
2026-02-04 18:58:00.000,2026-02-04 18:58:10.000,2423,2026-02-04 18:58:07.920,2026-02-04 18:58:03.918,-4001.468,50.02024459838867,0
2026-02-04 18:58:00.000,2026-02-04 18:58:10.000,477,2026-02-04 18:58:08.016,2026-02-04 18:58:03.921,-4095.131,60.00715255737305,0
2026-02-04 18:58:00.000,2026-02-04 18:58:10.000,2108,2026-02-04 18:58:08.016,2026-02-04 18:58:03.929,-4087.622,60.00651168823242,0
2026-02-04 18:58:00.000,2026-02-04 18:58:10.000,477,2026-02-04 18:58:08.033,2026-02-04 18:58:03.938,-4095.220,60.00752639770508,0
2026-02-04 18:58:00.000,2026-02-04 18:58:10.000,2423,2026-02-04 18:58:07.939,2026-02-04 18:58:03.938,-4001.884,50.01835632324219,0
2026-02-04 18:58:00.000,2026-02-04 18:58:10.000,2108,2026-02-04 18:58:08.033,2026-02-04 18:58:03.946,-4087.174,60.010440826416016,0
2026-02-04 18:58:00.000,2026-02-04 18:58:10.000,477,2026-02-04 18:58:08.050,2026-02-04 18:58:03.954,-4095.381,60.00703430175781,0
2026-02-04 18:58:00.000,2026-02-04 18:58:10.000,2423,2026-02-04 18:58:07.960,2026-02-04 18:58:03.957,-4002.384,50.018287658691406,0
2026-02-04 18:58:00.000,2026-02-04 18:58:10.000,2108,2026-02-04 18:58:08.050,2026-02-04 18:58:03.963,-4086.877,60.00960922241211,0
2026-02-04 18:58:00.000,2026-02-04 18:58:10.000,477,2026-02-04 18:58:08.066,2026-02-04 18:58:03.971,-4095.535,60.00630569458008,0
2026-02-04 18:58:00.000,2026-02-04 18:58:10.000,2423,2026-02-04 18:58:07.980,2026-02-04 18:58:03.978,-4001.833,50.020774841308594,0
2026-02-04 18:58:00.000,2026-02-04 18:58:10.000,2108,2026-02-04 18:58:08.066,2026-02-04 18:58:03.979,-4087.489,60.00209426879883,0
2026-02-04 18:58:00.000,2026-02-04 18:58:10.000,477,2026-02-04 18:58:08.083,2026-02-04 18:58:03.987,-4095.773,60.00600051879883,0
2026-02-04 18:58:00.000,2026-02-04 18:58:10.000,2108,2026-02-04 18:58:08.083,2026-02-04 18:58:03.996,-4087.264,59.99892044067383,0
2026-02-04 18:58:00.000,2026-02-04 18:58:10.000,2423,2026-02-04 18:58:08.000,2026-02-04 18:58:03.998,-4001.936,50.02029037475586,0
2026-02-04 18:58:00.000,2026-02-04 18:58:10.000,477,2026-02-04 18:58:08.099,2026-02-04 18:58:04.004,-4095.787,60.0060920715332,0
2026-02-04 18:58:00.000,2026-02-04 18:58:10.000,2108,2026-02-04 18:58:08.099,2026-02-04 18:58:04.012,-4087.789,60.00238800048828,0
2026-02-04 18:58:00.000,2026-02-04 18:58:10.000,2423,2026-02-04 18:58:08.019,2026-02-04 18:58:04.018,-4001.343,50.01850128173828,0
2026-02-04 18:58:00.000,2026-02-04 18:58:10.000,477,2026-02-04 18:58:08.116,2026-02-04 18:58:04.021,-4095.023,60.006526947021484,0
2026-02-04 18:58:00.000,2026-02-04 18:58:10.000,2108,2026-02-04 18:58:08.116,2026-02-04 18:58:04.029,-4087.508,60.00699996948242,0
2026-02-04 18:58:00.000,2026-02-04 18:58:10.000,477,2026-02-04 18:58:08.133,2026-02-04 18:58:04.038,-4095.108,60.00705337524414,0
2026-02-04 18:58:00.000,2026-02-04 18:58:10.000,2423,2026-02-04 18:58:08.040,2026-02-04 18:58:04.038,-4001.772,50.01865005493164,0
2026-02-04 18:58:00.000,2026-02-04 18:58:10.000,2108,2026-02-04 18:58:08.133,2026-02-04 18:58:04.045,-4088.056,60.01011657714844,0
2026-02-04 18:58:00.000,2026-02-04 18:58:10.000,477,2026-02-04 18:58:08.150,2026-02-04 18:58:04.054,-4095.339,60.00735855102539,0
2026-02-04 18:58:00.000,2026-02-04 18:58:10.000,2423,2026-02-04 18:58:08.060,2026-02-04 18:58:04.058,-4001.347,50.01987838745117,0
2026-02-04 18:58:00.000,2026-02-04 18:58:10.000,2108,2026-02-04 18:58:08.150,2026-02-04 18:58:04.061,-4088.339,60.0106086730957,0
2026-02-04 18:58:00.000,2026-02-04 18:58:10.000,477,2026-02-04 18:58:08.166,2026-02-04 18:58:04.071,-4095.496,60.00703430175781,0
2026-02-04 18:58:00.000,2026-02-04 18:58:10.000,2423,2026-02-04 18:58:08.080,2026-02-04 18:58:04.079,-4000.615,50.02051544189453,0
2026-02-04 18:58:00.000,2026-02-04 18:58:10.000,2108,2026-02-04 18:58:08.166,2026-02-04 18:58:04.080,-4086.287,60.00666809082031,0
2026-02-04 18:58:00.000,2026-02-04 18:58:10.000,477,2026-02-04 18:58:08.183,2026-02-04 18:58:04.088,-4094.874,60.006534576416016,0
2026-02-04 18:58:00.000,2026-02-04 18:58:10.000,2108,2026-02-04 18:58:08.183,2026-02-04 18:58:04.095,-4087.405,60.004154205322266,0
2026-02-04 18:58:00.000,2026-02-04 18:58:10.000,2423,2026-02-04 18:58:08.099,2026-02-04 18:58:04.097,-4002.487,50.01910400390625,0
2026-02-04 18:58:00.000,2026-02-04 18:58:10.000,477,2026-02-04 18:58:08.200,2026-02-04 18:58:04.105,-4094.981,60.00663757324219,0
2026-02-04 18:58:00.000,2026-02-04 18:58:10.000,2108,2026-02-04 18:58:08.200,2026-02-04 18:58:04.112,-4087.976,60.008140563964844,0
2026-02-04 18:58:00.000,2026-02-04 18:58:10.000,2423,2026-02-04 18:58:08.120,2026-02-04 18:58:04.123,-3996.139,50.017311096191406,0
2026-02-04 18:58:00.000,2026-02-04 18:58:10.000,477,2026-02-04 18:58:08.216,2026-02-04 18:58:04.124,-4091.801,60.006832122802734,0
2026-02-04 18:58:00.000,2026-02-04 18:58:10.000,2108,2026-02-04 18:58:08.216,2026-02-04 18:58:04.128,-4087.802,60.00879669189453,0
2026-02-04 18:58:00.000,2026-02-04 18:58:10.000,477,2026-02-04 18:58:08.233,2026-02-04 18:58:04.138,-4094.952,60.00624084472656,0
2026-02-04 18:58:00.000,2026-02-04 18:58:10.000,2423,2026-02-04 18:58:08.140,2026-02-04 18:58:04.138,-4001.632,50.01908493041992,0
2026-02-04 18:58:00.000,2026-02-04 18:58:10.000,2108,2026-02-04 18:58:08.233,2026-02-04 18:58:04.146,-4086.435,60.0045280456543,0
2026-02-04 18:58:00.000,2026-02-04 18:58:10.000,477,2026-02-04 18:58:08.250,2026-02-04 18:58:04.154,-4095.595,60.00615692138672,0
2026-02-04 18:58:00.000,2026-02-04 18:58:10.000,2423,2026-02-04 18:58:08.160,2026-02-04 18:58:04.158,-4001.596,50.02005386352539,0
2026-02-04 18:58:00.000,2026-02-04 18:58:10.000,2108,2026-02-04 18:58:08.250,2026-02-04 18:58:04.162,-4087.594,60.00441360473633,0
2026-02-04 18:58:00.000,2026-02-04 18:58:10.000,477,2026-02-04 18:58:08.266,2026-02-04 18:58:04.171,-4095.004,60.00685119628906,0
2026-02-04 18:58:00.000,2026-02-04 18:58:10.000,2423,2026-02-04 18:58:08.179,2026-02-04 18:58:04.178,-4001.820,50.018951416015625,0
2026-02-04 18:58:00.000,2026-02-04 18:58:10.000,2108,2026-02-04 18:58:08.266,2026-02-04 18:58:04.179,-4087.492,60.006568908691406,0
2026-02-04 18:58:00.000,2026-02-04 18:58:10.000,477,2026-02-04 18:58:08.283,2026-02-04 18:58:04.188,-4095.051,60.006980895996094,0
2026-02-04 18:58:00.000,2026-02-04 18:58:10.000,2108,2026-02-04 18:58:08.283,2026-02-04 18:58:04.195,-4087.925,60.009239196777344,0
2026-02-04 18:58:00.000,2026-02-04 18:58:10.000,2423,2026-02-04 18:58:08.200,2026-02-04 18:58:04.198,-4001.596,50.02021789550781,0
2026-02-04 18:58:00.000,2026-02-04 18:58:10.000,477,2026-02-04 18:58:08.300,2026-02-04 18:58:04.204,-4095.388,60.007328033447266,0
2026-02-04 18:58:00.000,2026-02-04 18:58:10.000,2108,2026-02-04 18:58:08.300,2026-02-04 18:58:04.211,-4088.389,60.01084899902344,0
2026-02-04 18:58:00.000,2026-02-04 18:58:10.000,2423,2026-02-04 18:58:08.220,2026-02-04 18:58:04.218,-4001.878,50.020294189453125,0
2026-02-04 18:58:00.000,2026-02-04 18:58:10.000,477,2026-02-04 18:58:08.316,2026-02-04 18:58:04.222,-4094.541,60.00845718383789,0
2026-02-04 18:58:00.000,2026-02-04 18:58:10.000,2108,2026-02-04 18:58:08.316,2026-02-04 18:58:04.229,-4087.520,60.0066032409668,0
2026-02-04 18:58:00.000,2026-02-04 18:58:10.000,2423,2026-02-04 18:58:08.240,2026-02-04 18:58:04.250,-3989.135,50.01776123046875,0
2026-02-04 18:58:00.000,2026-02-04 18:58:10.000,477,2026-02-04 18:58:08.333,2026-02-04 18:58:04.250,-4082.471,60.00856399536133,0
2026-02-04 18:58:00.000,2026-02-04 18:58:10.000,2108,2026-02-04 18:58:08.333,2026-02-04 18:58:04.251,-4081.473,60.003360748291016,0
2026-02-04 18:58:00.000,2026-02-04 18:58:10.000,477,2026-02-04 18:58:08.350,2026-02-04 18:58:04.265,-4084.034,60.00799560546875,0
2026-02-04 18:58:00.000,2026-02-04 18:58:10.000,2423,2026-02-04 18:58:08.259,2026-02-04 18:58:04.265,-3994.026,50.01594543457031,0
2026-02-04 18:58:00.000,2026-02-04 18:58:10.000,2108,2026-02-04 18:58:08.350,2026-02-04 18:58:04.266,-4083.027,60.006690979003906,0
2026-02-04 18:58:00.000,2026-02-04 18:58:10.000,477,2026-02-04 18:58:08.366,2026-02-04 18:58:04.281,-4085.631,60.00862503051758,0
2026-02-04 18:58:00.000,2026-02-04 18:58:10.000,2423,2026-02-04 18:58:08.280,2026-02-04 18:58:04.283,-3996.957,50.01601028442383,0
2026-02-04 18:58:00.000,2026-02-04 18:58:10.000,2108,2026-02-04 18:58:08.366,2026-02-04 18:58:04.283,-4083.122,60.0081901550293,0
2026-02-04 18:58:00.000,2026-02-04 18:58:10.000,477,2026-02-04 18:58:08.383,2026-02-04 18:58:04.288,-4094.772,60.00905227661133,0
2026-02-04 18:58:00.000,2026-02-04 18:58:10.000,2108,2026-02-04 18:58:08.383,2026-02-04 18:58:04.297,-4086.257,60.006874084472656,0
2026-02-04 18:58:00.000,2026-02-04 18:58:10.000,2423,2026-02-04 18:58:08.300,2026-02-04 18:58:04.311,-3988.409,50.01801681518555,0
2026-02-04 18:58:00.000,2026-02-04 18:58:10.000,477,2026-02-04 18:58:08.400,2026-02-04 18:58:04.311,-4088.401,60.00813293457031,0
2026-02-04 18:58:00.000,2026-02-04 18:58:10.000,2108,2026-02-04 18:58:08.400,2026-02-04 18:58:04.314,-4085.886,60.00580596923828,0
2026-02-04 18:58:00.000,2026-02-04 18:58:10.000,2423,2026-02-04 18:58:08.320,2026-02-04 18:58:04.318,-4001.880,50.02003479003906,0
2026-02-04 18:58:00.000,2026-02-04 18:58:10.000,477,2026-02-04 18:58:08.416,2026-02-04 18:58:04.322,-4094.544,60.007686614990234,0
2026-02-04 18:58:00.000,2026-02-04 18:58:10.000,2108,2026-02-04 18:58:08.416,2026-02-04 18:58:04.330,-4086.525,60.00495910644531,0
2026-02-04 18:58:00.000,2026-02-04 18:58:10.000,2423,2026-02-04 18:58:08.339,2026-02-04 18:58:04.338,-4001.769,50.019203186035156,0
2026-02-04 18:58:00.000,2026-02-04 18:58:10.000,477,2026-02-04 18:58:08.433,2026-02-04 18:58:04.338,-4095.104,60.007869720458984,0
2026-02-04 18:58:00.000,2026-02-04 18:58:10.000,2108,2026-02-04 18:58:08.433,2026-02-04 18:58:04.345,-4088.045,60.00801086425781,0
2026-02-04 18:58:00.000,2026-02-04 18:58:10.000,477,2026-02-04 18:58:08.450,2026-02-04 18:58:04.354,-4095.288,60.007877349853516,0
2026-02-04 18:58:00.000,2026-02-04 18:58:10.000,2423,2026-02-04 18:58:08.360,2026-02-04 18:58:04.358,-4001.287,50.01748275756836,0
2026-02-04 18:58:00.000,2026-02-04 18:58:10.000,2108,2026-02-04 18:58:08.450,2026-02-04 18:58:04.361,-4088.288,60.01069259643555,0
2026-02-04 18:58:00.000,2026-02-04 18:58:10.000,477,2026-02-04 18:58:08.466,2026-02-04 18:58:04.371,-4095.438,60.008087158203125,0
2026-02-04 18:58:00.000,2026-02-04 18:58:10.000,2423,2026-02-04 18:58:08.380,2026-02-04 18:58:04.390,-3989.148,50.01797103881836,0
2026-02-04 18:58:00.000,2026-02-04 18:58:10.000,2108,2026-02-04 18:58:08.466,2026-02-04 18:58:04.390,-4075.804,60.007781982421875,0
2026-02-04 18:58:00.000,2026-02-04 18:58:10.000,477,2026-02-04 18:58:08.483,2026-02-04 18:58:04.391,-4091.467,60.008174896240234,0
2026-02-04 18:58:00.000,2026-02-04 18:58:10.000,2108,2026-02-04 18:58:08.483,2026-02-04 18:58:04.395,-4087.957,60.00441360473633,0
2026-02-04 18:58:00.000,2026-02-04 18:58:10.000,2423,2026-02-04 18:58:08.400,2026-02-04 18:58:04.397,-4002.629,50.01873016357422,0
2026-02-04 18:58:00.000,2026-02-04 18:58:10.000,2108,2026-02-04 18:58:08.499,2026-02-04 18:58:04.411,-4088.503,60.006256103515625,0
2026-02-04 18:58:00.000,2026-02-04 18:58:10.000,2423,2026-02-04 18:58:08.419,2026-02-04 18:58:04.418,-4001.990,50.01713180541992,0
2026-02-04 18:58:00.000,2026-02-04 18:58:10.000,2108,2026-02-04 18:58:08.516,2026-02-04 18:58:04.429,-4087.523,60.01244354248047,0
2026-02-04 18:58:00.000,2026-02-04 18:58:10.000,477,2026-02-04 18:58:08.499,2026-02-04 18:58:04.431,-4068.842,60.00764083862305,0
2026-02-04 18:58:00.000,2026-02-04 18:58:10.000,477,2026-02-04 18:58:08.516,2026-02-04 18:58:04.432,-4084.521,60.007869720458984,0
2026-02-04 18:58:00.000,2026-02-04 18:58:10.000,2423,2026-02-04 18:58:08.440,2026-02-04 18:58:04.438,-4001.749,50.0161018371582,0
2026-02-04 18:58:00.000,2026-02-04 18:58:10.000,477,2026-02-04 18:58:08.533,2026-02-04 18:58:04.438,-4095.084,60.00847244262695,0
2026-02-04 18:58:00.000,2026-02-04 18:58:10.000,2108,2026-02-04 18:58:08.533,2026-02-04 18:58:04.450,-4082.575,60.013694763183594,0
2026-02-04 18:58:00.000,2026-02-04 18:58:10.000,477,2026-02-04 18:58:08.550,2026-02-04 18:58:04.454,-4095.726,60.00788879394531,0
2026-02-04 18:58:00.000,2026-02-04 18:58:10.000,2423,2026-02-04 18:58:08.460,2026-02-04 18:58:04.458,-4001.733,50.01797103881836,0
2026-02-04 18:58:00.000,2026-02-04 18:58:10.000,2108,2026-02-04 18:58:08.550,2026-02-04 18:58:04.465,-4084.679,60.00584030151367,0
2026-02-04 18:58:00.000,2026-02-04 18:58:10.000,477,2026-02-04 18:58:08.566,2026-02-04 18:58:04.471,-4094.953,60.007572174072266,0
2026-02-04 18:58:00.000,2026-02-04 18:58:10.000,2423,2026-02-04 18:58:08.480,2026-02-04 18:58:04.479,-4000.295,50.01938247680664,0
2026-02-04 18:58:00.000,2026-02-04 18:58:10.000,2108,2026-02-04 18:58:08.566,2026-02-04 18:58:04.484,-4081.823,60.00114059448242,0
2026-02-04 18:58:00.000,2026-02-04 18:58:10.000,477,2026-02-04 18:58:08.583,2026-02-04 18:58:04.488,-4095.313,60.00776290893555,0
2026-02-04 18:58:00.000,2026-02-04 18:58:10.000,2108,2026-02-04 18:58:08.583,2026-02-04 18:58:04.495,-4087.393,60.0056037902832,0
2026-02-04 18:58:00.000,2026-02-04 18:58:10.000,2423,2026-02-04 18:58:08.499,2026-02-04 18:58:04.503,-3996.752,50.01945114135742,0
2026-02-04 18:58:00.000,2026-02-04 18:58:10.000,477,2026-02-04 18:58:08.600,2026-02-04 18:58:04.505,-4094.907,60.007904052734375,0
2026-02-04 18:58:00.000,2026-02-04 18:58:10.000,2108,2026-02-04 18:58:08.600,2026-02-04 18:58:04.511,-4088.311,60.01003646850586,0
2026-02-04 18:58:00.000,2026-02-04 18:58:10.000,2423,2026-02-04 18:58:08.520,2026-02-04 18:58:04.518,-4001.760,50.0188102722168,0
2026-02-04 18:58:00.000,2026-02-04 18:58:10.000,477,2026-02-04 18:58:08.616,2026-02-04 18:58:04.521,-4095.423,60.00875473022461,0
2026-02-04 18:58:00.000,2026-02-04 18:58:10.000,2108,2026-02-04 18:58:08.616,2026-02-04 18:58:04.529,-4087.267,60.01049041748047,0
2026-02-04 18:58:00.000,2026-02-04 18:58:10.000,2423,2026-02-04 18:58:08.540,2026-02-04 18:58:04.538,-4001.472,50.01902770996094,0
2026-02-04 18:58:00.000,2026-02-04 18:58:10.000,477,2026-02-04 18:58:08.633,2026-02-04 18:58:04.538,-4094.792,60.00927734375,0
2026-02-04 18:58:00.000,2026-02-04 18:58:10.000,2108,2026-02-04 18:58:08.633,2026-02-04 18:58:04.545,-4087.770,60.0081787109375,0
2026-02-04 18:58:00.000,2026-02-04 18:58:10.000,477,2026-02-04 18:58:08.650,2026-02-04 18:58:04.554,-4095.419,60.00827407836914,0
2026-02-04 18:58:00.000,2026-02-04 18:58:10.000,2423,2026-02-04 18:58:08.560,2026-02-04 18:58:04.558,-4001.865,50.01945114135742,0
2026-02-04 18:58:00.000,2026-02-04 18:58:10.000,2108,2026-02-04 18:58:08.650,2026-02-04 18:58:04.562,-4087.865,60.00709533691406,0
2026-02-04 18:58:00.000,2026-02-04 18:58:10.000,477,2026-02-04 18:58:08.666,2026-02-04 18:58:04.571,-4094.736,60.00769805908203,0
2026-02-04 18:58:00.000,2026-02-04 18:58:10.000,2423,2026-02-04 18:58:08.579,2026-02-04 18:58:04.577,-4002.454,50.016517639160156,0
2026-02-04 18:58:00.000,2026-02-04 18:58:10.000,2108,2026-02-04 18:58:08.666,2026-02-04 18:58:04.578,-4088.125,60.00875473022461,0
2026-02-04 18:58:00.000,2026-02-04 18:58:10.000,477,2026-02-04 18:58:08.683,2026-02-04 18:58:04.587,-4095.713,60.008235931396484,0
2026-02-04 18:58:00.000,2026-02-04 18:58:10.000,2108,2026-02-04 18:58:08.683,2026-02-04 18:58:04.595,-4088.206,60.00856399536133,0
2026-02-04 18:58:00.000,2026-02-04 18:58:10.000,2423,2026-02-04 18:58:08.600,2026-02-04 18:58:04.598,-4001.875,50.014869689941406,0
2026-02-04 18:58:00.000,2026-02-04 18:58:10.000,477,2026-02-04 18:58:08.700,2026-02-04 18:58:04.605,-4094.863,60.00852584838867,0
2026-02-04 18:58:00.000,2026-02-04 18:58:10.000,2108,2026-02-04 18:58:08.700,2026-02-04 18:58:04.612,-4087.865,60.00707244873047,0
2026-02-04 18:58:00.000,2026-02-04 18:58:10.000,2423,2026-02-04 18:58:08.620,2026-02-04 18:58:04.619,-4000.683,50.01725387573242,0
2026-02-04 18:58:00.000,2026-02-04 18:58:10.000,477,2026-02-04 18:58:08.716,2026-02-04 18:58:04.621,-4095.347,60.00835418701172,0
2026-02-04 18:58:00.000,2026-02-04 18:58:10.000,2108,2026-02-04 18:58:08.716,2026-02-04 18:58:04.628,-4087.835,60.00707244873047,0
2026-02-04 18:58:00.000,2026-02-04 18:58:10.000,2423,2026-02-04 18:58:08.640,2026-02-04 18:58:04.637,-4002.100,50.01923370361328,0
2026-02-04 18:58:00.000,2026-02-04 18:58:10.000,2108,2026-02-04 18:58:08.733,2026-02-04 18:58:04.645,-4087.867,60.009979248046875,0
2026-02-04 18:58:00.000,2026-02-04 18:58:10.000,2423,2026-02-04 18:58:08.659,2026-02-04 18:58:04.658,-4001.467,50.0203857421875,0
2026-02-04 18:58:00.000,2026-02-04 18:58:10.000,477,2026-02-04 18:58:08.733,2026-02-04 18:58:04.661,-4071.811,60.00771713256836,0
2026-02-04 18:58:00.000,2026-02-04 18:58:10.000,2108,2026-02-04 18:58:08.750,2026-02-04 18:58:04.661,-4088.475,60.01117706298828,0
2026-02-04 18:58:00.000,2026-02-04 18:58:10.000,477,2026-02-04 18:58:08.750,2026-02-04 18:58:04.661,-4088.475,60.008216857910156,0
2026-02-04 18:58:00.000,2026-02-04 18:58:10.000,477,2026-02-04 18:58:08.766,2026-02-04 18:58:04.671,-4095.634,60.009185791015625,0
2026-02-04 18:58:00.000,2026-02-04 18:58:10.000,2423,2026-02-04 18:58:08.680,2026-02-04 18:58:04.678,-4001.640,50.01981735229492,0
2026-02-04 18:58:00.000,2026-02-04 18:58:10.000,2108,2026-02-04 18:58:08.766,2026-02-04 18:58:04.679,-4087.313,60.009281158447266,0
2026-02-04 18:58:00.000,2026-02-04 18:58:10.000,477,2026-02-04 18:58:08.783,2026-02-04 18:58:04.687,-4095.465,60.00886154174805,0
2026-02-04 18:58:00.000,2026-02-04 18:58:10.000,2108,2026-02-04 18:58:08.783,2026-02-04 18:58:04.695,-4087.949,60.00819396972656,0
2026-02-04 18:58:00.000,2026-02-04 18:58:10.000,2423,2026-02-04 18:58:08.700,2026-02-04 18:58:04.698,-4001.623,50.01674270629883,0
2026-02-04 18:58:00.000,2026-02-04 18:58:10.000,477,2026-02-04 18:58:08.800,2026-02-04 18:58:04.704,-4095.409,60.00829315185547,0
2026-02-04 18:58:00.000,2026-02-04 18:58:10.000,2108,2026-02-04 18:58:08.800,2026-02-04 18:58:04.711,-4088.407,60.007179260253906,0
2026-02-04 18:58:00.000,2026-02-04 18:58:10.000,2423,2026-02-04 18:58:08.720,2026-02-04 18:58:04.718,-4001.896,50.015811920166016,0
2026-02-04 18:58:00.000,2026-02-04 18:58:10.000,477,2026-02-04 18:58:08.816,2026-02-04 18:58:04.722,-4094.560,60.008358001708984,0
2026-02-04 18:58:00.000,2026-02-04 18:58:10.000,2108,2026-02-04 18:58:08.816,2026-02-04 18:58:04.729,-4087.529,60.00796890258789,0
2026-02-04 18:58:00.000,2026-02-04 18:58:10.000,2423,2026-02-04 18:58:08.739,2026-02-04 18:58:04.738,-4001.732,50.01688766479492,0
2026-02-04 18:58:00.000,2026-02-04 18:58:10.000,477,2026-02-04 18:58:08.833,2026-02-04 18:58:04.739,-4094.068,60.008750915527344,0
2026-02-04 18:58:00.000,2026-02-04 18:58:10.000,2108,2026-02-04 18:58:08.833,2026-02-04 18:58:04.745,-4087.695,60.010963439941406,0
2026-02-04 18:58:00.000,2026-02-04 18:58:10.000,477,2026-02-04 18:58:08.850,2026-02-04 18:58:04.754,-4095.851,60.00929641723633,0
2026-02-04 18:58:00.000,2026-02-04 18:58:10.000,2423,2026-02-04 18:58:08.760,2026-02-04 18:58:04.758,-4001.851,50.01622772216797,0
2026-02-04 18:58:00.000,2026-02-04 18:58:10.000,2108,2026-02-04 18:58:08.850,2026-02-04 18:58:04.762,-4087.852,60.00932693481445,0
2026-02-04 18:58:00.000,2026-02-04 18:58:10.000,477,2026-02-04 18:58:08.866,2026-02-04 18:58:04.771,-4095.474,60.009735107421875,0
2026-02-04 18:58:00.000,2026-02-04 18:58:10.000,2423,2026-02-04 18:58:08.780,2026-02-04 18:58:04.777,-4002.309,50.016483306884766,0
2026-02-04 18:58:00.000,2026-02-04 18:58:10.000,2108,2026-02-04 18:58:08.866,2026-02-04 18:58:04.778,-4087.963,60.00657653808594,0
2026-02-04 18:58:00.000,2026-02-04 18:58:10.000,477,2026-02-04 18:58:08.883,2026-02-04 18:58:04.788,-4095.118,60.00985336303711,0
2026-02-04 18:58:00.000,2026-02-04 18:58:10.000,2108,2026-02-04 18:58:08.883,2026-02-04 18:58:04.795,-4088.075,60.01078414916992,0
2026-02-04 18:58:00.000,2026-02-04 18:58:10.000,2423,2026-02-04 18:58:08.800,2026-02-04 18:58:04.798,-4001.748,50.018733978271484,0
2026-02-04 18:58:00.000,2026-02-04 18:58:10.000,477,2026-02-04 18:58:08.899,2026-02-04 18:58:04.804,-4095.231,60.00996780395508,0
2026-02-04 18:58:00.000,2026-02-04 18:58:10.000,2108,2026-02-04 18:58:08.899,2026-02-04 18:58:04.811,-4088.232,60.01223373413086,0
2026-02-04 18:58:00.000,2026-02-04 18:58:10.000,2423,2026-02-04 18:58:08.819,2026-02-04 18:58:04.818,-4001.718,50.01919937133789,0
2026-02-04 18:58:00.000,2026-02-04 18:58:10.000,477,2026-02-04 18:58:08.916,2026-02-04 18:58:04.821,-4095.393,60.00968551635742,0
2026-02-04 18:58:00.000,2026-02-04 18:58:10.000,2108,2026-02-04 18:58:08.916,2026-02-04 18:58:04.828,-4088.240,60.010009765625,0
2026-02-04 18:58:00.000,2026-02-04 18:58:10.000,2423,2026-02-04 18:58:08.840,2026-02-04 18:58:04.837,-4002.059,50.01758575439453,0
2026-02-04 18:58:00.000,2026-02-04 18:58:10.000,477,2026-02-04 18:58:08.933,2026-02-04 18:58:04.838,-4094.394,60.00886535644531,0
2026-02-04 18:58:00.000,2026-02-04 18:58:10.000,2108,2026-02-04 18:58:08.933,2026-02-04 18:58:04.845,-4087.882,60.00889205932617,0
2026-02-04 18:58:00.000,2026-02-04 18:58:10.000,2423,2026-02-04 18:58:08.860,2026-02-04 18:58:04.857,-4002.437,50.01780319213867,0
2026-02-04 18:58:00.000,2026-02-04 18:58:10.000,2108,2026-02-04 18:58:08.950,2026-02-04 18:58:04.861,-4088.428,60.008060455322266,0
2026-02-04 18:58:00.000,2026-02-04 18:58:10.000,477,2026-02-04 18:58:08.950,2026-02-04 18:58:04.874,-4075.799,60.008949279785156,0
2026-02-04 18:58:00.000,2026-02-04 18:58:10.000,477,2026-02-04 18:58:08.966,2026-02-04 18:58:04.874,-4092.471,60.00995635986328,0
2026-02-04 18:58:00.000,2026-02-04 18:58:10.000,2423,2026-02-04 18:58:08.880,2026-02-04 18:58:04.878,-4001.803,50.01837921142578,0
2026-02-04 18:58:00.000,2026-02-04 18:58:10.000,2108,2026-02-04 18:58:08.966,2026-02-04 18:58:04.879,-4087.475,60.01383590698242,0
2026-02-04 18:58:00.000,2026-02-04 18:58:10.000,477,2026-02-04 18:58:08.983,2026-02-04 18:58:04.887,-4095.627,60.01007843017578,0
2026-02-04 18:58:00.000,2026-02-04 18:58:10.000,2108,2026-02-04 18:58:08.983,2026-02-04 18:58:04.896,-4087.118,60.01741409301758,0
2026-02-04 18:58:00.000,2026-02-04 18:58:10.000,2423,2026-02-04 18:58:08.899,2026-02-04 18:58:04.898,-4001.772,50.016075134277344,0
2026-02-04 18:58:00.000,2026-02-04 18:58:10.000,477,2026-02-04 18:58:09.000,2026-02-04 18:58:04.904,-4095.266,60.010169982910156,0
2026-02-04 18:58:00.000,2026-02-04 18:58:10.000,2108,2026-02-04 18:58:09.000,2026-02-04 18:58:04.913,-4086.764,60.00971221923828,0
2026-02-04 18:58:00.000,2026-02-04 18:58:10.000,2423,2026-02-04 18:58:08.920,2026-02-04 18:58:04.918,-4001.757,50.01481628417969,0
2026-02-04 18:58:00.000,2026-02-04 18:58:10.000,477,2026-02-04 18:58:09.016,2026-02-04 18:58:04.921,-4095.422,60.01074981689453,0
2026-02-04 18:58:00.000,2026-02-04 18:58:10.000,2108,2026-02-04 18:58:09.016,2026-02-04 18:58:04.929,-4087.361,60.0051155090332,0
2026-02-04 18:58:00.000,2026-02-04 18:58:10.000,2423,2026-02-04 18:58:08.940,2026-02-04 18:58:04.938,-4001.611,50.017154693603516,0
2026-02-04 18:58:00.000,2026-02-04 18:58:10.000,477,2026-02-04 18:58:09.033,2026-02-04 18:58:04.938,-4094.931,60.010860443115234,0
2026-02-04 18:58:00.000,2026-02-04 18:58:10.000,2108,2026-02-04 18:58:09.033,2026-02-04 18:58:04.946,-4086.880,60.00881576538086,0
2026-02-04 18:58:00.000,2026-02-04 18:58:10.000,477,2026-02-04 18:58:09.050,2026-02-04 18:58:04.955,-4094.727,60.010684967041016,0
2026-02-04 18:58:00.000,2026-02-04 18:58:10.000,2423,2026-02-04 18:58:08.960,2026-02-04 18:58:04.958,-4001.727,50.018211364746094,0
2026-02-04 18:58:00.000,2026-02-04 18:58:10.000,2108,2026-02-04 18:58:09.050,2026-02-04 18:58:04.962,-4087.729,60.0113410949707,0
2026-02-04 18:58:00.000,2026-02-04 18:58:10.000,477,2026-02-04 18:58:09.066,2026-02-04 18:58:04.971,-4095.246,60.010318756103516,0
2026-02-04 18:58:00.000,2026-02-04 18:58:10.000,2423,2026-02-04 18:58:08.979,2026-02-04 18:58:04.978,-4001.882,50.01599884033203,0
2026-02-04 18:58:00.000,2026-02-04 18:58:10.000,2108,2026-02-04 18:58:09.066,2026-02-04 18:58:04.979,-4087.552,60.012386322021484,0
2026-02-04 18:58:00.000,2026-02-04 18:58:10.000,477,2026-02-04 18:58:09.083,2026-02-04 18:58:04.987,-4095.545,60.00965881347656,0
2026-02-04 18:58:00.000,2026-02-04 18:58:10.000,2108,2026-02-04 18:58:09.083,2026-02-04 18:58:04.995,-4087.517,60.01057815551758,0
2026-02-04 18:58:00.000,2026-02-04 18:58:10.000,2423,2026-02-04 18:58:09.000,2026-02-04 18:58:04.997,-4002.191,50.016212463378906,0
2026-02-04 18:58:00.000,2026-02-04 18:58:10.000,477,2026-02-04 18:58:09.100,2026-02-04 18:58:05.004,-4095.529,60.00958251953125,0
2026-02-04 18:58:00.000,2026-02-04 18:58:10.000,2108,2026-02-04 18:58:09.100,2026-02-04 18:58:05.011,-4088.531,60.00585174560547,0
2026-02-04 18:58:00.000,2026-02-04 18:58:10.000,2423,2026-02-04 18:58:09.020,2026-02-04 18:58:05.017,-4002.020,50.01934051513672,0
2026-02-04 18:58:00.000,2026-02-04 18:58:10.000,477,2026-02-04 18:58:09.116,2026-02-04 18:58:05.020,-4095.680,60.00999069213867,0
2026-02-04 18:58:00.000,2026-02-04 18:58:10.000,2108,2026-02-04 18:58:09.116,2026-02-04 18:58:05.029,-4087.472,60.009544372558594,0
2026-02-04 18:58:00.000,2026-02-04 18:58:10.000,2423,2026-02-04 18:58:09.040,2026-02-04 18:58:05.038,-4001.731,50.019046783447266,0
2026-02-04 18:58:00.000,2026-02-04 18:58:10.000,477,2026-02-04 18:58:09.133,2026-02-04 18:58:05.038,-4095.068,60.01001739501953,0
2026-02-04 18:58:00.000,2026-02-04 18:58:10.000,2108,2026-02-04 18:58:09.133,2026-02-04 18:58:05.045,-4087.797,60.016902923583984,0
2026-02-04 18:58:00.000,2026-02-04 18:58:10.000,477,2026-02-04 18:58:09.150,2026-02-04 18:58:05.055,-4094.945,60.01024627685547,0
2026-02-04 18:58:00.000,2026-02-04 18:58:10.000,2423,2026-02-04 18:58:09.059,2026-02-04 18:58:05.058,-4001.937,50.01548767089844,0
2026-02-04 18:58:00.000,2026-02-04 18:58:10.000,2108,2026-02-04 18:58:09.150,2026-02-04 18:58:05.062,-4087.949,60.014163970947266,0
2026-02-04 18:58:00.000,2026-02-04 18:58:10.000,477,2026-02-04 18:58:09.166,2026-02-04 18:58:05.071,-4095.151,60.010562896728516,0
2026-02-04 18:58:00.000,2026-02-04 18:58:10.000,2423,2026-02-04 18:58:09.080,2026-02-04 18:58:05.078,-4001.970,50.014739990234375,0
2026-02-04 18:58:00.000,2026-02-04 18:58:10.000,2108,2026-02-04 18:58:09.166,2026-02-04 18:58:05.078,-4088.642,60.007896423339844,0
2026-02-04 18:58:00.000,2026-02-04 18:58:10.000,477,2026-02-04 18:58:09.183,2026-02-04 18:58:05.087,-4095.700,60.010562896728516,0
2026-02-04 18:58:00.000,2026-02-04 18:58:10.000,2108,2026-02-04 18:58:09.183,2026-02-04 18:58:05.096,-4087.191,60.00745391845703,0
2026-02-04 18:58:00.000,2026-02-04 18:58:10.000,2423,2026-02-04 18:58:09.100,2026-02-04 18:58:05.097,-4002.352,50.01736068725586,0
2026-02-04 18:58:00.000,2026-02-04 18:58:10.000,477,2026-02-04 18:58:09.200,2026-02-04 18:58:05.105,-4094.834,60.010860443115234,0
2026-02-04 18:58:00.000,2026-02-04 18:58:10.000,2108,2026-02-04 18:58:09.200,2026-02-04 18:58:05.112,-4087.835,60.010711669921875,0
2026-02-04 18:58:00.000,2026-02-04 18:58:10.000,2423,2026-02-04 18:58:09.120,2026-02-04 18:58:05.118,-4001.536,50.01862716674805,0
2026-02-04 18:58:00.000,2026-02-04 18:58:10.000,477,2026-02-04 18:58:09.216,2026-02-04 18:58:05.121,-4095.199,60.0111198425293,0
2026-02-04 18:58:00.000,2026-02-04 18:58:10.000,2108,2026-02-04 18:58:09.216,2026-02-04 18:58:05.128,-4087.688,60.01295852661133,0
2026-02-04 18:58:00.000,2026-02-04 18:58:10.000,2423,2026-02-04 18:58:09.139,2026-02-04 18:58:05.138,-4001.847,50.0184211730957,0
2026-02-04 18:58:00.000,2026-02-04 18:58:10.000,477,2026-02-04 18:58:09.233,2026-02-04 18:58:05.138,-4095.183,60.010986328125,0
2026-02-04 18:58:00.000,2026-02-04 18:58:10.000,2108,2026-02-04 18:58:09.233,2026-02-04 18:58:05.145,-4087.664,60.01255416870117,0
2026-02-04 18:58:00.000,2026-02-04 18:58:10.000,477,2026-02-04 18:58:09.250,2026-02-04 18:58:05.155,-4094.828,60.01136779785156,0
2026-02-04 18:58:00.000,2026-02-04 18:58:10.000,2423,2026-02-04 18:58:09.160,2026-02-04 18:58:05.160,-3999.827,50.0186653137207,0
2026-02-04 18:58:00.000,2026-02-04 18:58:10.000,2108,2026-02-04 18:58:09.250,2026-02-04 18:58:05.162,-4087.829,60.01066589355469,0
2026-02-04 18:58:00.000,2026-02-04 18:58:10.000,477,2026-02-04 18:58:09.266,2026-02-04 18:58:05.172,-4094.312,60.012351989746094,0
2026-02-04 18:58:00.000,2026-02-04 18:58:10.000,2423,2026-02-04 18:58:09.180,2026-02-04 18:58:05.177,-4002.606,50.01828384399414,0
2026-02-04 18:58:00.000,2026-02-04 18:58:10.000,2108,2026-02-04 18:58:09.266,2026-02-04 18:58:05.179,-4087.260,60.01124572753906,0
2026-02-04 18:58:00.000,2026-02-04 18:58:10.000,477,2026-02-04 18:58:09.283,2026-02-04 18:58:05.188,-4095.135,60.01205062866211,0
2026-02-04 18:58:00.000,2026-02-04 18:58:10.000,2108,2026-02-04 18:58:09.283,2026-02-04 18:58:05.195,-4088.089,60.01179504394531,0
2026-02-04 18:58:00.000,2026-02-04 18:58:10.000,2423,2026-02-04 18:58:09.200,2026-02-04 18:58:05.200,-3999.761,50.01746368408203,0
2026-02-04 18:58:00.000,2026-02-04 18:58:10.000,477,2026-02-04 18:58:09.299,2026-02-04 18:58:05.204,-4095.243,60.01090621948242,0
2026-02-04 18:58:00.000,2026-02-04 18:58:10.000,2108,2026-02-04 18:58:09.299,2026-02-04 18:58:05.211,-4088.186,60.010009765625,0
2026-02-04 18:58:00.000,2026-02-04 18:58:10.000,2423,2026-02-04 18:58:09.219,2026-02-04 18:58:05.218,-4001.673,50.01717758178711,0
2026-02-04 18:58:00.000,2026-02-04 18:58:10.000,477,2026-02-04 18:58:09.316,2026-02-04 18:58:05.222,-4094.354,60.01136779785156,0
2026-02-04 18:58:00.000,2026-02-04 18:58:10.000,2108,2026-02-04 18:58:09.316,2026-02-04 18:58:05.228,-4087.846,60.010826110839844,0
2026-02-04 18:58:00.000,2026-02-04 18:58:10.000,2423,2026-02-04 18:58:09.240,2026-02-04 18:58:05.238,-4001.662,50.01685333251953,0
2026-02-04 18:58:00.000,2026-02-04 18:58:10.000,477,2026-02-04 18:58:09.333,2026-02-04 18:58:05.238,-4094.998,60.01189422607422,0
2026-02-04 18:58:00.000,2026-02-04 18:58:10.000,2108,2026-02-04 18:58:09.333,2026-02-04 18:58:05.247,-4085.962,60.0115852355957,0
2026-02-04 18:58:00.000,2026-02-04 18:58:10.000,477,2026-02-04 18:58:09.350,2026-02-04 18:58:05.254,-4095.392,60.01128387451172,0
2026-02-04 18:58:00.000,2026-02-04 18:58:10.000,2423,2026-02-04 18:58:09.260,2026-02-04 18:58:05.259,-4000.394,50.01742935180664,0
2026-02-04 18:58:00.000,2026-02-04 18:58:10.000,2108,2026-02-04 18:58:09.350,2026-02-04 18:58:05.261,-4088.392,60.009742736816406,0
2026-02-04 18:58:00.000,2026-02-04 18:58:10.000,477,2026-02-04 18:58:09.366,2026-02-04 18:58:05.271,-4095.553,60.01078414916992,0
2026-02-04 18:58:00.000,2026-02-04 18:58:10.000,2423,2026-02-04 18:58:09.280,2026-02-04 18:58:05.278,-4001.651,50.01938247680664,0
2026-02-04 18:58:00.000,2026-02-04 18:58:10.000,2108,2026-02-04 18:58:09.366,2026-02-04 18:58:05.279,-4087.328,60.00999069213867,0
2026-02-04 18:58:00.000,2026-02-04 18:58:10.000,477,2026-02-04 18:58:09.383,2026-02-04 18:58:05.294,-4088.892,60.01116943359375,0
2026-02-04 18:58:00.000,2026-02-04 18:58:10.000,2108,2026-02-04 18:58:09.383,2026-02-04 18:58:05.296,-4086.890,60.01376724243164,0
2026-02-04 18:58:00.000,2026-02-04 18:58:10.000,2423,2026-02-04 18:58:09.299,2026-02-04 18:58:05.298,-4001.547,50.01902389526367,0
2026-02-04 18:58:00.000,2026-02-04 18:58:10.000,477,2026-02-04 18:58:09.400,2026-02-04 18:58:05.304,-4095.045,60.01176071166992,0
2026-02-04 18:58:00.000,2026-02-04 18:58:10.000,2108,2026-02-04 18:58:09.400,2026-02-04 18:58:05.324,-4075.019,60.014930725097656,0
2026-02-04 18:58:00.000,2026-02-04 18:58:10.000,2423,2026-02-04 18:58:09.320,2026-02-04 18:58:05.325,-3994.018,50.016475677490234,0
2026-02-04 18:58:00.000,2026-02-04 18:58:10.000,2108,2026-02-04 18:58:09.416,2026-02-04 18:58:05.328,-4087.684,60.012718200683594,0
2026-02-04 18:58:00.000,2026-02-04 18:58:10.000,2423,2026-02-04 18:58:09.340,2026-02-04 18:58:05.337,-4002.517,50.01704406738281,0
2026-02-04 18:58:00.000,2026-02-04 18:58:10.000,477,2026-02-04 18:58:09.416,2026-02-04 18:58:05.343,-4073.417,60.011634826660156,0
2026-02-04 18:58:00.000,2026-02-04 18:58:10.000,477,2026-02-04 18:58:09.433,2026-02-04 18:58:05.343,-4090.081,60.01140213012695,0
2026-02-04 18:58:00.000,2026-02-04 18:58:10.000,2108,2026-02-04 18:58:09.433,2026-02-04 18:58:05.345,-4088.071,60.01145553588867,0
2026-02-04 18:58:00.000,2026-02-04 18:58:10.000,477,2026-02-04 18:58:09.450,2026-02-04 18:58:05.355,-4094.909,60.01183319091797,0
2026-02-04 18:58:00.000,2026-02-04 18:58:10.000,2423,2026-02-04 18:58:09.360,2026-02-04 18:58:05.358,-4001.909,50.01902389526367,0
2026-02-04 18:58:00.000,2026-02-04 18:58:10.000,2108,2026-02-04 18:58:09.450,2026-02-04 18:58:05.361,-4088.399,60.012184143066406,0
2026-02-04 18:58:00.000,2026-02-04 18:58:10.000,477,2026-02-04 18:58:09.466,2026-02-04 18:58:05.371,-4095.547,60.011924743652344,0
2026-02-04 18:58:00.000,2026-02-04 18:58:10.000,2423,2026-02-04 18:58:09.379,2026-02-04 18:58:05.378,-4001.363,50.01885223388672,0
2026-02-04 18:58:00.000,2026-02-04 18:58:10.000,2108,2026-02-04 18:58:09.466,2026-02-04 18:58:05.379,-4087.035,60.01358413696289,0
2026-02-04 18:58:00.000,2026-02-04 18:58:10.000,477,2026-02-04 18:58:09.483,2026-02-04 18:58:05.388,-4094.980,60.011985778808594,0
2026-02-04 18:58:00.000,2026-02-04 18:58:10.000,2108,2026-02-04 18:58:09.483,2026-02-04 18:58:05.395,-4087.934,60.01249313354492,0
2026-02-04 18:58:00.000,2026-02-04 18:58:10.000,2423,2026-02-04 18:58:09.400,2026-02-04 18:58:05.398,-4001.087,50.01789855957031,0
2026-02-04 18:58:00.000,2026-02-04 18:58:10.000,477,2026-02-04 18:58:09.500,2026-02-04 18:58:05.404,-4095.588,60.01298141479492,0
2026-02-04 18:58:00.000,2026-02-04 18:58:10.000,2108,2026-02-04 18:58:09.500,2026-02-04 18:58:05.411,-4088.081,60.01137924194336,0
2026-02-04 18:58:00.000,2026-02-04 18:58:10.000,2423,2026-02-04 18:58:09.420,2026-02-04 18:58:05.418,-4001.567,50.016998291015625,0
2026-02-04 18:58:00.000,2026-02-04 18:58:10.000,477,2026-02-04 18:58:09.516,2026-02-04 18:58:05.421,-4095.234,60.0133056640625,0
2026-02-04 18:58:00.000,2026-02-04 18:58:10.000,2108,2026-02-04 18:58:09.516,2026-02-04 18:58:05.428,-4088.100,60.01302719116211,0
2026-02-04 18:58:00.000,2026-02-04 18:58:10.000,2423,2026-02-04 18:58:09.440,2026-02-04 18:58:05.438,-4001.913,50.01742172241211,0
2026-02-04 18:58:00.000,2026-02-04 18:58:10.000,477,2026-02-04 18:58:09.533,2026-02-04 18:58:05.438,-4095.249,60.012935638427734,0
2026-02-04 18:58:00.000,2026-02-04 18:58:10.000,2108,2026-02-04 18:58:09.533,2026-02-04 18:58:05.445,-4088.215,60.01363754272461,0
2026-02-04 18:58:00.000,2026-02-04 18:58:10.000,477,2026-02-04 18:58:09.550,2026-02-04 18:58:05.454,-4095.371,60.01289749145508,0
2026-02-04 18:58:00.000,2026-02-04 18:58:10.000,2423,2026-02-04 18:58:09.459,2026-02-04 18:58:05.457,-4002.361,50.017982482910156,0
2026-02-04 18:58:00.000,2026-02-04 18:58:10.000,2108,2026-02-04 18:58:09.550,2026-02-04 18:58:05.461,-4088.370,60.01118469238281,0
2026-02-04 18:58:00.000,2026-02-04 18:58:10.000,477,2026-02-04 18:58:09.566,2026-02-04 18:58:05.471,-4095.532,60.01287078857422,0
2026-02-04 18:58:00.000,2026-02-04 18:58:10.000,2423,2026-02-04 18:58:09.480,2026-02-04 18:58:05.478,-4001.656,50.0171012878418,0
2026-02-04 18:58:00.000,2026-02-04 18:58:10.000,2108,2026-02-04 18:58:09.566,2026-02-04 18:58:05.479,-4087.327,60.009761810302734,0
2026-02-04 18:58:00.000,2026-02-04 18:58:10.000,477,2026-02-04 18:58:09.583,2026-02-04 18:58:05.487,-4095.481,60.01232147216797,0
2026-02-04 18:58:00.000,2026-02-04 18:58:10.000,2108,2026-02-04 18:58:09.583,2026-02-04 18:58:05.495,-4087.970,60.01189041137695,0
2026-02-04 18:58:00.000,2026-02-04 18:58:10.000,2423,2026-02-04 18:58:09.500,2026-02-04 18:58:05.498,-4001.642,50.015899658203125,0
2026-02-04 18:58:00.000,2026-02-04 18:58:10.000,477,2026-02-04 18:58:09.600,2026-02-04 18:58:05.504,-4095.126,60.01246643066406,0
2026-02-04 18:58:00.000,2026-02-04 18:58:10.000,2108,2026-02-04 18:58:09.600,2026-02-04 18:58:05.511,-4088.126,60.01441192626953,0
2026-02-04 18:58:00.000,2026-02-04 18:58:10.000,2423,2026-02-04 18:58:09.520,2026-02-04 18:58:05.518,-4001.615,50.01705551147461,0
2026-02-04 18:58:00.000,2026-02-04 18:58:10.000,477,2026-02-04 18:58:09.616,2026-02-04 18:58:05.521,-4095.278,60.013118743896484,0
2026-02-04 18:58:00.000,2026-02-04 18:58:10.000,2108,2026-02-04 18:58:09.616,2026-02-04 18:58:05.528,-4088.059,60.01559829711914,0
2026-02-04 18:58:00.000,2026-02-04 18:58:10.000,2423,2026-02-04 18:58:09.539,2026-02-04 18:58:05.538,-4001.873,50.01831817626953,0
2026-02-04 18:58:00.000,2026-02-04 18:58:10.000,477,2026-02-04 18:58:09.633,2026-02-04 18:58:05.538,-4095.209,60.01339340209961,0
2026-02-04 18:58:00.000,2026-02-04 18:58:10.000,2108,2026-02-04 18:58:09.633,2026-02-04 18:58:05.545,-4088.047,60.013084411621094,0
2026-02-04 18:58:00.000,2026-02-04 18:58:10.000,2423,2026-02-04 18:58:09.560,2026-02-04 18:58:05.558,-4001.696,50.01691818237305,0
2026-02-04 18:58:00.000,2026-02-04 18:58:10.000,2108,2026-02-04 18:58:09.650,2026-02-04 18:58:05.562,-4087.696,60.00983428955078,0
2026-02-04 18:58:00.000,2026-02-04 18:58:10.000,477,2026-02-04 18:58:09.650,2026-02-04 18:58:05.571,-4078.295,60.01319885253906,0
2026-02-04 18:58:00.000,2026-02-04 18:58:10.000,477,2026-02-04 18:58:09.666,2026-02-04 18:58:05.573,-4093.453,60.012638092041016,0
2026-02-04 18:58:00.000,2026-02-04 18:58:10.000,2423,2026-02-04 18:58:09.580,2026-02-04 18:58:05.577,-4002.271,50.01618576049805,0
2026-02-04 18:58:00.000,2026-02-04 18:58:10.000,2108,2026-02-04 18:58:09.666,2026-02-04 18:58:05.578,-4087.927,60.01250076293945,0
2026-02-04 18:58:00.000,2026-02-04 18:58:10.000,477,2026-02-04 18:58:09.683,2026-02-04 18:58:05.588,-4095.080,60.01276397705078,0
2026-02-04 18:58:00.000,2026-02-04 18:58:10.000,2108,2026-02-04 18:58:09.683,2026-02-04 18:58:05.595,-4088.047,60.015926361083984,0
2026-02-04 18:58:00.000,2026-02-04 18:58:10.000,2423,2026-02-04 18:58:09.600,2026-02-04 18:58:05.597,-4002.200,50.01833724975586,0
2026-02-04 18:58:00.000,2026-02-04 18:58:10.000,477,2026-02-04 18:58:09.699,2026-02-04 18:58:05.605,-4094.687,60.013118743896484,0
2026-02-04 18:58:00.000,2026-02-04 18:58:10.000,2108,2026-02-04 18:58:09.699,2026-02-04 18:58:05.612,-4087.687,60.01435852050781,0
2026-02-04 18:58:00.000,2026-02-04 18:58:10.000,2423,2026-02-04 18:58:09.619,2026-02-04 18:58:05.617,-4002.178,50.019775390625,0
2026-02-04 18:58:00.000,2026-02-04 18:58:10.000,477,2026-02-04 18:58:09.716,2026-02-04 18:58:05.621,-4094.858,60.01312255859375,0
2026-02-04 18:58:00.000,2026-02-04 18:58:10.000,2108,2026-02-04 18:58:09.716,2026-02-04 18:58:05.629,-4087.348,60.009544372558594,0
2026-02-04 18:58:00.000,2026-02-04 18:58:10.000,2423,2026-02-04 18:58:09.640,2026-02-04 18:58:05.637,-4002.596,50.01797103881836,0
2026-02-04 18:58:00.000,2026-02-04 18:58:10.000,477,2026-02-04 18:58:09.733,2026-02-04 18:58:05.638,-4094.932,60.012638092041016,0
2026-02-04 18:58:00.000,2026-02-04 18:58:10.000,2108,2026-02-04 18:58:09.733,2026-02-04 18:58:05.645,-4087.423,60.00932693481445,0
2026-02-04 18:58:00.000,2026-02-04 18:58:10.000,477,2026-02-04 18:58:09.750,2026-02-04 18:58:05.654,-4095.575,60.01224899291992,0
2026-02-04 18:58:00.000,2026-02-04 18:58:10.000,2423,2026-02-04 18:58:09.660,2026-02-04 18:58:05.658,-4001.583,50.01805877685547,0
2026-02-04 18:58:00.000,2026-02-04 18:58:10.000,2108,2026-02-04 18:58:09.750,2026-02-04 18:58:05.662,-4087.574,60.01515197753906,0
2026-02-04 18:58:00.000,2026-02-04 18:58:10.000,477,2026-02-04 18:58:09.766,2026-02-04 18:58:05.671,-4095.122,60.012420654296875,0
2026-02-04 18:58:00.000,2026-02-04 18:58:10.000,2423,2026-02-04 18:58:09.680,2026-02-04 18:58:05.677,-4002.940,50.01935577392578,0
2026-02-04 18:58:00.000,2026-02-04 18:58:10.000,2108,2026-02-04 18:58:09.766,2026-02-04 18:58:05.678,-4088.107,60.017005920410156,0
2026-02-04 18:58:00.000,2026-02-04 18:58:10.000,477,2026-02-04 18:58:09.783,2026-02-04 18:58:05.688,-4095.251,60.01283264160156,0
2026-02-04 18:58:00.000,2026-02-04 18:58:10.000,2108,2026-02-04 18:58:09.783,2026-02-04 18:58:05.696,-4087.183,60.013214111328125,0
2026-02-04 18:58:00.000,2026-02-04 18:58:10.000,2423,2026-02-04 18:58:09.699,2026-02-04 18:58:05.698,-4001.838,50.01866912841797,0
2026-02-04 18:58:00.000,2026-02-04 18:58:10.000,477,2026-02-04 18:58:09.800,2026-02-04 18:58:05.704,-4095.795,60.01366424560547,0
2026-02-04 18:58:00.000,2026-02-04 18:58:10.000,2108,2026-02-04 18:58:09.800,2026-02-04 18:58:05.712,-4087.799,60.01151657104492,0
2026-02-04 18:58:00.000,2026-02-04 18:58:10.000,2423,2026-02-04 18:58:09.720,2026-02-04 18:58:05.717,-4002.285,50.017127990722656,0
2026-02-04 18:58:00.000,2026-02-04 18:58:10.000,477,2026-02-04 18:58:09.816,2026-02-04 18:58:05.721,-4094.948,60.01436996459961,0
2026-02-04 18:58:00.000,2026-02-04 18:58:10.000,2108,2026-02-04 18:58:09.816,2026-02-04 18:58:05.729,-4087.438,60.01290512084961,0
2026-02-04 18:58:00.000,2026-02-04 18:58:10.000,477,2026-02-04 18:58:09.833,2026-02-04 18:58:05.738,-4095.050,60.013980865478516,0
2026-02-04 18:58:00.000,2026-02-04 18:58:10.000,2423,2026-02-04 18:58:09.740,2026-02-04 18:58:05.738,-4001.730,50.01694869995117,0
2026-02-04 18:58:00.000,2026-02-04 18:58:10.000,2108,2026-02-04 18:58:09.833,2026-02-04 18:58:05.745,-4087.649,60.01230239868164,0
2026-02-04 18:58:00.000,2026-02-04 18:58:10.000,2423,2026-02-04 18:58:09.760,2026-02-04 18:58:05.758,-4001.809,50.018611907958984,0
2026-02-04 18:58:00.000,2026-02-04 18:58:10.000,2108,2026-02-04 18:58:09.850,2026-02-04 18:58:05.762,-4087.811,60.0114860534668,0
2026-02-04 18:58:00.000,2026-02-04 18:58:10.000,2423,2026-02-04 18:58:09.779,2026-02-04 18:58:05.778,-4001.574,50.01779556274414,0
2026-02-04 18:58:00.000,2026-02-04 18:58:10.000,2108,2026-02-04 18:58:09.866,2026-02-04 18:58:05.779,-4087.245,60.012054443359375,0
2026-02-04 18:58:00.000,2026-02-04 18:58:10.000,477,2026-02-04 18:58:09.850,2026-02-04 18:58:05.782,-4067.582,60.012977600097656,0
2026-02-04 18:58:00.000,2026-02-04 18:58:10.000,477,2026-02-04 18:58:09.866,2026-02-04 18:58:05.783,-4083.243,60.013099670410156,0
2026-02-04 18:58:00.000,2026-02-04 18:58:10.000,477,2026-02-04 18:58:09.883,2026-02-04 18:58:05.787,-4095.395,60.01388168334961,0
2026-02-04 18:58:00.000,2026-02-04 18:58:10.000,2108,2026-02-04 18:58:09.883,2026-02-04 18:58:05.795,-4087.862,60.01337432861328,0
2026-02-04 18:58:00.000,2026-02-04 18:58:10.000,2423,2026-02-04 18:58:09.800,2026-02-04 18:58:05.798,-4001.535,50.01663589477539,0
2026-02-04 18:58:00.000,2026-02-04 18:58:10.000,477,2026-02-04 18:58:09.900,2026-02-04 18:58:05.804,-4095.033,60.01404571533203,0
2026-02-04 18:58:00.000,2026-02-04 18:58:10.000,2108,2026-02-04 18:58:09.900,2026-02-04 18:58:05.811,-4088.032,60.0156364440918,0
2026-02-04 18:58:00.000,2026-02-04 18:58:10.000,2423,2026-02-04 18:58:09.820,2026-02-04 18:58:05.818,-4001.614,50.0184440612793,0
2026-02-04 18:58:00.000,2026-02-04 18:58:10.000,477,2026-02-04 18:58:09.916,2026-02-04 18:58:05.821,-4095.279,60.01390075683594,0
2026-02-04 18:58:00.000,2026-02-04 18:58:10.000,2108,2026-02-04 18:58:09.916,2026-02-04 18:58:05.829,-4087.088,60.016929626464844,0
2026-02-04 18:58:00.000,2026-02-04 18:58:10.000,477,2026-02-04 18:58:09.933,2026-02-04 18:58:05.838,-4095.240,60.013275146484375,0
2026-02-04 18:58:00.000,2026-02-04 18:58:10.000,2423,2026-02-04 18:58:09.840,2026-02-04 18:58:05.838,-4001.904,50.02009963989258,0
2026-02-04 18:58:00.000,2026-02-04 18:58:10.000,2108,2026-02-04 18:58:09.933,2026-02-04 18:58:05.845,-4087.901,60.014434814453125,0
2026-02-04 18:58:00.000,2026-02-04 18:58:10.000,477,2026-02-04 18:58:09.950,2026-02-04 18:58:05.854,-4095.530,60.013118743896484,0
2026-02-04 18:58:00.000,2026-02-04 18:58:10.000,2423,2026-02-04 18:58:09.859,2026-02-04 18:58:05.858,-4001.521,50.018558502197266,0
2026-02-04 18:58:00.000,2026-02-04 18:58:10.000,2108,2026-02-04 18:58:09.950,2026-02-04 18:58:05.861,-4088.530,60.00967025756836,0
2026-02-04 18:58:00.000,2026-02-04 18:58:10.000,477,2026-02-04 18:58:09.966,2026-02-04 18:58:05.871,-4094.689,60.014156341552734,0
2026-02-04 18:58:00.000,2026-02-04 18:58:10.000,2423,2026-02-04 18:58:09.880,2026-02-04 18:58:05.877,-4002.248,50.016170501708984,0
2026-02-04 18:58:00.000,2026-02-04 18:58:10.000,2108,2026-02-04 18:58:09.966,2026-02-04 18:58:05.878,-4087.924,60.00960159301758,0
2026-02-04 18:58:00.000,2026-02-04 18:58:10.000,477,2026-02-04 18:58:09.983,2026-02-04 18:58:05.887,-4095.568,60.01445770263672,0
2026-02-04 18:58:00.000,2026-02-04 18:58:10.000,2108,2026-02-04 18:58:09.983,2026-02-04 18:58:05.895,-4087.740,60.01551818847656,0
2026-02-04 18:58:00.000,2026-02-04 18:58:10.000,2423,2026-02-04 18:58:09.900,2026-02-04 18:58:05.898,-4001.413,50.017459869384766,0
2026-02-04 18:58:00.000,2026-02-04 18:58:10.000,477,2026-02-04 18:58:10.000,2026-02-04 18:58:05.905,-4094.892,60.01347732543945,0
2026-02-04 18:58:00.000,2026-02-04 18:58:10.000,2108,2026-02-04 18:58:10.000,2026-02-04 18:58:05.912,-4087.878,60.01870346069336,0
2026-02-04 18:58:00.000,2026-02-04 18:58:10.000,2423,2026-02-04 18:58:09.920,2026-02-04 18:58:05.918,-4001.595,50.01922607421875,0
2026-02-04 18:58:00.000,2026-02-04 18:58:10.000,477,2026-02-04 18:58:10.016,2026-02-04 18:58:05.921,-4095.257,60.012821197509766,0
2026-02-04 18:58:00.000,2026-02-04 18:58:10.000,2108,2026-02-04 18:58:10.016,2026-02-04 18:58:05.929,-4087.116,60.014766693115234,0
2026-02-04 18:58:00.000,2026-02-04 18:58:10.000,477,2026-02-04 18:58:10.033,2026-02-04 18:58:05.938,-4095.268,60.01325988769531,0
2026-02-04 18:58:00.000,2026-02-04 18:58:10.000,2423,2026-02-04 18:58:09.939,2026-02-04 18:58:05.938,-4001.932,50.01821517944336,0
2026-02-04 18:58:00.000,2026-02-04 18:58:10.000,2108,2026-02-04 18:58:10.033,2026-02-04 18:58:05.946,-4087.194,60.013492584228516,0
2026-02-04 18:58:00.000,2026-02-04 18:58:10.000,477,2026-02-04 18:58:10.050,2026-02-04 18:58:05.954,-4095.356,60.0145378112793,0
2026-02-04 18:58:00.000,2026-02-04 18:58:10.000,2423,2026-02-04 18:58:09.960,2026-02-04 18:58:05.957,-4002.354,50.0169563293457,0
2026-02-04 18:58:00.000,2026-02-04 18:58:10.000,2108,2026-02-04 18:58:10.050,2026-02-04 18:58:05.961,-4088.355,60.01749801635742,0
2026-02-04 18:58:00.000,2026-02-04 18:58:10.000,477,2026-02-04 18:58:10.066,2026-02-04 18:58:05.971,-4095.503,60.0152473449707,0
2026-02-04 18:58:00.000,2026-02-04 18:58:10.000,2423,2026-02-04 18:58:09.980,2026-02-04 18:58:05.977,-4002.341,50.01771926879883,0
2026-02-04 18:58:00.000,2026-02-04 18:58:10.000,2108,2026-02-04 18:58:10.066,2026-02-04 18:58:05.978,-4087.997,60.017356872558594,0
2026-02-04 18:58:00.000,2026-02-04 18:58:10.000,477,2026-02-04 18:58:10.083,2026-02-04 18:58:05.988,-4095.145,60.01484298706055,0
2026-02-04 18:58:00.000,2026-02-04 18:58:10.000,2108,2026-02-04 18:58:10.083,2026-02-04 18:58:05.999,-4084.089,60.013404846191406,0
2026-02-04 18:58:00.000,2026-02-04 18:58:10.000,2423,2026-02-04 18:58:10.000,2026-02-04 18:58:06.000,-3999.763,50.01777267456055,0
2026-02-04 18:58:00.000,2026-02-04 18:58:10.000,477,2026-02-04 18:58:10.099,2026-02-04 18:58:06.004,-4095.695,60.014591217041016,0
2026-02-04 18:58:00.000,2026-02-04 18:58:10.000,2108,2026-02-04 18:58:10.099,2026-02-04 18:58:06.012,-4087.653,60.01191711425781,0
2026-02-04 18:58:00.000,2026-02-04 18:58:10.000,2423,2026-02-04 18:58:10.019,2026-02-04 18:58:06.018,-4001.510,50.01538848876953,0
2026-02-04 18:58:00.000,2026-02-04 18:58:10.000,477,2026-02-04 18:58:10.116,2026-02-04 18:58:06.021,-4095.189,60.01454162597656,0
2026-02-04 18:58:00.000,2026-02-04 18:58:10.000,2108,2026-02-04 18:58:10.116,2026-02-04 18:58:06.029,-4087.239,60.01362609863281,0
2026-02-04 18:58:00.000,2026-02-04 18:58:10.000,2423,2026-02-04 18:58:10.040,2026-02-04 18:58:06.037,-4002.057,50.0152587890625,0
2026-02-04 18:58:00.000,2026-02-04 18:58:10.000,477,2026-02-04 18:58:10.133,2026-02-04 18:58:06.037,-4095.393,60.014686584472656,0
2026-02-04 18:58:00.000,2026-02-04 18:58:10.000,2108,2026-02-04 18:58:10.133,2026-02-04 18:58:06.049,-4084.154,60.016422271728516,0
2026-02-04 18:58:00.000,2026-02-04 18:58:10.000,477,2026-02-04 18:58:10.150,2026-02-04 18:58:06.054,-4095.310,60.0148811340332,0
2026-02-04 18:58:00.000,2026-02-04 18:58:10.000,2423,2026-02-04 18:58:10.060,2026-02-04 18:58:06.057,-4002.321,50.01882553100586,0
2026-02-04 18:58:00.000,2026-02-04 18:58:10.000,2108,2026-02-04 18:58:10.150,2026-02-04 18:58:06.061,-4088.313,60.017539978027344,0
2026-02-04 18:58:00.000,2026-02-04 18:58:10.000,477,2026-02-04 18:58:10.166,2026-02-04 18:58:06.072,-4094.465,60.0143928527832,0
2026-02-04 18:58:00.000,2026-02-04 18:58:10.000,2423,2026-02-04 18:58:10.080,2026-02-04 18:58:06.080,-3999.279,50.021183013916016,0
2026-02-04 18:58:00.000,2026-02-04 18:58:10.000,2108,2026-02-04 18:58:10.166,2026-02-04 18:58:06.081,-4084.952,60.014400482177734,0
2026-02-04 18:58:00.000,2026-02-04 18:58:10.000,477,2026-02-04 18:58:10.183,2026-02-04 18:58:06.088,-4094.583,60.01396942138672,0
2026-02-04 18:58:00.000,2026-02-04 18:58:10.000,2108,2026-02-04 18:58:10.183,2026-02-04 18:58:06.095,-4088.028,60.01185607910156,0
2026-02-04 18:58:00.000,2026-02-04 18:58:10.000,2423,2026-02-04 18:58:10.099,2026-02-04 18:58:06.098,-4001.684,50.018409729003906,0
2026-02-04 18:58:00.000,2026-02-04 18:58:10.000,477,2026-02-04 18:58:10.200,2026-02-04 18:58:06.104,-4095.622,60.01454162597656,0
2026-02-04 18:58:00.000,2026-02-04 18:58:10.000,2108,2026-02-04 18:58:10.200,2026-02-04 18:58:06.112,-4087.617,60.013771057128906,0
2026-02-04 18:58:00.000,2026-02-04 18:58:10.000,2423,2026-02-04 18:58:10.120,2026-02-04 18:58:06.117,-4002.085,50.01563262939453,0
2026-02-04 18:58:00.000,2026-02-04 18:58:10.000,477,2026-02-04 18:58:10.216,2026-02-04 18:58:06.120,-4095.747,60.01414108276367,0
2026-02-04 18:58:00.000,2026-02-04 18:58:10.000,2108,2026-02-04 18:58:10.216,2026-02-04 18:58:06.129,-4087.229,60.01409912109375,0
2026-02-04 18:58:00.000,2026-02-04 18:58:10.000,2423,2026-02-04 18:58:10.140,2026-02-04 18:58:06.137,-4002.063,50.017757415771484,0
2026-02-04 18:58:00.000,2026-02-04 18:58:10.000,477,2026-02-04 18:58:10.233,2026-02-04 18:58:06.137,-4095.383,60.01350021362305,0
2026-02-04 18:58:00.000,2026-02-04 18:58:10.000,2108,2026-02-04 18:58:10.233,2026-02-04 18:58:06.146,-4087.025,60.01494216918945,0
2026-02-04 18:58:00.000,2026-02-04 18:58:10.000,477,2026-02-04 18:58:10.250,2026-02-04 18:58:06.154,-4095.434,60.01414108276367,0
2026-02-04 18:58:00.000,2026-02-04 18:58:10.000,2423,2026-02-04 18:58:10.160,2026-02-04 18:58:06.158,-4001.437,50.0189208984375,0
2026-02-04 18:58:00.000,2026-02-04 18:58:10.000,2108,2026-02-04 18:58:10.250,2026-02-04 18:58:06.161,-4088.436,60.01559829711914,0
2026-02-04 18:58:00.000,2026-02-04 18:58:10.000,477,2026-02-04 18:58:10.266,2026-02-04 18:58:06.172,-4094.586,60.0140495300293,0
2026-02-04 18:58:00.000,2026-02-04 18:58:10.000,2423,2026-02-04 18:58:10.179,2026-02-04 18:58:06.177,-4002.545,50.01648712158203,0
2026-02-04 18:58:00.000,2026-02-04 18:58:10.000,2108,2026-02-04 18:58:10.266,2026-02-04 18:58:06.178,-4088.219,60.013057708740234,0
2026-02-04 18:58:00.000,2026-02-04 18:58:10.000,477,2026-02-04 18:58:10.283,2026-02-04 18:58:06.187,-4095.367,60.01394271850586,0
2026-02-04 18:58:00.000,2026-02-04 18:58:10.000,2108,2026-02-04 18:58:10.283,2026-02-04 18:58:06.204,-4079.201,60.0137825012207,0
2026-02-04 18:58:00.000,2026-02-04 18:58:10.000,2423,2026-02-04 18:58:10.200,2026-02-04 18:58:06.205,-3994.873,50.01570129394531,0
2026-02-04 18:58:00.000,2026-02-04 18:58:10.000,477,2026-02-04 18:58:10.300,2026-02-04 18:58:06.205,-4094.881,60.01449966430664,0
2026-02-04 18:58:00.000,2026-02-04 18:58:10.000,2108,2026-02-04 18:58:10.300,2026-02-04 18:58:06.212,-4087.877,60.01560592651367,0
2026-02-04 18:58:00.000,2026-02-04 18:58:10.000,2423,2026-02-04 18:58:10.220,2026-02-04 18:58:06.231,-3988.844,50.01879119873047,0
2026-02-04 18:58:00.000,2026-02-04 18:58:10.000,477,2026-02-04 18:58:10.316,2026-02-04 18:58:06.232,-4084.507,60.01430130004883,0
2026-02-04 18:58:00.000,2026-02-04 18:58:10.000,2108,2026-02-04 18:58:10.316,2026-02-04 18:58:06.233,-4082.999,60.01654052734375,0
2026-02-04 18:58:00.000,2026-02-04 18:58:10.000,2423,2026-02-04 18:58:10.240,2026-02-04 18:58:06.264,-3975.767,50.020782470703125,0
2026-02-04 18:58:00.000,2026-02-04 18:58:10.000,477,2026-02-04 18:58:10.333,2026-02-04 18:58:06.265,-4068.102,60.01416015625,0
2026-02-04 18:58:00.000,2026-02-04 18:58:10.000,2108,2026-02-04 18:58:10.333,2026-02-04 18:58:06.265,-4068.102,60.01606750488281,0
2026-02-04 18:58:00.000,2026-02-04 18:58:10.000,477,2026-02-04 18:58:10.350,2026-02-04 18:58:06.266,-4083.759,60.01485824584961,0
2026-02-04 18:58:00.000,2026-02-04 18:58:10.000,2423,2026-02-04 18:58:10.259,2026-02-04 18:58:06.266,-3993.751,50.01774597167969,0
2026-02-04 18:58:00.000,2026-02-04 18:58:10.000,2108,2026-02-04 18:58:10.350,2026-02-04 18:58:06.267,-4082.759,60.011417388916016,0
2026-02-04 18:58:00.000,2026-02-04 18:58:10.000,477,2026-02-04 18:58:10.366,2026-02-04 18:58:06.277,-4089.383,60.01508712768555,0
2026-02-04 18:58:00.000,2026-02-04 18:58:10.000,2423,2026-02-04 18:58:10.280,2026-02-04 18:58:06.278,-4001.710,50.0142707824707,0
2026-02-04 18:58:00.000,2026-02-04 18:58:10.000,2108,2026-02-04 18:58:10.366,2026-02-04 18:58:06.279,-4087.384,60.01150131225586,0
2026-02-04 18:58:00.000,2026-02-04 18:58:10.000,477,2026-02-04 18:58:10.383,2026-02-04 18:58:06.287,-4095.543,60.01544952392578,0
2026-02-04 18:58:00.000,2026-02-04 18:58:10.000,2108,2026-02-04 18:58:10.383,2026-02-04 18:58:06.295,-4087.850,60.01712417602539,0
2026-02-04 18:58:00.000,2026-02-04 18:58:10.000,2423,2026-02-04 18:58:10.300,2026-02-04 18:58:06.297,-4002.010,50.0152587890625,0
2026-02-04 18:58:00.000,2026-02-04 18:58:10.000,477,2026-02-04 18:58:10.400,2026-02-04 18:58:06.304,-4095.490,60.015594482421875,0
2026-02-04 18:58:00.000,2026-02-04 18:58:10.000,2108,2026-02-04 18:58:10.400,2026-02-04 18:58:06.312,-4087.979,60.014923095703125,0
2026-02-04 18:58:00.000,2026-02-04 18:58:10.000,2423,2026-02-04 18:58:10.320,2026-02-04 18:58:06.318,-4001.931,50.01752471923828,0
2026-02-04 18:58:00.000,2026-02-04 18:58:10.000,477,2026-02-04 18:58:10.416,2026-02-04 18:58:06.321,-4095.412,60.01508712768555,0
2026-02-04 18:58:00.000,2026-02-04 18:58:10.000,2108,2026-02-04 18:58:10.416,2026-02-04 18:58:06.341,-4075.381,60.01390075683594,0
2026-02-04 18:58:00.000,2026-02-04 18:58:10.000,477,2026-02-04 18:58:10.433,2026-02-04 18:58:06.343,-4089.540,60.015411376953125,0
2026-02-04 18:58:00.000,2026-02-04 18:58:10.000,2423,2026-02-04 18:58:10.339,2026-02-04 18:58:06.343,-3996.204,50.01723098754883,0
2026-02-04 18:58:00.000,2026-02-04 18:58:10.000,2108,2026-02-04 18:58:10.433,2026-02-04 18:58:06.348,-4084.526,60.0190315246582,0
2026-02-04 18:58:00.000,2026-02-04 18:58:10.000,477,2026-02-04 18:58:10.450,2026-02-04 18:58:06.354,-4095.688,60.015438079833984,0
2026-02-04 18:58:00.000,2026-02-04 18:58:10.000,2423,2026-02-04 18:58:10.360,2026-02-04 18:58:06.358,-4001.685,50.015869140625,0
2026-02-04 18:58:00.000,2026-02-04 18:58:10.000,2108,2026-02-04 18:58:10.450,2026-02-04 18:58:06.362,-4087.686,60.01669692993164,0
2026-02-04 18:58:00.000,2026-02-04 18:58:10.000,477,2026-02-04 18:58:10.466,2026-02-04 18:58:06.371,-4095.052,60.01466751098633,0
2026-02-04 18:58:00.000,2026-02-04 18:58:10.000,2423,2026-02-04 18:58:10.380,2026-02-04 18:58:06.378,-4001.884,50.01695251464844,0
2026-02-04 18:58:00.000,2026-02-04 18:58:10.000,2108,2026-02-04 18:58:10.466,2026-02-04 18:58:06.379,-4087.540,60.011962890625,0
2026-02-04 18:58:00.000,2026-02-04 18:58:10.000,477,2026-02-04 18:58:10.483,2026-02-04 18:58:06.388,-4095.165,60.01443862915039,0
2026-02-04 18:58:00.000,2026-02-04 18:58:10.000,2108,2026-02-04 18:58:10.483,2026-02-04 18:58:06.396,-4087.144,60.0102653503418,0
2026-02-04 18:58:00.000,2026-02-04 18:58:10.000,2423,2026-02-04 18:58:10.400,2026-02-04 18:58:06.398,-4001.817,50.01816177368164,0
2026-02-04 18:58:00.000,2026-02-04 18:58:10.000,477,2026-02-04 18:58:10.499,2026-02-04 18:58:06.405,-4094.739,60.01506423950195,0
2026-02-04 18:58:00.000,2026-02-04 18:58:10.000,2108,2026-02-04 18:58:10.499,2026-02-04 18:58:06.412,-4087.740,60.01139831542969,0
2026-02-04 18:58:00.000,2026-02-04 18:58:10.000,2423,2026-02-04 18:58:10.419,2026-02-04 18:58:06.418,-4001.683,50.01753616333008,0
2026-02-04 18:58:00.000,2026-02-04 18:58:10.000,477,2026-02-04 18:58:10.516,2026-02-04 18:58:06.421,-4095.363,60.015350341796875,0
2026-02-04 18:58:00.000,2026-02-04 18:58:10.000,2108,2026-02-04 18:58:10.516,2026-02-04 18:58:06.430,-4086.298,60.01612854003906,0
2026-02-04 18:58:00.000,2026-02-04 18:58:10.000,477,2026-02-04 18:58:10.533,2026-02-04 18:58:06.437,-4095.456,60.015167236328125,0
2026-02-04 18:58:00.000,2026-02-04 18:58:10.000,2423,2026-02-04 18:58:10.440,2026-02-04 18:58:06.438,-4001.117,50.01804733276367,0
2026-02-04 18:58:00.000,2026-02-04 18:58:10.000,2108,2026-02-04 18:58:10.533,2026-02-04 18:58:06.445,-4087.940,60.01881408691406,0
2026-02-04 18:58:00.000,2026-02-04 18:58:10.000,2423,2026-02-04 18:58:10.460,2026-02-04 18:58:06.457,-4002.097,50.018733978271484,0
2026-02-04 18:58:00.000,2026-02-04 18:58:10.000,2108,2026-02-04 18:58:10.550,2026-02-04 18:58:06.461,-4088.089,60.0162239074707,0
2026-02-04 18:58:00.000,2026-02-04 18:58:10.000,477,2026-02-04 18:58:10.550,2026-02-04 18:58:06.472,-4077.577,60.015010833740234,0
2026-02-04 18:58:00.000,2026-02-04 18:58:10.000,477,2026-02-04 18:58:10.566,2026-02-04 18:58:06.473,-4093.246,60.01490020751953,0
2026-02-04 18:58:00.000,2026-02-04 18:58:10.000,2423,2026-02-04 18:58:10.480,2026-02-04 18:58:06.477,-4002.534,50.01850128173828,0
2026-02-04 18:58:00.000,2026-02-04 18:58:10.000,2108,2026-02-04 18:58:10.566,2026-02-04 18:58:06.479,-4087.207,60.012550354003906,0
2026-02-04 18:58:00.000,2026-02-04 18:58:10.000,477,2026-02-04 18:58:10.583,2026-02-04 18:58:06.487,-4095.360,60.01535415649414,0
2026-02-04 18:58:00.000,2026-02-04 18:58:10.000,2108,2026-02-04 18:58:10.583,2026-02-04 18:58:06.495,-4087.343,60.01400375366211,0
2026-02-04 18:58:00.000,2026-02-04 18:58:10.000,2423,2026-02-04 18:58:10.499,2026-02-04 18:58:06.497,-4001.998,50.01737594604492,0
2026-02-04 18:58:00.000,2026-02-04 18:58:10.000,477,2026-02-04 18:58:10.600,2026-02-04 18:58:06.505,-4094.883,60.01564025878906,0
2026-02-04 18:58:00.000,2026-02-04 18:58:10.000,2108,2026-02-04 18:58:10.600,2026-02-04 18:58:06.512,-4087.883,60.01689910888672,0
2026-02-04 18:58:00.000,2026-02-04 18:58:10.000,2423,2026-02-04 18:58:10.520,2026-02-04 18:58:06.518,-4001.555,50.01579666137695,0
2026-02-04 18:58:00.000,2026-02-04 18:58:10.000,477,2026-02-04 18:58:10.616,2026-02-04 18:58:06.521,-4095.217,60.01531982421875,0
2026-02-04 18:58:00.000,2026-02-04 18:58:10.000,2108,2026-02-04 18:58:10.616,2026-02-04 18:58:06.528,-4087.703,60.0171012878418,0
2026-02-04 18:58:00.000,2026-02-04 18:58:10.000,2423,2026-02-04 18:58:10.540,2026-02-04 18:58:06.538,-4001.939,50.017433166503906,0
2026-02-04 18:58:00.000,2026-02-04 18:58:10.000,477,2026-02-04 18:58:10.633,2026-02-04 18:58:06.539,-4094.258,60.015628814697266,0
2026-02-04 18:58:00.000,2026-02-04 18:58:10.000,2108,2026-02-04 18:58:10.633,2026-02-04 18:58:06.545,-4087.729,60.01576232910156,0
2026-02-04 18:58:00.000,2026-02-04 18:58:10.000,477,2026-02-04 18:58:10.650,2026-02-04 18:58:06.554,-4095.409,60.0157470703125,0
2026-02-04 18:58:00.000,2026-02-04 18:58:10.000,2423,2026-02-04 18:58:10.560,2026-02-04 18:58:06.557,-4002.409,50.01946258544922,0
2026-02-04 18:58:00.000,2026-02-04 18:58:10.000,2108,2026-02-04 18:58:10.650,2026-02-04 18:58:06.561,-4088.409,60.01331329345703,0
2026-02-04 18:58:00.000,2026-02-04 18:58:10.000,477,2026-02-04 18:58:10.666,2026-02-04 18:58:06.571,-4095.184,60.015071868896484,0
2026-02-04 18:58:00.000,2026-02-04 18:58:10.000,2423,2026-02-04 18:58:10.579,2026-02-04 18:58:06.578,-4001.711,50.01789474487305,0
2026-02-04 18:58:00.000,2026-02-04 18:58:10.000,2108,2026-02-04 18:58:10.666,2026-02-04 18:58:06.579,-4087.385,60.01362228393555,0
2026-02-04 18:58:00.000,2026-02-04 18:58:10.000,477,2026-02-04 18:58:10.683,2026-02-04 18:58:06.588,-4094.982,60.014976501464844,0
2026-02-04 18:58:00.000,2026-02-04 18:58:10.000,2108,2026-02-04 18:58:10.683,2026-02-04 18:58:06.595,-4087.939,60.015830993652344,0
2026-02-04 18:58:00.000,2026-02-04 18:58:10.000,2423,2026-02-04 18:58:10.600,2026-02-04 18:58:06.597,-4002.340,50.016746520996094,0
2026-02-04 18:58:00.000,2026-02-04 18:58:10.000,477,2026-02-04 18:58:10.700,2026-02-04 18:58:06.604,-4095.834,60.01571273803711,0
2026-02-04 18:58:00.000,2026-02-04 18:58:10.000,2108,2026-02-04 18:58:10.700,2026-02-04 18:58:06.612,-4087.838,60.0145378112793,0
2026-02-04 18:58:00.000,2026-02-04 18:58:10.000,2423,2026-02-04 18:58:10.620,2026-02-04 18:58:06.618,-4001.628,50.017276763916016,0
2026-02-04 18:58:00.000,2026-02-04 18:58:10.000,477,2026-02-04 18:58:10.716,2026-02-04 18:58:06.621,-4095.293,60.016414642333984,0
2026-02-04 18:58:00.000,2026-02-04 18:58:10.000,2108,2026-02-04 18:58:10.716,2026-02-04 18:58:06.628,-4088.237,60.01237106323242,0
2026-02-04 18:58:00.000,2026-02-04 18:58:10.000,477,2026-02-04 18:58:10.733,2026-02-04 18:58:06.637,-4095.389,60.01688766479492,0
2026-02-04 18:58:00.000,2026-02-04 18:58:10.000,2423,2026-02-04 18:58:10.640,2026-02-04 18:58:06.637,-4002.053,50.01670837402344,0
2026-02-04 18:58:00.000,2026-02-04 18:58:10.000,2108,2026-02-04 18:58:10.733,2026-02-04 18:58:06.646,-4087.304,60.01437759399414,0
2026-02-04 18:58:00.000,2026-02-04 18:58:10.000,2423,2026-02-04 18:58:10.659,2026-02-04 18:58:06.657,-4002.450,50.01548385620117,0
2026-02-04 18:58:00.000,2026-02-04 18:58:10.000,2108,2026-02-04 18:58:10.750,2026-02-04 18:58:06.661,-4088.456,60.01664733886719,0
2026-02-04 18:58:00.000,2026-02-04 18:58:10.000,477,2026-02-04 18:58:10.750,2026-02-04 18:58:06.673,-4076.938,60.01675033569336,0
2026-02-04 18:58:00.000,2026-02-04 18:58:10.000,2423,2026-02-04 18:58:10.680,2026-02-04 18:58:06.678,-4001.346,50.01614761352539,0
2026-02-04 18:58:00.000,2026-02-04 18:58:10.000,2108,2026-02-04 18:58:10.766,2026-02-04 18:58:06.678,-4088.018,60.01628112792969,0
2026-02-04 18:58:00.000,2026-02-04 18:58:10.000,2108,2026-02-04 18:58:10.783,2026-02-04 18:58:06.696,-4087.189,60.015625,0
2026-02-04 18:58:00.000,2026-02-04 18:58:10.000,2423,2026-02-04 18:58:10.700,2026-02-04 18:58:06.710,-3989.577,50.01786804199219,0
2026-02-04 18:58:00.000,2026-02-04 18:58:10.000,477,2026-02-04 18:58:10.766,2026-02-04 18:58:06.718,-4048.333,60.01632308959961,0
2026-02-04 18:58:00.000,2026-02-04 18:58:10.000,477,2026-02-04 18:58:10.783,2026-02-04 18:58:06.718,-4064.465,60.01678466796875,0
2026-02-04 18:58:00.000,2026-02-04 18:58:10.000,477,2026-02-04 18:58:10.800,2026-02-04 18:58:06.718,-4081.129,60.01662063598633,0
2026-02-04 18:58:00.000,2026-02-04 18:58:10.000,2108,2026-02-04 18:58:10.800,2026-02-04 18:58:06.719,-4080.603,60.01426696777344,0
2026-02-04 18:58:00.000,2026-02-04 18:58:10.000,2423,2026-02-04 18:58:10.720,2026-02-04 18:58:06.719,-4000.072,50.01691436767578,0
2026-02-04 18:58:00.000,2026-02-04 18:58:10.000,477,2026-02-04 18:58:10.816,2026-02-04 18:58:06.721,-4095.146,60.015541076660156,0
2026-02-04 18:58:00.000,2026-02-04 18:58:10.000,2108,2026-02-04 18:58:10.816,2026-02-04 18:58:06.729,-4087.628,60.01521682739258,0
2026-02-04 18:58:00.000,2026-02-04 18:58:10.000,477,2026-02-04 18:58:10.833,2026-02-04 18:58:06.738,-4094.848,60.01579666137695,0
2026-02-04 18:58:00.000,2026-02-04 18:58:10.000,2423,2026-02-04 18:58:10.739,2026-02-04 18:58:06.738,-4001.512,50.0148811340332,0
2026-02-04 18:58:00.000,2026-02-04 18:58:10.000,2108,2026-02-04 18:58:10.833,2026-02-04 18:58:06.747,-4086.328,60.0176887512207,0
2026-02-04 18:58:00.000,2026-02-04 18:58:10.000,477,2026-02-04 18:58:10.850,2026-02-04 18:58:06.754,-4095.485,60.01627731323242,0
2026-02-04 18:58:00.000,2026-02-04 18:58:10.000,2423,2026-02-04 18:58:10.760,2026-02-04 18:58:06.758,-4001.486,50.0157585144043,0
2026-02-04 18:58:00.000,2026-02-04 18:58:10.000,2108,2026-02-04 18:58:10.850,2026-02-04 18:58:06.761,-4088.482,60.01772689819336,0
2026-02-04 18:58:00.000,2026-02-04 18:58:10.000,477,2026-02-04 18:58:10.866,2026-02-04 18:58:06.771,-4095.021,60.016231536865234,0
2026-02-04 18:58:00.000,2026-02-04 18:58:10.000,2423,2026-02-04 18:58:10.780,2026-02-04 18:58:06.778,-4001.847,50.01694107055664,0
2026-02-04 18:58:00.000,2026-02-04 18:58:10.000,2108,2026-02-04 18:58:10.866,2026-02-04 18:58:06.780,-4086.499,60.01457214355469,0
2026-02-04 18:58:00.000,2026-02-04 18:58:10.000,477,2026-02-04 18:58:10.883,2026-02-04 18:58:06.788,-4095.137,60.016414642333984,0
2026-02-04 18:58:00.000,2026-02-04 18:58:10.000,2108,2026-02-04 18:58:10.883,2026-02-04 18:58:06.795,-4087.759,60.01235580444336,0
2026-02-04 18:58:00.000,2026-02-04 18:58:10.000,2423,2026-02-04 18:58:10.800,2026-02-04 18:58:06.797,-4002.432,50.016883850097656,0
2026-02-04 18:58:00.000,2026-02-04 18:58:10.000,477,2026-02-04 18:58:10.899,2026-02-04 18:58:06.805,-4094.913,60.01560974121094,0
2026-02-04 18:58:00.000,2026-02-04 18:58:10.000,2108,2026-02-04 18:58:10.899,2026-02-04 18:58:06.812,-4087.901,60.01678466796875,0
2026-02-04 18:58:00.000,2026-02-04 18:58:10.000,2423,2026-02-04 18:58:10.819,2026-02-04 18:58:06.818,-4001.553,50.01628112792969,0
2026-02-04 18:58:00.000,2026-02-04 18:58:10.000,477,2026-02-04 18:58:10.916,2026-02-04 18:58:06.821,-4094.721,60.01497268676758,0
2026-02-04 18:58:00.000,2026-02-04 18:58:10.000,2108,2026-02-04 18:58:10.916,2026-02-04 18:58:06.828,-4088.314,60.0204963684082,0
2026-02-04 18:58:00.000,2026-02-04 18:58:10.000,2423,2026-02-04 18:58:10.840,2026-02-04 18:58:06.837,-4002.120,50.01491928100586,0
2026-02-04 18:58:00.000,2026-02-04 18:58:10.000,477,2026-02-04 18:58:10.933,2026-02-04 18:58:06.837,-4095.456,60.015708923339844,0
2026-02-04 18:58:00.000,2026-02-04 18:58:10.000,2108,2026-02-04 18:58:10.933,2026-02-04 18:58:06.845,-4087.941,60.01664352416992,0
2026-02-04 18:58:00.000,2026-02-04 18:58:10.000,477,2026-02-04 18:58:10.950,2026-02-04 18:58:06.854,-4095.097,60.016700744628906,0
2026-02-04 18:58:00.000,2026-02-04 18:58:10.000,2423,2026-02-04 18:58:10.860,2026-02-04 18:58:06.857,-4002.104,50.01571273803711,0
2026-02-04 18:58:00.000,2026-02-04 18:58:10.000,2108,2026-02-04 18:58:10.950,2026-02-04 18:58:06.861,-4088.098,60.013545989990234,0
2026-02-04 18:58:00.000,2026-02-04 18:58:10.000,477,2026-02-04 18:58:10.966,2026-02-04 18:58:06.871,-4095.257,60.016639709472656,0
2026-02-04 18:58:00.000,2026-02-04 18:58:10.000,2423,2026-02-04 18:58:10.880,2026-02-04 18:58:06.877,-4002.049,50.01747131347656,0
2026-02-04 18:58:00.000,2026-02-04 18:58:10.000,2108,2026-02-04 18:58:10.966,2026-02-04 18:58:06.878,-4087.723,60.015968322753906,0
2026-02-04 18:58:00.000,2026-02-04 18:58:10.000,2108,2026-02-04 18:58:10.983,2026-02-04 18:58:06.896,-4087.261,60.017818450927734,0
2026-02-04 18:58:00.000,2026-02-04 18:58:10.000,2423,2026-02-04 18:58:10.899,2026-02-04 18:58:06.898,-4001.918,50.017486572265625,0
2026-02-04 18:58:00.000,2026-02-04 18:58:10.000,477,2026-02-04 18:58:10.983,2026-02-04 18:58:06.912,-4071.242,60.01622772216797,0
2026-02-04 18:58:00.000,2026-02-04 18:58:10.000,477,2026-02-04 18:58:11.000,2026-02-04 18:58:06.912,-4087.906,60.01637649536133,0
2026-02-04 18:58:00.000,2026-02-04 18:58:10.000,2108,2026-02-04 18:58:11.000,2026-02-04 18:58:06.913,-4086.905,60.01853561401367,0
2026-02-04 18:58:00.000,2026-02-04 18:58:10.000,2423,2026-02-04 18:58:10.920,2026-02-04 18:58:06.918,-4001.463,50.017391204833984,0
2026-02-04 18:58:00.000,2026-02-04 18:58:10.000,477,2026-02-04 18:58:11.016,2026-02-04 18:58:06.922,-4094.614,60.016807556152344,0
2026-02-04 18:58:00.000,2026-02-04 18:58:10.000,2108,2026-02-04 18:58:11.016,2026-02-04 18:58:06.929,-4087.498,60.01729202270508,0
2026-02-04 18:58:00.000,2026-02-04 18:58:10.000,477,2026-02-04 18:58:11.033,2026-02-04 18:58:06.938,-4095.092,60.01698684692383,0
2026-02-04 18:58:00.000,2026-02-04 18:58:10.000,2423,2026-02-04 18:58:10.940,2026-02-04 18:58:06.938,-4001.772,50.01797103881836,0
2026-02-04 18:58:00.000,2026-02-04 18:58:10.000,2108,2026-02-04 18:58:11.033,2026-02-04 18:58:06.946,-4087.041,60.013118743896484,0
2026-02-04 18:58:00.000,2026-02-04 18:58:10.000,477,2026-02-04 18:58:11.050,2026-02-04 18:58:06.955,-4094.676,60.01578140258789,0
2026-02-04 18:58:00.000,2026-02-04 18:58:10.000,2423,2026-02-04 18:58:10.960,2026-02-04 18:58:06.958,-4001.680,50.01749038696289,0
2026-02-04 18:58:00.000,2026-02-04 18:58:10.000,2108,2026-02-04 18:58:11.050,2026-02-04 18:58:06.962,-4087.680,60.0156135559082,0
2026-02-04 18:58:00.000,2026-02-04 18:58:10.000,477,2026-02-04 18:58:11.066,2026-02-04 18:58:06.971,-4095.235,60.015132904052734,0
2026-02-04 18:58:00.000,2026-02-04 18:58:10.000,2423,2026-02-04 18:58:10.979,2026-02-04 18:58:06.977,-4002.051,50.01548385620117,0
2026-02-04 18:58:00.000,2026-02-04 18:58:10.000,2108,2026-02-04 18:58:11.066,2026-02-04 18:58:06.978,-4087.722,60.021942138671875,0
2026-02-04 18:58:00.000,2026-02-04 18:58:10.000,477,2026-02-04 18:58:11.083,2026-02-04 18:58:06.988,-4095.146,60.01646423339844,0
2026-02-04 18:58:00.000,2026-02-04 18:58:10.000,2108,2026-02-04 18:58:11.083,2026-02-04 18:58:06.995,-4087.866,60.020355224609375,0
2026-02-04 18:58:00.000,2026-02-04 18:58:10.000,2423,2026-02-04 18:58:11.000,2026-02-04 18:58:06.997,-4002.538,50.01504898071289,0
2026-02-04 18:58:00.000,2026-02-04 18:58:10.000,477,2026-02-04 18:58:11.100,2026-02-04 18:58:07.004,-4095.037,60.01800537109375,0
2026-02-04 18:58:00.000,2026-02-04 18:58:10.000,2108,2026-02-04 18:58:11.100,2026-02-04 18:58:07.011,-4088.035,60.01470947265625,0
2026-02-04 18:58:00.000,2026-02-04 18:58:10.000,2423,2026-02-04 18:58:11.020,2026-02-04 18:58:07.018,-4001.603,50.01738357543945,0
2026-02-04 18:58:00.000,2026-02-04 18:58:10.000,477,2026-02-04 18:58:11.116,2026-02-04 18:58:07.021,-4095.270,60.01821517944336,0
2026-02-04 18:58:00.000,2026-02-04 18:58:10.000,2108,2026-02-04 18:58:11.116,2026-02-04 18:58:07.028,-4088.029,60.01356887817383,0
2026-02-04 18:58:00.000,2026-02-04 18:58:10.000,2423,2026-02-04 18:58:11.040,2026-02-04 18:58:07.038,-4001.840,50.0185546875,0
2026-02-04 18:58:00.000,2026-02-04 18:58:10.000,477,2026-02-04 18:58:11.133,2026-02-04 18:58:07.038,-4095.176,60.017059326171875,0
2026-02-04 18:58:00.000,2026-02-04 18:58:10.000,2108,2026-02-04 18:58:11.133,2026-02-04 18:58:07.045,-4088.162,60.0185432434082,0
2026-02-04 18:58:00.000,2026-02-04 18:58:10.000,477,2026-02-04 18:58:11.150,2026-02-04 18:58:07.054,-4095.452,60.01603698730469,0
2026-02-04 18:58:00.000,2026-02-04 18:58:10.000,2423,2026-02-04 18:58:11.059,2026-02-04 18:58:07.058,-4001.444,50.01679992675781,0
2026-02-04 18:58:00.000,2026-02-04 18:58:10.000,2108,2026-02-04 18:58:11.150,2026-02-04 18:58:07.061,-4088.453,60.02399826049805,0
2026-02-04 18:58:00.000,2026-02-04 18:58:10.000,477,2026-02-04 18:58:11.166,2026-02-04 18:58:07.071,-4095.610,60.016727447509766,0
2026-02-04 18:58:00.000,2026-02-04 18:58:10.000,2423,2026-02-04 18:58:11.080,2026-02-04 18:58:07.078,-4001.874,50.015750885009766,0
2026-02-04 18:58:00.000,2026-02-04 18:58:10.000,2108,2026-02-04 18:58:11.166,2026-02-04 18:58:07.079,-4087.547,60.02059555053711,0
2026-02-04 18:58:00.000,2026-02-04 18:58:10.000,477,2026-02-04 18:58:11.183,2026-02-04 18:58:07.087,-4095.675,60.01768493652344,0
2026-02-04 18:58:00.000,2026-02-04 18:58:10.000,2108,2026-02-04 18:58:11.183,2026-02-04 18:58:07.095,-4087.996,60.01255798339844,0
2026-02-04 18:58:00.000,2026-02-04 18:58:10.000,2423,2026-02-04 18:58:11.100,2026-02-04 18:58:07.098,-4001.668,50.01706314086914,0
2026-02-04 18:58:00.000,2026-02-04 18:58:10.000,477,2026-02-04 18:58:11.200,2026-02-04 18:58:07.104,-4095.417,60.017234802246094,0
2026-02-04 18:58:00.000,2026-02-04 18:58:10.000,2108,2026-02-04 18:58:11.200,2026-02-04 18:58:07.111,-4088.418,60.01373291015625,0
2026-02-04 18:58:00.000,2026-02-04 18:58:10.000,2423,2026-02-04 18:58:11.120,2026-02-04 18:58:07.118,-4001.908,50.016876220703125,0
2026-02-04 18:58:00.000,2026-02-04 18:58:10.000,2108,2026-02-04 18:58:11.216,2026-02-04 18:58:07.128,-4088.485,60.01858901977539,0
2026-02-04 18:58:00.000,2026-02-04 18:58:10.000,2423,2026-02-04 18:58:11.139,2026-02-04 18:58:07.137,-4002.275,50.01426696777344,0
2026-02-04 18:58:00.000,2026-02-04 18:58:10.000,477,2026-02-04 18:58:11.216,2026-02-04 18:58:07.141,-4074.949,60.0167121887207,0
2026-02-04 18:58:00.000,2026-02-04 18:58:10.000,477,2026-02-04 18:58:11.233,2026-02-04 18:58:07.143,-4090.108,60.01716232299805,0
2026-02-04 18:58:00.000,2026-02-04 18:58:10.000,2108,2026-02-04 18:58:11.233,2026-02-04 18:58:07.145,-4087.579,60.01891326904297,0
2026-02-04 18:58:00.000,2026-02-04 18:58:10.000,2423,2026-02-04 18:58:11.160,2026-02-04 18:58:07.158,-4001.676,50.01509094238281,0
2026-02-04 18:58:00.000,2026-02-04 18:58:10.000,2108,2026-02-04 18:58:11.250,2026-02-04 18:58:07.163,-4086.675,60.01785659790039,0
2026-02-04 18:58:00.000,2026-02-04 18:58:10.000,477,2026-02-04 18:58:11.250,2026-02-04 18:58:07.177,-4072.446,60.01758575439453,0
2026-02-04 18:58:00.000,2026-02-04 18:58:10.000,477,2026-02-04 18:58:11.266,2026-02-04 18:58:07.178,-4088.110,60.01732635498047,0
2026-02-04 18:58:00.000,2026-02-04 18:58:10.000,2423,2026-02-04 18:58:11.180,2026-02-04 18:58:07.178,-4001.454,50.01820755004883,0
2026-02-04 18:58:00.000,2026-02-04 18:58:10.000,2108,2026-02-04 18:58:11.266,2026-02-04 18:58:07.179,-4087.110,60.01628875732422,0
2026-02-04 18:58:00.000,2026-02-04 18:58:10.000,477,2026-02-04 18:58:11.283,2026-02-04 18:58:07.188,-4095.264,60.01729202270508,0
2026-02-04 18:58:00.000,2026-02-04 18:58:10.000,2108,2026-02-04 18:58:11.283,2026-02-04 18:58:07.195,-4088.192,60.017765045166016,0
2026-02-04 18:58:00.000,2026-02-04 18:58:10.000,2423,2026-02-04 18:58:11.200,2026-02-04 18:58:07.198,-4001.859,50.01826477050781,0
2026-02-04 18:58:00.000,2026-02-04 18:58:10.000,477,2026-02-04 18:58:11.299,2026-02-04 18:58:07.204,-4095.400,60.017826080322266,0
2026-02-04 18:58:00.000,2026-02-04 18:58:10.000,2108,2026-02-04 18:58:11.299,2026-02-04 18:58:07.211,-4088.401,60.023136138916016,0
2026-02-04 18:58:00.000,2026-02-04 18:58:10.000,2423,2026-02-04 18:58:11.219,2026-02-04 18:58:07.218,-4001.888,50.016605377197266,0
2026-02-04 18:58:00.000,2026-02-04 18:58:10.000,477,2026-02-04 18:58:11.316,2026-02-04 18:58:07.221,-4095.570,60.01840591430664,0
2026-02-04 18:58:00.000,2026-02-04 18:58:10.000,2108,2026-02-04 18:58:11.316,2026-02-04 18:58:07.231,-4085.058,60.02490234375,0
2026-02-04 18:58:00.000,2026-02-04 18:58:10.000,477,2026-02-04 18:58:11.333,2026-02-04 18:58:07.255,-4078.187,60.01852798461914,0
2026-02-04 18:58:00.000,2026-02-04 18:58:10.000,2423,2026-02-04 18:58:11.240,2026-02-04 18:58:07.256,-3983.851,50.01678466796875,0
2026-02-04 18:58:00.000,2026-02-04 18:58:10.000,2108,2026-02-04 18:58:11.333,2026-02-04 18:58:07.257,-4076.187,60.02070999145508,0
2026-02-04 18:58:00.000,2026-02-04 18:58:10.000,477,2026-02-04 18:58:11.350,2026-02-04 18:58:07.257,-4092.851,60.01823043823242,0
2026-02-04 18:58:00.000,2026-02-04 18:58:10.000,2423,2026-02-04 18:58:11.260,2026-02-04 18:58:07.258,-4001.859,50.01844787597656,0
2026-02-04 18:58:00.000,2026-02-04 18:58:10.000,2108,2026-02-04 18:58:11.350,2026-02-04 18:58:07.262,-4087.851,60.01668167114258,0
2026-02-04 18:58:00.000,2026-02-04 18:58:10.000,477,2026-02-04 18:58:11.366,2026-02-04 18:58:07.288,-4078.293,60.018001556396484,0
2026-02-04 18:58:00.000,2026-02-04 18:58:10.000,2423,2026-02-04 18:58:11.280,2026-02-04 18:58:07.288,-3991.621,50.01801300048828,0
2026-02-04 18:58:00.000,2026-02-04 18:58:10.000,2108,2026-02-04 18:58:11.366,2026-02-04 18:58:07.289,-4077.292,60.01398468017578,0
2026-02-04 18:58:00.000,2026-02-04 18:58:10.000,477,2026-02-04 18:58:11.383,2026-02-04 18:58:07.289,-4093.956,60.0183219909668,0
2026-02-04 18:58:00.000,2026-02-04 18:58:10.000,2108,2026-02-04 18:58:11.383,2026-02-04 18:58:07.295,-4087.916,60.015716552734375,0
2026-02-04 18:58:00.000,2026-02-04 18:58:10.000,2423,2026-02-04 18:58:11.299,2026-02-04 18:58:07.298,-4001.568,50.01602554321289,0
2026-02-04 18:58:00.000,2026-02-04 18:58:10.000,477,2026-02-04 18:58:11.400,2026-02-04 18:58:07.304,-4095.236,60.018978118896484,0
2026-02-04 18:58:00.000,2026-02-04 18:58:10.000,2108,2026-02-04 18:58:11.400,2026-02-04 18:58:07.311,-4088.234,60.020633697509766,0
2026-02-04 18:58:00.000,2026-02-04 18:58:10.000,2423,2026-02-04 18:58:11.320,2026-02-04 18:58:07.318,-4001.722,50.015933990478516,0
2026-02-04 18:58:00.000,2026-02-04 18:58:10.000,2108,2026-02-04 18:58:11.416,2026-02-04 18:58:07.329,-4087.097,60.02032470703125,0
2026-02-04 18:58:00.000,2026-02-04 18:58:10.000,2423,2026-02-04 18:58:11.340,2026-02-04 18:58:07.338,-4001.929,50.01813888549805,0
2026-02-04 18:58:00.000,2026-02-04 18:58:10.000,2108,2026-02-04 18:58:11.433,2026-02-04 18:58:07.345,-4087.740,60.02000427246094,0
2026-02-04 18:58:00.000,2026-02-04 18:58:10.000,477,2026-02-04 18:58:11.416,2026-02-04 18:58:07.354,-4062.565,60.019222259521484,0
2026-02-04 18:58:00.000,2026-02-04 18:58:10.000,477,2026-02-04 18:58:11.433,2026-02-04 18:58:07.354,-4079.229,60.01914978027344,0
2026-02-04 18:58:00.000,2026-02-04 18:58:10.000,477,2026-02-04 18:58:11.450,2026-02-04 18:58:07.355,-4094.902,60.01905059814453,0
2026-02-04 18:58:00.000,2026-02-04 18:58:10.000,2423,2026-02-04 18:58:11.360,2026-02-04 18:58:07.358,-4001.901,50.01884841918945,0
2026-02-04 18:58:00.000,2026-02-04 18:58:10.000,2108,2026-02-04 18:58:11.450,2026-02-04 18:58:07.362,-4087.902,60.0216064453125,0
2026-02-04 18:58:00.000,2026-02-04 18:58:10.000,477,2026-02-04 18:58:11.466,2026-02-04 18:58:07.371,-4094.791,60.018856048583984,0
2026-02-04 18:58:00.000,2026-02-04 18:58:10.000,2423,2026-02-04 18:58:11.379,2026-02-04 18:58:07.378,-4001.598,50.01654052734375,0
2026-02-04 18:58:00.000,2026-02-04 18:58:10.000,2108,2026-02-04 18:58:11.466,2026-02-04 18:58:07.379,-4087.268,60.018394470214844,0
2026-02-04 18:58:00.000,2026-02-04 18:58:10.000,477,2026-02-04 18:58:11.483,2026-02-04 18:58:07.387,-4095.764,60.01848220825195,0
2026-02-04 18:58:00.000,2026-02-04 18:58:10.000,2108,2026-02-04 18:58:11.483,2026-02-04 18:58:07.396,-4087.236,60.01577377319336,0
2026-02-04 18:58:00.000,2026-02-04 18:58:10.000,2423,2026-02-04 18:58:11.400,2026-02-04 18:58:07.397,-4002.400,50.01557922363281,0
2026-02-04 18:58:00.000,2026-02-04 18:58:10.000,477,2026-02-04 18:58:11.500,2026-02-04 18:58:07.405,-4094.897,60.01812744140625,0
2026-02-04 18:58:00.000,2026-02-04 18:58:10.000,2108,2026-02-04 18:58:11.500,2026-02-04 18:58:07.412,-4087.897,60.01887512207031,0
2026-02-04 18:58:00.000,2026-02-04 18:58:10.000,2423,2026-02-04 18:58:11.420,2026-02-04 18:58:07.418,-4001.605,50.01798629760742,0
2026-02-04 18:58:00.000,2026-02-04 18:58:10.000,477,2026-02-04 18:58:11.516,2026-02-04 18:58:07.421,-4095.270,60.01833724975586,0
2026-02-04 18:58:00.000,2026-02-04 18:58:10.000,2108,2026-02-04 18:58:11.516,2026-02-04 18:58:07.429,-4087.233,60.02179718017578,0
2026-02-04 18:58:00.000,2026-02-04 18:58:10.000,2423,2026-02-04 18:58:11.440,2026-02-04 18:58:07.438,-4001.052,50.020042419433594,0
2026-02-04 18:58:00.000,2026-02-04 18:58:10.000,477,2026-02-04 18:58:11.533,2026-02-04 18:58:07.438,-4094.388,60.018882751464844,0
2026-02-04 18:58:00.000,2026-02-04 18:58:10.000,2108,2026-02-04 18:58:11.533,2026-02-04 18:58:07.445,-4088.271,60.022090911865234,0
2026-02-04 18:58:00.000,2026-02-04 18:58:10.000,477,2026-02-04 18:58:11.550,2026-02-04 18:58:07.454,-4095.425,60.019779205322266,0
2026-02-04 18:58:00.000,2026-02-04 18:58:10.000,2423,2026-02-04 18:58:11.459,2026-02-04 18:58:07.457,-4002.419,50.018577575683594,0
2026-02-04 18:58:00.000,2026-02-04 18:58:10.000,2108,2026-02-04 18:58:11.550,2026-02-04 18:58:07.461,-4088.429,60.019317626953125,0
2026-02-04 18:58:00.000,2026-02-04 18:58:10.000,477,2026-02-04 18:58:11.566,2026-02-04 18:58:07.471,-4095.586,60.02018356323242,0
2026-02-04 18:58:00.000,2026-02-04 18:58:10.000,2423,2026-02-04 18:58:11.480,2026-02-04 18:58:07.477,-4002.402,50.01619338989258,0
2026-02-04 18:58:00.000,2026-02-04 18:58:10.000,2108,2026-02-04 18:58:11.566,2026-02-04 18:58:07.479,-4087.078,60.014652252197266,0
2026-02-04 18:58:00.000,2026-02-04 18:58:10.000,477,2026-02-04 18:58:11.583,2026-02-04 18:58:07.488,-4095.227,60.02000427246094,0
2026-02-04 18:58:00.000,2026-02-04 18:58:10.000,2108,2026-02-04 18:58:11.583,2026-02-04 18:58:07.496,-4086.944,60.01667404174805,0
2026-02-04 18:58:00.000,2026-02-04 18:58:10.000,2423,2026-02-04 18:58:11.500,2026-02-04 18:58:07.498,-4001.616,50.01673126220703,0
2026-02-04 18:58:00.000,2026-02-04 18:58:10.000,477,2026-02-04 18:58:11.600,2026-02-04 18:58:07.504,-4095.094,60.01987838745117,0
2026-02-04 18:58:00.000,2026-02-04 18:58:10.000,2108,2026-02-04 18:58:11.600,2026-02-04 18:58:07.511,-4088.089,60.021522521972656,0
2026-02-04 18:58:00.000,2026-02-04 18:58:10.000,2423,2026-02-04 18:58:11.520,2026-02-04 18:58:07.518,-4001.577,50.01836013793945,0
2026-02-04 18:58:00.000,2026-02-04 18:58:10.000,477,2026-02-04 18:58:11.616,2026-02-04 18:58:07.521,-4095.240,60.01966094970703,0
2026-02-04 18:58:00.000,2026-02-04 18:58:10.000,2108,2026-02-04 18:58:11.616,2026-02-04 18:58:07.528,-4087.728,60.021060943603516,0
2026-02-04 18:58:00.000,2026-02-04 18:58:10.000,477,2026-02-04 18:58:11.633,2026-02-04 18:58:07.538,-4095.086,60.0200309753418,0
2026-02-04 18:58:00.000,2026-02-04 18:58:10.000,2423,2026-02-04 18:58:11.539,2026-02-04 18:58:07.538,-4001.750,50.01890563964844,0
2026-02-04 18:58:00.000,2026-02-04 18:58:10.000,2108,2026-02-04 18:58:11.633,2026-02-04 18:58:07.546,-4087.302,60.018211364746094,0
2026-02-04 18:58:00.000,2026-02-04 18:58:10.000,477,2026-02-04 18:58:11.650,2026-02-04 18:58:07.555,-4094.945,60.02051544189453,0
2026-02-04 18:58:00.000,2026-02-04 18:58:10.000,2423,2026-02-04 18:58:11.560,2026-02-04 18:58:07.559,-4000.947,50.01930236816406,0
2026-02-04 18:58:00.000,2026-02-04 18:58:10.000,2108,2026-02-04 18:58:11.650,2026-02-04 18:58:07.563,-4086.948,60.01565933227539,0
2026-02-04 18:58:00.000,2026-02-04 18:58:10.000,477,2026-02-04 18:58:11.666,2026-02-04 18:58:07.571,-4094.904,60.02021026611328,0
2026-02-04 18:58:00.000,2026-02-04 18:58:10.000,2423,2026-02-04 18:58:11.580,2026-02-04 18:58:07.579,-4000.149,50.01942443847656,0
2026-02-04 18:58:00.000,2026-02-04 18:58:10.000,2108,2026-02-04 18:58:11.666,2026-02-04 18:58:07.579,-4086.805,60.01818084716797,0
2026-02-04 18:58:00.000,2026-02-04 18:58:10.000,477,2026-02-04 18:58:11.683,2026-02-04 18:58:07.600,-4082.423,60.01978302001953,0
2026-02-04 18:58:00.000,2026-02-04 18:58:10.000,2108,2026-02-04 18:58:11.683,2026-02-04 18:58:07.604,-4078.912,60.0231819152832,0
2026-02-04 18:58:00.000,2026-02-04 18:58:10.000,2423,2026-02-04 18:58:11.600,2026-02-04 18:58:07.604,-3995.584,50.0173454284668,0
2026-02-04 18:58:00.000,2026-02-04 18:58:10.000,477,2026-02-04 18:58:11.699,2026-02-04 18:58:07.605,-4094.570,60.020084381103516,0
2026-02-04 18:58:00.000,2026-02-04 18:58:10.000,2108,2026-02-04 18:58:11.699,2026-02-04 18:58:07.613,-4086.572,60.02190399169922,0
2026-02-04 18:58:00.000,2026-02-04 18:58:10.000,2423,2026-02-04 18:58:11.619,2026-02-04 18:58:07.617,-4002.060,50.01579666137695,0
2026-02-04 18:58:00.000,2026-02-04 18:58:10.000,477,2026-02-04 18:58:11.716,2026-02-04 18:58:07.621,-4094.740,60.020286560058594,0
2026-02-04 18:58:00.000,2026-02-04 18:58:10.000,2108,2026-02-04 18:58:11.716,2026-02-04 18:58:07.630,-4086.657,60.0172004699707,0
2026-02-04 18:58:00.000,2026-02-04 18:58:10.000,2423,2026-02-04 18:58:11.640,2026-02-04 18:58:07.638,-4001.909,50.01713562011719,0
2026-02-04 18:58:00.000,2026-02-04 18:58:10.000,477,2026-02-04 18:58:11.733,2026-02-04 18:58:07.638,-4095.245,60.01983642578125,0
2026-02-04 18:58:00.000,2026-02-04 18:58:10.000,2108,2026-02-04 18:58:11.733,2026-02-04 18:58:07.646,-4087.021,60.01707458496094,0
2026-02-04 18:58:00.000,2026-02-04 18:58:10.000,477,2026-02-04 18:58:11.750,2026-02-04 18:58:07.654,-4095.274,60.01975631713867,0
2026-02-04 18:58:00.000,2026-02-04 18:58:10.000,2423,2026-02-04 18:58:11.660,2026-02-04 18:58:07.657,-4002.279,50.0191535949707,0
2026-02-04 18:58:00.000,2026-02-04 18:58:10.000,2108,2026-02-04 18:58:11.750,2026-02-04 18:58:07.674,-4075.484,60.0200309753418,0
2026-02-04 18:58:00.000,2026-02-04 18:58:10.000,477,2026-02-04 18:58:11.766,2026-02-04 18:58:07.675,-4091.159,60.02025604248047,0
2026-02-04 18:58:00.000,2026-02-04 18:58:10.000,2423,2026-02-04 18:58:11.680,2026-02-04 18:58:07.678,-4001.487,50.02039337158203,0
2026-02-04 18:58:00.000,2026-02-04 18:58:10.000,2108,2026-02-04 18:58:11.766,2026-02-04 18:58:07.678,-4088.159,60.021629333496094,0
2026-02-04 18:58:00.000,2026-02-04 18:58:10.000,477,2026-02-04 18:58:11.783,2026-02-04 18:58:07.688,-4095.307,60.020729064941406,0
2026-02-04 18:58:00.000,2026-02-04 18:58:10.000,2108,2026-02-04 18:58:11.783,2026-02-04 18:58:07.696,-4087.208,60.02020263671875,0
2026-02-04 18:58:00.000,2026-02-04 18:58:10.000,2423,2026-02-04 18:58:11.699,2026-02-04 18:58:07.698,-4001.862,50.019954681396484,0
2026-02-04 18:58:00.000,2026-02-04 18:58:10.000,477,2026-02-04 18:58:11.800,2026-02-04 18:58:07.704,-4095.362,60.02037811279297,0
2026-02-04 18:58:00.000,2026-02-04 18:58:10.000,2108,2026-02-04 18:58:11.800,2026-02-04 18:58:07.712,-4087.851,60.0154914855957,0
2026-02-04 18:58:00.000,2026-02-04 18:58:10.000,2423,2026-02-04 18:58:11.720,2026-02-04 18:58:07.718,-4001.624,50.01838302612305,0
2026-02-04 18:58:00.000,2026-02-04 18:58:10.000,477,2026-02-04 18:58:11.816,2026-02-04 18:58:07.721,-4094.941,60.02065658569336,0
2026-02-04 18:58:00.000,2026-02-04 18:58:10.000,2108,2026-02-04 18:58:11.816,2026-02-04 18:58:07.729,-4087.428,60.01689529418945,0
2026-02-04 18:58:00.000,2026-02-04 18:58:10.000,477,2026-02-04 18:58:11.833,2026-02-04 18:58:07.738,-4095.036,60.02146911621094,0
2026-02-04 18:58:00.000,2026-02-04 18:58:10.000,2423,2026-02-04 18:58:11.740,2026-02-04 18:58:07.738,-4001.716,50.01808166503906,0
2026-02-04 18:58:00.000,2026-02-04 18:58:10.000,2108,2026-02-04 18:58:11.833,2026-02-04 18:58:07.745,-4087.563,60.021732330322266,0
2026-02-04 18:58:00.000,2026-02-04 18:58:10.000,477,2026-02-04 18:58:11.850,2026-02-04 18:58:07.754,-4095.721,60.02108383178711,0
2026-02-04 18:58:00.000,2026-02-04 18:58:10.000,2423,2026-02-04 18:58:11.760,2026-02-04 18:58:07.758,-4001.725,50.01943588256836,0
2026-02-04 18:58:00.000,2026-02-04 18:58:10.000,2108,2026-02-04 18:58:11.850,2026-02-04 18:58:07.762,-4087.723,60.02102279663086,0
2026-02-04 18:58:00.000,2026-02-04 18:58:10.000,477,2026-02-04 18:58:11.866,2026-02-04 18:58:07.771,-4095.305,60.0211067199707,0
2026-02-04 18:58:00.000,2026-02-04 18:58:10.000,2423,2026-02-04 18:58:11.779,2026-02-04 18:58:07.778,-4001.612,50.019004821777344,0
2026-02-04 18:58:00.000,2026-02-04 18:58:10.000,2108,2026-02-04 18:58:11.866,2026-02-04 18:58:07.779,-4087.283,60.02034378051758,0
2026-02-04 18:58:00.000,2026-02-04 18:58:10.000,477,2026-02-04 18:58:11.883,2026-02-04 18:58:07.788,-4094.898,60.02198028564453,0
2026-02-04 18:58:00.000,2026-02-04 18:58:10.000,2108,2026-02-04 18:58:11.883,2026-02-04 18:58:07.795,-4087.865,60.02031707763672,0
2026-02-04 18:58:00.000,2026-02-04 18:58:10.000,2423,2026-02-04 18:58:11.800,2026-02-04 18:58:07.798,-4001.538,50.018741607666016,0
2026-02-04 18:58:00.000,2026-02-04 18:58:10.000,477,2026-02-04 18:58:11.900,2026-02-04 18:58:07.804,-4095.040,60.0211296081543,0
2026-02-04 18:58:00.000,2026-02-04 18:58:10.000,2108,2026-02-04 18:58:11.900,2026-02-04 18:58:07.811,-4088.038,60.01913833618164,0
2026-02-04 18:58:00.000,2026-02-04 18:58:10.000,2423,2026-02-04 18:58:11.820,2026-02-04 18:58:07.818,-4001.735,50.0211181640625,0
2026-02-04 18:58:00.000,2026-02-04 18:58:10.000,477,2026-02-04 18:58:11.916,2026-02-04 18:58:07.821,-4095.399,60.019683837890625,0
2026-02-04 18:58:00.000,2026-02-04 18:58:10.000,2108,2026-02-04 18:58:11.916,2026-02-04 18:58:07.829,-4087.308,60.02079772949219,0
2026-02-04 18:58:00.000,2026-02-04 18:58:10.000,2423,2026-02-04 18:58:11.840,2026-02-04 18:58:07.837,-4002.414,50.0214729309082,0
2026-02-04 18:58:00.000,2026-02-04 18:58:10.000,477,2026-02-04 18:58:11.933,2026-02-04 18:58:07.838,-4094.748,60.01969528198242,0
2026-02-04 18:58:00.000,2026-02-04 18:58:10.000,2108,2026-02-04 18:58:11.933,2026-02-04 18:58:07.846,-4087.234,60.02144241333008,0
2026-02-04 18:58:00.000,2026-02-04 18:58:10.000,477,2026-02-04 18:58:11.950,2026-02-04 18:58:07.854,-4095.391,60.02001953125,0
2026-02-04 18:58:00.000,2026-02-04 18:58:10.000,2423,2026-02-04 18:58:11.859,2026-02-04 18:58:07.857,-4002.380,50.019187927246094,0
2026-02-04 18:58:00.000,2026-02-04 18:58:10.000,2108,2026-02-04 18:58:11.950,2026-02-04 18:58:07.861,-4088.391,60.01904296875,0
2026-02-04 18:58:00.000,2026-02-04 18:58:10.000,477,2026-02-04 18:58:11.966,2026-02-04 18:58:07.871,-4095.548,60.02067947387695,0
2026-02-04 18:58:00.000,2026-02-04 18:58:10.000,2423,2026-02-04 18:58:11.880,2026-02-04 18:58:07.878,-4001.554,50.01771545410156,0
2026-02-04 18:58:00.000,2026-02-04 18:58:10.000,2108,2026-02-04 18:58:11.966,2026-02-04 18:58:07.878,-4088.226,60.01962661743164,0
2026-02-04 18:58:00.000,2026-02-04 18:58:10.000,477,2026-02-04 18:58:11.983,2026-02-04 18:58:07.887,-4095.383,60.021759033203125,0
2026-02-04 18:58:00.000,2026-02-04 18:58:10.000,2108,2026-02-04 18:58:11.983,2026-02-04 18:58:07.895,-4087.367,60.021968841552734,0
2026-02-04 18:58:00.000,2026-02-04 18:58:10.000,2423,2026-02-04 18:58:11.900,2026-02-04 18:58:07.897,-4002.041,50.017154693603516,0
2026-02-04 18:58:00.000,2026-02-04 18:58:10.000,477,2026-02-04 18:58:12.000,2026-02-04 18:58:07.905,-4094.818,60.02183151245117,0
2026-02-04 18:58:00.000,2026-02-04 18:58:10.000,2108,2026-02-04 18:58:12.000,2026-02-04 18:58:07.912,-4087.820,60.022674560546875,0
2026-02-04 18:58:00.000,2026-02-04 18:58:10.000,2423,2026-02-04 18:58:11.920,2026-02-04 18:58:07.918,-4001.639,50.01787567138672,0
2026-02-04 18:58:00.000,2026-02-04 18:58:10.000,477,2026-02-04 18:58:12.016,2026-02-04 18:58:07.921,-4095.306,60.021114349365234,0
2026-02-04 18:58:00.000,2026-02-04 18:58:10.000,2108,2026-02-04 18:58:12.016,2026-02-04 18:58:07.928,-4087.794,60.02273941040039,0
2026-02-04 18:58:00.000,2026-02-04 18:58:10.000,2423,2026-02-04 18:58:11.939,2026-02-04 18:58:07.938,-4001.610,50.019630432128906,0
2026-02-04 18:58:00.000,2026-02-04 18:58:10.000,477,2026-02-04 18:58:12.033,2026-02-04 18:58:07.938,-4094.946,60.0204963684082,0
2026-02-04 18:58:00.000,2026-02-04 18:58:10.000,2108,2026-02-04 18:58:12.033,2026-02-04 18:58:07.945,-4087.909,60.02147674560547,0
2026-02-04 18:58:00.000,2026-02-04 18:58:10.000,477,2026-02-04 18:58:12.050,2026-02-04 18:58:07.954,-4095.071,60.02027130126953,0
2026-02-04 18:58:00.000,2026-02-04 18:58:10.000,2423,2026-02-04 18:58:11.960,2026-02-04 18:58:07.958,-4001.072,50.020328521728516,0
2026-02-04 18:58:00.000,2026-02-04 18:58:10.000,2108,2026-02-04 18:58:12.050,2026-02-04 18:58:07.961,-4088.071,60.0211181640625,0
2026-02-04 18:58:00.000,2026-02-04 18:58:10.000,477,2026-02-04 18:58:12.066,2026-02-04 18:58:07.971,-4095.558,60.02043533325195,0
2026-02-04 18:58:00.000,2026-02-04 18:58:10.000,2423,2026-02-04 18:58:11.980,2026-02-04 18:58:07.977,-4002.390,50.02017593383789,0
2026-02-04 18:58:00.000,2026-02-04 18:58:10.000,2108,2026-02-04 18:58:12.066,2026-02-04 18:58:07.978,-4088.048,60.0211296081543,0
2026-02-04 18:58:00.000,2026-02-04 18:58:10.000,477,2026-02-04 18:58:12.083,2026-02-04 18:58:07.988,-4095.143,60.020301818847656,0
2026-02-04 18:58:00.000,2026-02-04 18:58:10.000,2108,2026-02-04 18:58:12.083,2026-02-04 18:58:07.995,-4087.583,60.01841354370117,0
2026-02-04 18:58:00.000,2026-02-04 18:58:10.000,2423,2026-02-04 18:58:12.000,2026-02-04 18:58:07.997,-4002.250,50.01925277709961,0
2026-02-04 18:58:00.000,2026-02-04 18:58:10.000,477,2026-02-04 18:58:12.099,2026-02-04 18:58:08.005,-4094.730,60.01998519897461,0
2026-02-04 18:58:00.000,2026-02-04 18:58:10.000,2108,2026-02-04 18:58:12.099,2026-02-04 18:58:08.012,-4087.731,60.01690673828125,0
2026-02-04 18:58:00.000,2026-02-04 18:58:10.000,2423,2026-02-04 18:58:12.019,2026-02-04 18:58:08.018,-4001.688,50.018096923828125,0
2026-02-04 18:58:00.000,2026-02-04 18:58:10.000,477,2026-02-04 18:58:12.116,2026-02-04 18:58:08.022,-4094.364,60.02039337158203,0
2026-02-04 18:58:00.000,2026-02-04 18:58:10.000,2108,2026-02-04 18:58:12.116,2026-02-04 18:58:08.029,-4087.285,60.01877975463867,0
2026-02-04 18:58:00.000,2026-02-04 18:58:10.000,2423,2026-02-04 18:58:12.040,2026-02-04 18:58:08.037,-4002.275,50.018863677978516,0
2026-02-04 18:58:00.000,2026-02-04 18:58:10.000,477,2026-02-04 18:58:12.133,2026-02-04 18:58:08.038,-4094.611,60.02084732055664,0
2026-02-04 18:58:00.000,2026-02-04 18:58:10.000,2108,2026-02-04 18:58:12.133,2026-02-04 18:58:08.047,-4086.096,60.02224349975586,0
2026-02-04 18:58:00.000,2026-02-04 18:58:10.000,477,2026-02-04 18:58:12.150,2026-02-04 18:58:08.054,-4095.255,60.02061080932617,0
2026-02-04 18:58:00.000,2026-02-04 18:58:10.000,2423,2026-02-04 18:58:12.060,2026-02-04 18:58:08.057,-4002.264,50.01985549926758,0
2026-02-04 18:58:00.000,2026-02-04 18:58:10.000,2108,2026-02-04 18:58:12.150,2026-02-04 18:58:08.063,-4086.748,60.02464294433594,0
2026-02-04 18:58:00.000,2026-02-04 18:58:10.000,477,2026-02-04 18:58:12.166,2026-02-04 18:58:08.071,-4095.411,60.02043914794922,0
2026-02-04 18:58:00.000,2026-02-04 18:58:10.000,2423,2026-02-04 18:58:12.080,2026-02-04 18:58:08.077,-4002.232,50.0186767578125,0
2026-02-04 18:58:00.000,2026-02-04 18:58:10.000,2108,2026-02-04 18:58:12.166,2026-02-04 18:58:08.080,-4085.901,60.02166748046875,0
2026-02-04 18:58:00.000,2026-02-04 18:58:10.000,477,2026-02-04 18:58:12.183,2026-02-04 18:58:08.087,-4095.526,60.02022171020508,0
2026-02-04 18:58:00.000,2026-02-04 18:58:10.000,2108,2026-02-04 18:58:12.183,2026-02-04 18:58:08.095,-4088.017,60.01608657836914,0
2026-02-04 18:58:00.000,2026-02-04 18:58:10.000,2423,2026-02-04 18:58:12.099,2026-02-04 18:58:08.098,-4001.673,50.017391204833984,0
2026-02-04 18:58:00.000,2026-02-04 18:58:10.000,477,2026-02-04 18:58:12.200,2026-02-04 18:58:08.105,-4094.831,60.02045440673828,0
2026-02-04 18:58:00.000,2026-02-04 18:58:10.000,2108,2026-02-04 18:58:12.200,2026-02-04 18:58:08.112,-4087.824,60.021209716796875,0
2026-02-04 18:58:00.000,2026-02-04 18:58:10.000,2423,2026-02-04 18:58:12.120,2026-02-04 18:58:08.118,-4001.707,50.018367767333984,0
2026-02-04 18:58:00.000,2026-02-04 18:58:10.000,477,2026-02-04 18:58:12.216,2026-02-04 18:58:08.121,-4095.371,60.02190399169922,0
2026-02-04 18:58:00.000,2026-02-04 18:58:10.000,2108,2026-02-04 18:58:12.216,2026-02-04 18:58:08.129,-4087.318,60.03104782104492,0
2026-02-04 18:58:00.000,2026-02-04 18:58:10.000,477,2026-02-04 18:58:12.233,2026-02-04 18:58:08.138,-4094.919,60.022499084472656,0
2026-02-04 18:58:00.000,2026-02-04 18:58:10.000,2423,2026-02-04 18:58:12.140,2026-02-04 18:58:08.138,-4001.599,50.01948928833008,0
2026-02-04 18:58:00.000,2026-02-04 18:58:10.000,2108,2026-02-04 18:58:12.233,2026-02-04 18:58:08.145,-4087.411,60.02931594848633,0
2026-02-04 18:58:00.000,2026-02-04 18:58:10.000,477,2026-02-04 18:58:12.250,2026-02-04 18:58:08.155,-4094.987,60.021331787109375,0
2026-02-04 18:58:00.000,2026-02-04 18:58:10.000,2423,2026-02-04 18:58:12.160,2026-02-04 18:58:08.158,-4001.988,50.01796340942383,0
2026-02-04 18:58:00.000,2026-02-04 18:58:10.000,2108,2026-02-04 18:58:12.250,2026-02-04 18:58:08.162,-4087.988,60.01858139038086,0
2026-02-04 18:58:00.000,2026-02-04 18:58:10.000,477,2026-02-04 18:58:12.266,2026-02-04 18:58:08.171,-4095.345,60.0206184387207,0
2026-02-04 18:58:00.000,2026-02-04 18:58:10.000,2423,2026-02-04 18:58:12.179,2026-02-04 18:58:08.178,-4001.615,50.01778793334961,0
2026-02-04 18:58:00.000,2026-02-04 18:58:10.000,2108,2026-02-04 18:58:12.266,2026-02-04 18:58:08.179,-4087.287,60.011009216308594,0
2026-02-04 18:58:00.000,2026-02-04 18:58:10.000,477,2026-02-04 18:58:12.283,2026-02-04 18:58:08.188,-4094.905,60.02074432373047,0
2026-02-04 18:58:00.000,2026-02-04 18:58:10.000,2108,2026-02-04 18:58:12.283,2026-02-04 18:58:08.195,-4087.386,60.0163688659668,0
2026-02-04 18:58:00.000,2026-02-04 18:58:10.000,2423,2026-02-04 18:58:12.200,2026-02-04 18:58:08.197,-4002.061,50.01948928833008,0
2026-02-04 18:58:00.000,2026-02-04 18:58:10.000,477,2026-02-04 18:58:12.300,2026-02-04 18:58:08.205,-4094.916,60.020835876464844,0
2026-02-04 18:58:00.000,2026-02-04 18:58:10.000,2108,2026-02-04 18:58:12.300,2026-02-04 18:58:08.212,-4087.917,60.02537536621094,0
2026-02-04 18:58:00.000,2026-02-04 18:58:10.000,2423,2026-02-04 18:58:12.220,2026-02-04 18:58:08.218,-4001.657,50.01979446411133,0
2026-02-04 18:58:00.000,2026-02-04 18:58:10.000,477,2026-02-04 18:58:12.316,2026-02-04 18:58:08.221,-4095.320,60.021121978759766,0
2026-02-04 18:58:00.000,2026-02-04 18:58:10.000,2108,2026-02-04 18:58:12.316,2026-02-04 18:58:08.228,-4087.811,60.023963928222656,0
2026-02-04 18:58:00.000,2026-02-04 18:58:10.000,477,2026-02-04 18:58:12.333,2026-02-04 18:58:08.249,-4083.445,60.02145767211914,0
2026-02-04 18:58:00.000,2026-02-04 18:58:10.000,2423,2026-02-04 18:58:12.240,2026-02-04 18:58:08.249,-3990.109,50.01931381225586,0
2026-02-04 18:58:00.000,2026-02-04 18:58:10.000,2108,2026-02-04 18:58:12.333,2026-02-04 18:58:08.250,-4082.444,60.01768493652344,0
2026-02-04 18:58:00.000,2026-02-04 18:58:10.000,477,2026-02-04 18:58:12.350,2026-02-04 18:58:08.255,-4094.589,60.02067184448242,0
2026-02-04 18:58:00.000,2026-02-04 18:58:10.000,2423,2026-02-04 18:58:12.259,2026-02-04 18:58:08.258,-4001.577,50.01894760131836,0
2026-02-04 18:58:00.000,2026-02-04 18:58:10.000,2108,2026-02-04 18:58:12.350,2026-02-04 18:58:08.262,-4087.588,60.01777648925781,0
2026-02-04 18:58:00.000,2026-02-04 18:58:10.000,477,2026-02-04 18:58:12.366,2026-02-04 18:58:08.297,-4069.498,60.01984405517578,0
2026-02-04 18:58:00.000,2026-02-04 18:58:10.000,2423,2026-02-04 18:58:12.280,2026-02-04 18:58:08.299,-3980.826,50.01934814453125,0
2026-02-04 18:58:00.000,2026-02-04 18:58:10.000,2108,2026-02-04 18:58:12.366,2026-02-04 18:58:08.300,-4066.497,60.02201461791992,0
2026-02-04 18:58:00.000,2026-02-04 18:58:10.000,477,2026-02-04 18:58:12.383,2026-02-04 18:58:08.311,-4071.649,60.02050018310547,0
2026-02-04 18:58:00.000,2026-02-04 18:58:10.000,2108,2026-02-04 18:58:12.383,2026-02-04 18:58:08.311,-4071.649,60.025814056396484,0
2026-02-04 18:58:00.000,2026-02-04 18:58:10.000,2423,2026-02-04 18:58:12.300,2026-02-04 18:58:08.313,-3986.815,50.01933670043945,0
2026-02-04 18:58:00.000,2026-02-04 18:58:10.000,477,2026-02-04 18:58:12.400,2026-02-04 18:58:08.313,-4086.807,60.021263122558594,0
2026-02-04 18:58:00.000,2026-02-04 18:58:10.000,2108,2026-02-04 18:58:12.400,2026-02-04 18:58:08.314,-4085.800,60.026039123535156,0
2026-02-04 18:58:00.000,2026-02-04 18:58:10.000,2423,2026-02-04 18:58:12.320,2026-02-04 18:58:08.319,-4000.793,50.0171012878418,0
2026-02-04 18:58:00.000,2026-02-04 18:58:10.000,2108,2026-02-04 18:58:12.416,2026-02-04 18:58:08.329,-4086.942,60.019493103027344,0
2026-02-04 18:58:00.000,2026-02-04 18:58:10.000,477,2026-02-04 18:58:12.416,2026-02-04 18:58:08.333,-4083.438,60.02159118652344,0
2026-02-04 18:58:00.000,2026-02-04 18:58:10.000,2423,2026-02-04 18:58:12.339,2026-02-04 18:58:08.337,-4002.256,50.01587677001953,0
2026-02-04 18:58:00.000,2026-02-04 18:58:10.000,477,2026-02-04 18:58:12.433,2026-02-04 18:58:08.343,-4090.082,60.02154541015625,0
2026-02-04 18:58:00.000,2026-02-04 18:58:10.000,2108,2026-02-04 18:58:12.433,2026-02-04 18:58:08.345,-4088.072,60.01787185668945,0
2026-02-04 18:58:00.000,2026-02-04 18:58:10.000,477,2026-02-04 18:58:12.450,2026-02-04 18:58:08.357,-4092.620,60.02132034301758,0
2026-02-04 18:58:00.000,2026-02-04 18:58:10.000,2423,2026-02-04 18:58:12.360,2026-02-04 18:58:08.358,-4001.619,50.01844024658203,0
2026-02-04 18:58:00.000,2026-02-04 18:58:10.000,2108,2026-02-04 18:58:12.450,2026-02-04 18:58:08.362,-4087.618,60.024322509765625,0
2026-02-04 18:58:00.000,2026-02-04 18:58:10.000,2423,2026-02-04 18:58:12.380,2026-02-04 18:58:08.378,-4001.899,50.02033233642578,0
2026-02-04 18:58:00.000,2026-02-04 18:58:10.000,2108,2026-02-04 18:58:12.466,2026-02-04 18:58:08.379,-4087.555,60.02635955810547,0
2026-02-04 18:58:00.000,2026-02-04 18:58:10.000,477,2026-02-04 18:58:12.466,2026-02-04 18:58:08.382,-4084.556,60.02178955078125,0
2026-02-04 18:58:00.000,2026-02-04 18:58:10.000,477,2026-02-04 18:58:12.483,2026-02-04 18:58:08.403,-4080.148,60.02201843261719,0
2026-02-04 18:58:00.000,2026-02-04 18:58:10.000,2108,2026-02-04 18:58:12.483,2026-02-04 18:58:08.404,-4079.142,60.02269744873047,0
2026-02-04 18:58:00.000,2026-02-04 18:58:10.000,2423,2026-02-04 18:58:12.400,2026-02-04 18:58:08.404,-3995.814,50.019962310791016,0
2026-02-04 18:58:00.000,2026-02-04 18:58:10.000,477,2026-02-04 18:58:12.499,2026-02-04 18:58:08.405,-4094.800,60.02095031738281,0
2026-02-04 18:58:00.000,2026-02-04 18:58:10.000,2108,2026-02-04 18:58:12.499,2026-02-04 18:58:08.412,-4087.800,60.01911544799805,0
2026-02-04 18:58:00.000,2026-02-04 18:58:10.000,2423,2026-02-04 18:58:12.419,2026-02-04 18:58:08.418,-4001.556,50.01955032348633,0
2026-02-04 18:58:00.000,2026-02-04 18:58:10.000,477,2026-02-04 18:58:12.516,2026-02-04 18:58:08.421,-4095.234,60.0203857421875,0
2026-02-04 18:58:00.000,2026-02-04 18:58:10.000,2108,2026-02-04 18:58:12.516,2026-02-04 18:58:08.428,-4087.723,60.01999282836914,0
2026-02-04 18:58:00.000,2026-02-04 18:58:10.000,2423,2026-02-04 18:58:12.440,2026-02-04 18:58:08.438,-4001.733,50.019657135009766,0
2026-02-04 18:58:00.000,2026-02-04 18:58:10.000,477,2026-02-04 18:58:12.533,2026-02-04 18:58:08.438,-4095.069,60.02109146118164,0
2026-02-04 18:58:00.000,2026-02-04 18:58:10.000,2108,2026-02-04 18:58:12.533,2026-02-04 18:58:08.445,-4087.531,60.02447509765625,0
2026-02-04 18:58:00.000,2026-02-04 18:58:10.000,477,2026-02-04 18:58:12.550,2026-02-04 18:58:08.454,-4095.673,60.02155685424805,0
2026-02-04 18:58:00.000,2026-02-04 18:58:10.000,2423,2026-02-04 18:58:12.460,2026-02-04 18:58:08.458,-4001.682,50.0179557800293,0
2026-02-04 18:58:00.000,2026-02-04 18:58:10.000,2108,2026-02-04 18:58:12.550,2026-02-04 18:58:08.462,-4087.672,60.02521514892578,0
2026-02-04 18:58:00.000,2026-02-04 18:58:10.000,477,2026-02-04 18:58:12.566,2026-02-04 18:58:08.471,-4095.207,60.02175521850586,0
2026-02-04 18:58:00.000,2026-02-04 18:58:10.000,2423,2026-02-04 18:58:12.480,2026-02-04 18:58:08.477,-4002.021,50.015716552734375,0
2026-02-04 18:58:00.000,2026-02-04 18:58:10.000,2108,2026-02-04 18:58:12.566,2026-02-04 18:58:08.478,-4087.695,60.021514892578125,0
2026-02-04 18:58:00.000,2026-02-04 18:58:10.000,477,2026-02-04 18:58:12.583,2026-02-04 18:58:08.488,-4095.241,60.021644592285156,0
2026-02-04 18:58:00.000,2026-02-04 18:58:10.000,2108,2026-02-04 18:58:12.583,2026-02-04 18:58:08.496,-4087.188,60.021671295166016,0
2026-02-04 18:58:00.000,2026-02-04 18:58:10.000,2423,2026-02-04 18:58:12.499,2026-02-04 18:58:08.498,-4001.844,50.01607894897461,0
2026-02-04 18:58:00.000,2026-02-04 18:58:10.000,477,2026-02-04 18:58:12.600,2026-02-04 18:58:08.504,-4095.477,60.02157211303711,0
2026-02-04 18:58:00.000,2026-02-04 18:58:10.000,2108,2026-02-04 18:58:12.600,2026-02-04 18:58:08.513,-4086.969,60.024017333984375,0
2026-02-04 18:58:00.000,2026-02-04 18:58:10.000,2423,2026-02-04 18:58:12.520,2026-02-04 18:58:08.518,-4001.964,50.01787567138672,0
2026-02-04 18:58:00.000,2026-02-04 18:58:10.000,477,2026-02-04 18:58:12.616,2026-02-04 18:58:08.521,-4095.626,60.022247314453125,0
2026-02-04 18:58:00.000,2026-02-04 18:58:10.000,2108,2026-02-04 18:58:12.616,2026-02-04 18:58:08.529,-4087.512,60.021339416503906,0
2026-02-04 18:58:00.000,2026-02-04 18:58:10.000,477,2026-02-04 18:58:12.633,2026-02-04 18:58:08.538,-4094.980,60.022613525390625,0
2026-02-04 18:58:00.000,2026-02-04 18:58:10.000,2423,2026-02-04 18:58:12.540,2026-02-04 18:58:08.538,-4001.660,50.020206451416016,0
2026-02-04 18:58:00.000,2026-02-04 18:58:10.000,2108,2026-02-04 18:58:12.633,2026-02-04 18:58:08.546,-4087.213,60.019248962402344,0
2026-02-04 18:58:00.000,2026-02-04 18:58:10.000,477,2026-02-04 18:58:12.650,2026-02-04 18:58:08.555,-4094.858,60.022098541259766,0
2026-02-04 18:58:00.000,2026-02-04 18:58:10.000,2423,2026-02-04 18:58:12.560,2026-02-04 18:58:08.558,-4001.857,50.019691467285156,0
2026-02-04 18:58:00.000,2026-02-04 18:58:10.000,2108,2026-02-04 18:58:12.650,2026-02-04 18:58:08.562,-4087.858,60.01941680908203,0
2026-02-04 18:58:00.000,2026-02-04 18:58:10.000,477,2026-02-04 18:58:12.666,2026-02-04 18:58:08.571,-4094.930,60.02203369140625,0
2026-02-04 18:58:00.000,2026-02-04 18:58:10.000,2423,2026-02-04 18:58:12.579,2026-02-04 18:58:08.577,-4002.230,50.01737976074219,0
2026-02-04 18:58:00.000,2026-02-04 18:58:10.000,2108,2026-02-04 18:58:12.666,2026-02-04 18:58:08.578,-4087.902,60.02005386352539,0
2026-02-04 18:58:00.000,2026-02-04 18:58:10.000,477,2026-02-04 18:58:12.683,2026-02-04 18:58:08.588,-4095.044,60.02192306518555,0
2026-02-04 18:58:00.000,2026-02-04 18:58:10.000,2108,2026-02-04 18:58:12.683,2026-02-04 18:58:08.595,-4087.540,60.02284240722656,0
2026-02-04 18:58:00.000,2026-02-04 18:58:10.000,2423,2026-02-04 18:58:12.600,2026-02-04 18:58:08.598,-4001.699,50.0170783996582,0
2026-02-04 18:58:00.000,2026-02-04 18:58:10.000,477,2026-02-04 18:58:12.700,2026-02-04 18:58:08.604,-4095.307,60.02174377441406,0
2026-02-04 18:58:00.000,2026-02-04 18:58:10.000,2108,2026-02-04 18:58:12.700,2026-02-04 18:58:08.611,-4088.305,60.024959564208984,0
2026-02-04 18:58:00.000,2026-02-04 18:58:10.000,2423,2026-02-04 18:58:12.620,2026-02-04 18:58:08.618,-4001.794,50.01827621459961,0
2026-02-04 18:58:00.000,2026-02-04 18:58:10.000,477,2026-02-04 18:58:12.716,2026-02-04 18:58:08.621,-4095.458,60.02252197265625,0
2026-02-04 18:58:00.000,2026-02-04 18:58:10.000,2108,2026-02-04 18:58:12.716,2026-02-04 18:58:08.631,-4085.416,60.02450180053711,0
2026-02-04 18:58:00.000,2026-02-04 18:58:10.000,477,2026-02-04 18:58:12.733,2026-02-04 18:58:08.638,-4094.909,60.02272415161133,0
2026-02-04 18:58:00.000,2026-02-04 18:58:10.000,2423,2026-02-04 18:58:12.640,2026-02-04 18:58:08.638,-4001.573,50.01920700073242,0
2026-02-04 18:58:00.000,2026-02-04 18:58:10.000,2108,2026-02-04 18:58:12.733,2026-02-04 18:58:08.645,-4087.890,60.024131774902344,0
2026-02-04 18:58:00.000,2026-02-04 18:58:10.000,477,2026-02-04 18:58:12.750,2026-02-04 18:58:08.654,-4095.036,60.02236557006836,0
2026-02-04 18:58:00.000,2026-02-04 18:58:10.000,2423,2026-02-04 18:58:12.659,2026-02-04 18:58:08.657,-4002.028,50.01679992675781,0
2026-02-04 18:58:00.000,2026-02-04 18:58:10.000,2108,2026-02-04 18:58:12.750,2026-02-04 18:58:08.662,-4087.525,60.024349212646484,0
2026-02-04 18:58:00.000,2026-02-04 18:58:10.000,477,2026-02-04 18:58:12.766,2026-02-04 18:58:08.670,-4095.684,60.02229309082031,0
2026-02-04 18:58:00.000,2026-02-04 18:58:10.000,2423,2026-02-04 18:58:12.680,2026-02-04 18:58:08.678,-4001.907,50.0159797668457,0
2026-02-04 18:58:00.000,2026-02-04 18:58:10.000,2108,2026-02-04 18:58:12.766,2026-02-04 18:58:08.679,-4087.579,60.022178649902344,0
2026-02-04 18:58:00.000,2026-02-04 18:58:10.000,477,2026-02-04 18:58:12.783,2026-02-04 18:58:08.688,-4095.206,60.02134704589844,0
2026-02-04 18:58:00.000,2026-02-04 18:58:10.000,2108,2026-02-04 18:58:12.783,2026-02-04 18:58:08.695,-4088.101,60.018836975097656,0
2026-02-04 18:58:00.000,2026-02-04 18:58:10.000,2423,2026-02-04 18:58:12.700,2026-02-04 18:58:08.698,-4001.776,50.02035903930664,0
2026-02-04 18:58:00.000,2026-02-04 18:58:10.000,477,2026-02-04 18:58:12.800,2026-02-04 18:58:08.704,-4095.261,60.02109909057617,0
2026-02-04 18:58:00.000,2026-02-04 18:58:10.000,2108,2026-02-04 18:58:12.800,2026-02-04 18:58:08.714,-4085.748,60.017120361328125,0
2026-02-04 18:58:00.000,2026-02-04 18:58:10.000,2423,2026-02-04 18:58:12.720,2026-02-04 18:58:08.718,-4001.749,50.02123260498047,0
2026-02-04 18:58:00.000,2026-02-04 18:58:10.000,477,2026-02-04 18:58:12.816,2026-02-04 18:58:08.721,-4095.411,60.02263259887695,0
2026-02-04 18:58:00.000,2026-02-04 18:58:10.000,2108,2026-02-04 18:58:12.816,2026-02-04 18:58:08.728,-4087.775,60.019676208496094,0
2026-02-04 18:58:00.000,2026-02-04 18:58:10.000,477,2026-02-04 18:58:12.833,2026-02-04 18:58:08.737,-4095.413,60.02326965332031,0
2026-02-04 18:58:00.000,2026-02-04 18:58:10.000,2423,2026-02-04 18:58:12.739,2026-02-04 18:58:08.737,-4002.077,50.017086029052734,0
2026-02-04 18:58:00.000,2026-02-04 18:58:10.000,2108,2026-02-04 18:58:12.833,2026-02-04 18:58:08.746,-4087.152,60.02425765991211,0
2026-02-04 18:58:00.000,2026-02-04 18:58:10.000,477,2026-02-04 18:58:12.850,2026-02-04 18:58:08.754,-4095.366,60.022884368896484,0
2026-02-04 18:58:00.000,2026-02-04 18:58:10.000,2423,2026-02-04 18:58:12.760,2026-02-04 18:58:08.757,-4002.367,50.015811920166016,0
2026-02-04 18:58:00.000,2026-02-04 18:58:10.000,2108,2026-02-04 18:58:12.850,2026-02-04 18:58:08.761,-4088.364,60.02560043334961,0
2026-02-04 18:58:00.000,2026-02-04 18:58:10.000,477,2026-02-04 18:58:12.866,2026-02-04 18:58:08.771,-4095.517,60.023075103759766,0
2026-02-04 18:58:00.000,2026-02-04 18:58:10.000,2423,2026-02-04 18:58:12.780,2026-02-04 18:58:08.778,-4001.832,50.01805114746094,0
2026-02-04 18:58:00.000,2026-02-04 18:58:10.000,2108,2026-02-04 18:58:12.866,2026-02-04 18:58:08.779,-4087.488,60.023834228515625,0
2026-02-04 18:58:00.000,2026-02-04 18:58:10.000,477,2026-02-04 18:58:12.883,2026-02-04 18:58:08.787,-4095.836,60.022926330566406,0
2026-02-04 18:58:00.000,2026-02-04 18:58:10.000,2108,2026-02-04 18:58:12.883,2026-02-04 18:58:08.796,-4087.325,60.01999282836914,0
2026-02-04 18:58:00.000,2026-02-04 18:58:10.000,2423,2026-02-04 18:58:12.800,2026-02-04 18:58:08.798,-4001.996,50.01904296875,0
2026-02-04 18:58:00.000,2026-02-04 18:58:10.000,477,2026-02-04 18:58:12.899,2026-02-04 18:58:08.804,-4095.481,60.022396087646484,0
2026-02-04 18:58:00.000,2026-02-04 18:58:10.000,2108,2026-02-04 18:58:12.899,2026-02-04 18:58:08.811,-4088.480,60.02045822143555,0
2026-02-04 18:58:00.000,2026-02-04 18:58:10.000,2423,2026-02-04 18:58:12.819,2026-02-04 18:58:08.818,-4001.969,50.018611907958984,0
2026-02-04 18:58:00.000,2026-02-04 18:58:10.000,477,2026-02-04 18:58:12.916,2026-02-04 18:58:08.821,-4095.650,60.02267074584961,0
2026-02-04 18:58:00.000,2026-02-04 18:58:10.000,2108,2026-02-04 18:58:12.916,2026-02-04 18:58:08.828,-4088.132,60.026756286621094,0
2026-02-04 18:58:00.000,2026-02-04 18:58:10.000,477,2026-02-04 18:58:12.933,2026-02-04 18:58:08.838,-4095.286,60.02317810058594,0
2026-02-04 18:58:00.000,2026-02-04 18:58:10.000,2423,2026-02-04 18:58:12.840,2026-02-04 18:58:08.838,-4001.950,50.01814270019531,0
2026-02-04 18:58:00.000,2026-02-04 18:58:10.000,2108,2026-02-04 18:58:12.933,2026-02-04 18:58:08.846,-4087.244,60.027156829833984,0
2026-02-04 18:58:00.000,2026-02-04 18:58:10.000,477,2026-02-04 18:58:12.950,2026-02-04 18:58:08.854,-4095.665,60.02275848388672,0
2026-02-04 18:58:00.000,2026-02-04 18:58:10.000,2423,2026-02-04 18:58:12.860,2026-02-04 18:58:08.858,-4001.672,50.01774215698242,0
2026-02-04 18:58:00.000,2026-02-04 18:58:10.000,2108,2026-02-04 18:58:12.950,2026-02-04 18:58:08.861,-4088.160,60.02021408081055,0
2026-02-04 18:58:00.000,2026-02-04 18:58:10.000,477,2026-02-04 18:58:12.966,2026-02-04 18:58:08.871,-4095.306,60.0223503112793,0
2026-02-04 18:58:00.000,2026-02-04 18:58:10.000,2423,2026-02-04 18:58:12.880,2026-02-04 18:58:08.877,-4002.123,50.01814270019531,0
2026-02-04 18:58:00.000,2026-02-04 18:58:10.000,2108,2026-02-04 18:58:12.966,2026-02-04 18:58:08.880,-4085.795,60.01862716674805,0
2026-02-04 18:58:00.000,2026-02-04 18:58:10.000,477,2026-02-04 18:58:12.983,2026-02-04 18:58:08.888,-4094.940,60.022789001464844,0
2026-02-04 18:58:00.000,2026-02-04 18:58:10.000,2108,2026-02-04 18:58:12.983,2026-02-04 18:58:08.895,-4087.428,60.02394485473633,0
2026-02-04 18:58:00.000,2026-02-04 18:58:10.000,2423,2026-02-04 18:58:12.899,2026-02-04 18:58:08.899,-4000.634,50.01859664916992,0
2026-02-04 18:58:00.000,2026-02-04 18:58:10.000,477,2026-02-04 18:58:13.000,2026-02-04 18:58:08.905,-4094.817,60.02330017089844,0
2026-02-04 18:58:00.000,2026-02-04 18:58:10.000,2108,2026-02-04 18:58:13.000,2026-02-04 18:58:08.912,-4087.342,60.026302337646484,0
2026-02-04 18:58:00.000,2026-02-04 18:58:10.000,2423,2026-02-04 18:58:12.920,2026-02-04 18:58:08.918,-4001.601,50.01854705810547,0
2026-02-04 18:58:00.000,2026-02-04 18:58:10.000,477,2026-02-04 18:58:13.016,2026-02-04 18:58:08.922,-4094.592,60.02316665649414,0
2026-02-04 18:58:00.000,2026-02-04 18:58:10.000,2108,2026-02-04 18:58:13.016,2026-02-04 18:58:08.929,-4087.263,60.02377700805664,0
2026-02-04 18:58:00.000,2026-02-04 18:58:10.000,2423,2026-02-04 18:58:12.940,2026-02-04 18:58:08.938,-4002.007,50.019203186035156,0
2026-02-04 18:58:00.000,2026-02-04 18:58:10.000,477,2026-02-04 18:58:13.033,2026-02-04 18:58:08.938,-4095.327,60.02204513549805,0
2026-02-04 18:58:00.000,2026-02-04 18:58:10.000,2108,2026-02-04 18:58:13.033,2026-02-04 18:58:08.946,-4087.182,60.01902389526367,0
2026-02-04 18:58:00.000,2026-02-04 18:58:10.000,2108,2026-02-04 18:58:13.050,2026-02-04 18:58:09.052,-3997.085,60.0184211730957,0
2026-02-04 18:58:00.000,2026-02-04 18:58:10.000,2423,2026-02-04 18:58:12.960,2026-02-04 18:58:09.052,-3907.085,50.01908493041992,0
2026-02-04 18:58:00.000,2026-02-04 18:58:10.000,2108,2026-02-04 18:58:13.066,2026-02-04 18:58:09.052,-4013.749,60.023502349853516,0
2026-02-04 18:58:00.000,2026-02-04 18:58:10.000,2423,2026-02-04 18:58:12.979,2026-02-04 18:58:09.052,-3927.077,50.018245697021484,0
2026-02-04 18:58:00.000,2026-02-04 18:58:10.000,2108,2026-02-04 18:58:13.083,2026-02-04 18:58:09.054,-4028.407,60.0252799987793,0
2026-02-04 18:58:00.000,2026-02-04 18:58:10.000,2108,2026-02-04 18:58:13.100,2026-02-04 18:58:09.054,-4045.087,60.022891998291016,0
2026-02-04 18:58:00.000,2026-02-04 18:58:10.000,2423,2026-02-04 18:58:13.000,2026-02-04 18:58:09.054,-3945.079,50.01887130737305,0
2026-02-04 18:58:00.000,2026-02-04 18:58:10.000,2423,2026-02-04 18:58:13.020,2026-02-04 18:58:09.054,-3965.087,50.019283294677734,0
2026-02-04 18:58:00.000,2026-02-04 18:58:10.000,2108,2026-02-04 18:58:13.116,2026-02-04 18:58:09.055,-4060.752,60.02022933959961,0
2026-02-04 18:58:00.000,2026-02-04 18:58:10.000,2423,2026-02-04 18:58:13.040,2026-02-04 18:58:09.055,-3984.080,50.018272399902344,0
2026-02-04 18:58:00.000,2026-02-04 18:58:10.000,2108,2026-02-04 18:58:13.133,2026-02-04 18:58:09.055,-4077.416,60.020416259765625,0
2026-02-04 18:58:00.000,2026-02-04 18:58:10.000,477,2026-02-04 18:58:13.050,2026-02-04 18:58:09.055,-3994.080,60.02195739746094,0
2026-02-04 18:58:00.000,2026-02-04 18:58:10.000,477,2026-02-04 18:58:13.066,2026-02-04 18:58:09.056,-4009.739,60.02278137207031,0
2026-02-04 18:58:00.000,2026-02-04 18:58:10.000,477,2026-02-04 18:58:13.083,2026-02-04 18:58:09.063,-4019.353,60.02225112915039,0
2026-02-04 18:58:00.000,2026-02-04 18:58:10.000,477,2026-02-04 18:58:13.100,2026-02-04 18:58:09.063,-4036.033,60.02143859863281,0
2026-02-04 18:58:00.000,2026-02-04 18:58:10.000,477,2026-02-04 18:58:13.116,2026-02-04 18:58:09.063,-4052.697,60.02238082885742,0
2026-02-04 18:58:00.000,2026-02-04 18:58:10.000,477,2026-02-04 18:58:13.133,2026-02-04 18:58:09.063,-4069.361,60.023311614990234,0
2026-02-04 18:58:00.000,2026-02-04 18:58:10.000,477,2026-02-04 18:58:13.150,2026-02-04 18:58:09.063,-4086.025,60.022613525390625,0
2026-02-04 18:58:00.000,2026-02-04 18:58:10.000,2423,2026-02-04 18:58:13.059,2026-02-04 18:58:09.063,-3996.017,50.0169677734375,0
2026-02-04 18:58:00.000,2026-02-04 18:58:10.000,2108,2026-02-04 18:58:13.150,2026-02-04 18:58:09.065,-4084.020,60.02510070800781,0
2026-02-04 18:58:00.000,2026-02-04 18:58:10.000,477,2026-02-04 18:58:13.166,2026-02-04 18:58:09.071,-4094.697,60.022708892822266,0
2026-02-04 18:58:00.000,2026-02-04 18:58:10.000,2423,2026-02-04 18:58:13.080,2026-02-04 18:58:09.078,-4001.742,50.0171012878418,0
2026-02-04 18:58:00.000,2026-02-04 18:58:10.000,2108,2026-02-04 18:58:13.166,2026-02-04 18:58:09.079,-4087.413,60.026432037353516,0
2026-02-04 18:58:00.000,2026-02-04 18:58:10.000,477,2026-02-04 18:58:13.183,2026-02-04 18:58:09.088,-4094.892,60.025001525878906,0
2026-02-04 18:58:00.000,2026-02-04 18:58:10.000,2108,2026-02-04 18:58:13.183,2026-02-04 18:58:09.095,-4087.382,60.022499084472656,0
2026-02-04 18:58:00.000,2026-02-04 18:58:10.000,2423,2026-02-04 18:58:13.100,2026-02-04 18:58:09.097,-4002.054,50.019439697265625,0
2026-02-04 18:58:00.000,2026-02-04 18:58:10.000,477,2026-02-04 18:58:13.200,2026-02-04 18:58:09.104,-4095.536,60.027931213378906,0
2026-02-04 18:58:00.000,2026-02-04 18:58:10.000,2108,2026-02-04 18:58:13.200,2026-02-04 18:58:09.112,-4087.728,60.0218505859375,0
2026-02-04 18:58:00.000,2026-02-04 18:58:10.000,2423,2026-02-04 18:58:13.120,2026-02-04 18:58:09.118,-4001.546,50.021087646484375,0
2026-02-04 18:58:00.000,2026-02-04 18:58:10.000,477,2026-02-04 18:58:13.216,2026-02-04 18:58:09.121,-4095.210,60.02556610107422,0
2026-02-04 18:58:00.000,2026-02-04 18:58:10.000,2108,2026-02-04 18:58:13.216,2026-02-04 18:58:09.128,-4087.701,60.023990631103516,0
2026-02-04 18:58:00.000,2026-02-04 18:58:10.000,2423,2026-02-04 18:58:13.139,2026-02-04 18:58:09.138,-4001.871,50.02015686035156,0
2026-02-04 18:58:00.000,2026-02-04 18:58:10.000,477,2026-02-04 18:58:13.233,2026-02-04 18:58:09.138,-4095.207,60.02064895629883,0
2026-02-04 18:58:00.000,2026-02-04 18:58:10.000,2108,2026-02-04 18:58:13.233,2026-02-04 18:58:09.145,-4087.822,60.0274772644043,0
2026-02-04 18:58:00.000,2026-02-04 18:58:10.000,477,2026-02-04 18:58:13.250,2026-02-04 18:58:09.155,-4094.984,60.022483825683594,0
2026-02-04 18:58:00.000,2026-02-04 18:58:10.000,2423,2026-02-04 18:58:13.160,2026-02-04 18:58:09.159,-4000.984,50.01984405517578,0
2026-02-04 18:58:00.000,2026-02-04 18:58:10.000,2108,2026-02-04 18:58:13.250,2026-02-04 18:58:09.162,-4087.983,60.0263786315918,0
2026-02-04 18:58:00.000,2026-02-04 18:58:10.000,477,2026-02-04 18:58:13.266,2026-02-04 18:58:09.171,-4095.534,60.02504348754883,0
2026-02-04 18:58:00.000,2026-02-04 18:58:10.000,2423,2026-02-04 18:58:13.180,2026-02-04 18:58:09.177,-4002.373,50.020626068115234,0
2026-02-04 18:58:00.000,2026-02-04 18:58:10.000,2108,2026-02-04 18:58:13.266,2026-02-04 18:58:09.178,-4088.027,60.017635345458984,0
2026-02-04 18:58:00.000,2026-02-04 18:58:10.000,477,2026-02-04 18:58:13.283,2026-02-04 18:58:09.188,-4095.175,60.022979736328125,0
2026-02-04 18:58:00.000,2026-02-04 18:58:10.000,2108,2026-02-04 18:58:13.283,2026-02-04 18:58:09.195,-4087.874,60.016014099121094,0
2026-02-04 18:58:00.000,2026-02-04 18:58:10.000,2423,2026-02-04 18:58:13.200,2026-02-04 18:58:09.198,-4001.550,50.02040100097656,0
2026-02-04 18:58:00.000,2026-02-04 18:58:10.000,477,2026-02-04 18:58:13.299,2026-02-04 18:58:09.204,-4095.029,60.022499084472656,0
2026-02-04 18:58:00.000,2026-02-04 18:58:10.000,2108,2026-02-04 18:58:13.299,2026-02-04 18:58:09.212,-4087.530,60.022254943847656,0
2026-02-04 18:58:00.000,2026-02-04 18:58:10.000,2423,2026-02-04 18:58:13.219,2026-02-04 18:58:09.217,-4002.014,50.01887512207031,0
2026-02-04 18:58:00.000,2026-02-04 18:58:10.000,477,2026-02-04 18:58:13.316,2026-02-04 18:58:09.221,-4094.698,60.02385330200195,0
2026-02-04 18:58:00.000,2026-02-04 18:58:10.000,2108,2026-02-04 18:58:13.316,2026-02-04 18:58:09.229,-4087.136,60.026485443115234,0
2026-02-04 18:58:00.000,2026-02-04 18:58:10.000,477,2026-02-04 18:58:13.333,2026-02-04 18:58:09.238,-4095.288,60.023712158203125,0
2026-02-04 18:58:00.000,2026-02-04 18:58:10.000,2423,2026-02-04 18:58:13.240,2026-02-04 18:58:09.238,-4001.951,50.019222259521484,0
2026-02-04 18:58:00.000,2026-02-04 18:58:10.000,2108,2026-02-04 18:58:13.333,2026-02-04 18:58:09.246,-4087.181,60.02626037597656,0
2026-02-04 18:58:00.000,2026-02-04 18:58:10.000,477,2026-02-04 18:58:13.350,2026-02-04 18:58:09.254,-4095.334,60.02383041381836,0
2026-02-04 18:58:00.000,2026-02-04 18:58:10.000,2423,2026-02-04 18:58:13.260,2026-02-04 18:58:09.257,-4002.343,50.021522521972656,0
2026-02-04 18:58:00.000,2026-02-04 18:58:10.000,2108,2026-02-04 18:58:13.350,2026-02-04 18:58:09.261,-4088.335,60.02359390258789,0
2026-02-04 18:58:00.000,2026-02-04 18:58:10.000,477,2026-02-04 18:58:13.366,2026-02-04 18:58:09.271,-4095.497,60.02397155761719,0
2026-02-04 18:58:00.000,2026-02-04 18:58:10.000,2423,2026-02-04 18:58:13.280,2026-02-04 18:58:09.300,-3979.834,50.02141571044922,0
2026-02-04 18:58:00.000,2026-02-04 18:58:10.000,2108,2026-02-04 18:58:13.366,2026-02-04 18:58:09.300,-4066.506,60.02351760864258,0
2026-02-04 18:58:00.000,2026-02-04 18:58:10.000,477,2026-02-04 18:58:13.383,2026-02-04 18:58:09.301,-4082.168,60.02338790893555,0
2026-02-04 18:58:00.000,2026-02-04 18:58:10.000,2108,2026-02-04 18:58:13.383,2026-02-04 18:58:09.302,-4081.167,60.02598571777344,0
2026-02-04 18:58:00.000,2026-02-04 18:58:10.000,2423,2026-02-04 18:58:13.299,2026-02-04 18:58:09.302,-3997.823,50.02076721191406,0
2026-02-04 18:58:00.000,2026-02-04 18:58:10.000,477,2026-02-04 18:58:13.400,2026-02-04 18:58:09.309,-4090.322,60.02341079711914,0
2026-02-04 18:58:00.000,2026-02-04 18:58:10.000,2108,2026-02-04 18:58:13.400,2026-02-04 18:58:09.311,-4088.323,60.026126861572266,0
2026-02-04 18:58:00.000,2026-02-04 18:58:10.000,2423,2026-02-04 18:58:13.320,2026-02-04 18:58:09.324,-3995.304,50.020957946777344,0
2026-02-04 18:58:00.000,2026-02-04 18:58:10.000,2108,2026-02-04 18:58:13.416,2026-02-04 18:58:09.328,-4087.967,60.02158737182617,0
2026-02-04 18:58:00.000,2026-02-04 18:58:10.000,2423,2026-02-04 18:58:13.340,2026-02-04 18:58:09.340,-3999.798,50.02052688598633,0
2026-02-04 18:58:00.000,2026-02-04 18:58:10.000,477,2026-02-04 18:58:13.416,2026-02-04 18:58:09.343,-4072.947,60.02390670776367,0
2026-02-04 18:58:00.000,2026-02-04 18:58:10.000,477,2026-02-04 18:58:13.433,2026-02-04 18:58:09.343,-4089.611,60.024269104003906,0
2026-02-04 18:58:00.000,2026-02-04 18:58:10.000,2108,2026-02-04 18:58:13.433,2026-02-04 18:58:09.345,-4087.605,60.019779205322266,0
2026-02-04 18:58:00.000,2026-02-04 18:58:10.000,477,2026-02-04 18:58:13.450,2026-02-04 18:58:09.355,-4094.765,60.02474594116211,0
2026-02-04 18:58:00.000,2026-02-04 18:58:10.000,2423,2026-02-04 18:58:13.360,2026-02-04 18:58:09.358,-4001.765,50.02082443237305,0
2026-02-04 18:58:00.000,2026-02-04 18:58:10.000,2108,2026-02-04 18:58:13.450,2026-02-04 18:58:09.362,-4087.765,60.02430725097656,0
2026-02-04 18:58:00.000,2026-02-04 18:58:10.000,477,2026-02-04 18:58:13.466,2026-02-04 18:58:09.371,-4095.154,60.02526092529297,0
2026-02-04 18:58:00.000,2026-02-04 18:58:10.000,2423,2026-02-04 18:58:13.379,2026-02-04 18:58:09.378,-4001.973,50.02110290527344,0
2026-02-04 18:58:00.000,2026-02-04 18:58:10.000,2108,2026-02-04 18:58:13.466,2026-02-04 18:58:09.379,-4087.634,60.02736282348633,0
2026-02-04 18:58:00.000,2026-02-04 18:58:10.000,477,2026-02-04 18:58:13.483,2026-02-04 18:58:09.388,-4095.214,60.024925231933594,0
2026-02-04 18:58:00.000,2026-02-04 18:58:10.000,2108,2026-02-04 18:58:13.483,2026-02-04 18:58:09.395,-4088.050,60.02742385864258,0
2026-02-04 18:58:00.000,2026-02-04 18:58:10.000,2423,2026-02-04 18:58:13.400,2026-02-04 18:58:09.398,-4001.722,50.01969528198242,0
2026-02-04 18:58:00.000,2026-02-04 18:58:10.000,477,2026-02-04 18:58:13.500,2026-02-04 18:58:09.404,-4095.422,60.02375793457031,0
2026-02-04 18:58:00.000,2026-02-04 18:58:10.000,2108,2026-02-04 18:58:13.500,2026-02-04 18:58:09.411,-4088.417,60.024417877197266,0
2026-02-04 18:58:00.000,2026-02-04 18:58:10.000,2423,2026-02-04 18:58:13.420,2026-02-04 18:58:09.418,-4001.904,50.01862716674805,0
2026-02-04 18:58:00.000,2026-02-04 18:58:10.000,477,2026-02-04 18:58:13.516,2026-02-04 18:58:09.421,-4095.566,60.02324295043945,0
2026-02-04 18:58:00.000,2026-02-04 18:58:10.000,2108,2026-02-04 18:58:13.516,2026-02-04 18:58:09.429,-4087.407,60.02165603637695,0
2026-02-04 18:58:00.000,2026-02-04 18:58:10.000,477,2026-02-04 18:58:13.533,2026-02-04 18:58:09.438,-4094.994,60.02385330200195,0
2026-02-04 18:58:00.000,2026-02-04 18:58:10.000,2423,2026-02-04 18:58:13.440,2026-02-04 18:58:09.438,-4001.658,50.020206451416016,0
2026-02-04 18:58:00.000,2026-02-04 18:58:10.000,2108,2026-02-04 18:58:13.533,2026-02-04 18:58:09.445,-4087.510,60.02348709106445,0
2026-02-04 18:58:00.000,2026-02-04 18:58:10.000,477,2026-02-04 18:58:13.550,2026-02-04 18:58:09.454,-4095.664,60.024192810058594,0
2026-02-04 18:58:00.000,2026-02-04 18:58:10.000,2423,2026-02-04 18:58:13.459,2026-02-04 18:58:09.458,-4001.651,50.021602630615234,0
2026-02-04 18:58:00.000,2026-02-04 18:58:10.000,2108,2026-02-04 18:58:13.550,2026-02-04 18:58:09.462,-4087.660,60.02350616455078,0
2026-02-04 18:58:00.000,2026-02-04 18:58:10.000,477,2026-02-04 18:58:13.566,2026-02-04 18:58:09.471,-4095.071,60.02386474609375,0
2026-02-04 18:58:00.000,2026-02-04 18:58:10.000,2423,2026-02-04 18:58:13.480,2026-02-04 18:58:09.478,-4001.889,50.020973205566406,0
2026-02-04 18:58:00.000,2026-02-04 18:58:10.000,2108,2026-02-04 18:58:13.566,2026-02-04 18:58:09.479,-4087.558,60.02235794067383,0
2026-02-04 18:58:00.000,2026-02-04 18:58:10.000,477,2026-02-04 18:58:13.583,2026-02-04 18:58:09.494,-4088.518,60.023902893066406,0
2026-02-04 18:58:00.000,2026-02-04 18:58:10.000,2423,2026-02-04 18:58:13.500,2026-02-04 18:58:09.510,-3989.679,50.02108383178711,0
2026-02-04 18:58:00.000,2026-02-04 18:58:10.000,2108,2026-02-04 18:58:13.583,2026-02-04 18:58:09.511,-4072.007,60.02545166015625,0
2026-02-04 18:58:00.000,2026-02-04 18:58:10.000,477,2026-02-04 18:58:13.600,2026-02-04 18:58:09.511,-4088.671,60.023921966552734,0
2026-02-04 18:58:00.000,2026-02-04 18:58:10.000,2108,2026-02-04 18:58:13.600,2026-02-04 18:58:09.525,-4074.646,60.02824401855469,0
2026-02-04 18:58:00.000,2026-02-04 18:58:10.000,2423,2026-02-04 18:58:13.520,2026-02-04 18:58:09.526,-3993.647,50.02132034301758,0
2026-02-04 18:58:00.000,2026-02-04 18:58:10.000,477,2026-02-04 18:58:13.616,2026-02-04 18:58:09.526,-4090.311,60.02388381958008,0
2026-02-04 18:58:00.000,2026-02-04 18:58:10.000,2108,2026-02-04 18:58:13.616,2026-02-04 18:58:09.535,-4081.224,60.02790832519531,0
2026-02-04 18:58:00.000,2026-02-04 18:58:10.000,2423,2026-02-04 18:58:13.539,2026-02-04 18:58:09.538,-4001.552,50.01975631713867,0
2026-02-04 18:58:00.000,2026-02-04 18:58:10.000,477,2026-02-04 18:58:13.633,2026-02-04 18:58:09.539,-4093.885,60.02415466308594,0
2026-02-04 18:58:00.000,2026-02-04 18:58:10.000,2108,2026-02-04 18:58:13.633,2026-02-04 18:58:09.551,-4081.361,60.026702880859375,0
2026-02-04 18:58:00.000,2026-02-04 18:58:10.000,2423,2026-02-04 18:58:13.560,2026-02-04 18:58:09.561,-3998.515,50.01885986328125,0
2026-02-04 18:58:00.000,2026-02-04 18:58:10.000,2108,2026-02-04 18:58:13.650,2026-02-04 18:58:09.562,-4087.009,60.022281646728516,0
2026-02-04 18:58:00.000,2026-02-04 18:58:10.000,477,2026-02-04 18:58:13.650,2026-02-04 18:58:09.572,-4077.843,60.024566650390625,0
2026-02-04 18:58:00.000,2026-02-04 18:58:10.000,477,2026-02-04 18:58:13.666,2026-02-04 18:58:09.576,-4090.489,60.02493667602539,0
2026-02-04 18:58:00.000,2026-02-04 18:58:10.000,2423,2026-02-04 18:58:13.580,2026-02-04 18:58:09.578,-4001.827,50.019779205322266,0
2026-02-04 18:58:00.000,2026-02-04 18:58:10.000,2108,2026-02-04 18:58:13.666,2026-02-04 18:58:09.579,-4087.483,60.021583557128906,0
2026-02-04 18:58:00.000,2026-02-04 18:58:10.000,477,2026-02-04 18:58:13.683,2026-02-04 18:58:09.591,-4092.032,60.024723052978516,0
2026-02-04 18:58:00.000,2026-02-04 18:58:10.000,2108,2026-02-04 18:58:13.683,2026-02-04 18:58:09.595,-4087.526,60.026023864746094,0
2026-02-04 18:58:00.000,2026-02-04 18:58:10.000,2423,2026-02-04 18:58:13.600,2026-02-04 18:58:09.598,-4001.848,50.02119827270508,0
2026-02-04 18:58:00.000,2026-02-04 18:58:10.000,477,2026-02-04 18:58:13.699,2026-02-04 18:58:09.606,-4093.329,60.02394485473633,0
2026-02-04 18:58:00.000,2026-02-04 18:58:10.000,2108,2026-02-04 18:58:13.699,2026-02-04 18:58:09.611,-4088.329,60.02503204345703,0
2026-02-04 18:58:00.000,2026-02-04 18:58:10.000,2423,2026-02-04 18:58:13.619,2026-02-04 18:58:09.618,-4001.817,50.022430419921875,0
2026-02-04 18:58:00.000,2026-02-04 18:58:10.000,477,2026-02-04 18:58:13.716,2026-02-04 18:58:09.622,-4094.495,60.02393341064453,0
2026-02-04 18:58:00.000,2026-02-04 18:58:10.000,2108,2026-02-04 18:58:13.716,2026-02-04 18:58:09.628,-4088.084,60.02283477783203,0
2026-02-04 18:58:00.000,2026-02-04 18:58:10.000,2423,2026-02-04 18:58:13.640,2026-02-04 18:58:09.638,-4001.897,50.02266311645508,0
2026-02-04 18:58:00.000,2026-02-04 18:58:10.000,477,2026-02-04 18:58:13.733,2026-02-04 18:58:09.638,-4095.232,60.024654388427734,0
2026-02-04 18:58:00.000,2026-02-04 18:58:10.000,2108,2026-02-04 18:58:13.733,2026-02-04 18:58:09.646,-4086.723,60.02381134033203,0
2026-02-04 18:58:00.000,2026-02-04 18:58:10.000,477,2026-02-04 18:58:13.750,2026-02-04 18:58:09.661,-4088.874,60.02500534057617,0
2026-02-04 18:58:00.000,2026-02-04 18:58:10.000,2423,2026-02-04 18:58:13.660,2026-02-04 18:58:09.662,-3997.883,50.022953033447266,0
2026-02-04 18:58:00.000,2026-02-04 18:58:10.000,2108,2026-02-04 18:58:13.750,2026-02-04 18:58:09.662,-4087.875,60.024654388427734,0
2026-02-04 18:58:00.000,2026-02-04 18:58:10.000,477,2026-02-04 18:58:13.766,2026-02-04 18:58:09.674,-4092.520,60.02486038208008,0
2026-02-04 18:58:00.000,2026-02-04 18:58:10.000,2423,2026-02-04 18:58:13.680,2026-02-04 18:58:09.678,-4001.844,50.023109436035156,0
2026-02-04 18:58:00.000,2026-02-04 18:58:10.000,2108,2026-02-04 18:58:13.766,2026-02-04 18:58:09.679,-4087.517,60.02641296386719,0
2026-02-04 18:58:00.000,2026-02-04 18:58:10.000,477,2026-02-04 18:58:13.783,2026-02-04 18:58:09.694,-4089.158,60.024444580078125,0
2026-02-04 18:58:00.000,2026-02-04 18:58:10.000,2108,2026-02-04 18:58:13.783,2026-02-04 18:58:09.696,-4087.147,60.027164459228516,0
2026-02-04 18:58:00.000,2026-02-04 18:58:10.000,2423,2026-02-04 18:58:13.699,2026-02-04 18:58:09.698,-4001.808,50.020877838134766,0
2026-02-04 18:58:00.000,2026-02-04 18:58:10.000,477,2026-02-04 18:58:13.800,2026-02-04 18:58:09.705,-4094.793,60.02496337890625,0
2026-02-04 18:58:00.000,2026-02-04 18:58:10.000,2108,2026-02-04 18:58:13.800,2026-02-04 18:58:09.723,-4076.924,60.024314880371094,0
2026-02-04 18:58:00.000,2026-02-04 18:58:10.000,2423,2026-02-04 18:58:13.720,2026-02-04 18:58:09.723,-3996.924,50.01826095581055,0
2026-02-04 18:58:00.000,2026-02-04 18:58:10.000,477,2026-02-04 18:58:13.816,2026-02-04 18:58:09.724,-4092.331,60.02570343017578,0
2026-02-04 18:58:00.000,2026-02-04 18:58:10.000,2108,2026-02-04 18:58:13.816,2026-02-04 18:58:09.739,-4077.253,60.023128509521484,0
2026-02-04 18:58:00.000,2026-02-04 18:58:10.000,477,2026-02-04 18:58:13.833,2026-02-04 18:58:09.739,-4093.917,60.025413513183594,0
2026-02-04 18:58:00.000,2026-02-04 18:58:10.000,2423,2026-02-04 18:58:13.740,2026-02-04 18:58:09.740,-3999.598,50.01961898803711,0
2026-02-04 18:58:00.000,2026-02-04 18:58:10.000,2108,2026-02-04 18:58:13.833,2026-02-04 18:58:09.745,-4087.404,60.024986267089844,0
2026-02-04 18:58:00.000,2026-02-04 18:58:10.000,2423,2026-02-04 18:58:13.760,2026-02-04 18:58:09.758,-4001.566,50.021549224853516,0
2026-02-04 18:58:00.000,2026-02-04 18:58:10.000,2108,2026-02-04 18:58:13.850,2026-02-04 18:58:09.761,-4088.054,60.02757263183594,0
2026-02-04 18:58:00.000,2026-02-04 18:58:10.000,477,2026-02-04 18:58:13.850,2026-02-04 18:58:09.772,-4077.043,60.02521896362305,0
2026-02-04 18:58:00.000,2026-02-04 18:58:10.000,477,2026-02-04 18:58:13.866,2026-02-04 18:58:09.784,-4081.675,60.02527618408203,0
2026-02-04 18:58:00.000,2026-02-04 18:58:10.000,2423,2026-02-04 18:58:13.779,2026-02-04 18:58:09.785,-3994.003,50.02035903930664,0
2026-02-04 18:58:00.000,2026-02-04 18:58:10.000,2108,2026-02-04 18:58:13.866,2026-02-04 18:58:09.785,-4080.675,60.028499603271484,0
2026-02-04 18:58:00.000,2026-02-04 18:58:10.000,2108,2026-02-04 18:58:13.883,2026-02-04 18:58:09.801,-4081.826,60.02408218383789,0
2026-02-04 18:58:00.000,2026-02-04 18:58:10.000,2423,2026-02-04 18:58:13.800,2026-02-04 18:58:09.801,-3998.498,50.02006912231445,0
2026-02-04 18:58:00.000,2026-02-04 18:58:10.000,477,2026-02-04 18:58:13.883,2026-02-04 18:58:09.832,-4051.259,60.024757385253906,0
2026-02-04 18:58:00.000,2026-02-04 18:58:10.000,477,2026-02-04 18:58:13.900,2026-02-04 18:58:09.832,-4067.939,60.02476501464844,0
2026-02-04 18:58:00.000,2026-02-04 18:58:10.000,2108,2026-02-04 18:58:13.900,2026-02-04 18:58:09.833,-4066.941,60.022891998291016,0
2026-02-04 18:58:00.000,2026-02-04 18:58:10.000,2423,2026-02-04 18:58:13.820,2026-02-04 18:58:09.833,-3986.434,50.02163314819336,0
2026-02-04 18:58:00.000,2026-02-04 18:58:10.000,477,2026-02-04 18:58:13.916,2026-02-04 18:58:09.833,-4083.098,60.025657653808594,0
2026-02-04 18:58:00.000,2026-02-04 18:58:10.000,2108,2026-02-04 18:58:13.916,2026-02-04 18:58:09.834,-4082.090,60.029293060302734,0
2026-02-04 18:58:00.000,2026-02-04 18:58:10.000,2423,2026-02-04 18:58:13.840,2026-02-04 18:58:09.847,-3992.899,50.021522521972656,0
2026-02-04 18:58:00.000,2026-02-04 18:58:10.000,477,2026-02-04 18:58:13.933,2026-02-04 18:58:09.847,-4086.235,60.02566146850586,0
2026-02-04 18:58:00.000,2026-02-04 18:58:10.000,2108,2026-02-04 18:58:13.933,2026-02-04 18:58:09.848,-4085.235,60.03032684326172,0
2026-02-04 18:58:00.000,2026-02-04 18:58:10.000,477,2026-02-04 18:58:13.950,2026-02-04 18:58:09.854,-4095.390,60.0255012512207,0
2026-02-04 18:58:00.000,2026-02-04 18:58:10.000,2423,2026-02-04 18:58:13.859,2026-02-04 18:58:09.857,-4002.378,50.020301818847656,0
2026-02-04 18:58:00.000,2026-02-04 18:58:10.000,2108,2026-02-04 18:58:13.950,2026-02-04 18:58:09.861,-4088.385,60.02368927001953,0
2026-02-04 18:58:00.000,2026-02-04 18:58:10.000,477,2026-02-04 18:58:13.966,2026-02-04 18:58:09.871,-4095.547,60.0254020690918,0
2026-02-04 18:58:00.000,2026-02-04 18:58:10.000,2423,2026-02-04 18:58:13.880,2026-02-04 18:58:09.878,-4001.668,50.020103454589844,0
2026-02-04 18:58:00.000,2026-02-04 18:58:10.000,2108,2026-02-04 18:58:13.966,2026-02-04 18:58:09.879,-4087.338,60.02033233642578,0
2026-02-04 18:58:00.000,2026-02-04 18:58:10.000,477,2026-02-04 18:58:13.983,2026-02-04 18:58:09.887,-4095.717,60.025146484375,0
2026-02-04 18:58:00.000,2026-02-04 18:58:10.000,2108,2026-02-04 18:58:13.983,2026-02-04 18:58:09.896,-4087.203,60.02412796020508,0
2026-02-04 18:58:00.000,2026-02-04 18:58:10.000,2423,2026-02-04 18:58:13.900,2026-02-04 18:58:09.898,-4001.877,50.0205192565918,0
2026-02-04 18:58:00.000,2026-02-04 18:58:10.000,477,2026-02-04 18:58:14.000,2026-02-04 18:58:09.904,-4095.359,60.025543212890625,0
2026-02-04 18:58:00.000,2026-02-04 18:58:10.000,2108,2026-02-04 18:58:14.000,2026-02-04 18:58:09.911,-4088.354,60.028446197509766,0
2026-02-04 18:58:00.000,2026-02-04 18:58:10.000,2423,2026-02-04 18:58:13.920,2026-02-04 18:58:09.917,-4002.335,50.021156311035156,0
2026-02-04 18:58:00.000,2026-02-04 18:58:10.000,477,2026-02-04 18:58:14.016,2026-02-04 18:58:09.921,-4095.001,60.025691986083984,0
2026-02-04 18:58:00.000,2026-02-04 18:58:10.000,2108,2026-02-04 18:58:14.016,2026-02-04 18:58:09.932,-4084.486,60.029109954833984,0
2026-02-04 18:58:00.000,2026-02-04 18:58:10.000,477,2026-02-04 18:58:14.033,2026-02-04 18:58:09.938,-4095.272,60.02545928955078,0
2026-02-04 18:58:00.000,2026-02-04 18:58:10.000,2423,2026-02-04 18:58:13.939,2026-02-04 18:58:09.938,-4001.936,50.020286560058594,0
2026-02-04 18:58:00.000,2026-02-04 18:58:10.000,2108,2026-02-04 18:58:14.033,2026-02-04 18:58:09.946,-4087.142,60.02690124511719,0
2026-02-04 18:58:00.000,2026-02-04 18:58:10.000,2423,2026-02-04 18:58:13.960,2026-02-04 18:58:09.958,-4001.605,50.0193977355957,0
2026-02-04 18:58:00.000,2026-02-04 18:58:10.000,2108,2026-02-04 18:58:14.050,2026-02-04 18:58:09.961,-4088.605,60.02521514892578,0
2026-02-04 18:58:00.000,2026-02-04 18:58:10.000,477,2026-02-04 18:58:14.050,2026-02-04 18:58:09.972,-4077.091,60.02606964111328,0
2026-02-04 18:58:00.000,2026-02-04 18:58:10.000,477,2026-02-04 18:58:14.066,2026-02-04 18:58:09.973,-4093.250,60.02634048461914,0
2026-02-04 18:58:00.000,2026-02-04 18:58:10.000,2423,2026-02-04 18:58:13.980,2026-02-04 18:58:09.978,-4001.587,50.021217346191406,0
2026-02-04 18:58:00.000,2026-02-04 18:58:10.000,2108,2026-02-04 18:58:14.066,2026-02-04 18:58:09.979,-4087.243,60.02540969848633,0
2026-02-04 18:58:00.000,2026-02-04 18:58:10.000,477,2026-02-04 18:58:14.083,2026-02-04 18:58:09.987,-4095.386,60.02587890625,0
2026-02-04 18:58:00.000,2026-02-04 18:58:10.000,2108,2026-02-04 18:58:14.083,2026-02-04 18:58:09.995,-4087.956,60.02649688720703,0
2026-02-04 18:58:00.000,2026-02-04 18:58:10.000,2423,2026-02-04 18:58:14.000,2026-02-04 18:58:09.997,-4002.127,50.02314758300781,0
